especie,nome_comum,status_2014,status_2026,is_cr,proba_extincao,bioma_amazonia,bioma_mata_atlantica,bioma_cerrado,bioma_caatinga,bioma_pampa,bioma_pantanal,bioma_sistema_costeiro_marinho,regiao_norte,regiao_nordeste,regiao_sudeste,regiao_sul,regiao_centro_oeste,is_endemica,is_migratoria,tendencia_declinando,ameaca_expansao_urbana,ameaca_agropecuaria,ameaca_energia_mineracao,ameaca_transporte,ameaca_uso_recursos,ameaca_perturbacao_humana,ameaca_modificacoes_sistema,ameaca_invasoras,ameaca_poluicao,ameaca_mudancas_climaticas,risco_inicial_2014
Ceratophrys ornata,"Sapo-de-chifre, Sapo intanha, Sapo-untanha",CR,CR,1,0.9932958361187606,0,0,0,0,1,0,0,0,0,0,0,0,0,0,1,1,1,1,1,1,1,1,0,1,0,3.0
Thoropa petropolitana,"Rã-da-pedra, Rã-das-pedras-de-Petropolis",CR,CR,1,0.9904974947153921,0,1,0,0,0,0,0,0,0,1,0,0,1,0,1,1,1,1,1,1,1,1,1,0,0,3.0
Thoropa lutzi,"Rã-do-paredão, Rãzinha-dos-rochedos",CR,CR,1,0.9893197050553256,0,1,0,0,0,0,0,0,0,1,0,0,1,0,1,1,1,1,1,1,1,1,0,0,0,3.0
Aegla microphthalma,Não Informado,CR,CR,1,0.9881953844491081,0,1,0,0,0,0,0,0,0,1,0,0,1,0,1,1,1,1,0,0,1,1,1,1,0,3.0
Aegla leptochela,Não Informado,CR,CR,1,0.9881953844491081,0,1,0,0,0,0,0,0,0,1,0,0,1,0,1,1,1,1,0,0,1,1,1,1,0,3.0
Aegla cavernicola,Não Informado,CR,CR,1,0.9873789166216733,0,1,0,0,0,0,0,0,0,1,0,0,1,0,1,1,1,1,1,0,1,1,0,1,0,3.0
Holoaden bradei,"Rãzinha-verrugosa-da-serra-de-Bradei, Sapinho-manicure",CR,CR,1,0.9873238119519029,0,1,0,0,0,0,0,0,0,1,0,0,1,0,1,1,1,1,0,0,1,1,0,0,1,3.0
Proceratophrys ararype,Sapo-de-chifre-do-Araripe,CR,CR,1,0.9835911126538766,0,0,0,1,0,0,0,0,1,0,0,0,1,0,0,1,1,1,1,0,1,1,1,0,0,3.0
Spelaeogammarus sanctus,Não Informado,CR,CR,1,0.9833426823770408,0,0,1,0,0,0,0,0,1,0,0,0,1,0,0,1,1,1,1,1,1,1,0,1,1,3.0
Spiripockia punctata,Não Informado,CR,CR,1,0.9827213460870682,0,0,1,0,0,0,0,0,1,0,0,0,1,0,0,1,1,1,0,0,1,1,1,0,1,3.0
Anomaloglossus tepequem,Não Informado,CR,CR,1,0.9820054306398331,1,0,0,0,0,0,0,1,0,0,0,0,1,0,1,1,1,1,1,0,1,1,0,0,0,3.0
Rhinella casconi,Cururu-do-Cascon,CR,CR,1,0.9817640119519723,0,0,0,1,0,0,0,0,1,0,0,0,1,0,0,1,1,0,0,1,1,1,0,1,0,3.0
Sluysia triapertura,Não Informado,CR,CR,1,0.9817609120404539,0,0,0,1,0,0,0,0,1,0,0,0,1,0,0,1,1,0,1,0,1,1,0,0,1,3.0
Paratelmatobius lutzii,Rãzinha-de-barriga-colorida,CR,CR,1,0.9801380046180365,0,1,0,0,0,0,0,0,0,1,0,0,1,0,1,1,1,0,0,0,1,1,1,0,0,3.0
Ischnocnema epipeda,Rãzinha-da-mata,CR,CR,1,0.9793912132793131,0,1,0,0,0,0,0,0,0,1,0,0,1,0,1,1,1,1,1,1,1,0,0,0,0,3.0
Seborgia potiguar,Não Informado,CR,CR,1,0.9793624462993539,0,0,0,1,0,0,0,0,1,0,0,0,1,0,0,1,1,1,0,1,0,1,0,0,1,3.0
Crossodactylodes itambe,Sapinho-do-Itambé,CR,CR,1,0.979056211748135,0,1,0,0,0,0,0,0,0,1,0,0,1,0,0,1,1,1,0,1,1,1,0,0,0,3.0
Nyctimantis pomba,"Painted tree frog, Perereca, Perereca-de-capacete, Perereca-pintada",CR,CR,1,0.9777623755161542,0,1,0,0,0,0,0,0,0,1,0,0,1,0,0,1,1,1,1,1,0,1,1,0,0,3.0
Spelaeogammarus titan,Não Informado,CR,CR,1,0.9765633491294712,0,0,1,0,0,0,0,0,1,0,0,0,1,0,0,1,1,1,1,1,0,1,0,0,1,3.0
Potamolithus troglobius,Não Informado,CR,CR,1,0.9760812321968663,0,1,0,0,0,0,0,0,0,1,0,0,1,0,0,1,1,1,0,0,1,1,0,1,1,3.0
Crossodactylus boulengeri,Não Informado,CR,CR,1,0.9749895141925599,0,1,0,0,0,0,0,0,0,1,0,0,1,0,1,1,1,0,1,1,0,0,1,1,0,3.0
Ischnocnema garciai,Rãzinha-da-mata-do-Garcia,CR,CR,1,0.9740939243734679,0,1,0,0,0,0,0,0,0,1,0,0,1,0,0,1,1,1,1,0,1,1,0,1,0,3.0
Sphaenorhynchus cammaeus,Não Informado,CR,CR,1,0.9706387714969577,0,1,0,0,0,0,0,0,1,0,0,0,1,0,0,1,1,1,1,1,1,0,0,1,0,3.0
Hylodes glaber,Itatiaia Tree Toad,CR,CR,1,0.9704815430226328,0,1,0,0,0,0,0,0,0,1,0,0,1,0,1,1,1,1,0,0,1,0,0,0,1,3.0
Phrynomedusa vanzolinii,Não Informado,CR,CR,1,0.9694057786219804,0,1,0,0,0,0,0,0,0,1,0,0,1,0,1,1,1,1,0,1,0,0,0,0,0,3.0
Hyalella formosa,Não Informado,CR,CR,1,0.9693738185062101,0,1,0,0,0,0,0,0,0,0,1,0,1,0,0,1,1,1,1,1,0,1,0,1,1,3.0
Melanophryniscus admirabilis,"Sapinho-admirável-de-barriga-vermelha, Sapinho-da-barriga-colorida",CR,CR,1,0.9690912276723415,0,1,0,0,0,0,0,0,0,0,1,0,1,0,0,1,1,1,1,1,1,0,1,1,0,3.0
Phrynomedusa marginata,"Perereca-das-folhagens, Pererequinha-macaco",CR,CR,1,0.9683425980490544,0,1,0,0,0,0,0,0,0,1,0,0,1,0,1,1,1,0,1,0,0,1,0,0,0,3.0
Adelophryne maranguapensis,Rãnzinha-pulga,CR,CR,1,0.9677086892983497,0,0,0,1,0,0,0,0,1,0,0,0,1,0,0,1,1,1,0,1,0,0,0,0,0,3.0
Crossodactylus dispar,"Rã-de-riacho-de-floresta, Rãzinha-de-riacho, Rãzinha-de-riacho-distinta",CR,CR,1,0.9649217754824349,0,1,0,0,0,0,0,0,0,1,0,0,1,0,1,1,1,1,0,0,0,0,1,0,1,3.0
Proceratophrys sanctaritae,"Sapo-de-chifres, Sapo-folha",CR,CR,1,0.9621660048613763,0,1,0,0,0,0,0,0,1,0,0,0,1,0,0,1,1,1,0,1,0,0,0,0,0,3.0
Hyalella imbya,Não Informado,CR,CR,1,0.9617925733360709,0,0,0,0,1,0,0,0,0,0,1,0,1,0,0,1,1,1,1,0,0,1,0,1,1,3.0
Physalaemus soaresi,"Floninha, Rãzinha, Rãzinha-de-folhiço",CR,CR,1,0.9589710335361488,0,1,0,0,0,0,0,0,0,1,0,0,1,0,0,1,1,0,1,0,0,1,0,0,0,3.0
Crossodactylus dantei,Rãzinha-de-riacho,CR,CR,1,0.9583523191916125,0,1,0,0,0,0,0,0,1,0,0,0,1,0,0,1,1,1,1,1,0,0,0,0,0,3.0
Scinax muriciensis,Não Informado,CR,CR,1,0.9583523191916125,0,1,0,0,0,0,0,0,1,0,0,0,1,0,0,1,1,1,1,1,0,0,0,0,0,3.0
Hylodes mertensi,Rã-de-riacho-de-Mertens,CR,CR,1,0.9514769087447154,0,1,0,0,0,0,0,0,0,1,0,0,1,0,0,1,1,0,0,1,0,0,0,1,0,3.0
Aegla brevipalma,Egla,CR,CR,1,0.947971441966593,0,1,0,0,0,0,0,0,0,0,1,0,1,0,1,1,1,1,0,0,0,0,0,1,0,3.0
Girardia desiderensis,Não Informado,CR,CR,1,0.9476088976598205,0,0,1,0,0,0,0,0,1,0,0,0,1,0,0,1,1,1,1,0,0,0,0,1,0,3.0
Spelaeogammarus santanensis,Não Informado,CR,CR,1,0.9465627208761166,0,0,1,0,0,0,0,0,1,0,0,0,1,0,0,1,1,1,1,0,0,0,0,0,0,3.0
Millepora braziliensis,Não Informado,NE,CR,1,0.9464750669264358,0,0,0,0,0,0,1,1,1,0,0,0,1,0,1,1,0,1,1,1,1,0,0,1,1,0.0
Brachycephalus pernix,"Sapinho-de-colete, Sapinho-dourado, Sapinho-pingo-de-ouro-sardento",CR,CR,1,0.9460726774717881,0,1,0,0,0,0,0,0,0,0,1,0,1,0,0,1,0,0,0,0,1,0,0,0,1,3.0
Aegla charon,Não Informado,CR,CR,1,0.944691568584658,0,1,0,0,0,0,0,0,0,1,0,0,1,0,0,0,1,1,0,0,0,0,0,1,0,3.0
Euparkerella robusta,Rãzinha-do-folhiço,CR,CR,1,0.9429542921813207,0,1,0,0,0,0,0,0,0,1,0,0,1,0,0,1,1,1,1,0,0,0,0,0,0,3.0
Proceratophrys palustris,Sapo,CR,CR,1,0.9429542921813207,0,1,0,0,0,0,0,0,0,1,0,0,1,0,0,1,1,1,1,0,0,0,0,0,0,3.0
Girardia arenicola,Planária,CR,CR,1,0.9427035431744832,0,1,0,0,0,0,0,0,0,1,0,0,1,0,0,1,1,1,0,0,0,0,0,1,0,3.0
Girardia paucipuntacta,Planária,CR,CR,1,0.9404408767594739,0,1,0,0,0,0,0,0,0,1,0,0,1,0,0,1,1,0,0,0,0,0,0,1,0,3.0
Hyalella epikarstica,Não Informado,CR,CR,1,0.9404408767594739,0,1,0,0,0,0,0,0,0,1,0,0,1,0,0,1,1,0,0,0,0,0,0,1,0,3.0
Brasileirinho cavaticus,Não Informado,CR,CR,1,0.9385616624723643,0,0,0,1,0,0,0,0,1,0,0,0,1,0,0,1,1,1,1,0,0,1,0,1,1,3.0
Cycloramphus diringshofeni,Rã-de-cachoeira,CR,CR,1,0.9374518718246336,0,1,0,0,0,0,0,0,0,0,1,0,1,0,0,1,1,1,1,0,0,0,0,0,0,3.0
Sphaenorhynchus canga,Não Informado,CR,CR,1,0.9348412200773843,0,1,0,0,0,0,0,0,0,1,0,0,1,0,0,0,1,1,0,0,0,0,0,0,0,3.0
Potamolithus karsticus,Caramujo-de-caverna,CR,EN,0,0.9325137226212566,0,1,0,0,0,0,0,0,0,1,0,0,1,0,0,1,1,1,0,0,1,0,0,0,0,3.0
Pithecopus rusticus,Perereca-macaco-rustica,CR,CR,1,0.9179028967028828,0,1,0,0,0,0,0,0,0,0,1,0,1,0,0,1,1,1,1,0,0,1,1,1,0,3.0
Scinax peixotoi,"Perereca, Pererequinha-da-Queimada-Grande-de-Peixoto",CR,CR,1,0.899660208363977,0,0,0,0,0,0,0,0,0,1,0,0,1,0,1,1,1,1,0,0,0,1,0,0,1,3.0
Fluminagrion taxaense,Libélula,CR,CR,1,0.8373974590894934,0,1,0,0,0,0,0,0,0,1,0,0,1,0,0,1,0,0,0,0,0,0,0,0,0,3.0
Plexaurella obesa,Não Informado,NE,CR,1,0.828276858404007,0,0,0,0,0,0,1,0,1,1,0,0,1,0,1,1,1,1,1,1,0,0,0,1,1,0.0
Dryadobates carioca,Não Informado,NE,CR,1,0.7925474943854577,0,1,0,0,0,0,0,0,0,1,0,0,1,0,0,1,1,1,1,1,0,1,1,0,0,0.0
Racekiela cavernicola,Não Informado,VU,CR,1,0.7915412324750668,0,0,0,1,0,0,0,0,1,0,0,0,1,0,0,1,1,1,0,0,1,0,0,1,0,1.0
Hyalella veredae,Não Informado,CR,VU,0,0.7815744656265864,0,0,1,0,0,0,0,0,0,1,0,0,1,0,0,1,1,1,1,0,0,1,0,1,1,3.0
Aegla franca,Egla,CR,EN,0,0.7524084164598864,0,0,1,0,0,0,0,0,0,1,0,0,1,0,0,1,1,1,1,0,0,0,0,1,0,3.0
Dryadobates erythropus,Não Informado,NE,CR,1,0.7478957697761565,0,1,0,0,0,0,0,0,0,0,1,0,1,0,0,1,1,1,1,0,0,1,1,0,1,0.0
Cycloramphus stejnegeri,Não Informado,CR,CR,1,0.7357220293014631,0,1,0,0,0,0,0,0,0,1,0,0,1,0,1,0,1,0,0,0,0,0,0,0,0,3.0
Spelaeometra hypogea,Não Informado,NE,CR,1,0.7139390736260571,0,0,1,0,0,0,0,0,1,0,0,0,1,0,0,1,1,1,0,1,0,0,0,0,0,0.0
Hausera hauseri,Não Informado,VU,VU,0,0.6993448596816584,0,0,0,1,0,0,0,0,1,0,0,0,1,0,0,1,1,1,0,0,1,0,0,0,0,1.0
Boana claresignata,Não Informado,NE,DD,0,0.6979632762039651,0,1,0,0,0,0,0,0,0,1,0,0,1,0,0,1,1,1,0,1,0,1,0,0,0,0.0
Ischnocnema erythromera,Rãzinha-do-folhiço,NE,LC,0,0.6979632762039651,0,1,0,0,0,0,0,0,0,1,0,0,1,0,0,1,1,1,0,1,0,1,0,0,0,0.0
Boana cambui,Não Informado,NE,CR,1,0.6979632762039651,0,1,0,0,0,0,0,0,0,1,0,0,1,0,0,1,1,1,0,1,0,1,0,0,0,0.0
Phasmahyla lisbella,"Perereca-das-folhagens-pintada, Perereca-folha-brilhante",NE,DD,0,0.6810797072308634,0,1,0,0,0,0,0,0,0,1,0,0,1,0,0,1,1,1,1,1,0,1,0,0,0,0.0
Crossodactylodes bokermanni,Rãzinha-de-bromélia,NE,NT,0,0.6810797072308634,0,1,0,0,0,0,0,0,0,1,0,0,1,0,0,1,1,1,1,1,0,1,0,0,0,0.0
Boana clepsydra,São Paulo Treefrog,NE,DD,0,0.6810797072308634,0,1,0,0,0,0,0,0,0,1,0,0,1,0,0,1,1,1,1,1,0,1,0,0,0,0.0
Girardia multidiverticulata,Não Informado,CR,CR,1,0.6802803885323612,0,0,1,0,0,0,0,0,0,0,0,1,1,0,0,1,1,1,0,0,0,0,0,0,0,3.0
Crossodactylus cyclospinus,Rãzinha-do-riacho,NE,DD,0,0.6754042883487205,0,1,1,0,0,0,0,0,0,1,0,0,1,0,0,1,1,1,0,1,0,1,0,0,0,0.0
Phasmahyla timbo,Perereca-das-folhagens,NE,NT,0,0.6753753370208384,0,1,0,0,0,0,0,0,1,0,0,0,1,0,0,1,1,1,0,1,0,1,0,0,0,0.0
Paratelmatobius mantiqueira,Rãzinha-de-barriga-colorida-da-Mantiqueira,NE,NT,0,0.67273489257818,0,1,0,0,0,0,0,0,0,1,0,0,1,0,0,1,1,1,0,1,0,1,1,0,1,0.0
Hylodes dactylocinus,Rã-de-corredeira,NE,LC,0,0.6716372251356993,0,1,0,0,0,0,0,0,0,1,0,0,1,0,1,1,1,1,0,1,0,1,1,0,0,0.0
Nathaliagrion porrectum,Libélula,NE,NT,0,0.6673020504390781,0,1,0,0,0,0,0,0,0,1,0,0,1,0,0,1,1,1,1,1,0,1,0,1,0,0.0
Fredyagrion dispar,"Agulhinha, Donzelinha, Donzelinha das bromélias, Lava-bunda, Libélula, Libélula das bromélias",NE,LC,0,0.6600576759389745,0,1,0,0,0,0,0,0,1,1,0,0,1,0,0,1,1,1,1,1,0,1,0,1,0,0.0
Phyllodytes maculosus,Perereca-das-bromélias,NE,LC,0,0.6505704294101211,0,1,0,0,0,0,0,0,1,1,0,0,1,0,0,1,1,1,1,1,0,1,0,0,0,0.0
Dendropsophus studerae,"Perereca-de-bigode-branco, Pererequinha-do-brejo",NE,NT,0,0.6445512720829455,0,1,0,0,0,0,0,0,1,0,0,0,1,0,0,1,1,1,1,1,0,1,0,0,1,0.0
Cycloramphus migueli,Rãzinha-de-corredeira,NE,NT,0,0.6321403683568203,0,1,0,0,0,0,0,0,1,0,0,0,1,0,0,1,1,1,1,1,0,1,0,0,0,0.0
Nyctimantis arapapa,Perereca-de-capacete,NE,NT,0,0.6321403683568203,0,1,0,0,0,0,0,0,1,0,0,0,1,0,0,1,1,1,1,1,0,1,0,0,0,0.0
Boana freicanecae,Perereca,NE,LC,0,0.6321403683568203,0,1,0,0,0,0,0,0,1,0,0,0,1,0,0,1,1,1,1,1,0,1,0,0,0,0.0
Phyllodytes wuchereri,Não Informado,NE,LC,0,0.6321403683568203,0,1,0,0,0,0,0,0,1,0,0,0,1,0,0,1,1,1,1,1,0,1,0,0,0,0.0
Phyllodytes punctatus,Perereca-das-bromélias,NE,NT,0,0.6321403683568203,0,1,0,0,0,0,0,0,1,0,0,0,1,0,0,1,1,1,1,1,0,1,0,0,0,0.0
Phyllodytes tuberculosus,Perereca-das-bromélias,NE,DD,0,0.6321403683568203,0,1,0,0,0,0,0,0,1,0,0,0,1,0,0,1,1,1,1,1,0,1,0,0,0,0.0
Cycloramphus asper,Rã-de-cachoeira,NE,DD,0,0.6211283129527125,0,1,0,0,0,0,0,0,0,0,1,0,1,0,0,1,1,1,1,0,0,1,1,0,0,0.0
Phantasmarana massarti,Rãzona-de-corredeira,NE,NT,0,0.6167052400404218,0,1,0,0,0,0,0,0,0,1,0,0,1,0,1,1,1,1,1,0,0,1,1,0,0,0.0
Leptodactylus viridis,Não Informado,NE,LC,0,0.61042532870586,0,1,0,0,0,0,0,0,1,1,0,0,1,0,0,1,1,1,0,1,0,0,0,0,0,0.0
Chiasmocleis veracruz,Não Informado,NE,NT,0,0.608732745005282,0,1,0,0,0,0,0,0,1,0,0,0,1,0,1,1,1,1,0,1,0,0,0,0,0,0.0
Pithecopus ayeaye,Perereca-de-folhagem-com-perna-reticulada,NE,LC,0,0.6071097908577611,0,1,1,0,0,0,0,0,0,1,0,0,1,0,0,1,1,1,0,1,0,0,0,1,0,0.0
Potiberaba porakuara,Anfípode,VU,VU,0,0.6026915872070074,0,0,0,1,0,0,0,0,1,0,0,0,1,0,0,1,1,1,0,1,1,1,0,1,1,1.0
Melanophryniscus xanthostomus,Não Informado,NE,NT,0,0.6022960233621499,0,1,0,0,0,0,0,0,0,0,1,0,1,0,0,1,1,1,0,1,0,1,0,0,0,0.0
Cycloramphus brasiliensis,Rãzinha-de-corredeira,NE,LC,0,0.599176824669993,0,1,0,0,0,0,0,0,0,1,0,0,1,0,1,1,1,1,0,1,0,0,0,0,0,0.0
Scinax belloni,Perereca,NE,NT,0,0.5935477996668381,0,1,0,0,0,0,0,0,0,1,0,0,1,0,0,1,1,1,0,1,1,1,0,0,0,0.0
Dendropsophus dutrai,Não Informado,NE,DD,0,0.5865957569021577,0,1,0,0,0,0,0,0,1,0,0,0,1,0,1,1,1,1,1,1,0,1,0,0,0,0.0
Diplodon ellipticus,Marisco-de-água-doce,NE,DD,0,0.5852608106190139,0,1,1,0,0,0,0,0,0,1,0,0,1,0,0,1,1,0,1,0,0,1,1,0,0,0.0
Crossodactylus lutzorum,Não Informado,NE,LC,0,0.5833624383744144,0,1,0,0,0,0,0,0,1,0,0,0,1,0,0,1,1,1,1,1,0,0,0,0,1,0.0
Idioneura furieriae,Libélula,NE,NT,0,0.5818281208433654,0,1,0,0,0,0,0,0,1,1,0,0,1,0,0,1,1,1,0,1,0,0,0,0,1,0.0
Dendropsophus ruschii,"Pererequinha, Pererequinha-do-brejo, Pererequinha-suvaco-de-fogo",NE,LC,0,0.5804720751059921,0,1,0,0,0,0,0,0,0,1,0,0,1,0,0,1,1,1,0,1,0,0,0,0,0,0.0
Sphaenorhynchus bromelicola,Perereca-limão-da-Bahia,EN,EN,0,0.5745502940255738,0,1,0,1,0,0,0,0,1,0,0,0,1,0,0,1,1,1,1,1,0,1,0,0,0,2.0
Plexaurella grandiflora,Não Informado,NE,EN,0,0.5681375052093126,0,0,0,0,0,0,1,0,1,1,0,0,1,0,1,1,0,1,1,1,0,0,0,1,1,0.0
Dasypops schirchi,Sapo-cara-de-porco,NE,LC,0,0.5670149002595004,0,1,0,0,0,0,0,0,1,1,0,0,1,0,0,1,1,1,1,1,0,0,0,0,0,0.0
Allobates olfersioides,Sapinho-foguete,NE,DD,0,0.5670149002595004,0,1,0,0,0,0,0,0,1,1,0,0,1,0,0,1,1,1,1,1,0,0,0,0,0,0.0
Bokermannohyla lucianae,Perereca,NE,NT,0,0.5661615865652291,0,1,0,0,0,0,0,0,1,0,0,0,1,0,1,1,1,1,1,1,0,0,0,0,0,0.0
Forcepsioneura machadorum,"libélula, Libélula",NE,CR,1,0.5615842263899955,0,0,1,0,0,0,0,0,0,1,0,0,1,0,0,1,1,0,1,0,0,0,0,0,0,0.0
Phyllodytes amadoi,Não Informado,NE,DD,0,0.5615128929455576,0,1,0,0,0,0,0,0,1,0,0,0,1,0,0,1,1,1,1,1,0,0,0,0,0,0.0
Leptodactylus hylodes,Não Informado,NE,DD,0,0.5615128929455576,0,1,0,0,0,0,0,0,1,0,0,0,1,0,0,1,1,1,1,1,0,0,0,0,0,0.0
Dendrophryniscus oreites,sapo-arborícola,NE,DD,0,0.5615128929455576,0,1,0,0,0,0,0,0,1,0,0,0,1,0,0,1,1,1,1,1,0,0,0,0,0,0.0
Eotheca fissipes,Perereca-marsupial,NE,LC,0,0.5615128929455576,0,1,0,0,0,0,0,0,1,0,0,0,1,0,0,1,1,1,1,1,0,0,0,0,0,0.0
Spelaeogammarus trajanoae,Não Informado,EN,EN,0,0.5611894252939326,0,0,0,1,0,0,0,0,1,0,0,0,1,0,0,1,1,1,1,1,0,1,0,0,0,2.0
Phyllodytes melanomystax,Pererequinha-de-bigode-da-bromélia,NE,LC,0,0.5592844313673339,0,1,0,0,0,0,0,0,1,0,0,0,1,0,0,1,1,1,1,1,1,1,0,0,0,0.0
Pongycarcinia xiphidiourus,Não Informado,EN,EN,0,0.5584005529829559,0,0,0,1,0,0,0,0,1,0,0,0,1,0,0,1,1,1,1,1,0,1,0,0,1,2.0
Diplodon fontainianus,Marisco-de-água-doce,NE,VU,0,0.557499337357935,0,1,1,0,0,0,0,0,0,1,0,0,1,0,1,1,1,1,1,0,0,1,1,1,0,0.0
Brachycephalus curupira,Não Informado,NE,NT,0,0.5542196544305692,0,1,0,0,0,0,0,0,0,0,1,0,1,0,1,1,1,1,1,1,0,1,0,0,1,0.0
Fritziana tonimi,Perereca-marsupial,NE,LC,0,0.5539790972951043,0,1,0,0,0,0,0,0,0,1,0,0,1,0,0,1,1,1,1,1,0,0,0,0,0,0.0
Dendrophryniscus brevipollicatus,"Coastal Tree Toad, Sapinho-de-bromélia",NE,LC,0,0.5539790972951043,0,1,0,0,0,0,0,0,0,1,0,0,1,0,0,1,1,1,1,1,0,0,0,0,0,0.0
Lauromacromia melanica,"lava-bunda, lavadeira, Libélula",NE,DD,0,0.5539790972951043,0,1,0,0,0,0,0,0,0,1,0,0,1,0,0,1,1,1,1,1,0,0,0,0,0,0.0
Stereocyclops palmipes,Não Informado,NE,DD,0,0.5539790972951043,0,1,0,0,0,0,0,0,0,1,0,0,1,0,0,1,1,1,1,1,0,0,0,0,0,0.0
Dendropsophus rhea,Não Informado,NE,DD,0,0.5539790972951043,0,1,0,0,0,0,0,0,0,1,0,0,1,0,0,1,1,1,1,1,0,0,0,0,0,0.0
Proceratophrys moehringi,"Moehring's Smooth Horned Frog, Sapo-de-chifres",NE,LC,0,0.5539790972951043,0,1,0,0,0,0,0,0,0,1,0,0,1,0,0,1,1,1,1,1,0,0,0,0,0,0.0
Proceratophrys phyllostomus,Não Informado,NE,LC,0,0.5539790972951043,0,1,0,0,0,0,0,0,0,1,0,0,1,0,0,1,1,1,1,1,0,0,0,0,0,0.0
Ischnocnema oea,Rãzinha-do-folhiço,NE,LC,0,0.5539790972951043,0,1,0,0,0,0,0,0,0,1,0,0,1,0,0,1,1,1,1,1,0,0,0,0,0,0.0
Scinax arduous,Perereca,NE,LC,0,0.5539790972951043,0,1,0,0,0,0,0,0,0,1,0,0,1,0,0,1,1,1,1,1,0,0,0,0,0,0.0
Crossodactylodes izecksohni,Rãzinha-de-bromélia,EN,EN,0,0.5537037876905034,0,1,0,0,0,0,0,0,0,1,0,0,1,0,0,1,1,1,0,1,0,0,0,0,0,2.0
Crossodactylus franciscanus,Não Informado,CR,CR,1,0.5432759348651752,0,0,1,0,0,0,0,0,0,1,0,0,1,0,1,0,1,0,0,0,0,0,0,0,0,3.0
Aegla spinosa,Egla,NE,LC,0,0.5428925537875481,0,1,0,0,0,0,0,0,0,0,1,0,1,0,0,1,1,1,1,0,0,1,0,0,1,0.0
Phyllodytes brevirostris,Não Informado,NE,NT,0,0.5415929394264742,0,1,0,1,0,0,0,0,1,0,0,0,1,0,0,1,1,1,1,1,0,0,0,0,0,0.0
Hylomantis granulosa,Perereca-das-folhagens,NE,LC,0,0.5415929394264742,0,1,0,1,0,0,0,0,1,0,0,0,1,0,0,1,1,1,1,1,0,0,0,0,0,0.0
Phyllodytes gyrinaethes,Perereca-das-bromélias,NE,NT,0,0.5415929394264742,0,1,0,1,0,0,0,0,1,0,0,0,1,0,0,1,1,1,1,1,0,0,0,0,0,0.0
Hylodes sazimai,"Rã-de-corredeira, Rãzinha-do-sazima",EN,EN,0,0.5352363923493616,0,1,0,0,0,0,0,0,0,1,0,0,1,0,0,1,1,1,1,1,0,0,0,1,0,2.0
Bokermannohyla flavopicta,Não Informado,NE,NT,0,0.5302897467817412,0,0,0,1,0,0,0,0,1,0,0,0,1,0,0,1,1,1,1,1,1,1,0,0,0,0.0
Brachycephalus tridactylus,Pingo-de-ouro,NE,NT,0,0.5273838395694324,0,1,0,0,0,0,0,0,0,1,1,0,1,0,1,1,1,1,1,1,0,1,0,0,0,0.0
Cycloramphus faustoi,Rãzinha-de-corredeira,VU,VU,0,0.5269229698419599,0,0,0,0,0,0,0,0,0,1,0,0,1,0,0,1,1,1,0,0,1,1,0,0,0,1.0
Spiripockia umbraticola,Espiripóquia-sombria,NE,DD,0,0.5223652000639506,0,0,1,1,0,0,0,0,1,0,0,0,1,0,0,1,1,1,1,1,1,1,0,0,1,0.0
Ololygon insperata,Perereca,NE,NT,0,0.5199141322607883,0,1,0,0,0,0,0,0,0,1,0,0,1,0,0,1,1,0,0,1,0,1,0,0,0,0.0
Scinax atratus,"Peixoto's Snouted Treefrog, Pererequinha-de-bromélia-escura",NE,LC,0,0.5199141322607883,0,1,0,0,0,0,0,0,0,1,0,0,1,0,0,1,1,0,0,1,0,1,0,0,0,0.0
Hylodes magalhaesi,Rã-de-corredeira,VU,LC,0,0.5197570963551906,0,1,0,0,0,0,0,0,0,1,0,0,1,0,1,1,1,1,0,0,0,1,1,0,1,1.0
Melanophryniscus cambaraensis,"Sapinho-mão-vermelha-de-Cambará, Sapinho-verde, Sapinho-verde-de-barriga-vermelha",EN,EN,0,0.517076962234998,0,1,0,0,0,0,0,0,0,0,1,0,1,0,0,1,1,1,1,0,0,1,0,0,1,2.0
Rhipidodonta garbei,Marisco-de-água-doce,NE,VU,0,0.5076742526785631,0,1,0,0,0,0,0,0,0,1,0,0,1,0,1,1,1,1,0,0,0,1,1,1,0,0.0
Oligoneuria macabaiba,"efemérida, siriruia",NE,EN,0,0.5074424096321305,0,1,0,0,0,0,0,0,0,1,0,0,1,0,0,1,1,1,1,0,0,1,0,1,0,0.0
Sipunculus marcusi,Não Informado,NE,DD,0,0.5068971210536293,0,0,0,0,0,0,1,0,0,1,0,0,1,0,0,1,1,1,1,1,1,0,0,1,0,0.0
Hylodes meridionalis,Rã-das-cachoeiras,NE,LC,0,0.5068338943816173,0,1,0,0,0,0,0,0,0,0,1,0,1,0,1,1,1,1,1,0,0,0,1,1,1,0.0
Hylodes perplicatus,Rã-de-corredeira,NE,LC,0,0.5068338943816173,0,1,0,0,0,0,0,0,0,0,1,0,1,0,1,1,1,1,1,0,0,0,1,1,1,0.0
Boana poaju,Perereca,NE,LC,0,0.5036804288203579,0,1,0,0,0,0,0,0,0,0,1,0,1,0,0,1,1,1,1,1,0,0,0,0,1,0.0
Phantasmarana boticariana,Não Informado,NE,NT,0,0.4991484735171331,0,1,0,0,0,0,0,0,0,1,0,0,1,0,1,1,1,1,0,0,0,1,1,0,0,0.0
Adebrotus lugoi,Efemérida,VU,VU,0,0.4990334328335084,0,1,0,0,0,0,0,0,1,1,0,0,1,0,0,1,1,1,1,0,0,0,0,1,0,1.0
Aegla renana,Egla,CR,EN,0,0.49600038996985973,0,1,0,0,0,0,0,0,0,0,1,0,1,0,0,1,0,1,1,0,0,0,0,1,0,3.0
Brachycephalus actaeus,Não Informado,NE,NT,0,0.49480440628775113,0,1,0,0,0,0,0,0,0,0,1,0,1,0,1,1,1,1,1,1,0,0,0,0,1,0.0
Oligoclada calverti,Libélula,NE,DD,0,0.49458395740254474,0,0,1,0,0,0,0,0,0,1,0,0,1,0,0,1,1,1,1,0,0,0,0,0,0,0.0
Scinax pombali,Não Informado,NE,DD,0,0.49458395740254474,0,0,1,0,0,0,0,0,0,1,0,0,1,0,0,1,1,1,1,0,0,0,0,0,0,0.0
Tricorythodes molinerii,"Efemérida, siriruia",NE,DD,0,0.49458395740254474,0,0,1,0,0,0,0,0,0,1,0,0,1,0,0,1,1,1,1,0,0,0,0,0,0,0.0
Proceratophrys carranca,Não Informado,NE,DD,0,0.49458395740254474,0,0,1,0,0,0,0,0,0,1,0,0,1,0,0,1,1,1,1,0,0,0,0,0,0,0.0
Spelaeogammarus spinilacertus,Não Informado,EN,EN,0,0.4943118235029334,0,0,0,1,0,0,0,0,1,0,0,0,1,0,0,1,1,0,0,0,1,1,0,0,0,2.0
Melanophryniscus macrogranulosus,"Sapinho-da-barriga-colorida, Sapinho-mão-vermelha-de-Torres, Sapinho-narigudo-de-barriga-vermelha",EN,EN,0,0.4851598703865066,0,1,0,0,0,0,0,0,0,0,1,0,1,0,0,1,1,1,1,0,1,0,0,1,1,2.0
Diopatra marinae,Não Informado,NE,DD,0,0.4845064161818875,0,0,0,0,0,0,1,0,1,1,1,0,1,0,0,1,1,1,0,1,1,0,0,1,1,0.0
Diopatra hannelorae,Não Informado,NE,DD,0,0.4845064161818875,0,0,0,0,0,0,1,0,1,1,1,0,1,0,0,1,1,1,0,1,1,0,0,1,1,0.0
Bokermannohyla capra,Perereca,NE,LC,0,0.4844770559482684,0,1,0,0,0,0,1,0,1,0,0,0,1,0,0,1,1,1,1,1,0,0,0,0,0,0.0
Phyllodytes praeceptor,Não Informado,NE,LC,0,0.478887367632378,0,1,0,0,0,0,0,0,1,0,0,0,1,0,0,0,1,1,0,1,0,1,0,0,0,0.0
Ischnocnema manezinho,"rã-manezinha, rãzinha-do-folhiço-da-ilha",EN,EN,0,0.47675258358362316,0,1,0,0,0,0,0,0,0,0,1,0,1,0,0,1,1,1,1,0,1,0,0,0,1,2.0
Cycloramphus izecksohni,Não Informado,NE,LC,0,0.4759747337314201,0,1,0,0,0,0,0,0,0,0,1,0,1,0,0,1,1,1,0,0,0,1,1,0,0,0.0
Phyllodytes luteolus,Perereca-das-bromélias,NE,LC,0,0.4735456050693919,0,1,0,1,0,0,1,0,1,1,0,0,1,0,0,1,1,1,1,1,0,1,0,0,0,0.0
Micrathyria divergens,Libélula,VU,LC,0,0.47336013139848204,0,1,1,0,0,0,0,0,1,1,0,0,1,0,0,1,1,1,1,0,0,0,0,0,0,1.0
Eunice sebastiani,Não Informado,EN,NT,0,0.47229491390185313,0,0,0,0,0,0,1,0,0,1,0,0,1,0,0,1,1,1,0,1,0,0,0,1,0,2.0
Orionothemis felixorioni,Libélula,NE,DD,0,0.47220996927620795,0,0,1,0,0,0,0,0,1,0,0,0,1,0,0,1,1,1,1,0,0,0,0,0,0,0.0
Aeschnosoma heliophila,"lava-bunda, lavadeira, Libélula",NE,DD,0,0.47220996927620795,0,0,1,0,0,0,0,0,1,0,0,0,1,0,0,1,1,1,1,0,0,0,0,0,0,0.0
Coryphorus molinerii,Não Informado,NE,DD,0,0.47220996927620795,0,0,1,0,0,0,0,0,1,0,0,0,1,0,0,1,1,1,1,0,0,0,0,0,0,0.0
Microcaecilia supernumeraria,Cecília,NE,DD,0,0.4696715074987988,0,0,0,0,0,0,0,0,0,1,0,0,1,0,0,1,1,1,1,0,0,0,0,0,0,0.0
Kiautagrion acutum,"Agulhinha, Donzelinha, Donzelinha das bromélias, Lava-bunda, Lavadeira, Libélula, Libélula das bromélias",NE,EN,0,0.4693444553795133,0,1,0,0,0,0,0,0,1,1,0,0,1,0,0,1,1,1,1,0,0,1,0,0,0,0.0
Mnesarete mariana,Libélula,NE,NT,0,0.4681713550486142,0,0,1,1,0,0,0,0,1,0,0,0,1,0,0,1,1,1,1,0,0,0,0,0,0,0.0
Aegla rosanae,Egla,NE,EN,0,0.46743877541640055,0,1,0,0,0,0,0,0,0,1,0,0,1,0,0,1,1,0,1,0,0,1,0,1,1,0.0
Scinax caldarum,"Caldas Snouted Treefrog, Perereca",NE,LC,0,0.4669613375464426,0,1,0,0,0,0,0,0,0,1,0,0,1,0,1,1,1,1,0,0,0,1,0,1,0,0.0
Hermanella mazama,"efemérida, siriruia",NE,LC,0,0.4630467259411165,0,1,1,0,0,0,0,0,1,1,0,0,1,0,0,1,1,1,1,0,0,1,0,1,0,0.0
Brachycephalus sulfuratus,"Flea-toad, Sapo-pulga",NE,LC,0,0.4626065183843643,0,1,0,0,0,0,0,0,0,1,1,0,1,0,0,1,1,1,1,1,1,1,0,0,0,0.0
Melanophryniscus biancae,Sapinho-Bianca,EN,EN,0,0.4623448420060967,0,1,0,0,0,0,0,0,0,0,1,0,1,0,0,1,1,1,1,0,0,1,0,1,0,2.0
Fredyagrion capixabae,"Agulhinha, Donzelinha, Donzelinha das bromélias, Lava-bunda, Libélula, Libélula das bromélias",NE,LC,0,0.46159914680637903,0,1,0,0,0,0,0,0,0,1,0,0,1,0,0,1,1,1,0,0,0,1,0,0,0,0.0
Franciscobasis franciscoi,Libélula,NE,EN,0,0.46078340090767017,0,0,1,0,0,0,0,0,0,1,0,0,1,0,0,1,1,1,1,0,1,0,0,1,0,0.0
Ischnocnema nigriventris,Itatiaia Robber Frog,NE,LC,0,0.46016363987227255,0,1,0,0,0,0,0,0,0,1,0,0,1,0,0,1,1,0,1,1,0,0,0,1,0,0.0
Bokermannohyla carvalhoi,Não Informado,NE,LC,0,0.4596338437622858,0,1,0,0,0,0,0,0,0,1,0,0,1,0,1,1,1,1,0,0,0,1,0,0,1,0.0
Millepora laboreli,Não Informado,VU,VU,0,0.45929136280146365,0,0,0,0,0,0,1,0,1,0,0,0,1,0,0,1,1,1,0,0,0,0,0,0,1,1.0
Parastacus fluviatilis,Lagostim,NE,NT,0,0.4588398856801628,0,1,0,0,0,0,0,0,0,0,1,0,1,0,0,1,1,1,1,0,0,0,1,0,0,0.0
Dendrophryniscus krausae,Sapinho-da-bromelia,NE,DD,0,0.4588398856801628,0,1,0,0,0,0,0,0,0,0,1,0,1,0,0,1,1,1,1,0,0,0,1,0,0,0.0
Oxyagrion pseudocardinale,Libélula,NE,DD,0,0.458799260235722,0,1,1,0,0,0,0,0,0,1,0,0,1,0,0,1,1,0,1,0,0,0,0,0,0,0.0
Cyanallagma angelae,Libélula,NE,LC,0,0.458799260235722,0,1,1,0,0,0,0,0,0,1,0,0,1,0,0,1,1,0,1,0,0,0,0,0,0,0.0
Bokermannohyla vulcaniae,Perereca-do-vulcão,EN,EN,0,0.4573861130381734,0,1,0,0,0,0,0,0,0,1,0,0,1,0,0,1,1,1,0,0,0,0,0,1,0,2.0
Chiasmocleis alagoana,Rãzinha-da-mata,VU,VU,0,0.45694863001007774,0,1,0,0,0,0,0,0,1,0,0,0,1,0,0,1,1,1,1,0,0,0,0,0,0,1.0
Ololygon melloi,Southeastern Brazil Snouted Treefrog,NE,LC,0,0.4552017385475172,0,1,0,0,0,0,0,0,0,1,0,0,1,0,0,1,1,0,1,1,0,0,0,0,0,0.0
Scinax littoreus,Coastal Snouted Treefrog,NE,LC,0,0.4552017385475172,0,1,0,0,0,0,0,0,0,1,0,0,1,0,0,1,1,0,1,1,0,0,0,0,0,0.0
Proceratophrys goyana,Não Informado,NE,LC,0,0.45472180180450145,0,0,1,0,0,0,0,0,0,1,0,1,1,0,0,1,1,1,0,1,0,1,0,0,0,0.0
Aegla violacea,Egla,EN,EN,0,0.4546263228294063,0,0,0,0,1,0,0,0,0,0,1,0,1,0,0,1,1,1,1,0,0,0,0,1,0,2.0
Aceratobasis cornicauda,"agulhinha, donzelinha, lava-bunda, lavadeira, Libélula",VU,LC,0,0.45434313738618687,0,1,0,0,0,0,0,0,1,1,0,0,1,0,0,1,1,1,0,0,0,0,0,0,0,1.0
Progomphus basalis,Libélula,NE,DD,0,0.45359224689459654,0,0,1,0,0,0,0,0,0,1,0,0,1,0,0,1,1,1,1,0,1,0,0,0,0,0.0
Brachycephalus garbeanus,Pingo-de-ouro,NE,LC,0,0.4530368691718555,0,1,0,0,0,0,0,0,0,1,0,0,1,0,0,1,1,1,0,0,0,1,0,0,1,0.0
Scinax skuki,Não Informado,NE,DD,0,0.4529260947142926,0,1,0,0,0,0,0,0,1,0,0,0,1,0,0,1,1,1,1,0,0,1,0,1,0,0.0
Nyctimantis galeata,Perereca-de-capacete,NE,DD,0,0.4522996072865366,0,0,0,1,0,0,0,0,1,0,0,0,1,0,0,1,1,0,0,1,0,1,0,0,0,0.0
Scinax rossaferesae,Perereca-Rossaferes,NE,LC,0,0.45220878160933675,0,1,1,0,0,0,0,0,0,1,1,0,1,0,0,1,1,1,1,0,0,1,0,0,0,0.0
Parastacus brasiliensis,Não Informado,NE,NT,0,0.4521964036236351,0,1,0,0,1,0,0,0,0,0,1,0,1,0,0,1,1,1,1,0,0,1,0,1,0,0.0
Brachycephalus mirissimus,Pingo-de-ouro-brilhante,VU,VU,0,0.45129121586372095,0,1,0,0,0,0,0,0,0,0,1,0,1,0,0,1,1,1,1,1,0,0,0,0,0,1.0
Brachycephalus quiririensis,Não Informado,EN,EN,0,0.4507029461797673,0,1,0,0,0,0,0,0,0,0,1,0,1,0,0,1,1,1,0,0,0,1,0,0,0,2.0
Heteragrion petiense,Libélula,EN,LC,0,0.450482093073225,0,1,0,0,0,0,0,0,1,1,0,0,1,0,0,1,1,1,1,0,0,0,0,0,0,2.0
Kingsleya attenboroughi,caranguejo-de-água-doce,NE,EN,0,0.4503898633398634,0,0,0,1,0,0,0,0,1,0,0,0,1,0,0,1,1,1,1,0,0,1,0,1,0,0.0
Hermanella nigra,"efemérida, siriruia",VU,VU,0,0.4503505377835311,0,1,0,0,0,0,0,0,0,1,0,0,1,0,0,1,1,1,1,0,0,0,0,1,0,1.0
Bokermannohyla ravida,Não Informado,NE,DD,0,0.45034768214116655,0,0,1,0,0,0,0,0,0,1,0,0,1,0,0,1,1,1,0,0,0,0,0,0,0,0.0
Simothraulopsis eurybasis,Efemérida,VU,NT,0,0.4480336875090838,0,1,0,0,0,0,0,0,0,1,0,0,1,0,0,1,1,1,1,0,0,0,0,1,1,1.0
Camelobaetidius juparana,Efemérida,VU,NT,0,0.4480336875090838,0,1,0,0,0,0,0,0,0,1,0,0,1,0,0,1,1,1,1,0,0,0,0,1,1,1.0
Scinax alcatraz,"Perereca, Perereca-de-Alcatraz",VU,VU,0,0.4475767052718614,0,0,0,0,0,0,0,0,0,1,0,0,1,0,0,1,1,0,0,0,1,1,0,0,1,1.0
Hylodes otavioi,Rã-de-corredeira,NE,NT,0,0.4459637793010155,0,1,1,0,0,0,0,0,0,1,0,0,1,0,0,1,1,1,0,0,0,1,0,0,0,0.0
Brachycephalus alipioi,"Pingo-de-ouro, Pingo-de-ouro-do-Alípio",NE,NT,0,0.44549624049943776,0,1,0,0,0,0,0,0,0,1,0,0,1,0,1,1,1,1,0,0,0,0,0,1,1,0.0
Adelophryne baturitensis,Rãzinha-pulga,NE,LC,0,0.4413365755587455,0,0,0,1,0,0,0,0,1,0,0,0,1,0,0,1,1,1,1,0,0,0,0,0,0,0.0
Leptodactylus ochraceus,Não Informado,NE,DD,0,0.4411231339014631,0,1,0,0,0,0,0,0,1,0,0,0,1,0,0,1,1,1,0,0,0,1,0,1,0,0.0
Diplodon martensi,Marisco-de-água-doce,NE,DD,0,0.4402094289512085,0,1,0,0,1,0,0,0,0,1,0,0,1,0,0,1,1,0,1,0,0,0,1,0,0,0.0
Ololygon heyeri,"Heyer's Snouted Treefrog, Perereca",NE,NT,0,0.43657165676213255,0,1,0,0,0,0,0,0,0,1,0,0,1,0,1,1,1,1,0,0,0,0,0,1,0,0.0
Pseudopaludicola restinga,Não Informado,NE,LC,0,0.43605764508799544,0,1,0,0,0,0,0,0,0,1,0,0,1,0,1,1,1,1,1,0,0,0,0,0,0,0.0
Aegla jarai,Egla,NE,LC,0,0.4325268644954889,0,1,0,0,0,0,0,0,0,0,1,0,1,0,0,1,1,1,0,0,0,1,0,1,1,0.0
Elasmothemis schubarti,Libélula,EN,DD,0,0.43129057066784204,0,1,0,0,0,0,0,0,0,1,0,0,1,0,0,1,1,1,1,0,0,0,0,0,0,2.0
Parastacus laevigatus,Lagostim,NE,NT,0,0.43095569203169076,0,0,0,0,0,0,0,0,0,0,1,0,1,0,0,1,1,1,1,0,0,0,0,1,0,0.0
Aceratobasis mourei,"agulhinha, donzelinha, lava-bunda, lavadeira, Libélula",EN,LC,0,0.42864521390478405,0,1,0,0,0,0,0,0,0,1,0,0,1,0,0,1,1,1,0,0,0,0,0,0,0,2.0
Scinax cabralensis,Não Informado,NE,NT,0,0.4280107309330209,0,0,1,0,0,0,0,0,0,1,0,0,1,0,0,1,1,1,0,0,0,1,0,0,0,0.0
Oligoneuria amandae,"efemérida, siriruia",NE,VU,0,0.42724485838725124,0,1,0,0,0,0,0,0,0,1,0,0,1,0,0,1,1,1,1,0,0,0,0,1,1,0.0
Lachlania aldinae,"efemérida, siriruia",NE,VU,0,0.42724485838725124,0,1,0,0,0,0,0,0,0,1,0,0,1,0,0,1,1,1,1,0,0,0,0,1,1,0.0
Chthonerpeton arii,"Cecília, Cobra-cega",NE,LC,0,0.42724223671294265,0,0,0,1,0,0,0,0,1,0,0,0,1,0,0,1,1,1,0,0,0,0,0,0,0,0.0
Heteragrion flavovittatum,"agulhinha, donzelinha, lava-bunda, lavadeira, Libélula",NE,NT,0,0.42537495078422033,0,1,1,0,0,0,0,0,0,1,0,0,1,0,0,1,1,1,1,0,0,0,0,0,0,0.0
Mnesarete rhopalon,Libélula,NE,NT,0,0.42537495078422033,0,1,1,0,0,0,0,0,0,1,0,0,1,0,0,1,1,1,1,0,0,0,0,0,0,0.0
Erythrodiplax luteofrons,Libélula,NE,LC,0,0.42537495078422033,0,1,1,0,0,0,0,0,0,1,0,0,1,0,0,1,1,1,1,0,0,0,0,0,0,0.0
Minagrion caldense,Libélula,NE,NT,0,0.42537495078422033,0,1,1,0,0,0,0,0,0,1,0,0,1,0,0,1,1,1,1,0,0,0,0,0,0,0.0
Xenohyla truncata,"Perereca-de-bromélia, Perereca-frugívora, Perereca-fruta",VU,VU,0,0.425311625265116,0,1,0,0,0,0,0,0,0,1,0,0,1,0,0,1,1,0,0,1,0,0,0,0,0,1.0
Paratelmatobius gaigeae,"Rãzinha-de-barriga-colorida, Rãzinha-de-barriga-pintalgada-de-Gaige",NE,LC,0,0.42390821797763617,0,1,0,0,0,0,0,0,0,1,0,0,1,0,1,1,1,1,0,0,0,0,0,0,1,0.0
Leptagrion bocainense,"Agulhinha, Donzelinha, Donzelinha das bromélias, Lava-bunda, Libélula, Libélula das bromélias",VU,VU,0,0.4237585535444773,0,1,0,0,0,0,0,0,0,1,0,0,1,0,0,1,1,0,1,0,0,0,0,0,0,1.0
Boana exastis,Perereca-gladiadora,NE,LC,0,0.4234989065435257,0,1,0,0,0,0,0,0,1,0,0,0,1,0,0,1,1,1,0,0,0,0,0,1,0,0.0
Heleobia brucutu,Não Informado,NE,DD,0,0.42108447390844156,0,0,0,1,0,0,0,0,1,0,0,0,1,0,0,1,1,1,0,0,0,1,1,0,0,0.0
Miroculis stenopterus,"efemérida, siriruia",NE,EN,0,0.4200776746034284,0,1,0,0,0,0,0,0,1,0,0,0,1,0,0,1,1,1,1,0,0,0,0,1,0,0.0
Brachycephalus leopardus,Pingo-de-ouro-leopardo,NE,DD,0,0.4186643820263375,0,1,0,0,0,0,0,0,0,0,1,0,1,0,0,1,1,1,1,0,0,0,0,0,1,0.0
Boana semiguttata,"Perereca-de-suspensório, Perereca fantasia",NE,LC,0,0.4186643820263375,0,1,0,0,0,0,0,0,0,0,1,0,1,0,0,1,1,1,1,0,0,0,0,0,1,0.0
Brachycephalus mariaeterezae,Não Informado,NE,DD,0,0.4186643820263375,0,1,0,0,0,0,0,0,0,0,1,0,1,0,0,1,1,1,1,0,0,0,0,0,1,0.0
Brachycephalus boticario,Pingo-de-ouro-da-fundação-boticário,NE,DD,0,0.4186643820263375,0,1,0,0,0,0,0,0,0,0,1,0,1,0,0,1,1,1,1,0,0,0,0,0,1,0.0
Archaeogomphus globulus,"lava-bunda, lavadeira, Libélula",NE,DD,0,0.41829041104749465,0,1,0,0,0,0,0,0,0,0,1,0,1,0,0,1,1,1,0,0,0,1,0,0,0,0.0
Melanophryniscus milanoi,Não Informado,NE,DD,0,0.41829041104749465,0,1,0,0,0,0,0,0,0,0,1,0,1,0,0,1,1,1,0,0,0,1,0,0,0,0.0
Monocondylaea franciscana,Cofrinho-do-São-Francisco,NE,VU,0,0.41720381618328894,0,1,0,1,0,0,0,0,1,1,0,0,1,0,0,1,1,1,0,0,1,1,1,0,0,0.0
Boana secedens,Perereca,NE,LC,0,0.41546701792613155,0,1,0,0,0,0,0,0,0,1,0,0,1,0,1,1,1,1,0,0,0,0,0,0,0,0.0
Diplodon multistriatus,Não Informado,NE,NT,0,0.4147058808833068,0,1,1,0,0,0,0,0,1,1,1,0,1,0,0,1,1,0,1,0,0,1,1,1,0,0.0
Eotheca flamma,Perereca-marsupial-flamejante,NE,DD,0,0.41455957305862334,0,1,0,0,0,0,0,0,1,0,0,0,1,0,0,1,1,1,0,0,0,1,0,0,1,0.0
Castalia martensi,"Castanhola do sul, Marisco-de-água-doce",NE,VU,0,0.4112730978128029,0,0,0,0,1,0,0,0,0,0,1,0,1,0,1,1,1,1,1,0,0,1,1,1,0,0.0
Progomphus bidentatus,Libélula,NE,DD,0,0.41117524362965113,0,1,0,0,0,0,0,0,0,1,0,0,1,0,0,1,1,1,1,0,0,0,0,1,0,0.0
Baetodes capixaba,Efemérida,NE,LC,0,0.41117524362965113,0,1,0,0,0,0,0,0,0,1,0,0,1,0,0,1,1,1,1,0,0,0,0,1,0,0.0
Dendropsophus novaisi,Não Informado,NE,LC,0,0.41080869625321,0,1,0,1,0,0,0,0,1,1,0,0,1,0,0,1,1,1,0,0,0,1,0,0,0,0.0
Tectonatica micra,Não Informado,NE,DD,0,0.40988121177286296,0,0,0,0,0,0,1,0,0,1,0,0,1,0,0,1,1,1,1,0,1,0,0,1,0,0.0
Anomaloglossus apiau,Não Informado,EN,NT,0,0.4095858443447526,1,0,0,0,0,0,0,1,0,0,0,0,1,0,0,1,1,1,1,1,1,1,0,0,0,2.0
Macrobrachium denticulatum,pitu,NE,VU,0,0.4085895593598399,0,1,0,1,0,0,0,0,1,0,0,0,1,0,0,1,1,1,0,0,0,1,0,0,0,0.0
Paratelmatobius cardosoi,rãzinha-de-barriga-vermelha,NE,LC,0,0.40477745166203294,0,1,0,0,0,0,0,0,0,1,0,0,1,0,0,0,1,1,0,1,0,0,0,1,0,0.0
Aegla oblata,Egla,EN,EN,0,0.4045116752112577,0,1,0,0,0,0,0,0,0,0,1,0,1,0,0,1,1,1,1,0,0,0,0,1,0,2.0
Aegla inermis,Egla,EN,EN,0,0.4045116752112577,0,1,0,0,0,0,0,0,0,0,1,0,1,0,0,1,1,1,1,0,0,0,0,1,0,2.0
Phyllocycla brasilia,Libélula,NE,LC,0,0.4036744059173271,0,1,1,1,0,0,0,0,1,0,0,0,1,0,0,1,1,1,1,0,0,0,0,0,0,0.0
Micrathyria borgmeieri,Libélula,VU,LC,0,0.40327834301340476,0,1,0,0,0,0,0,0,1,1,1,0,1,0,0,1,1,1,1,0,0,0,0,0,0,1.0
Tortopsis canum,"Efemérida, siriruia",NE,LC,0,0.40300943311490667,0,1,0,0,0,0,0,0,0,1,0,0,1,0,0,1,1,1,1,0,0,0,0,0,0,0.0
Homoeoneuria watu,"Efemérida, Siriruia",NE,LC,0,0.40300943311490667,0,1,0,0,0,0,0,0,0,1,0,0,1,0,0,1,1,1,1,0,0,0,0,0,0,0.0
Eotheca prasina,"Perereca-marsupial, Perereca-marsupial-verde",NE,DD,0,0.40300943311490667,0,1,0,0,0,0,0,0,0,1,0,0,1,0,0,1,1,1,1,0,0,0,0,0,0,0.0
Forcepsioneura lucia,"agulhinha, donzelinha, lava-bunda, lavadeira, Libélula",NE,LC,0,0.40300943311490667,0,1,0,0,0,0,0,0,0,1,0,0,1,0,0,1,1,1,1,0,0,0,0,0,0,0.0
Brachycephalus ephippium,Não Informado,NE,LC,0,0.40300943311490667,0,1,0,0,0,0,0,0,0,1,0,0,1,0,0,1,1,1,1,0,0,0,0,0,0,0.0
Ytu mirim,Besouro,NE,DD,0,0.40300943311490667,0,1,0,0,0,0,0,0,0,1,0,0,1,0,0,1,1,1,1,0,0,0,0,0,0,0.0
Perithemis capixaba,Libélula,NE,DD,0,0.40300943311490667,0,1,0,0,0,0,0,0,0,1,0,0,1,0,0,1,1,1,1,0,0,0,0,0,0,0.0
Praeviogomphus proprius,Libélula,NE,NT,0,0.40300943311490667,0,1,0,0,0,0,0,0,0,1,0,0,1,0,0,1,1,1,1,0,0,0,0,0,0,0.0
Macrothemis capitata,"lava-bunda, lavadeira, Libélula",NE,DD,0,0.40300943311490667,0,1,0,0,0,0,0,0,0,1,0,0,1,0,0,1,1,1,1,0,0,0,0,0,0,0.0
Callibaetis cochlea,Efemérida,NE,DD,0,0.40300943311490667,0,1,0,0,0,0,0,0,0,1,0,0,1,0,0,1,1,1,1,0,0,0,0,0,0,0.0
Heteragrion mantiqueirae,Libélula,NE,EN,0,0.40300943311490667,0,1,0,0,0,0,0,0,0,1,0,0,1,0,0,1,1,1,1,0,0,0,0,0,0,0.0
Heteragrion tiradentense,"agulhinha, donzelinha, lava-bunda, lavadeira, Libélula",NE,NT,0,0.40300943311490667,0,1,0,0,0,0,0,0,0,1,0,0,1,0,0,1,1,1,1,0,0,0,0,0,0,0.0
Oxyagrion haematinum,Libélula,NE,NT,0,0.40300943311490667,0,1,0,0,0,0,0,0,0,1,0,0,1,0,0,1,1,1,1,0,0,0,0,0,0,0.0
Heteragrion cyane,Libélula,NE,DD,0,0.40300943311490667,0,1,0,0,0,0,0,0,0,1,0,0,1,0,0,1,1,1,1,0,0,0,0,0,0,0.0
Minagrion canaanense,Libélula,NE,VU,0,0.40300943311490667,0,1,0,0,0,0,0,0,0,1,0,0,1,0,0,1,1,1,1,0,0,0,0,0,0,0.0
Tricorythopsis baptistai,Efemérida,NE,LC,0,0.40300943311490667,0,1,0,0,0,0,0,0,0,1,0,0,1,0,0,1,1,1,1,0,0,0,0,0,0,0.0
Erythrodiplax nivea,Libélula,NE,LC,0,0.40300943311490667,0,1,0,0,0,0,0,0,0,1,0,0,1,0,0,1,1,1,1,0,0,0,0,0,0,0.0
Euparkerella cryptica,Não Informado,NE,DD,0,0.40300943311490667,0,1,0,0,0,0,0,0,0,1,0,0,1,0,0,1,1,1,1,0,0,0,0,0,0,0.0
Cyanallagma trimaculatum,Libélula,NE,DD,0,0.40300943311490667,0,1,0,0,0,0,0,0,0,1,0,0,1,0,0,1,1,1,1,0,0,0,0,0,0,0.0
Hylodes babax,Rã-de-corredeira,NE,NT,0,0.4021569943647864,0,1,0,0,0,0,0,0,0,1,0,0,1,0,0,1,1,1,0,0,0,0,0,1,0,0.0
Rhipidodonta koseritzi,"Marisco de água doce, marisco do junco",NE,EN,0,0.4013542281654186,0,0,0,0,1,0,0,0,0,0,1,0,1,0,1,1,1,1,1,0,0,0,1,1,0,0.0
Odontophrynus juquinha,Não Informado,NE,LC,0,0.4011118923511775,0,1,1,1,0,0,0,0,1,1,0,0,1,0,0,1,1,1,0,0,1,0,0,0,0,0.0
Bokermannohyla izecksohni,"Perereca-gladiadora, Perereca-muda, Perereca-robusta-de-Izecksohni",NE,LC,0,0.4004123605314584,0,1,1,0,0,0,0,0,0,1,0,0,1,0,0,1,1,1,0,0,0,0,0,0,0,0.0
Scinax maracaya,Não Informado,NE,LC,0,0.4004123605314584,0,1,1,0,0,0,0,0,0,1,0,0,1,0,0,1,1,1,0,0,0,0,0,0,0,0.0
Angelagrion fredericoi,"agulhinha, donzelinha, lava-bunda, lavadeira, Libélula",NE,DD,0,0.3999393881651006,0,1,0,0,0,0,0,0,0,1,0,0,1,0,0,1,1,0,1,0,0,0,0,0,0,0.0
Minagrion ribeiroi,Libélula,NE,NT,0,0.3999393881651006,0,1,0,0,0,0,0,0,0,1,0,0,1,0,0,1,1,0,1,0,0,0,0,0,0,0.0
Heteragrion gracile,"agulhinha, donzelinha, lava-bunda, lavadeira, Libélula",NE,DD,0,0.3999393881651006,0,1,0,0,0,0,0,0,0,1,0,0,1,0,0,1,1,0,1,0,0,0,0,0,0,0.0
Platystigma pronoti,Libélula,NE,DD,0,0.3999393881651006,0,1,0,0,0,0,0,0,0,1,0,0,1,0,0,1,1,0,1,0,0,0,0,0,0,0.0
Fredyagrion vriesianum,"Agulhinha, Donzelinha, Donzelinha das bromélias, Lava-bunda, Libélula, Libélula das bromélias",NE,NT,0,0.3999393881651006,0,1,0,0,0,0,0,0,0,1,0,0,1,0,0,1,1,0,1,0,0,0,0,0,0,0.0
Heteragrion thais,Libélula,NE,DD,0,0.3999393881651006,0,1,0,0,0,0,0,0,0,1,0,0,1,0,0,1,1,0,1,0,0,0,0,0,0,0.0
Physalaemus maximus,Rãzinha-de-folhiço,NE,LC,0,0.3999393881651006,0,1,0,0,0,0,0,0,0,1,0,0,1,0,0,1,1,0,1,0,0,0,0,0,0,0.0
Aplastodiscus cavicola,Cruz's Treefrog,NE,LC,0,0.3999393881651006,0,1,0,0,0,0,0,0,0,1,0,0,1,0,0,1,1,0,1,0,0,0,0,0,0,0.0
Melanophryniscus alipioi,Sapinho-da-barriga-colorida,NE,LC,0,0.39909195631767036,0,1,0,0,0,0,0,0,0,1,1,0,1,0,1,1,1,1,0,0,0,1,0,0,0,0.0
Melanophryniscus dorsalis,"Sapinho-da-barriga-colorida, Sapinho-da-barriga-vermelha, Sapinho-mão-vermelha-da-restinga",VU,VU,0,0.3989843849687503,0,1,0,0,1,0,1,0,0,0,1,0,1,0,1,1,1,1,1,0,1,0,0,1,1,1.0
Aegla leptodactyla,Egla,VU,NT,0,0.39807318539968134,0,1,0,0,0,0,0,0,0,0,1,0,1,0,0,1,1,1,0,0,0,0,0,0,0,1.0
Allobates goianus,Rãzinha-da-mata-goiana,NE,NT,0,0.39611640622647143,0,0,1,0,0,0,0,0,0,0,0,1,1,0,0,1,1,1,1,1,0,1,0,1,1,0.0
Brachycephalus olivaceus,Não Informado,NE,NT,0,0.39549423940948053,0,1,0,0,0,0,0,0,0,0,1,0,1,0,1,1,1,1,1,0,1,1,0,0,1,0.0
Sphaenorhynchus mirim,Sapinho-limão,NE,LC,0,0.39329698118131334,0,1,0,0,0,0,0,0,1,1,0,0,1,0,0,1,1,1,1,0,0,0,0,0,0,0.0
Hylister obliquus,Efemérida,NE,LC,0,0.39329698118131334,0,1,0,0,0,0,0,0,1,1,0,0,1,0,0,1,1,1,1,0,0,0,0,0,0,0.0
Cycloramphus fuliginosus,"rã-do-riacho, Tschudi's Button Frog",NE,LC,0,0.39329698118131334,0,1,0,0,0,0,0,0,1,1,0,0,1,0,0,1,1,1,1,0,0,0,0,0,0,0.0
Rhionaeschna eduardoi,Libélula,EN,LC,0,0.39316260221919225,0,1,1,0,0,0,0,0,0,1,1,0,1,0,0,1,1,1,1,0,0,0,0,0,0,2.0
Bokermannohyla martinsi,Perereca,NE,NT,0,0.39052895426215023,0,1,0,0,0,0,0,0,0,1,0,0,1,0,0,1,1,1,0,0,1,1,0,0,0,0.0
Ischnocnema izecksohni,Não Informado,NE,LC,0,0.39052895426215023,0,1,0,0,0,0,0,0,0,1,0,0,1,0,0,1,1,1,0,0,1,1,0,0,0,0.0
Scinax cretatus,Não Informado,NE,LC,0,0.38755183488525224,0,1,0,1,0,0,0,0,1,0,0,0,1,0,0,1,1,0,0,1,0,0,0,0,0,0.0
Spelaeogammarus bahiensis,Não Informado,VU,VU,0,0.38689996973017016,0,0,0,1,0,0,0,0,1,0,0,0,1,0,0,0,1,1,0,0,0,0,0,0,0,1.0
Ischnocnema holti,Rãzinha,NE,LC,0,0.3849494709330745,0,1,0,0,0,0,0,0,0,1,0,0,1,0,0,1,1,1,0,0,1,1,0,0,1,0.0
Hylodes perere,Rã-de-corredeira,NE,NT,0,0.384338192966045,0,1,0,0,0,0,0,0,0,1,0,0,1,0,1,1,1,0,0,0,0,1,0,0,0,0.0
Boana cymbalum,Perereca-gladiadora-de-sino,EX,EX,0,0.38346106905019306,0,1,0,0,0,0,0,0,0,1,0,0,1,0,1,1,1,0,0,0,0,0,1,1,0,0.0
Muscocyclops therasiae,copépode,NE,DD,0,0.3833917494384699,0,0,1,0,0,0,0,0,0,0,0,1,1,0,0,1,1,0,1,0,0,0,0,0,0,0.0
Brachycephalus albolineatus,Sapinho da montanha,NE,DD,0,0.3832366944844539,0,1,0,0,0,0,0,0,0,0,1,0,1,0,0,1,1,0,1,0,0,0,1,1,1,0.0
Ischnocnema concolor,Rãzinha-do-folhiço,NE,DD,0,0.38079223701303,0,1,0,0,0,0,0,0,0,1,0,0,1,0,0,1,1,0,0,0,0,1,0,0,1,0.0
Machadagrion garbei,"Agulhinha, Donzelinha, Donzelinha das bromélias, Lava-bunda, Libélula, Libélula das bromélias",NE,VU,0,0.3805311160419392,0,1,0,0,0,0,0,0,1,0,0,0,1,0,0,1,1,1,1,0,0,0,0,0,0,0.0
Chiasmocleis sapiranga,"Rãnzinha-da-mata, Rãzinha-sapiranga",NE,DD,0,0.3805311160419392,0,1,0,0,0,0,0,0,1,0,0,0,1,0,0,1,1,1,1,0,0,0,0,0,0,0.0
Allophryne relicta,Não Informado,NE,NT,0,0.3805311160419392,0,1,0,0,0,0,0,0,1,0,0,0,1,0,0,1,1,1,1,0,0,0,0,0,0,0.0
Physalaemus caete,Não Informado,NE,NT,0,0.3805311160419392,0,1,0,0,0,0,0,0,1,0,0,0,1,0,0,1,1,1,1,0,0,0,0,0,0,0.0
Dendropsophus nekronastes,Perereca-de-moldura-do-cemitério,NE,DD,0,0.3805311160419392,0,1,0,0,0,0,0,0,1,0,0,0,1,0,0,1,1,1,1,0,0,0,0,0,0,0.0
Scinax strigilatus,Perereca,NE,LC,0,0.3793865586618907,0,1,0,1,0,0,0,0,1,0,0,0,1,0,0,1,1,1,1,0,0,0,0,0,0,0.0
Gomphoides perdita,"lava-bunda, lavadeira, Libélula",NE,DD,0,0.37747830899376045,0,1,1,0,0,0,0,0,0,1,1,0,1,0,0,1,1,1,1,0,0,0,0,0,0,0.0
Phasmahyla spectabilis,Perereca-das-folhagens,NE,NT,0,0.37626482857701016,0,1,0,0,0,0,0,0,1,1,0,0,1,0,0,1,1,1,0,0,0,0,0,0,0,0.0
Scinax juncae,Perereca,NE,LC,0,0.37626482857701016,0,1,0,0,0,0,0,0,1,1,0,0,1,0,0,1,1,1,0,0,0,0,0,0,0,0.0
Sphaenorhynchus botocudo,Sapinho-limão,NE,LC,0,0.37626482857701016,0,1,0,0,0,0,0,0,1,1,0,0,1,0,0,1,1,1,0,0,0,0,0,0,0,0.0
Aegla castro,Egla,NE,LC,0,0.37557046768710267,0,1,1,0,0,0,0,0,0,1,1,0,1,0,0,1,1,0,1,0,0,0,0,0,0,0.0
Stereocyclops histrio,Não Informado,NE,LC,0,0.37464062174156637,0,1,0,0,0,0,0,0,1,0,0,0,1,0,0,1,1,1,1,0,1,0,0,0,0,0.0
Proceratophrys paviotii,Não Informado,NE,LC,0,0.374271951087253,0,1,0,0,0,0,0,0,0,1,0,0,1,0,0,1,1,1,0,0,0,0,0,0,0,0.0
Cycloramphus heyeri,Rã-de-cachoeira-de-carvalho,NE,DD,0,0.374271951087253,0,1,0,0,0,0,0,0,0,1,0,0,1,0,0,1,1,1,0,0,0,0,0,0,0,0.0
Cycloramphus lithomimeticus,Rãzinha-de-corredeira,NE,LC,0,0.374271951087253,0,1,0,0,0,0,0,0,0,1,0,0,1,0,0,1,1,1,0,0,0,0,0,0,0,0.0
Scinax tripui,Não Informado,NE,LC,0,0.374271951087253,0,1,0,0,0,0,0,0,0,1,0,0,1,0,0,1,1,1,0,0,0,0,0,0,0,0.0
Hylodes japi,Rã-de-corredeira,NE,NT,0,0.374271951087253,0,1,0,0,0,0,0,0,0,1,0,0,1,0,0,1,1,1,0,0,0,0,0,0,0,0.0
Brechmorhoga goncalvensis,Libélula,NE,NT,0,0.374271951087253,0,1,0,0,0,0,0,0,0,1,0,0,1,0,0,1,1,1,0,0,0,0,0,0,0,0.0
Proceratophrys mantiqueira,Sapo-de-chifre-da-Mantiqueira,NE,LC,0,0.374271951087253,0,1,0,0,0,0,0,0,0,1,0,0,1,0,0,1,1,1,0,0,0,0,0,0,0,0.0
Adelophryne glandulata,Não Informado,NE,LC,0,0.3737570252235635,0,1,1,0,0,0,0,0,0,1,0,0,1,0,0,1,1,0,0,0,0,0,0,0,0,0.0
Sphaerium cambaraense,Não Informado,NE,DD,0,0.37289011536236966,0,1,0,0,0,0,0,0,0,0,1,0,1,0,0,1,1,1,0,0,0,0,1,0,0,0.0
Minuca victoriana,Não Informado,NE,LC,0,0.37245878064406074,0,0,0,0,0,0,1,0,1,1,0,0,1,0,0,1,1,1,1,0,0,1,0,1,0,0.0
Adelophryne pachydactyla,"Rãzinha-do-folhiço, Rãzinha-pulga",NE,LC,0,0.371826227702871,0,1,0,0,0,0,0,0,1,0,0,0,1,0,0,1,1,1,0,0,0,0,0,0,0,0.0
Haddadus plicifer,Iguarasse-robber-frog,NE,DD,0,0.371826227702871,0,1,0,0,0,0,0,0,1,0,0,0,1,0,0,1,1,1,0,0,0,0,0,0,0,0.0
Chiasmocleis migueli,Não Informado,NE,DD,0,0.371826227702871,0,1,0,0,0,0,0,0,1,0,0,0,1,0,0,1,1,1,0,0,0,0,0,0,0,0.0
Aplastodiscus flumineus,Perereca-flautinha,NE,LC,0,0.3709819086745855,0,1,0,0,0,0,0,0,0,1,0,0,1,0,0,1,1,0,0,0,1,1,1,0,1,0.0
Boana jaguariaivensis,Não Informado,NE,NT,0,0.37060950385629976,0,1,1,0,0,0,0,0,0,1,1,0,1,0,1,1,1,1,0,0,0,0,0,1,0,0.0
Hylodes vanzolinii,Não Informado,NE,DD,0,0.370532681039455,0,1,0,0,0,0,0,0,0,1,0,0,1,0,0,1,1,0,0,0,1,1,1,0,0,0.0
Dragmaxia anomala,Esponja,NE,LC,0,0.37001330643924535,0,0,0,0,0,0,1,0,0,1,1,0,1,0,0,1,1,0,1,0,0,0,0,1,0,0.0
Chiasmocleis altomontana,Não Informado,NE,LC,0,0.3699955790070927,0,1,0,0,0,0,0,0,0,1,0,0,1,0,0,1,1,1,0,0,0,0,0,0,1,0.0
Brachycephalus vertebralis,Pingo-de-rubi,NE,LC,0,0.3699955790070927,0,1,0,0,0,0,0,0,0,1,0,0,1,0,0,1,1,1,0,0,0,0,0,0,1,0.0
Brachycephalus crispus,Rã-pururuca,NE,LC,0,0.3699955790070927,0,1,0,0,0,0,0,0,0,1,0,0,1,0,0,1,1,1,0,0,0,0,0,0,1,0.0
Physalaemus irroratus,Não Informado,NE,DD,0,0.3692160503713305,0,1,0,0,0,0,0,0,0,1,0,0,1,0,0,0,1,1,1,1,0,0,0,0,0,0.0
Ischnocnema surda,Não Informado,NE,LC,0,0.36891865360674747,0,1,0,0,0,0,0,0,0,1,0,0,1,0,0,0,1,1,0,0,0,1,0,0,0,0.0
Neoneura anaclara,Libélula,NE,DD,0,0.3679367189138985,0,1,0,0,0,0,0,0,0,0,1,0,1,0,0,1,1,1,1,0,0,0,0,0,0,0.0
Cyanallagma corbeti,Libélula,NE,DD,0,0.3679367189138985,0,1,0,0,0,0,0,0,0,0,1,0,1,0,0,1,1,1,1,0,0,0,0,0,0,0.0
Physalaemus insperatus,Não Informado,NE,DD,0,0.3679367189138985,0,1,0,0,0,0,0,0,0,0,1,0,1,0,0,1,1,1,1,0,0,0,0,0,0,0.0
Elachistocleis erythrogaster,"Rã-de-barriga-vermelha, Rã-grilo-de-barriga-vermelha, Sapo-guarda-de-barriga-vermelha",NE,DD,0,0.3679367189138985,0,1,0,0,0,0,0,0,0,0,1,0,1,0,0,1,1,1,1,0,0,0,0,0,0,0.0
Erythrodiplax diversa,Libélula,NE,DD,0,0.3679367189138985,0,1,0,0,0,0,0,0,0,0,1,0,1,0,0,1,1,1,1,0,0,0,0,0,0,0.0
Cycloramphus bolitoglossus,"Blumenau Button Frog, Sapinho-de-riacho",NE,LC,0,0.3679367189138985,0,1,0,0,0,0,0,0,0,0,1,0,1,0,0,1,1,1,1,0,0,0,0,0,0,0.0
Neocordulia gaucha,Libélula,NE,DD,0,0.3679367189138985,0,1,0,0,0,0,0,0,0,0,1,0,1,0,0,1,1,1,1,0,0,0,0,0,0,0.0
Camelobaetidius serapis,Efemérida,NE,DD,0,0.3679367189138985,0,1,0,0,0,0,0,0,0,0,1,0,1,0,0,1,1,1,1,0,0,0,0,0,0,0.0
Idiogomphoides demoulini,"lava-bunda, lavadeira, Libélula",NE,DD,0,0.3679367189138985,0,1,0,0,0,0,0,0,0,0,1,0,1,0,0,1,1,1,1,0,0,0,0,0,0,0.0
Parastacus promatensis,Parastacus promatensis,NE,DD,0,0.3669715100777826,0,1,0,0,0,0,0,0,0,0,1,0,1,0,0,1,1,1,1,0,0,0,0,1,0,0.0
Parastacus caeruleodactylus,Lagostim,NE,NT,0,0.3669715100777826,0,1,0,0,0,0,0,0,0,0,1,0,1,0,0,1,1,1,1,0,0,0,0,1,0,0.0
Baetodes sancticatarinae,Efemérida,NE,DD,0,0.3669715100777826,0,1,0,0,0,0,0,0,0,0,1,0,1,0,0,1,1,1,1,0,0,0,0,1,0,0.0
Aegla meloi,Egla,NE,EN,0,0.3669715100777826,0,1,0,0,0,0,0,0,0,0,1,0,1,0,0,1,1,1,1,0,0,0,0,1,0,0.0
Aegla ludwigi,Egla,NE,EN,0,0.3669715100777826,0,1,0,0,0,0,0,0,0,0,1,0,1,0,0,1,1,1,1,0,0,0,0,1,0,0.0
Aegla franciscana,Egla,NE,LC,0,0.3669715100777826,0,1,0,0,0,0,0,0,0,0,1,0,1,0,0,1,1,1,1,0,0,0,0,1,0,0.0
Aegla lata,Egla,NE,LC,0,0.3669715100777826,0,1,0,0,0,0,0,0,0,0,1,0,1,0,0,1,1,1,1,0,0,0,0,1,0,0.0
Aegla grisella,Egla,NE,LC,0,0.3669715100777826,0,1,0,0,0,0,0,0,0,0,1,0,1,0,0,1,1,1,1,0,0,0,0,1,0,0.0
Aegla longirostri,Egla,NE,DD,0,0.3669715100777826,0,1,0,0,0,0,0,0,0,0,1,0,1,0,0,1,1,1,1,0,0,0,0,1,0,0.0
Chthonerpeton viviparum,"Cecília, Cecília-d'água-de-Santa-Catarina, Cobra-cega",NE,LC,0,0.3668789903448025,0,1,0,0,0,0,0,0,0,1,1,0,1,0,0,1,1,1,1,0,0,0,0,1,0,0.0
Forcepsioneura haerteli,"agulhinha, donzelinha, lava-bunda, lavadeira, Libélula",NE,LC,0,0.36598661594559945,0,1,0,0,0,0,0,0,0,1,1,0,1,0,0,1,1,1,1,0,0,0,0,0,0,0.0
Aegla leachi,Egla,EN,EN,0,0.3658724635973356,0,1,0,0,0,0,0,0,0,0,1,0,1,0,0,1,1,0,0,0,0,1,0,0,0,2.0
Melanophryniscus moreirae,"Flamenguinho., Sapo-flamenguinho",NE,LC,0,0.3657357546106136,0,1,0,0,0,0,0,0,0,1,0,0,1,0,0,1,1,1,0,0,1,0,0,0,1,0.0
Camelobaetidius maranhensis,Efemérida,VU,VU,0,0.3638460468080871,0,0,1,0,0,0,0,0,1,0,0,0,1,0,0,0,1,1,1,0,0,0,0,0,0,1.0
Aegla loyolai,Egla,NE,EN,0,0.36210828285330293,0,1,0,0,0,0,0,0,0,0,1,0,1,0,0,1,1,1,0,0,0,0,0,1,0,0.0
Ceratophrys aurita,"Intanha, Sapo-intanha",NE,DD,0,0.3620634672098454,0,1,0,1,0,0,0,0,1,1,0,0,1,0,1,1,1,0,0,1,0,0,0,0,0,0.0
Mnesarete hyalina,Libélula,NE,LC,0,0.36080931098106045,0,1,0,0,1,0,0,0,0,1,1,0,1,0,0,1,1,1,1,0,0,0,0,0,0,0.0
Anodontites iheringi,Alongado-rajado,NE,EN,0,0.35967226064263247,0,0,0,0,0,0,1,0,0,0,1,0,1,0,1,1,1,1,1,0,0,1,1,1,0,0.0
Diplodon jacksoni,Marisco de água doce,NE,DD,0,0.35864352554900786,0,1,0,1,0,0,0,0,1,1,0,0,1,0,0,1,1,0,0,0,0,1,1,0,0,0.0
Meandrina brasiliensis,Não Informado,NE,DD,0,0.3584484421189744,0,0,0,0,0,0,1,1,1,1,0,0,1,0,0,1,0,1,1,1,0,0,0,1,1,0.0
Phyllogomphoides regularis,Libélula,NE,LC,0,0.3567243169005546,0,1,1,0,1,0,0,0,0,1,1,0,1,0,0,1,1,0,1,0,0,0,0,0,0,0.0
Chiasmocleis schubarti,Rãzinha-da-mata,NE,LC,0,0.35477933201178097,0,1,1,0,0,0,0,0,1,1,0,0,1,0,0,1,1,0,0,0,0,1,0,0,0,0.0
Rhipidodonta iheringi,Marisco-barrigudinho,NE,EN,0,0.353844548458744,0,0,0,0,1,0,0,0,0,0,1,0,1,0,1,1,1,1,0,0,0,1,1,1,0,0.0
Castoraeschna margarethae,Libélula,NE,DD,0,0.35316455664767943,0,1,0,0,0,0,0,0,0,1,1,0,1,0,0,1,1,1,1,0,1,1,0,0,0,0.0
Julianus pinimus,Não Informado,NE,LC,0,0.3527215541389429,0,1,1,0,0,0,0,0,0,1,1,0,1,0,1,1,1,1,0,0,0,0,0,0,0,0.0
Aegla spinipalma,Egla,NE,DD,0,0.3526779810698478,0,1,0,0,1,0,0,0,0,0,1,0,1,0,1,1,1,1,1,0,0,0,0,1,0,0.0
Macrothemis lutea,Libélula,NE,LC,0,0.3511572103414066,0,1,1,1,1,0,0,0,1,1,1,0,1,0,0,1,1,1,1,0,0,0,0,0,0,0.0
Brachycephalus verrucosus,Não Informado,NE,LC,0,0.34980923934698677,0,1,0,0,0,0,0,0,0,0,1,0,1,0,0,1,1,1,0,0,0,0,0,0,1,0.0
Melanophryniscus spectabilis,Sapinho-da-barriga-colorida,NE,NT,0,0.34980923934698677,0,1,0,0,0,0,0,0,0,0,1,0,1,0,0,1,1,1,0,0,0,0,0,0,1,0.0
Aegla perobae,Egla,CR,EN,0,0.3468921320084197,0,0,1,0,0,0,0,0,0,1,0,0,1,0,1,1,0,1,1,0,0,0,0,1,0,3.0
Ischnocnema karst,Rãzinha-do-folhiço,VU,VU,0,0.34409481274139947,0,0,1,0,0,0,0,0,0,1,0,0,1,0,0,0,1,1,0,0,0,0,0,0,0,1.0
Proceratophrys huntingtoni,Não Informado,NE,LC,0,0.3438219739483706,0,0,1,0,0,0,0,0,0,0,0,1,1,0,0,1,1,1,1,0,0,0,0,0,1,0.0
Proceratophrys subguttata,Sapo-de-chifres,NE,LC,0,0.3433542589266299,0,1,0,0,0,0,0,0,0,0,1,0,1,0,0,1,1,1,0,0,0,0,0,0,0,0.0
Aegla pomerana,Egla,NE,LC,0,0.3433542589266299,0,1,0,0,0,0,0,0,0,0,1,0,1,0,0,1,1,1,0,0,0,0,0,0,0,0.0
Corvoheteromeyenia sanidastosclera,Não Informado,NE,DD,0,0.34146907381160935,0,0,0,1,0,0,0,0,1,0,0,0,1,0,0,0,1,1,1,0,0,0,0,1,0,0.0
Aegla jaragua,Egla,NE,LC,0,0.339856467598613,0,1,0,0,0,0,0,0,0,1,0,0,1,0,0,1,1,0,0,0,0,0,1,0,0,0.0
Pseudopaludicola mineira,Rãzinha-mineira,NE,LC,0,0.3390127977309898,0,1,1,0,0,0,0,0,0,1,0,0,1,0,0,1,1,0,0,0,1,1,0,0,0,0.0
Aegla plana,Egla,NE,LC,0,0.3381769539620909,0,1,0,0,1,0,0,0,0,0,1,0,1,0,0,1,1,1,0,0,0,0,0,0,0,0.0
Camelobaetidius spinosus,efemérida,VU,VU,0,0.3372441674831061,0,1,0,0,0,0,0,0,0,1,0,0,1,0,0,0,1,1,1,0,0,0,0,1,0,1.0
Hyalella caeca,Não Informado,VU,VU,0,0.3372441674831061,0,1,0,0,0,0,0,0,0,1,0,0,1,0,0,0,1,1,1,0,0,0,0,1,0,1.0
Scinax tupinamba,Não Informado,NE,LC,0,0.3349023566988769,0,1,0,0,0,0,0,0,0,1,0,0,1,0,0,0,1,0,1,1,0,1,0,0,0,0.0
Hermanella amere,"efemérida, siriruia",EN,EN,0,0.33471753125783976,0,1,0,0,0,0,0,0,0,1,0,0,1,0,0,0,1,1,1,0,0,0,0,1,0,2.0
Ischnocnema paranaensis,Rãzinha-da-mata-do-Paraná,NE,NT,0,0.3346821725761411,0,1,0,0,0,0,0,0,0,0,1,0,1,0,0,1,1,0,0,0,0,1,0,0,1,0.0
Hylodes nasus,Rã-de-corredeira,NE,LC,0,0.33404567064167506,0,1,0,0,0,0,0,0,0,1,0,0,1,0,1,1,1,0,0,0,0,0,0,0,0,0.0
Millepora nitida,Não Informado,NE,NT,0,0.33109573614473603,0,0,0,0,0,0,1,0,1,1,0,0,1,0,0,1,0,1,1,1,1,0,0,1,1,0.0
Muriceides aequatorialis,Não Informado,NE,DD,0,0.3293830747228358,0,0,0,0,0,0,1,0,1,0,0,0,1,0,0,1,0,1,1,1,0,0,0,0,1,0.0
Aegla schmitti,Egla,NE,LC,0,0.3275844202376341,0,1,0,0,0,0,0,0,0,1,1,0,1,0,0,1,1,0,1,0,0,0,0,0,0,0.0
Pithecopus centralis,Não Informado,NE,LC,0,0.3274633155576207,0,0,1,0,0,0,0,0,0,0,0,1,1,0,1,1,1,1,0,1,1,1,1,0,0,0.0
Chiasmocleis papachibe,Não Informado,NE,DD,0,0.3273837205614953,1,0,0,0,0,0,0,1,0,0,0,0,1,0,1,1,1,1,1,1,0,0,0,0,1,0.0
Brachycephalus brunneus,Pingo-de-chocolate,NE,LC,0,0.32682920047921454,0,1,0,0,0,0,0,0,0,0,1,0,1,0,0,1,1,1,0,0,1,0,0,0,1,0.0
Scinax cardosoi,Revolta Snouted Treefrog,NE,LC,0,0.32661074762298825,0,1,0,0,0,0,0,0,0,1,0,0,1,0,0,1,1,0,0,0,0,0,0,0,0,0.0
Scinax angrensis,Perereca,NE,LC,0,0.32661074762298825,0,1,0,0,0,0,0,0,0,1,0,0,1,0,0,1,1,0,0,0,0,0,0,0,0,0.0
Scinax kautskyi,"Kautsky's Snouted Treefrog, Perereca",NE,LC,0,0.32661074762298825,0,1,0,0,0,0,0,0,0,1,0,0,1,0,0,1,1,0,0,0,0,0,0,0,0,0.0
Mimosiphonops vermiculatus,Cecília,NE,DD,0,0.32661074762298825,0,1,0,0,0,0,0,0,0,1,0,0,1,0,0,1,1,0,0,0,0,0,0,0,0,0.0
Chiasmocleis atlantica,Não Informado,NE,LC,0,0.32661074762298825,0,1,0,0,0,0,0,0,0,1,0,0,1,0,0,1,1,0,0,0,0,0,0,0,0,0.0
Macrothemis hosanai,Libélula,NE,LC,0,0.3261307154843943,0,1,1,0,0,0,0,0,0,1,1,1,1,0,0,1,1,1,1,1,0,0,0,0,0,0.0
Cassidulus infidus,Não Informado,NE,EN,0,0.3239634178403829,0,0,0,0,0,0,1,0,1,0,0,0,1,0,0,0,1,1,1,0,0,0,0,1,0,0.0
Dendrophryniscus stawiarskyi,Não Informado,NE,DD,0,0.32295132101977364,0,1,0,0,0,0,0,0,0,0,1,0,1,0,0,0,1,1,0,1,0,0,0,0,0,0.0
Parastacus pilicarpus,Lagostim,NE,DD,0,0.31959687154900773,0,1,0,0,0,0,0,0,0,0,1,0,1,0,0,1,1,1,1,0,1,0,0,1,0,0.0
Thoropa saxatilis,"Rã-das-pedras, Rã-das-pedras-do-sul, Rã-do-costão",NE,LC,0,0.31959687154900773,0,1,0,0,0,0,0,0,0,0,1,0,1,0,0,1,1,1,1,0,1,0,0,1,0,0.0
Physalaemus nanus,Rãzinha-do-folhiço,NE,LC,0,0.31890422501086085,0,1,1,0,0,0,1,0,0,1,1,0,1,0,0,1,1,1,1,0,0,0,0,0,0,0.0
Ischnocnema parnaso,Não Informado,NE,LC,0,0.315744025835346,0,1,0,0,0,0,0,0,0,1,0,0,1,0,0,1,1,0,0,0,0,0,0,0,1,0.0
Hylodes ornatus,Rã-de-corredeira,NE,LC,0,0.315744025835346,0,1,0,0,0,0,0,0,0,1,0,0,1,0,0,1,1,0,0,0,0,0,0,0,1,0.0
Boana buriti,"Perereca-buriti, Perereca-de-pijama-buriti",VU,VU,0,0.31484320632327484,0,0,1,0,0,0,0,0,0,1,0,1,1,0,1,1,1,1,0,0,0,0,0,0,0,1.0
Cycloramphus duseni,Rã-da-cachoeira,NE,DD,0,0.31425591415009724,0,1,0,0,0,0,0,0,0,0,1,0,1,0,1,1,0,1,1,0,1,0,0,1,1,0.0
Scinax canastrensis,Não Informado,NE,LC,0,0.3141591815331544,0,1,1,0,0,0,0,0,0,1,0,0,1,0,0,1,0,1,0,1,0,1,0,0,0,0.0
Aeschnosoma pseudoforcipula,"lava-bunda, lavadeira, Libélula",NE,LC,0,0.31316643985581566,0,0,1,0,0,0,0,0,1,0,0,1,1,0,0,1,1,1,1,0,0,0,0,0,0,0.0
Aeschnosoma marizae,"lava-bunda, lavadeira, Libélula",NE,LC,0,0.31316643985581566,0,0,1,0,0,0,0,0,1,0,0,1,1,0,0,1,1,1,1,0,0,0,0,0,0,0.0
Aegla itacolomiensis,Egla,EN,EN,0,0.31265639534229306,0,1,0,0,1,0,0,0,0,0,1,0,1,0,0,1,1,0,1,0,0,0,0,0,0,2.0
Fredyagrion siqueirai,"Agulhinha, Donzelinha, Donzelinha das bromélias, Lava-bunda, Libélula, Libélula das bromélias",NE,DD,0,0.31020929261003116,0,1,0,0,0,0,0,0,1,0,0,0,1,0,0,1,1,0,1,0,0,0,0,0,0,0.0
Siphonops leucoderus,Cecília,NE,DD,0,0.31020929261003116,0,1,0,0,0,0,0,0,1,0,0,0,1,0,0,1,1,0,1,0,0,0,0,0,0,0.0
Chiasmocleis gnoma,Rãzinha-da-mata,NE,LC,0,0.31020929261003116,0,1,0,0,0,0,0,0,1,0,0,0,1,0,0,1,1,0,1,0,0,0,0,0,0,0.0
Scinax centralis,Não Informado,NE,LC,0,0.30976411179504676,0,0,1,0,0,0,0,0,0,0,0,1,1,0,0,1,1,1,0,0,0,0,0,0,0,0.0
Oreobates antrum,Não Informado,NE,LC,0,0.30976411179504676,0,0,1,0,0,0,0,0,0,0,0,1,1,0,0,1,1,1,0,0,0,0,0,0,0,0.0
Scinax goya,Perereca-de-inverno,NE,DD,0,0.30976411179504676,0,0,1,0,0,0,0,0,0,0,0,1,1,0,0,1,1,1,0,0,0,0,0,0,0,0.0
Aegla serrana,Egla,NE,LC,0,0.30974027847735264,0,1,0,0,0,0,0,0,0,0,1,0,1,0,0,1,1,0,1,0,0,0,0,0,0,0.0
Neoneura jurzitzai,Libélula,NE,DD,0,0.30974027847735264,0,1,0,0,0,0,0,0,0,0,1,0,1,0,0,1,1,0,1,0,0,0,0,0,0,0.0
Parastacus buckupi,Lagostim,NE,LC,0,0.30974027847735264,0,1,0,0,0,0,0,0,0,0,1,0,1,0,0,1,1,0,1,0,0,0,0,0,0,0.0
Aegla odebrechtii,Egla,NE,LC,0,0.30974027847735264,0,1,0,0,0,0,0,0,0,0,1,0,1,0,0,1,1,0,1,0,0,0,0,0,0,0.0
Progomphus victor,Libélula,NE,DD,0,0.30974027847735264,0,1,0,0,0,0,0,0,0,0,1,0,1,0,0,1,1,0,1,0,0,0,0,0,0,0.0
Aegla rossiana,Egla,NE,LC,0,0.30974027847735264,0,1,0,0,0,0,0,0,0,0,1,0,1,0,0,1,1,0,1,0,0,0,0,0,0,0.0
Aegla parva,Egla,NE,LC,0,0.30974027847735264,0,1,0,0,0,0,0,0,0,0,1,0,1,0,0,1,1,0,1,0,0,0,0,0,0,0.0
Telebasis pallida,Libélula,NE,LC,0,0.30905538593335646,0,0,1,0,0,0,0,0,0,0,0,1,1,0,0,1,1,1,1,0,0,0,0,0,0,0.0
Argia funebris,"agulhinha, donzelinha, lava-bunda, lavadeira, Libélula",NE,DD,0,0.30905538593335646,0,0,1,0,0,0,0,0,0,0,0,1,1,0,0,1,1,1,1,0,0,0,0,0,0,0.0
Oxyagrion zielmae,Libélula,NE,DD,0,0.30905538593335646,0,0,1,0,0,0,0,0,0,0,0,1,1,0,0,1,1,1,1,0,0,0,0,0,0,0.0
Proceratophrys bagnoi,Sapo-de-chifre-do-Bagno,NE,DD,0,0.30905538593335646,0,0,1,0,0,0,0,0,0,0,0,1,1,0,0,1,1,1,1,0,0,0,0,0,0,0.0
Epipleoneura ottoi,Libélula,NE,DD,0,0.30905538593335646,0,0,1,0,0,0,0,0,0,0,0,1,1,0,0,1,1,1,1,0,0,0,0,0,0,0.0
Aphylla linea,"lava-bunda, lavadeira, Libélula",NE,DD,0,0.30905538593335646,0,0,1,0,0,0,0,0,0,0,0,1,1,0,0,1,1,1,1,0,0,0,0,0,0,0.0
Progomphus perithemoides,Libélula,NE,DD,0,0.30905538593335646,0,0,1,0,0,0,0,0,0,0,0,1,1,0,0,1,1,1,1,0,0,0,0,0,0,0.0
Aegla inconspicua,Egla,VU,VU,0,0.30896987964012185,0,1,0,0,1,0,0,0,0,0,1,0,1,0,0,1,1,0,1,0,0,0,0,0,0,1.0
Aegla obstipa,Egla,EN,EN,0,0.30850746089245806,0,0,0,0,1,0,0,0,0,0,1,0,1,0,0,0,1,1,0,0,0,0,0,1,0,2.0
Machadagrion dardanoi,"Agulhinha, Donzelinha, Donzelinha das bromélias, Lava-bunda, Libélula, Libélula das bromélias",NE,DD,0,0.3023458167423209,0,1,0,1,0,0,0,0,1,0,0,0,1,0,0,1,1,0,1,0,0,0,0,0,0,0.0
Bokermannohyla sagarana,Perereca-sagarana,NE,NT,0,0.2997285101296265,0,0,1,0,0,0,0,0,0,1,0,0,1,0,0,0,1,1,0,0,0,0,0,0,0,0.0
Ischnocnema randorum,Rãzinha-do-folhiço,NE,LC,0,0.29955919121666114,0,1,0,0,0,0,0,0,0,1,0,0,1,0,0,1,0,1,0,1,0,0,0,0,0,0.0
Apobaetis pucupi,efemérida,NE,DD,0,0.29856221699183644,0,1,0,0,0,0,0,0,0,1,0,0,1,0,0,0,1,1,1,0,0,0,0,0,0,0.0
Trachycephalus lepidus,Não Informado,NE,LC,0,0.29773122598704205,0,1,0,0,0,0,0,0,0,1,0,0,1,0,0,0,1,1,0,0,0,0,0,0,0,0.0
Dendropsophus bromeliaceus,Não Informado,NE,LC,0,0.29773122598704205,0,1,0,0,0,0,0,0,0,1,0,0,1,0,0,0,1,1,0,0,0,0,0,0,0,0.0
Telebasis erythrina,Libélula,NE,LC,0,0.29773122598704205,0,1,0,0,0,0,0,0,0,1,0,0,1,0,0,0,1,1,0,0,0,0,0,0,0,0.0
Ischnocnema feioi,Rãzinha-do-folhiço,NE,LC,0,0.29773122598704205,0,1,0,0,0,0,0,0,0,1,0,0,1,0,0,0,1,1,0,0,0,0,0,0,0,0.0
Progomphus microcephalus,Libélula,NE,DD,0,0.29773122598704205,0,1,0,0,0,0,0,0,0,1,0,0,1,0,0,0,1,1,0,0,0,0,0,0,0,0.0
Proceratophrys moratoi,Sapo-da-terra,NE,LC,0,0.2968499328636797,0,1,1,0,0,0,0,0,0,1,0,1,1,0,0,1,1,1,0,0,0,1,0,0,0,0.0
Aegla georginae,Egla,NE,EN,0,0.2951163499130267,0,1,0,0,1,0,0,0,0,0,1,0,1,0,0,1,1,0,1,0,0,0,0,0,0,0.0
Pseudopaludicola hyleaustralis,Não Informado,NE,LC,0,0.29379372403252657,1,0,0,0,0,0,0,0,0,0,0,1,1,0,0,1,1,1,0,1,0,0,0,0,0,0.0
Hylodes caete,Não Informado,NE,LC,0,0.29256144912592486,0,1,0,0,0,0,0,0,0,1,0,0,1,0,0,1,1,0,0,0,1,0,0,0,0,0.0
Proceratophrys gladius,Sapo-de-chifre-gladiador,NE,DD,0,0.29256144912592486,0,1,0,0,0,0,0,0,0,1,0,0,1,0,0,1,1,0,0,0,1,0,0,0,0,0.0
Elachistocleis corumbaensis,Não Informado,NE,DD,0,0.28743497656860656,0,0,0,0,0,1,0,0,0,0,0,1,1,0,0,1,1,1,1,0,0,1,0,0,0,0.0
Tetilla quirimure,Esponja,NE,DD,0,0.2850565001719143,0,0,0,0,0,0,1,0,1,0,0,0,1,0,0,1,1,0,0,0,0,0,0,0,0,0.0
Proceratophrys rotundipalpebra,Sapo-verruga-de-pálpebra-arredondada,NE,LC,0,0.2825342048785226,0,0,1,0,0,0,0,0,0,0,0,1,1,0,0,1,1,1,1,0,0,1,0,0,0,0.0
Ischnocnema penaxavantinho,Rãzinha-penaxavantinho,NE,LC,0,0.2811191067179073,0,0,1,0,0,0,0,0,0,1,0,1,1,0,0,1,1,1,0,0,0,1,0,0,0,0.0
Cycloramphus granulosus,Rã-achatada-de-cachoeira,NE,DD,0,0.28057306238134455,0,1,0,0,0,0,0,0,0,1,0,0,1,0,0,1,0,1,1,1,0,0,0,1,1,0.0
Bahius bilineatus,Não Informado,NE,LC,0,0.27570043163855773,0,1,0,1,0,0,0,0,1,0,0,0,1,0,0,0,1,1,0,0,0,0,0,0,0,0.0
Phyllodytes acuminatus,Não Informado,NE,LC,0,0.27570043163855773,0,1,0,1,0,0,0,0,1,0,0,0,1,0,0,0,1,1,0,0,0,0,0,0,0,0.0
Telebasis pataxo,Libélula,NE,DD,0,0.2752656705571222,0,1,0,0,0,0,0,0,1,0,0,0,1,0,0,1,1,0,0,0,0,0,0,0,0,0.0
Scinax littoralis,Não Informado,NE,LC,0,0.2746239878978216,0,1,0,0,0,0,0,0,0,1,1,0,1,0,0,1,1,0,0,0,0,0,0,0,0,0.0
Phasmahyla jandaia,Não Informado,NE,LC,0,0.2746015730648917,0,1,1,0,0,0,0,0,0,1,0,0,1,0,0,0,1,1,0,0,0,0,0,0,0,0.0
Hylodes fredi,Não Informado,NE,LC,0,0.274225987688225,0,1,0,0,0,0,0,0,0,1,0,0,1,0,0,1,0,1,0,1,0,0,0,1,0,0.0
Oxyagrion sulinum,Libélula,NE,LC,0,0.27363083364920354,0,1,0,0,1,0,0,0,1,1,1,0,1,0,0,1,1,0,1,0,0,0,0,0,0,0.0
Bokermannohyla hylax,Perereca,NE,LC,0,0.2735866458333864,0,1,1,1,0,0,0,0,1,1,1,0,1,0,0,1,1,0,0,0,0,0,0,0,0,0.0
Boana ericae,Perereca-Erica,NE,LC,0,0.2721476129014637,0,0,1,0,0,0,0,0,0,0,0,1,1,0,0,1,1,1,0,0,0,1,0,0,0,0.0
Pseudopaludicola ibisoroca,Rãzinha-da-voçoroca,NE,NT,0,0.26750194671717664,0,0,1,0,0,0,0,0,0,0,0,1,1,0,0,1,1,1,0,0,0,1,0,1,0,0.0
Miroculis yulieae,Efemérida,NE,NT,0,0.26750194671717664,0,0,1,0,0,0,0,0,0,0,0,1,1,0,0,1,1,1,0,0,0,1,0,1,0,0.0
Crossodactylus caramaschii,Rãzinha-de-riacho,NE,LC,0,0.2669702040466422,0,1,1,0,0,0,0,0,0,1,1,0,1,0,0,1,0,1,0,1,0,0,0,0,0,0.0
Scythrophrys sawayae,Rãzinha-do-folhiço,NE,LC,0,0.26652315508151614,0,1,0,0,0,0,0,0,0,0,1,0,1,0,0,1,1,0,0,0,0,0,0,0,0,0.0
Oscaecilia hypereumeces,Não Informado,NE,DD,0,0.26652315508151614,0,1,0,0,0,0,0,0,0,0,1,0,1,0,0,1,1,0,0,0,0,0,0,0,0,0.0
Boana marginata,Perereca-verde,NE,LC,0,0.26652315508151614,0,1,0,0,0,0,0,0,0,0,1,0,1,0,0,1,1,0,0,0,0,0,0,0,0,0.0
Aegla okora,Egla,NE,EN,0,0.26652315508151614,0,1,0,0,0,0,0,0,0,0,1,0,1,0,0,1,1,0,0,0,0,0,0,0,0,0.0
Mussismilia braziliensis,Não Informado,VU,VU,0,0.2657652342143068,0,0,0,0,0,0,1,0,1,1,0,0,1,0,0,1,0,1,1,1,1,0,1,1,1,1.0
Copelatus cessaima,Não Informado,EN,EN,0,0.264706614821869,1,0,0,0,0,0,0,1,0,0,0,0,1,0,0,1,1,1,0,0,0,1,0,0,1,2.0
Brachycephalus pombali,Pingo-de-ouro,NE,LC,0,0.2644958939024992,0,1,0,0,0,0,0,0,0,0,1,0,1,0,0,1,1,0,0,0,0,0,0,0,1,0.0
Scinax ariadne,Serra da Bocaina Snouted Treefrog,NE,LC,0,0.26150583731147514,0,1,0,0,0,0,0,0,0,1,0,0,1,0,0,1,0,0,1,0,0,0,0,0,0,0.0
Aegla camargoi,Egla,EN,EN,0,0.25962560286291914,0,1,0,0,0,0,0,0,0,0,1,0,1,0,0,0,1,1,1,0,0,0,0,0,0,2.0
Epipleoneura susanae,Libélula,NE,DD,0,0.2580105010431523,1,0,0,0,0,0,0,0,0,0,0,1,1,0,0,1,1,1,1,1,0,0,0,0,0,0.0
Scinax perpusillus,"Bandeirantes Snouted Treefrog, Pererequinha-de-bromélia",NE,LC,0,0.2578970000028202,0,1,0,0,0,0,0,0,0,1,0,0,1,0,0,0,1,0,1,1,0,0,0,0,0,0.0
Gynothemis aurea,"lava-bunda, lavadeira, Libélula",NE,DD,0,0.2572778121668896,0,1,1,0,0,0,0,0,0,1,0,1,1,0,0,1,1,1,1,0,0,0,0,0,0,0.0
Tetilla muricyi,Não Informado,NE,DD,0,0.2559427337016432,0,0,0,0,0,0,1,0,1,0,0,0,1,0,0,0,1,1,0,0,0,0,0,0,0,0.0
Amarilladesma mactroides,Não Informado,NE,DD,0,0.2538926783849092,0,0,0,0,0,0,1,0,0,0,1,0,0,0,1,1,1,1,1,1,0,1,0,1,1,0.0
Adenomera martinezi,Não Informado,NE,NT,0,0.2530420700976447,1,0,0,0,0,0,0,1,0,0,0,0,1,0,0,1,1,1,0,0,1,1,0,0,0,0.0
Baetodes santatereza,Efemérida,NE,LC,0,0.2529318320363621,0,1,1,0,0,0,0,0,1,1,0,1,1,0,0,1,1,1,1,0,0,1,0,1,0,0.0
Plexaurella regia,Não Informado,NE,NT,0,0.2525887250785031,0,0,0,0,0,0,1,0,1,0,0,0,1,0,1,1,0,0,0,1,0,0,0,0,0,0.0
Peristicta gauchae,Libélula,NE,LC,0,0.2502971649493293,0,1,0,0,0,0,0,0,0,0,1,0,1,0,0,0,1,1,1,0,0,0,0,0,0,0.0
Eurythoe complanata,Não Informado,NE,LC,0,0.24924349702340645,0,0,0,0,0,0,1,0,1,1,0,0,0,0,0,1,1,1,1,1,0,0,0,1,0,0.0
Aegla manuinflata,Egla,EN,EN,0,0.24796960115652547,0,1,0,0,1,0,0,0,0,0,1,0,1,0,0,0,1,1,1,0,0,0,0,0,0,2.0
Olivancillaria vesica,Não Informado,NE,NT,0,0.24513504458224006,0,0,0,0,0,0,1,0,0,1,1,0,1,0,1,1,1,1,0,0,1,1,0,1,0,0.0
Bouchardia rosea,braquiópode,EN,DD,0,0.24401946660523607,0,0,0,0,0,0,1,0,1,1,1,0,1,0,1,0,1,1,0,0,0,1,0,1,0,2.0
Proceratophrys salvatori,Não Informado,NE,LC,0,0.24370327088103133,0,0,1,0,0,0,0,0,0,0,0,1,1,0,1,1,1,1,0,0,0,1,0,0,0,0.0
Phyllogorgia dilatata,"orelha-de-elefante, palma",NE,NT,0,0.24250420077016271,0,0,0,0,0,0,1,0,1,1,0,0,1,0,1,1,0,0,0,1,0,0,1,1,1,0.0
Melanophryniscus setiba,Sapinho-da-restinga,VU,VU,0,0.23907245676191327,0,1,0,0,0,0,0,0,0,1,0,0,1,0,0,1,0,0,0,0,0,1,0,0,0,1.0
Aegla ligulata,Egla,NE,LC,0,0.238084264166738,0,1,0,0,0,0,0,0,0,0,1,0,1,0,0,0,1,1,0,0,0,0,0,0,0,0.0
Ulmeritoides patagiatus,Efemérida,NE,DD,0,0.238084264166738,0,1,0,0,0,0,0,0,0,0,1,0,1,0,0,0,1,1,0,0,0,0,0,0,0,0.0
Lachlania boanovae,Efemérida,NE,DD,0,0.23805170423476904,0,1,0,0,0,0,0,0,0,1,0,0,1,0,0,1,0,1,0,0,0,1,0,1,0,0.0
Navicordulia amazonica,Libélula,NE,DD,0,0.2379021260387276,1,0,0,0,0,0,0,0,0,0,0,1,1,0,0,1,1,1,1,0,0,1,0,0,0,0.0
Brachycephalus coloratus,Não Informado,NE,DD,0,0.23588189166238763,0,1,0,0,0,0,0,0,0,0,1,0,1,0,0,1,0,0,1,0,0,0,0,0,1,0.0
Cyanocyclas guahybensis,Não Informado,NE,EN,0,0.234654756886907,0,0,0,0,1,0,0,0,0,0,1,0,0,0,0,1,1,1,1,0,0,1,1,1,0,0.0
Angelagrion nathaliae,"agulhinha, donzelinha, lava-bunda, lavadeira, Libélula",NE,DD,0,0.23257724403667912,0,1,1,0,0,0,0,0,0,1,0,0,1,0,0,1,0,0,0,0,0,0,0,0,0,0.0
Remartinia restricta,Libélula,NE,LC,0,0.23257724403667912,0,1,1,0,0,0,0,0,0,1,0,0,1,0,0,1,0,0,0,0,0,0,0,0,0,0.0
Phyllocycla medusa,Libélula,NE,DD,0,0.230590711247048,1,0,0,0,0,0,0,1,0,0,0,0,1,0,0,1,1,1,1,0,1,0,0,0,0,0.0
Holothuria surinamensis,pepino-do-mar,NE,LC,0,0.23050598931519625,0,0,0,0,0,0,1,0,1,1,0,0,0,0,0,1,1,1,0,1,0,1,0,0,0,0.0
Leptodactylus latrans,"Caçote, Paulistinha, Rã-manteiga, Rã mirim",NE,LC,0,0.22858583820913211,0,1,0,1,0,0,0,0,1,1,0,0,1,0,0,1,0,0,0,1,0,1,0,0,0,0.0
Fritziana goeldii,"Goeldi's Frog, Perereca-marsupial",NE,LC,0,0.22852054310106154,0,1,0,0,0,0,0,0,0,1,0,0,1,0,0,0,1,0,0,1,0,0,0,0,0,0.0
Fritziana izecksohni,Não há.,NE,LC,0,0.22852054310106154,0,1,0,0,0,0,0,0,0,1,0,0,1,0,0,0,1,0,0,1,0,0,0,0,0,0.0
Crossodactylodes pintoi,Não Informado,NE,DD,0,0.22852054310106154,0,1,0,0,0,0,0,0,0,1,0,0,1,0,0,0,1,0,0,1,0,0,0,0,0,0.0
Scinax v-signatus,Forest Snouted Treefrog,NE,LC,0,0.22852054310106154,0,1,0,0,0,0,0,0,0,1,0,0,1,0,0,0,1,0,0,1,0,0,0,0,0,0.0
Ischnocnema nasuta,Pointy-nosed Robber Frog,NE,LC,0,0.22852054310106154,0,1,0,0,0,0,0,0,0,1,0,0,1,0,0,0,1,0,0,1,0,0,0,0,0,0.0
Scinax cosenzai,Não Informado,NE,LC,0,0.22852054310106154,0,1,0,0,0,0,0,0,0,1,0,0,1,0,0,0,1,0,0,1,0,0,0,0,0,0.0
Bokermannohyla caramaschii,Perereca-tigrada-do-Caramaschi,NE,LC,0,0.22852054310106154,0,1,0,0,0,0,0,0,0,1,0,0,1,0,0,0,1,0,0,1,0,0,0,0,0,0.0
Dendrophryniscus carvalhoi,Carvalho's Tree Toad,NE,LC,0,0.22852054310106154,0,1,0,0,0,0,0,0,0,1,0,0,1,0,0,0,1,0,0,1,0,0,0,0,0,0.0
Fritziana fissilis,"Perereca-marsupial, Split-backed Frog",NE,LC,0,0.22852054310106154,0,1,0,0,0,0,0,0,0,1,0,0,1,0,0,0,1,0,0,1,0,0,0,0,0,0.0
Physalaemus rupestris,Não Informado,NE,NT,0,0.22820202584642468,0,1,0,0,0,0,0,0,0,1,0,0,1,0,1,1,0,0,0,0,0,1,0,0,0,0.0
Boana bischoffi,Perereca,NE,LC,0,0.2253868658918374,0,1,1,0,1,0,0,0,0,1,1,0,1,0,0,0,1,1,0,0,0,0,0,0,0,0.0
Gynacantha adela,"lava-bunda, lavadeira, Libélula",NE,LC,0,0.22231616470464588,0,1,1,0,0,0,0,0,0,1,0,0,0,0,0,1,1,0,1,0,0,0,0,0,0,0.0
Sipunculus polymyotus,Não Informado,NE,DD,0,0.22216603268229032,0,0,0,0,0,0,1,0,1,1,0,0,0,0,0,1,1,1,0,1,1,0,0,1,0,0.0
Mussismilia harttii,Não Informado,EN,EN,0,0.22103175147394077,0,0,0,0,0,0,1,0,1,1,0,0,1,0,0,1,0,0,1,1,1,0,0,1,1,2.0
Hylodes charadranaetes,Rã-de-corredeira,NE,LC,0,0.21977377991233357,0,1,0,0,0,0,0,0,0,1,0,0,1,0,0,1,0,0,0,0,0,0,0,0,0,0.0
Melanophryniscus peritus,Não Informado,NE,DD,0,0.21977377991233357,0,1,0,0,0,0,0,0,0,1,0,0,1,0,0,1,0,0,0,0,0,0,0,0,0,0.0
Bokermannohyla luctuosa,Perereca-de-mata,NE,LC,0,0.21977377991233357,0,1,0,0,0,0,0,0,0,1,0,0,1,0,0,1,0,0,0,0,0,0,0,0,0,0.0
Dendropsophus limai,Pererequinha-de-Lima,NE,DD,0,0.21977377991233357,0,1,0,0,0,0,0,0,0,1,0,0,1,0,0,1,0,0,0,0,0,0,0,0,0,0.0
Heteragrion muryense,"agulhinha, donzelinha, lava-bunda, lavadeira, Libélula",NE,DD,0,0.21977377991233357,0,1,0,0,0,0,0,0,0,1,0,0,1,0,0,1,0,0,0,0,0,0,0,0,0,0.0
Holoaden luederwaldti,Rãzinha-verrugosa-da-serra-de-Luederwaldt,NE,NT,0,0.21977377991233357,0,1,0,0,0,0,0,0,0,1,0,0,1,0,0,1,0,0,0,0,0,0,0,0,0,0.0
Hylodes pipilans,Rã-de-corredeira,NE,LC,0,0.21977377991233357,0,1,0,0,0,0,0,0,0,1,0,0,1,0,0,1,0,0,0,0,0,0,0,0,0,0.0
Platynectes undecimguttatus,Besouro mergulhador,NE,LC,0,0.21977377991233357,0,1,0,0,0,0,0,0,0,1,0,0,1,0,0,1,0,0,0,0,0,0,0,0,0,0.0
Physalaemus atlanticus,Rãzinha-do-folhiço,NE,LC,0,0.21977377991233357,0,1,0,0,0,0,0,0,0,1,0,0,1,0,0,1,0,0,0,0,0,0,0,0,0,0.0
Brasiliogomphus uniseries,"lava-bunda, lavadeira, Libélula",NE,DD,0,0.21977377991233357,0,1,0,0,0,0,0,0,0,1,0,0,1,0,0,1,0,0,0,0,0,0,0,0,0,0.0
Phyllodytes megatympanum,Não Informado,NE,LC,0,0.21777319517159513,0,1,0,0,0,0,0,0,1,0,0,0,1,0,0,0,1,0,0,1,0,0,0,0,0,0.0
Mussismilia leptophylla,Não Informado,NE,DD,0,0.2157378023454276,0,0,0,0,0,0,1,0,1,1,0,0,1,0,0,1,0,0,1,1,0,0,0,1,1,0.0
Madrepora oculata,Não Informado,NE,LC,0,0.21181037279380682,0,0,0,0,0,0,1,0,1,1,1,0,0,0,0,1,1,1,1,1,0,0,0,0,1,0.0
Peristicta muzoni,Libélula,NE,LC,0,0.20920763049575142,0,0,1,0,0,0,0,0,0,0,0,1,1,0,0,0,1,1,1,0,0,0,0,0,0,0.0
Forcepsioneura garrisoni,"Agulhinha, Donzelinha, Lava-bunda, Lavadeira, Libélula",NE,NT,0,0.20853238046034975,0,1,0,0,0,0,0,0,0,1,1,0,1,0,0,1,0,0,0,0,0,0,0,0,0,0.0
Hylodes heyeri,Rã-de-corredeira,NE,LC,0,0.20853238046034975,0,1,0,0,0,0,0,0,0,1,1,0,1,0,0,1,0,0,0,0,0,0,0,0,0,0.0
Aegla lancinhas,Egla,NE,LC,0,0.20826055166865212,0,1,0,0,0,0,0,0,0,0,1,0,1,0,0,1,0,0,1,0,1,0,0,1,0,0.0
Lauromacromia bedei,"lava-bunda, lavadeira, Libélula",NE,DD,0,0.20801290109577142,0,0,1,0,0,0,0,0,0,1,0,0,1,0,0,1,0,0,0,0,0,0,0,0,0,0.0
Tuberculobasis guarani,Libélula,NE,DD,0,0.20801290109577142,0,0,1,0,0,0,0,0,0,1,0,0,1,0,0,1,0,0,0,0,0,0,0,0,0,0.0
Scinax constrictus,Não Informado,NE,LC,0,0.20719235951221002,0,1,1,0,0,1,0,1,0,1,0,1,1,0,0,1,1,0,0,0,0,0,0,0,0,0.0
Vitreorana parvula,Perereca-de-vidro,NE,LC,0,0.20714703470049092,0,1,1,0,1,0,0,0,1,1,1,0,0,0,0,1,1,1,1,1,0,0,0,0,0,0.0
Acrorbis petricola,Não Informado,NE,DD,0,0.20593102846984826,0,1,0,0,0,0,0,0,0,0,1,0,0,0,0,1,1,1,1,0,0,1,0,0,0,0.0
Proceratophrys avelinoi,Não Informado,NE,LC,0,0.20577504658326964,0,1,0,0,0,0,0,0,0,0,1,0,0,0,0,1,1,1,1,1,0,0,0,1,0,0.0
Boana curupi,"Perereca, Perereca-curupi",NE,LC,0,0.20482835445704478,0,1,0,0,0,0,0,0,0,0,1,0,0,0,0,1,1,1,1,0,0,0,1,0,1,0.0
Scinax skaios,Não Informado,NE,LC,0,0.20312543016455356,0,0,1,0,0,0,0,0,0,0,0,1,1,0,0,0,1,1,0,0,0,0,0,0,0,0.0
Mycetopoda legumen,"Faquinha-arredondada, Marisco-de-água-doce",EN,EN,0,0.20221470060778976,0,1,0,0,1,0,0,0,0,0,1,0,0,0,1,1,1,0,0,0,1,1,1,1,0,2.0
Latrunculia janeirensis,Esponja,VU,LC,0,0.20220255626748285,0,0,0,0,0,0,1,0,0,1,0,0,1,0,0,1,0,0,1,0,0,0,1,1,0,1.0
Ischnocnema melanopygia,Rãzinha-do-folhiço,NE,LC,0,0.20195294000548328,0,1,0,0,0,0,0,0,0,1,0,0,1,0,0,1,0,1,0,0,1,0,0,0,1,0.0
Fritziana ohausi,"Perereca-marsupial, Petropolis Treefrog",NE,LC,0,0.20151193438159665,0,1,0,0,0,0,0,0,0,1,0,0,1,0,0,0,1,0,0,0,0,0,0,1,0,0.0
Lauromacromia flaviae,"lava-bunda, lavadeira, Libélula",NE,DD,0,0.20139038416424737,0,0,1,0,0,0,0,0,0,1,0,0,1,0,0,1,0,0,0,0,0,0,0,0,1,0.0
Aegla jundiai,Egla,NE,LC,0,0.20059691833195525,0,1,0,0,0,0,0,0,0,1,0,0,1,0,0,1,0,1,1,0,0,0,0,1,0,0.0
Proceratophrys strussmannae,Sapo-de-chifre-da-Strussmann,NE,NT,0,0.2001473621701168,1,0,1,0,0,0,0,0,0,0,0,1,1,0,0,1,1,1,1,0,0,0,0,0,0,0.0
Cycloramphus cedrensis,Rã-da-cachoeira,NE,DD,0,0.19967101089801514,0,1,0,0,0,0,0,0,0,0,1,0,1,0,0,1,0,1,0,0,0,1,0,0,0,0.0
Canthocamptus campaneri,copépode,NE,DD,0,0.19907940740441993,0,0,1,0,0,0,0,0,0,0,0,1,1,0,0,0,1,1,0,0,1,0,0,0,0,0.0
Parastacus tuerkayi,Não Informado,NE,EN,0,0.19801517492236267,0,1,0,0,0,0,0,0,0,0,1,0,1,0,0,1,0,0,0,0,1,0,0,0,0,0.0
Telebasis simulacrum,Libélula,NE,LC,0,0.19699194648124174,0,0,1,0,0,0,0,0,0,0,0,1,0,0,0,1,1,0,1,0,0,0,0,0,0,0.0
Epipleoneura angeloi,"agulhinha, donzelinha, lava-bunda, lavadeira, Libélula",NE,LC,0,0.19444897229020616,0,0,1,0,0,0,0,1,0,0,0,1,1,0,0,1,1,1,1,0,0,0,0,0,0,0.0
Ischnocnema nanahallux,Não Informado,NE,LC,0,0.1939438660295126,0,1,0,0,0,0,0,0,0,1,0,0,1,0,0,1,0,0,0,0,0,0,0,0,1,0.0
Leptodactylus marambaiae,Marambaia White-lipped Frog,NE,LC,0,0.1939438660295126,0,1,0,0,0,0,0,0,0,1,0,0,1,0,0,1,0,0,0,0,0,0,0,0,1,0.0
Navicordulia kiautai,Libélula,NE,DD,0,0.1939438660295126,0,1,0,0,0,0,0,0,0,1,0,0,1,0,0,1,0,0,0,0,0,0,0,0,1,0.0
Corvomeyenia epilithosa,Esponja,VU,DD,0,0.1933400431733674,0,1,0,0,0,0,0,0,0,0,1,0,1,0,0,1,0,1,0,0,0,0,0,0,0,1.0
Parastacus varicosus,Lagostim,NE,LC,0,0.19212061830984575,0,1,0,0,1,0,0,0,0,0,1,0,0,0,0,1,1,1,1,0,0,1,0,1,0,0.0
Leptodactylus camaquara,Não Informado,NE,LC,0,0.19204391357940456,0,1,1,0,0,0,0,0,0,1,0,0,1,0,0,1,0,0,0,0,1,0,0,0,0,0.0
Phyllocycla signata,Libélula,NE,LC,0,0.1913421041125194,0,1,0,0,0,0,0,0,0,1,0,0,0,0,0,1,1,0,1,0,0,0,0,0,0,0.0
Diplodon caipira,Marisco de água doce,NE,DD,0,0.1911989284889206,0,1,1,0,0,0,0,0,0,1,0,0,1,0,0,1,0,1,0,0,0,0,1,0,0,0.0
Heteragrion dorsale,Libélula,NE,DD,0,0.19014503773117927,0,1,1,0,0,0,0,0,0,1,0,1,1,0,0,1,0,0,0,0,0,0,0,0,0,0.0
Thraulodes daidaleus,"efemérida, siriruia",NE,DD,0,0.1900983960876235,0,1,0,0,0,0,0,0,0,0,1,0,0,0,0,1,1,1,1,0,0,1,0,1,0,0.0
Bolitoglossa paraensis,"Salamandra, Salamandra-do-Pará",NE,LC,0,0.19002135589868052,1,0,0,0,0,0,0,1,0,0,0,0,1,0,0,1,1,1,1,1,0,0,0,0,0,0.0
Proceratophrys rondonae,Sapo-de-chifre-de-Rondônia,NE,DD,0,0.19002135589868052,1,0,0,0,0,0,0,1,0,0,0,0,1,0,0,1,1,1,1,1,0,0,0,0,0,0.0
Neuraeschna maxima,Libélula,NE,DD,0,0.19002135589868052,1,0,0,0,0,0,0,1,0,0,0,0,1,0,0,1,1,1,1,1,0,0,0,0,0,0.0
Neuraeschna mina,Libélula,NE,DD,0,0.19002135589868052,1,0,0,0,0,0,0,1,0,0,0,0,1,0,0,1,1,1,1,1,0,0,0,0,0,0.0
Denticulobasis ariken,"agulhinha, donzelinha, lava-bunda, lavadeira, Libélula",NE,LC,0,0.19002135589868052,1,0,0,0,0,0,0,1,0,0,0,0,1,0,0,1,1,1,1,1,0,0,0,0,0,0.0
Phyllogomphoides praedatrix,Libélula,NE,DD,0,0.19002135589868052,1,0,0,0,0,0,0,1,0,0,0,0,1,0,0,1,1,1,1,1,0,0,0,0,0,0.0
Allobates bacurau,Não Informado,NE,DD,0,0.19002135589868052,1,0,0,0,0,0,0,1,0,0,0,0,1,0,0,1,1,1,1,1,0,0,0,0,0,0.0
Bolitoglossa caldwellae,Salamandra,NE,LC,0,0.19002135589868052,1,0,0,0,0,0,0,1,0,0,0,0,1,0,0,1,1,1,1,1,0,0,0,0,0,0.0
Phoenicagrion ibseni,Libélula,NE,DD,0,0.19002135589868052,1,0,0,0,0,0,0,1,0,0,0,0,1,0,0,1,1,1,1,1,0,0,0,0,0,0.0
Thraulodes ulmeri,"efemérida, siriruia",NE,DD,0,0.1899651587053368,0,1,0,0,0,0,0,0,0,0,1,0,1,0,0,1,0,0,0,0,0,0,0,1,0,0.0
Sipunculus nudus,Não Informado,NE,DD,0,0.18813064299435417,0,0,0,0,0,0,1,0,1,1,1,0,0,0,0,1,1,1,0,1,0,0,0,1,0,0.0
Nehalennia minuta,Libélula,NE,LC,0,0.18566636414089344,0,1,1,0,0,0,0,0,1,1,0,0,0,0,0,1,1,0,1,0,0,0,0,0,0,0.0
Phyllomedusa iheringii,Perereca-das-folhagens,NE,LC,0,0.18561739431153843,0,1,0,0,1,0,0,0,0,0,1,0,0,0,0,1,1,1,1,1,0,0,0,0,0,0.0
Haasica balzani,"Marisco-de-água-doce, Marisco-pintado-do-Paraguai",NE,VU,0,0.1852169020950786,0,0,1,0,0,0,0,0,0,0,0,1,0,0,1,1,1,1,1,0,0,1,1,0,0,0.0
Telebasis paraensei,Libélula,NE,LC,0,0.18320857756787776,1,1,0,0,0,0,0,1,0,1,0,0,1,0,0,1,1,0,1,0,0,0,0,0,0,0.0
Cycloramphus valae,Rã-achatada-de-cachoeira,NE,DD,0,0.18290087741030212,0,1,0,0,0,0,0,0,0,0,1,0,1,0,0,1,0,1,1,0,1,0,0,1,0,0.0
Phantasmarana lutzae,Não Informado,NE,LC,0,0.18074530916531031,0,1,0,0,0,0,0,0,0,1,0,0,1,0,0,1,0,0,0,0,1,0,0,0,0,0.0
Scinax duartei,Perereca,NE,LC,0,0.18074530916531031,0,1,0,0,0,0,0,0,0,1,0,0,1,0,0,1,0,0,0,0,1,0,0,0,0,0.0
Aegla strinatii,Egla,NE,LC,0,0.18074530916531031,0,1,0,0,0,0,0,0,0,1,0,0,1,0,0,1,0,0,0,0,1,0,0,0,0,0.0
Bokermannohyla ibitipoca,Não Informado,NE,LC,0,0.18074530916531031,0,1,0,0,0,0,0,0,0,1,0,0,1,0,0,1,0,0,0,0,1,0,0,0,0,0.0
Phrynomedusa bokermanni,Perequinha-verde-de-riacho-de-Bokermann,NE,DD,0,0.18074530916531031,0,1,0,0,0,0,0,0,0,1,0,0,1,0,0,1,0,0,0,0,1,0,0,0,0,0.0
Aplastodiscus musicus,Não Informado,NE,DD,0,0.18074530916531031,0,1,0,0,0,0,0,0,0,1,0,0,1,0,0,1,0,0,0,0,1,0,0,0,0,0.0
Parastacus defossus,Lagostim,NE,DD,0,0.17875956873935,0,0,0,0,1,0,0,0,0,0,1,0,0,0,0,1,1,1,1,0,0,1,0,1,0,0.0
Homeoura lindneri,"agulhinha, donzelinha, lava-bunda, lavadeira, Libélula",VU,LC,0,0.17823649407887693,0,1,1,0,0,0,0,0,0,1,0,1,0,0,0,1,1,0,1,0,0,0,0,0,0,1.0
Brachycephalus ferruginus,Sapinho-ferrugem,NE,LC,0,0.17819454454327302,0,1,0,0,0,0,0,0,0,0,1,0,1,0,0,1,0,0,0,0,0,0,0,0,1,0.0
Argia cyathigera,Libélula,NE,DD,0,0.17752312216973767,0,1,0,0,0,0,0,0,0,0,1,0,1,0,0,1,0,0,0,0,0,0,0,0,0,0.0
Cycloramphus catarinensis,Rã-da-cachoeira,NE,DD,0,0.17752312216973767,0,1,0,0,0,0,0,0,0,0,1,0,1,0,0,1,0,0,0,0,0,0,0,0,0,0.0
Mussismilia hispida,Não Informado,NE,LC,0,0.1773515568643428,0,0,0,0,0,0,1,1,1,1,0,0,1,0,0,1,0,0,1,1,0,0,1,1,1,0.0
Chthonerpeton noctinectes,Cecília-d'água-baiana,NE,LC,0,0.17703479660009427,0,1,0,0,0,0,0,0,1,0,0,0,1,0,0,1,0,1,0,0,0,0,0,1,0,0.0
Diplodon greeffeanus,Marisco-de-água-doce,NE,DD,0,0.17700188933860977,0,1,0,0,0,0,0,0,0,1,1,0,1,0,0,1,0,1,0,0,0,0,1,0,0,0.0
Brachycephalus auroguttatus,Não Informado,NE,LC,0,0.17688157653636014,0,1,0,0,0,0,0,0,0,0,1,0,1,0,0,1,0,0,0,0,0,1,1,0,1,0.0
Muricea flamma,Gorgônia-de-fogo,NE,LC,0,0.17646447774977503,0,0,0,0,0,0,1,0,1,1,0,0,1,0,0,1,0,0,0,1,0,0,0,0,0,0.0
Adelphobates galactonotus,Não Informado,NE,LC,0,0.17585803964918323,1,0,1,0,0,0,0,1,1,0,0,1,1,0,0,1,1,1,0,1,0,0,0,0,0,0.0
Anodontites ferrarisii,Abalone-redondo,NE,EN,0,0.1746619427119344,0,1,0,0,1,0,0,0,0,0,1,0,0,0,1,1,1,1,0,0,0,1,1,1,0,0.0
Aphylla scapula,"lava-bunda, lavadeira, Libélula",NE,NT,0,0.17417415959349106,1,0,0,0,0,0,0,1,0,0,0,0,1,0,0,1,1,1,1,0,0,0,0,0,0,0.0
Phyllogomphoides calverti,Libélula,NE,DD,0,0.17417415959349106,1,0,0,0,0,0,0,1,0,0,0,0,1,0,0,1,1,1,1,0,0,0,0,0,0,0.0
Tuberculobasis karitiana,Libélula,NE,DD,0,0.17417415959349106,1,0,0,0,0,0,0,1,0,0,0,0,1,0,0,1,1,1,1,0,0,0,0,0,0,0.0
Neoneura moorei,Libélula,NE,DD,0,0.17417415959349106,1,0,0,0,0,0,0,1,0,0,0,0,1,0,0,1,1,1,1,0,0,0,0,0,0,0.0
Amazophrynella xinguensis,Não Informado,NE,NT,0,0.17417415959349106,1,0,0,0,0,0,0,1,0,0,0,0,1,0,0,1,1,1,1,0,0,0,0,0,0,0.0
Tricorythodes incognitus,efemérida,NE,LC,0,0.17417415959349106,1,0,0,0,0,0,0,1,0,0,0,0,1,0,0,1,1,1,1,0,0,0,0,0,0,0.0
Idiogomphoides emmeli,"lava-bunda, lavadeira, Libélula",NE,DD,0,0.17417415959349106,1,0,0,0,0,0,0,1,0,0,0,0,1,0,0,1,1,1,1,0,0,0,0,0,0,0.0
Tuberculobasis arara,Libélula,NE,LC,0,0.17417415959349106,1,0,0,0,0,0,0,1,0,0,0,0,1,0,0,1,1,1,1,0,0,0,0,0,0,0.0
Hyalinobatrachium muiraquitan,Não Informado,NE,DD,0,0.17417415959349106,1,0,0,0,0,0,0,1,0,0,0,0,1,0,0,1,1,1,1,0,0,0,0,0,0,0.0
Paraleucilla solangeae,Esponja,NE,DD,0,0.17179338106287717,0,0,0,0,0,0,1,0,1,0,0,0,1,0,0,0,1,0,0,0,0,0,0,1,0,0.0
Melanophryniscus sanmartini,Sapinho-da-barriga-vermelha,NE,NT,0,0.17115851554060113,0,0,0,0,1,0,0,0,0,0,1,0,0,0,0,1,1,1,1,0,0,0,0,0,1,0.0
Perilestes minor,Libélula,NE,DD,0,0.17113653186580138,1,0,0,0,0,0,0,1,0,0,0,0,1,0,0,1,1,1,1,0,0,0,0,1,0,0.0
Perissolestes aculeatus,Libélula,NE,LC,0,0.17113653186580138,1,0,0,0,0,0,0,1,0,0,0,0,1,0,0,1,1,1,1,0,0,0,0,1,0,0.0
Aylacostoma tenuilabris,Não Informado,NE,VU,0,0.17110748317383392,0,1,1,0,0,0,0,1,0,1,0,1,1,0,1,1,1,0,0,0,0,1,1,0,0,0.0
Phrynomedusa fimbriata,"Perereca-verde-de-fímbria, Perereca-verde-de-riacho-de-Paranapiacaba, Spiny-knee Leaf Frog",EX,EX,0,0.16889713211534754,0,1,0,0,0,0,0,0,0,1,0,0,1,0,1,0,1,0,0,0,0,0,0,0,0,0.0
Bokermannohyla diamantina,Perereca,NE,LC,0,0.16589922637002702,0,1,1,1,0,0,0,0,1,1,0,0,1,0,0,0,1,0,0,0,0,0,0,0,0,0.0
Dendropsophus anataliasiasi,Não Informado,NE,LC,0,0.16492897487191946,0,0,1,0,0,0,0,1,1,0,0,1,1,0,0,1,1,0,0,0,0,1,0,0,0,0.0
Adenomera cotuba,Não Informado,NE,LC,0,0.16475265369582914,0,0,1,0,0,0,0,1,1,0,0,1,1,0,1,1,1,1,0,0,0,1,0,1,0,0.0
Dendropsophus cerradensis,Não Informado,NE,LC,0,0.16434222749476193,1,1,1,0,0,0,0,0,0,1,0,1,0,0,0,1,1,1,1,1,0,1,0,0,1,0.0
Archaeogomphus vanbrinkae,"lava-bunda, lavadeira, Libélula",NE,DD,0,0.16332579282948728,0,0,1,0,0,0,0,0,0,1,0,1,1,0,0,1,0,0,0,0,0,0,0,0,0,0.0
Chthonerpeton tremembe,"Cecília, Cecília-d'água-do-Piauí, Cobra-cega",NE,DD,0,0.16156405688874823,0,0,1,0,0,0,0,0,1,0,0,0,1,0,0,1,0,0,0,0,0,0,0,1,0,0.0
Diplodon rotundus,Concha-disco,NE,DD,0,0.15946467267817005,0,0,1,0,0,0,0,0,1,1,0,0,1,0,0,1,0,1,0,0,0,0,1,0,0,0.0
Mimosiphonops reinhardti,Cecília,NE,DD,0,0.15943238957253686,0,0,0,0,0,0,0,0,0,0,0,0,1,0,0,0,1,0,0,0,0,0,0,0,0,0.0
Agaricia humilis,Não Informado,NE,DD,0,0.15778406945602141,0,0,0,0,0,0,1,1,1,1,0,0,0,0,0,1,1,1,1,1,1,0,1,1,1,0.0
Cardisoma guanhumi,Não Informado,VU,VU,0,0.15772256344010813,0,1,0,1,0,0,1,0,1,1,1,0,0,0,1,1,1,1,1,0,0,0,0,1,0,1.0
Phantasmarana jordanensis,Não Informado,NE,DD,0,0.15754640532579026,0,1,0,0,0,0,0,0,0,1,0,0,1,0,0,0,1,0,0,0,0,0,0,0,0,0.0
Cycloramphus ohausi,Não Informado,NE,DD,0,0.15754640532579026,0,1,0,0,0,0,0,0,0,1,0,0,1,0,0,0,1,0,0,0,0,0,0,0,0,0.0
Ischnocnema pusilla,Rãzinha-do-folhiço-anã,NE,DD,0,0.15754640532579026,0,1,0,0,0,0,0,0,0,1,0,0,1,0,0,0,1,0,0,0,0,0,0,0,0,0.0
Johngarthia lagostoma,Não Informado,EN,EN,0,0.15684048048934499,0,1,0,0,0,0,1,0,1,1,0,0,0,0,0,1,1,1,0,0,1,0,1,0,0,2.0
Crossodactylus schmidti,Rãzinha-de-riacho,NE,LC,0,0.15605201942473274,0,1,0,0,0,0,0,0,0,0,1,0,0,0,0,1,1,1,1,0,0,0,1,1,0,0.0
Charonia lampas,Não Informado,NE,,0,0.155947068006569,0,0,0,0,0,0,1,0,0,1,0,0,0,0,0,0,1,1,1,1,0,1,0,0,0,0.0
Leptodactylus cunicularius,Não Informado,NE,LC,0,0.15515620388050147,0,1,1,0,0,0,0,0,0,1,0,0,1,0,0,1,0,0,0,0,1,1,0,0,0,0.0
Phyllogomphoides suspectus,"lava-bunda, lavadeira, Libélula",NE,LC,0,0.15481585948461024,1,0,1,0,0,0,0,1,0,0,0,1,1,0,0,1,1,0,1,0,0,0,0,0,0,0.0
Cycloramphus bandeirensis,Rãzinha-de-corredeira,NE,DD,0,0.1534302659771754,0,1,0,0,0,0,0,0,0,1,0,0,1,0,0,1,0,0,0,0,1,1,0,0,0,0.0
Pithecopus megacephalus,Não Informado,NE,LC,0,0.1534222783626465,0,1,1,1,0,0,0,0,1,1,0,0,1,0,0,1,0,0,0,0,1,0,0,0,0,0.0
Leila blainvilliana,Marisco-de-água-doce,NE,CR,1,0.15226858730675757,0,0,0,0,1,0,0,0,0,0,1,0,0,0,1,1,1,1,0,0,0,1,1,1,0,0.0
Mycale purpurata,Esponja,NE,DD,0,0.1519384740760673,0,0,0,0,0,0,1,0,0,1,0,0,1,0,0,1,0,1,1,0,0,0,0,0,0,0.0
Ralpharia sanctisebastiani,Não Informado,NE,LC,0,0.1519384740760673,0,0,0,0,0,0,1,0,0,1,0,0,1,0,0,1,0,1,1,0,0,0,0,0,0,0.0
Acanthotetilla walteri,Esponja,NE,LC,0,0.15153105997833052,0,0,0,0,0,0,1,0,1,0,0,0,1,0,0,0,1,0,0,0,1,0,0,1,0,0.0
Callibaetis itannae,Efemérida,NE,DD,0,0.15092504323553263,1,0,0,0,0,0,0,1,0,0,0,0,1,0,0,0,1,1,1,0,0,1,0,1,0,0.0
Agaricia agaricites,Não Informado,NE,DD,0,0.1506236330168303,0,0,0,0,0,0,1,1,1,1,0,0,0,0,0,1,1,1,1,1,0,0,1,1,1,0.0
Agaricia fragilis,Não Informado,NE,LC,0,0.1506236330168303,0,0,0,0,0,0,1,1,1,1,0,0,0,0,0,1,1,1,1,1,0,0,1,1,1,0.0
Echinaster echinophorus,estrela-do-mar,NE,LC,0,0.1503369502253361,0,0,0,0,0,0,1,0,1,1,1,0,0,0,0,1,1,1,1,1,1,1,0,1,0,0.0
Olivancillaria auricularia,Não Informado,NE,LC,0,0.14877537898758797,0,0,0,0,0,0,1,0,0,0,1,0,0,0,1,1,1,1,0,0,1,1,0,1,0,0.0
Allobates tinae,Rã-cuidadora,NE,LC,0,0.14568705956512779,1,0,0,0,0,0,0,1,0,0,0,0,1,0,0,1,1,1,0,0,0,0,0,0,0,0.0
Neuraeschna tapajonica,Libélula,NE,DD,0,0.14568705956512779,1,0,0,0,0,0,0,1,0,0,0,0,1,0,0,1,1,1,0,0,0,0,0,0,0,0.0
Adelomelon ancilla,Não Informado,NE,,0,0.1440718260646122,0,0,0,0,0,0,1,0,0,0,1,0,0,0,0,1,1,1,1,1,1,0,0,0,0,0.0
Melanophryniscus montevidensis,Sapinho-mão-vermelha-de-Montevidéu,VU,VU,0,0.14387112442856523,0,0,0,0,1,0,0,0,0,0,1,0,0,0,0,1,1,1,0,0,0,0,0,1,1,1.0
Atretochoana eiselti,Cecília,NE,LC,0,0.14336035013075515,1,0,0,0,0,0,0,1,0,0,0,0,1,0,0,1,0,1,0,0,1,0,0,1,0,0.0
Proceratophrys cururu,Sapo-de-chifres,NE,LC,0,0.1420365349622766,0,0,1,0,0,0,0,0,0,1,0,0,1,0,0,1,0,0,0,0,1,1,0,0,0,0.0
Dendrophryniscus skuki,Não Informado,NE,DD,0,0.14098260060161094,0,1,0,0,0,0,0,0,1,0,0,0,1,0,0,1,0,0,0,0,0,0,0,0,0,0.0
Garrisonia aurindae,"lava-bunda, lavadeira, Libélula",NE,DD,0,0.14098260060161094,0,1,0,0,0,0,0,0,1,0,0,0,1,0,0,1,0,0,0,0,0,0,0,0,0,0.0
Odontocymbiola simulatrix,Não Informado,NE,LC,0,0.14013720140885713,0,0,0,0,0,0,1,0,0,1,1,0,1,0,1,0,1,0,1,1,1,1,0,0,0,0.0
Macrothemis lauriana,"lava-bunda, lavadeira, Libélula",NE,DD,0,0.1390199198421835,0,0,1,0,0,0,0,0,0,0,0,1,0,0,0,1,1,1,1,0,0,0,0,0,0,0.0
Micrathyria occipita,"lava-bunda, lavadeira, Libélula",NE,LC,0,0.1390199198421835,0,0,1,0,0,0,0,0,0,0,0,1,0,0,0,1,1,1,1,0,0,0,0,0,0,0.0
Scinax faivovichi,"Perereca, Perereca-da-ilha-dos-porcos",VU,VU,0,0.13806858359404287,0,0,0,0,0,0,1,0,0,1,0,0,1,0,0,1,0,0,0,0,0,1,0,0,1,1.0
Chthonerpeton perissodus,"Cecília, Cecília-d'água-mineira, Cobra-cega",NE,DD,0,0.13336061459973197,0,0,1,0,0,0,0,0,0,1,0,0,1,0,0,0,0,1,0,1,0,1,0,0,0,0.0
Allobates nidicola,Rãzinha-enfermeira-de-garganta-preta,NE,LC,0,0.133331980360103,1,0,0,0,0,0,0,1,0,0,0,0,1,0,0,1,0,1,0,1,0,0,0,0,0,0.0
Parathyone surinamensis,Não Informado,NE,VU,0,0.132355089971628,0,0,0,0,0,0,1,0,0,1,0,0,0,0,0,1,1,0,0,0,0,0,0,1,0,0.0
Leucandra serrata,Esponja,NE,LC,0,0.13197114511553376,0,0,0,0,0,0,1,0,1,1,0,0,1,0,0,1,0,1,0,0,0,0,0,1,0,0.0
Ceriantheomorphe brasiliensis,Não Informado,NE,DD,0,0.13129322776876012,0,0,0,0,0,0,1,0,0,1,1,0,0,0,0,1,1,0,1,1,0,0,0,0,1,0.0
Melanophryniscus klappenbachi,Mão-vermelha-do-chaco,VU,VU,0,0.1303638956747048,0,0,0,0,0,1,0,0,0,0,0,1,0,0,0,0,1,1,0,0,0,0,0,0,0,1.0
Castalia ambigua,Castanhola,NE,DD,0,0.12977195855382065,1,0,0,0,0,0,0,1,1,0,0,0,0,0,0,1,1,1,1,0,0,1,1,0,0,0.0
Muricea atlantica,Não Informado,NE,LC,0,0.12942410155910866,0,0,0,0,0,0,1,0,0,1,1,0,0,0,0,1,1,0,1,1,1,0,1,1,0,0.0
Phyllocycla hamata,Libélula,NE,DD,0,0.1290324559199845,1,0,1,0,0,0,0,1,0,0,0,1,1,0,0,1,1,1,1,1,0,0,0,0,0,0.0
Cordulisantosia marshalli,"lava-bunda, lavadeira, Libélula",NE,DD,0,0.12865370818038738,0,1,0,0,0,0,0,0,0,1,0,0,1,0,0,0,0,1,0,0,0,1,0,0,0,0.0
Forcepsioneura grossiorum,"agulhinha, donzelinha, lava-bunda, lavadeira, Libélula",NE,DD,0,0.12865370818038738,0,1,0,0,0,0,0,0,0,1,0,0,1,0,0,0,0,1,0,0,0,1,0,0,0,0.0
Idioneura celioi,"agulhinha, donzelinha, lava-bunda, lavadeira, Libélula",NE,DD,0,0.12865370818038738,0,1,0,0,0,0,0,0,0,1,0,0,1,0,0,0,0,1,0,0,0,1,0,0,0,0.0
Idiogomphoides ictinia,"lava-bunda, lavadeira, Libélula",NE,DD,0,0.12865370818038738,0,1,0,0,0,0,0,0,0,1,0,0,1,0,0,0,0,1,0,0,0,1,0,0,0,0.0
Heteragrion ovatum,"agulhinha, donzelinha, lava-bunda, lavadeira, Libélula",NE,DD,0,0.12865370818038738,0,1,0,0,0,0,0,0,0,1,0,0,1,0,0,0,0,1,0,0,0,1,0,0,0,0.0
Cordulisantosia newtoni,"lava-bunda, lavadeira, Libélula",NE,DD,0,0.12865370818038738,0,1,0,0,0,0,0,0,0,1,0,0,1,0,0,0,0,1,0,0,0,1,0,0,0,0.0
Ameerega flavopicta,Não Informado,NE,LC,0,0.1280593661707742,1,1,1,0,0,0,0,1,1,1,0,1,1,0,0,1,1,1,0,0,0,1,0,0,0,0.0
Iphigenia brasiliensis,Não Informado,NE,LC,0,0.12782252940730784,0,0,0,0,0,0,1,0,1,1,0,0,0,0,0,1,1,0,0,1,0,1,0,1,0,0.0
Halichondria cebimarensis,Esponja,VU,LC,0,0.12551035513563302,0,0,0,0,0,0,1,0,0,1,0,0,1,0,0,1,0,1,0,0,0,0,0,0,0,1.0
Macrothemis tessellata,Libélula,VU,LC,0,0.12511660674702607,0,1,1,0,0,0,0,0,0,1,0,1,0,0,0,1,1,1,1,0,0,0,0,0,0,1.0
Anomalocardia flexuosa,"berbigão, chumbinho, maçunim, marisco-pedra, mija-mija, molusco-pedra, papa-fumo, pedrinha, samanguaiá, sarnambi, sarnambitinga, sarro-de-pito, sernambi pequeno, simongoiá",NE,LC,0,0.12502815174128146,0,0,0,0,0,0,1,0,1,0,1,0,0,0,0,1,1,1,1,1,1,1,1,0,0,0.0
Amazophrynella vote,Não Informado,NE,LC,0,0.12426268228219117,1,0,0,0,0,0,0,1,0,0,0,1,1,0,0,1,1,1,0,1,0,0,0,0,0,0.0
Leptodactylus paraensis,Não Informado,NE,LC,0,0.12426268228219117,1,0,0,0,0,0,0,1,0,0,0,1,1,0,0,1,1,1,0,1,0,0,0,0,0,0.0
Bokermannohyla pseudopseudis,Não Informado,NE,LC,0,0.12389734597626612,0,0,1,0,0,0,0,0,0,0,0,1,1,0,0,0,1,0,0,0,0,1,0,0,0,0.0
Leptuca uruguayensis,Não Informado,NE,LC,0,0.12337714787102376,0,0,0,0,0,0,1,0,0,1,1,0,0,0,0,1,1,1,1,0,0,1,0,1,0,0.0
Parastacus saffordi,Lagostim,NE,DD,0,0.12293237422717891,0,1,0,0,0,0,0,0,0,0,1,0,0,0,0,1,1,0,1,0,0,0,0,1,0,0.0
Zidona dufresnei,Não Informado,NE,DD,0,0.12162656889938359,0,0,0,0,0,0,1,0,0,1,1,0,0,0,0,1,1,0,0,1,0,1,0,0,0,0.0
Willeyia loya,Não Informado,NE,DD,0,0.12134984148384834,0,0,0,0,0,0,1,0,0,1,0,0,1,0,0,1,0,1,0,0,0,0,0,1,0,0.0
Castalia undosa,Mmarisco-de-água-doce,NE,DD,0,0.12098165781364685,0,1,1,0,0,0,0,0,0,1,1,1,1,0,0,1,0,1,0,0,0,0,1,0,0,0.0
Dendropsophus berthalutzae,Pererequinha,NE,LC,0,0.12088736434275378,0,1,1,0,0,0,0,0,0,1,1,0,1,0,0,0,1,0,0,0,0,0,0,0,0,0.0
Monocondylaea paraguayana,"cofrinho (RS), Marisco-de-água-doce",NE,VU,0,0.12082126781876883,0,1,1,0,1,0,0,0,0,0,1,1,0,0,0,1,1,1,0,0,0,1,1,1,0,0.0
Echinaster brasiliensis,estrela-do-mar,NE,LC,0,0.12021626593689996,0,0,0,0,0,0,1,0,1,1,1,0,0,0,0,1,1,0,1,1,0,0,0,1,0,0.0
Astropecten brasiliensis,Estrela-do-mar,VU,DD,0,0.11977418506700052,0,0,0,0,0,0,1,0,1,1,1,0,0,0,1,1,1,0,0,1,0,0,0,1,0,1.0
Tibiagomphus noval,Libélula,NE,DD,0,0.11905992804081324,0,0,0,0,1,0,0,0,0,0,1,0,0,0,0,1,1,1,0,0,0,0,0,0,0,0.0
Bokermannohyla itapoty,Perereca,NE,LC,0,0.11896410603581103,0,0,0,1,0,0,0,0,1,0,0,0,1,0,0,1,0,0,0,0,0,1,0,0,0,0.0
Adelophryne mucronata,Rãzinha-pulga,NE,LC,0,0.11851053040333989,0,1,0,0,0,0,0,0,1,0,0,0,1,0,0,0,0,1,0,0,0,1,0,0,0,0.0
Tonna pennata,Não Informado,NE,LC,0,0.11844244767980165,0,0,0,0,0,0,1,0,1,0,0,0,0,0,0,1,1,0,0,1,1,1,0,1,0,0.0
Aegla prado,Egla,NE,LC,0,0.11837061026398582,0,0,0,0,1,0,0,0,0,0,1,0,0,0,0,0,1,1,0,0,0,1,0,0,0,0.0
Coscinasterias tenuispina,Estrela-do-mar,VU,LC,0,0.11792697601874756,0,0,0,0,0,0,1,0,1,1,1,0,0,0,0,1,1,1,0,0,0,1,0,1,0,1.0
Clathria nisiae,Não Informado,NE,DD,0,0.11736383093501004,0,0,0,0,0,0,1,0,1,0,0,0,1,0,0,1,0,0,0,0,1,0,0,0,0,0.0
Odontocymbiola americana,Não Informado,NE,LC,0,0.11557678146103159,0,0,0,0,0,0,1,0,1,1,1,0,1,0,0,0,1,0,1,1,1,1,0,0,0,0.0
Telebasis gigantea,Libélula,NE,LC,0,0.1152032391582107,0,1,1,0,0,0,0,0,0,1,0,1,0,0,0,1,1,1,0,0,0,0,0,0,0,0.0
Chiasmocleis centralis,Sapinho-zunidor-do-Brasil-Central,NE,LC,0,0.11458490404554283,1,0,1,0,0,0,0,1,1,1,0,1,1,0,0,1,1,1,0,0,0,1,0,0,0,0.0
Hamptophryne alios,Não Informado,NE,DD,0,0.11419694594444982,1,0,0,0,0,0,0,1,0,0,0,0,0,0,0,1,1,1,1,0,0,1,0,0,0,0.0
Rhionaeschna confusa,Libélula,NE,LC,0,0.11410812988199998,0,1,0,0,1,0,0,0,0,1,1,0,0,0,0,1,1,1,1,0,0,0,0,0,0,0.0
Pseudopaludicola canga,Rãzinha-da-canga,NE,LC,0,0.11326520317982407,1,0,1,0,0,0,0,1,1,0,0,0,1,0,0,0,1,1,0,0,0,0,0,0,0,0.0
Pithecopus azureus,Não Informado,NE,LC,0,0.11310350185617442,0,0,1,0,0,1,0,0,0,0,0,1,0,0,0,1,1,1,0,0,0,1,0,0,0,0.0
Oreaster reticulatus,Estrela-do-mar,VU,VU,0,0.1127908648100086,0,0,0,0,0,0,1,0,1,1,1,0,0,0,0,1,1,0,1,1,1,0,0,1,0,1.0
Progomphus aberrans,Libélula,NE,DD,0,0.1122091624915615,0,1,0,0,0,0,0,0,0,0,1,0,0,0,0,1,1,1,1,0,0,0,0,0,0,0.0
Orthemis nodiplaga,Libélula,NE,LC,0,0.1122091624915615,0,1,0,0,1,0,0,0,0,0,1,0,0,0,0,1,1,1,1,0,0,0,0,0,0,0.0
Allopodagrion brachyurum,"agulhinha, donzelinha, lava-bunda, lavadeira, Libélula",NE,LC,0,0.1122091624915615,0,1,0,0,0,0,0,0,0,0,1,0,0,0,0,1,1,1,1,0,0,0,0,0,0,0.0
Boana stellae,Perereca,NE,LC,0,0.1122091624915615,0,1,0,0,0,0,0,0,0,0,1,0,0,0,0,1,1,1,1,0,0,0,0,0,0,0.0
Millepora alcicornis,Não Informado,NE,LC,0,0.11163289366404326,0,0,0,0,0,0,1,0,1,1,0,0,0,0,0,1,0,1,1,1,1,0,0,1,1,0.0
Metaleptobasis truncata,Libélula,NE,DD,0,0.11125757003444775,1,0,0,0,0,0,0,1,0,0,0,0,1,0,0,0,1,1,1,0,0,0,0,0,0,0.0
Heteragrion calafatiensis,"libélula, Libélula",NE,DD,0,0.11125757003444775,1,0,0,0,0,0,0,1,0,0,0,0,1,0,0,0,1,1,1,0,0,0,0,0,0,0.0
Amazoneura juruaensis,Libélula,NE,DD,0,0.11125757003444775,1,0,0,0,0,0,0,1,0,0,0,0,1,0,0,0,1,1,1,0,0,0,0,0,0,0.0
Artemisina brasili,Não Informado,NE,DD,0,0.11103614731919083,0,0,0,0,0,0,1,0,1,0,0,0,1,1,0,1,0,0,0,0,1,0,0,0,0,0.0
Olivella formicacorsii,Não Informado,NE,LC,0,0.11062979114591963,0,0,0,0,0,0,1,0,0,0,1,0,0,0,0,1,1,1,0,0,1,0,0,1,0,0.0
Aegla parana,Egla,NE,LC,0,0.11029962902300165,0,1,0,0,0,0,0,0,0,0,1,0,0,0,0,1,1,1,1,0,0,0,0,1,0,0.0
Scinax uruguayus,Não Informado,NE,LC,0,0.11001002665349159,0,1,1,0,1,0,0,0,0,0,1,0,0,0,0,1,1,0,0,0,0,0,0,0,0,0.0
Melothelphusa dardanelosensis,"Caranguejo-de-água-doce, Caranguejo de água doce (Português).",NE,LC,0,0.10844923400083933,1,0,0,0,0,0,0,0,0,0,0,1,1,0,0,0,1,0,0,0,0,1,0,0,0,0.0
Ceratophrys joazeirensis,"Intanha, Sapo-boi, Sapo-de-chifres",NE,LC,0,0.10828198580128505,0,1,1,1,0,0,0,0,1,1,0,0,1,0,0,0,0,1,0,0,0,1,0,1,0,0.0
Phyllomedusa tetraploidea,Perereca-das-folhagens,NE,LC,0,0.10805000136626944,0,1,1,0,0,0,0,0,0,1,1,0,0,0,0,1,0,0,1,0,0,0,1,0,0,0.0
Leptodactylus tapiti,Rã-tapeti,NE,LC,0,0.10660475691850733,0,0,1,0,0,0,0,0,0,0,0,1,1,0,0,1,0,0,0,0,1,1,0,0,0,0.0
Chiasmocleis avilapiresae,Não Informado,NE,LC,0,0.10641952378685658,1,0,0,0,0,0,0,1,0,0,0,1,1,0,0,1,1,1,1,1,0,0,0,0,0,0.0
Bokermannohyla circumdata,Perereca,NE,LC,0,0.10626502378974961,0,1,1,1,0,0,0,0,1,1,1,0,1,0,0,0,0,1,0,1,0,0,0,0,0,0.0
Aegla platensis,Egla,NE,LC,0,0.10609962902300166,0,1,0,0,1,0,0,0,0,0,1,0,0,0,0,1,1,1,1,0,0,0,0,1,0,0.0
Lauromacromia luismoojeni,"lava-bunda, lavadeira, Libélula",NE,DD,0,0.10586337620888162,0,0,1,0,0,0,0,0,0,0,0,1,1,0,0,1,0,1,0,0,0,1,0,0,1,0.0
Astropecten articulatus,Estrela-do-mar,VU,DD,0,0.10480665760158231,0,0,0,0,0,0,1,0,1,1,1,0,0,0,0,1,1,0,0,1,0,0,0,1,0,1.0
Thyonidium seguroensis,Não Informado,NE,LC,0,0.10477015642244739,0,0,0,0,0,0,1,0,1,1,0,0,0,0,0,1,1,1,0,0,0,1,0,1,0,0.0
Ischnura hastata,Libélula,NE,LC,0,0.10461231534902403,0,0,0,0,0,0,0,1,0,0,0,0,0,0,0,1,1,1,1,0,0,0,0,0,0,0.0
Rhinella ocellata,Cururuzinho-ocelado,NE,LC,0,0.1039544121645031,1,0,1,0,0,0,0,1,1,1,0,1,1,0,0,1,1,1,0,0,0,0,0,0,0,0.0
Orthemis flavopicta,"lava-bunda, lavadeira, Libélula",NE,LC,0,0.10394219891432414,0,1,1,1,0,0,0,0,1,0,0,1,0,0,0,1,1,1,1,0,0,0,0,0,0,0.0
Lycopodina communis,Esponja,NE,DD,0,0.10333490758747149,0,0,0,0,0,0,1,0,0,1,0,0,1,0,0,1,0,1,0,0,0,0,0,0,0,0.0
Leucopsacus barracuda,Não Informado,NE,DD,0,0.10333490758747149,0,0,0,0,0,0,1,0,0,1,0,0,1,0,0,1,0,1,0,0,0,0,0,0,0,0.0
Eurete atlanticum,Esponja,NE,DD,0,0.10333490758747149,0,0,0,0,0,0,1,0,0,1,0,0,1,0,0,1,0,1,0,0,0,0,0,0,0,0.0
Farrea campossinus,Esponja,NE,DD,0,0.10333490758747149,0,0,0,0,0,0,1,0,0,1,0,0,1,0,0,1,0,1,0,0,0,0,0,0,0,0.0
Sympagella tabachnicki,Não Informado,NE,DD,0,0.10333490758747149,0,0,0,0,0,0,1,0,0,1,0,0,1,0,0,1,0,1,0,0,0,0,0,0,0,0.0
Geodia garoupa,Não Informado,NE,LC,0,0.10333490758747149,0,0,0,0,0,0,1,0,0,1,0,0,1,0,0,1,0,1,0,0,0,0,0,0,0,0.0
Abyssocladia atlantica,Esponja,NE,DD,0,0.10333490758747149,0,0,0,0,0,0,1,0,0,1,0,0,1,0,0,1,0,1,0,0,0,0,0,0,0,0.0
Hamacantha boomerang,Não Informado,NE,DD,0,0.10333490758747149,0,0,0,0,0,0,1,0,0,1,0,0,1,0,0,1,0,1,0,0,0,0,0,0,0,0.0
Xestospongia kapne,Não Informado,NE,DD,0,0.10333490758747149,0,0,0,0,0,0,1,0,0,1,0,0,1,0,0,1,0,1,0,0,0,0,0,0,0,0.0
Cladorhiza diminuta,Esponja,NE,DD,0,0.10333490758747149,0,0,0,0,0,0,1,0,0,1,0,0,1,0,0,1,0,1,0,0,0,0,0,0,0,0.0
Asbestopluma voyager,Esponja,NE,DD,0,0.10333490758747149,0,0,0,0,0,0,1,0,0,1,0,0,1,0,0,1,0,1,0,0,0,0,0,0,0,0.0
Lycopodina ecoprof,Esponja,NE,DD,0,0.10333490758747149,0,0,0,0,0,0,1,0,0,1,0,0,1,0,0,1,0,1,0,0,0,0,0,0,0,0.0
Echinostylinos brasiliensis,Não Informado,NE,LC,0,0.10333490758747149,0,0,0,0,0,0,1,0,0,1,0,0,1,0,0,1,0,1,0,0,0,0,0,0,0,0.0
Cliona raphida,Esponja,NE,DD,0,0.10333490758747149,0,0,0,0,0,0,1,0,0,1,0,0,1,0,0,1,0,1,0,0,0,0,0,0,0,0.0
Encope emarginata,bolacha-do-mar,NE,LC,0,0.10238442683260326,0,0,0,0,0,0,1,0,1,0,1,0,0,0,0,1,1,0,0,1,0,0,0,0,0,0.0
Tivela zonaria,Não Informado,NE,LC,0,0.10144849930952653,0,0,0,0,0,0,1,0,0,1,1,0,0,0,0,1,1,0,0,1,1,1,0,1,0,0.0
Donax striatus,Não Informado,NE,LC,0,0.10104134286312534,0,0,0,0,0,0,1,0,1,0,0,0,0,0,0,1,1,1,0,0,0,1,0,1,0,0.0
Calvadosia corbini,Não Informado,NE,DD,0,0.10055723759061477,0,0,0,0,0,0,1,0,1,1,0,0,0,0,0,0,1,1,0,0,0,0,0,0,0,0.0
Vitreorana eurygnatha,Perereca-de-vidro-do-focinho-curto,NE,LC,0,0.10001306102261771,0,1,0,0,0,0,0,0,1,1,1,0,1,0,0,0,0,1,0,0,0,0,0,1,0,0.0
Rhabderemia meirimensis,Esponja,NE,DD,0,0.09985467295990362,0,0,0,0,0,0,1,0,1,0,0,0,1,0,0,1,0,0,0,0,0,0,0,1,0,0.0
Leucascus roseus,Esponja,NE,LC,0,0.09941012915143219,0,0,0,0,0,0,1,0,1,1,0,0,1,0,0,1,0,1,0,0,0,0,0,0,0,0.0
Pseudis tocantins,Não Informado,NE,LC,0,0.09880133818920997,1,0,1,0,0,0,0,1,1,0,0,1,1,0,0,1,1,1,0,0,0,1,0,1,0,0.0
Aplastodiscus lutzorum,Não Informado,NE,LC,0,0.09813436315019644,0,0,1,0,0,0,0,0,0,1,0,1,1,0,0,1,0,1,0,0,0,0,0,0,0,0.0
Bokermannohyla langei,Não Informado,NE,DD,0,0.09800265954558361,0,1,0,0,0,0,0,0,0,0,1,0,1,0,0,0,1,0,0,0,0,0,0,0,0,0.0
Boana caingua,Perereca,NE,LC,0,0.0977120233357757,0,1,1,0,0,0,0,0,0,1,1,1,0,0,0,1,1,0,0,0,0,0,0,0,0,0.0
Asbestopluma inexpectata,Esponja,NE,LC,0,0.09740702196206645,0,0,0,0,0,0,1,0,0,1,1,0,1,0,0,1,0,1,0,0,0,0,0,0,0,0.0
Thraulodes traverae,Efemérida,NE,DD,0,0.0957974464157694,0,1,0,0,0,0,0,0,0,0,1,0,0,0,0,1,1,1,0,0,0,0,0,1,0,0.0
Gomphoides praevia,"lava-bunda, lavadeira, Libélula",NE,LC,0,0.09492701982157084,0,1,0,0,0,0,0,0,1,0,1,0,0,0,0,1,1,0,1,0,0,0,0,0,0,0.0
Itapotihyla langsdorffii,Perereca-castanhola,NE,LC,0,0.09471697715399915,0,1,1,0,0,0,0,0,1,1,1,0,0,0,0,1,1,0,0,0,0,0,0,0,0,0.0
Proceratophrys bigibbosa,Não Informado,NE,LC,0,0.09423329886734161,0,1,0,0,0,0,0,0,0,0,1,0,0,0,0,1,1,1,0,0,0,0,1,1,0,0.0
Mycale lilianae,Esponja,NE,DD,0,0.0940937262658994,0,0,0,0,0,0,1,0,0,1,0,0,1,0,0,0,0,1,1,0,0,0,0,0,0,0.0
Sycon brasiliense,Esponja,NE,DD,0,0.0940937262658994,0,0,0,0,0,0,1,0,0,1,0,0,1,0,0,0,0,1,1,0,0,0,0,0,0,0.0
Physalaemus riograndensis,Não Informado,NE,LC,0,0.09190199101092507,0,1,0,0,1,0,0,0,0,0,1,0,0,0,0,1,1,0,0,0,0,0,0,0,0,0.0
Aegla uruguayana,Egla,NE,LC,0,0.09182609004071385,0,0,0,0,1,0,0,0,0,0,1,0,0,0,0,0,1,1,0,0,0,0,0,0,0,0.0
Scolymia wellsii,"corail solitaire de wells (França), coral esmeralda, coral tomate (Brasil), micetocoral laminar (Espanha), solitary disk coral (EUA)",NE,LC,0,0.09164489880801725,0,0,0,0,0,0,1,1,1,1,0,0,0,0,0,1,1,1,0,0,1,0,0,1,1,0.0
Phyllogomphoides cepheus,Libélula,NE,DD,0,0.0913517593377774,1,0,1,0,0,0,0,1,0,0,0,1,1,0,0,1,1,1,1,0,0,0,0,0,0,0.0
Varipes helenae,Efemérida,NE,LC,0,0.0913517593377774,1,0,1,0,0,0,0,1,0,0,0,1,1,0,0,1,1,1,1,0,0,0,0,0,0,0.0
Hastula cinerea,Não Informado,NE,LC,0,0.09132626732632909,0,0,0,0,0,0,1,0,1,1,1,0,0,0,0,1,1,0,0,0,0,0,0,1,0,0.0
Carajathemis simone,"lava-bunda, lavadeira, Libélula",NE,DD,0,0.09096577751655782,1,0,0,0,0,0,0,1,0,0,0,0,1,0,0,0,1,1,0,0,0,0,0,0,0,0.0
Telebasis celiovallei,Libélula,NE,LC,0,0.09096577751655782,1,0,0,0,0,0,0,1,0,0,0,0,1,0,0,0,1,1,0,0,0,0,0,0,0,0.0
Telebasis carvalhoi,Libélula,NE,DD,0,0.09096577751655782,1,0,0,0,0,0,0,1,0,0,0,0,1,0,0,0,1,1,0,0,0,0,0,0,0,0.0
Castoraeschna corbeti,"lava-bunda, lavadeira, Libélula",NE,DD,0,0.09050316517807172,1,0,1,1,0,0,0,1,1,1,0,0,1,0,0,1,0,0,0,0,0,0,0,0,0,0.0
Leptodactylus lauramiriamae,Não Informado,NE,DD,0,0.08994538325004699,1,0,0,0,0,0,0,1,0,0,0,1,1,0,0,1,1,1,1,1,0,0,0,1,0,0.0
Ischnocnema henselii,Não Informado,NE,LC,0,0.08919617788376263,0,1,1,0,1,0,1,0,0,1,1,0,0,0,0,1,1,0,0,0,0,0,0,0,0,0.0
Allobates magnussoni,Não Informado,NE,LC,0,0.08884732030790239,1,0,0,0,0,0,0,1,0,0,0,0,1,0,0,1,0,1,1,0,0,0,0,0,0,0.0
Characella luna,Não Informado,NE,DD,0,0.08748932349199241,0,0,0,0,0,0,1,0,1,0,0,0,1,0,0,1,0,1,0,0,0,0,0,0,0,0.0
Oceanapia magna,Não Informado,NE,DD,0,0.08748932349199241,0,0,0,0,0,0,1,0,1,0,0,0,1,0,0,1,0,1,0,0,0,0,0,0,0,0.0
Clathria repens,Não Informado,NE,DD,0,0.08748932349199241,0,0,0,0,0,0,1,0,1,0,0,0,1,0,0,1,0,1,0,0,0,0,0,0,0,0.0
Desmacella microsigmata,Não Informado,NE,DD,0,0.08748932349199241,0,0,0,0,0,0,1,0,1,0,0,0,1,0,0,1,0,1,0,0,0,0,0,0,0,0.0
Timea bioxyasterina,Esponja,NE,DD,0,0.08748932349199241,0,0,0,0,0,0,1,0,1,0,0,0,1,0,0,1,0,1,0,0,0,0,0,0,0,0.0
Eurypon verticillatum,Não Informado,NE,DD,0,0.08748932349199241,0,0,0,0,0,0,1,0,1,0,0,0,1,0,0,1,0,1,0,0,0,0,0,0,0,0.0
Lissodendoryx vulcanus,Não Informado,NE,DD,0,0.08748932349199241,0,0,0,0,0,0,1,0,1,0,0,0,1,0,0,1,0,1,0,0,0,0,0,0,0,0.0
Didiscus gladius,Não Informado,NE,DD,0,0.08748932349199241,0,0,0,0,0,0,1,0,1,0,0,0,1,0,0,1,0,1,0,0,0,0,0,0,0,0.0
Aulospongus mandela,Não Informado,NE,DD,0,0.08748932349199241,0,0,0,0,0,0,1,0,1,0,0,0,1,0,0,1,0,1,0,0,0,0,0,0,0,0.0
Plakortis microrhabdifera,Esponja,NE,LC,0,0.08748932349199241,0,0,0,0,0,0,1,0,1,0,0,0,1,0,0,1,0,1,0,0,0,0,0,0,0,0.0
Aaptos hajdui,Esponja aglutinadora,NE,LC,0,0.08748932349199241,0,0,0,0,0,0,1,0,1,0,0,0,1,0,0,1,0,1,0,0,0,0,0,0,0,0.0
Oceanapia cordia,Não Informado,NE,DD,0,0.08748932349199241,0,0,0,0,0,0,1,0,1,0,0,0,1,0,0,1,0,1,0,0,0,0,0,0,0,0.0
Neopetrosia sulcata,Não Informado,NE,LC,0,0.08748932349199241,0,0,0,0,0,0,1,0,1,0,0,0,1,0,0,1,0,1,0,0,0,0,0,0,0,0.0
Sigmaxinella cearense,Esponja,NE,LC,0,0.08748932349199241,0,0,0,0,0,0,1,0,1,0,0,0,1,0,0,1,0,1,0,0,0,0,0,0,0,0.0
Alveospongia sinuosclera,Não Informado,NE,DD,0,0.08748932349199241,0,0,0,0,0,0,1,0,1,0,0,0,1,0,0,1,0,1,0,0,0,0,0,0,0,0.0
Eurypon suassunai,Não Informado,NE,DD,0,0.08748932349199241,0,0,0,0,0,0,1,0,1,0,0,0,1,0,0,1,0,1,0,0,0,0,0,0,0,0.0
Eurypon clavilectuarium,Não Informado,NE,DD,0,0.08748932349199241,0,0,0,0,0,0,1,0,1,0,0,0,1,0,0,1,0,1,0,0,0,0,0,0,0,0.0
Paraleucilla sphaerica,Esponja,NE,DD,0,0.08748932349199241,0,0,0,0,0,0,1,0,1,0,0,0,1,0,0,1,0,1,0,0,0,0,0,0,0,0.0
Eurypon potiguaris,Não Informado,NE,DD,0,0.08748932349199241,0,0,0,0,0,0,1,0,1,0,0,0,1,0,0,1,0,1,0,0,0,0,0,0,0,0.0
Plakortis potiguarensis,Esponja,NE,DD,0,0.08748932349199241,0,0,0,0,0,0,1,0,1,0,0,0,1,0,0,1,0,1,0,0,0,0,0,0,0,0.0
Scalarispongia cooki,Não Informado,NE,DD,0,0.08748932349199241,0,0,0,0,0,0,1,0,1,0,0,0,1,0,0,1,0,1,0,0,0,0,0,0,0,0.0
Aaptos potiguarensis,Esponja aglutinadora,NE,DD,0,0.08748932349199241,0,0,0,0,0,0,1,0,1,0,0,0,1,0,0,1,0,1,0,0,0,0,0,0,0,0.0
Mycale rubra,Não Informado,NE,DD,0,0.08748932349199241,0,0,0,0,0,0,1,0,1,0,0,0,1,0,0,1,0,1,0,0,0,0,0,0,0,0.0
Ucides cordatus,Não Informado,NE,LC,0,0.08702210605225066,0,0,0,0,0,0,1,1,1,1,1,0,0,0,0,1,1,1,1,1,0,0,0,0,0,0.0
Aliger gallus,Não Informado,NE,LC,0,0.08655760676068436,0,0,0,0,0,0,1,0,1,1,0,0,0,0,0,1,1,0,0,0,1,1,0,1,0,0.0
Dendropsophus tritaeniatus,Pererequinha-verde-de-três-listras,NE,LC,0,0.08571301117229611,0,0,1,0,0,0,0,0,0,0,0,1,1,0,0,1,0,1,0,0,0,0,0,0,0,0.0
Arinosaster patriciae,Esponja,NE,CR,1,0.08571301117229611,0,0,1,0,0,0,0,0,0,0,0,1,1,0,0,1,0,1,0,0,0,0,0,0,0,0.0
Callistoctopus furvus,Não Informado,NE,LC,0,0.0843328387354554,0,0,0,0,0,0,1,0,1,1,1,0,0,0,0,1,0,1,1,1,0,1,0,0,1,0.0
Aplastodiscus perviridis,Perereca-verde,NE,LC,0,0.08415457771285324,0,1,1,0,0,0,0,0,0,1,1,0,0,0,0,1,0,0,0,0,0,1,0,0,0,0.0
Proceratophrys concavitympanum,Não Informado,NE,LC,0,0.08351865516321447,1,0,1,0,0,0,0,1,0,0,0,1,1,0,0,1,1,1,0,0,0,0,0,0,0,0.0
Acanthotylotra alvarengai,Geléia-d'água,NE,DD,0,0.0831021293091007,1,0,0,0,0,0,0,1,0,0,0,0,1,0,0,0,1,0,0,0,0,1,0,0,0,0.0
Condylactis gigantea,Não Informado,EN,VU,0,0.08287471129483642,0,0,0,0,0,0,1,0,1,1,0,0,0,0,1,0,0,0,1,1,0,0,0,1,0,2.0
Diopatra victoriae,Não Informado,NE,EN,0,0.08278240160156802,0,0,0,0,0,0,1,0,0,1,0,0,1,0,1,0,0,0,0,1,0,0,0,0,0,0.0
Phyllomedusa sauvagii,Não Informado,NE,LC,0,0.08178361164237173,0,0,1,0,0,1,0,0,0,0,0,1,0,0,0,0,1,1,0,0,0,0,0,0,0,0.0
Castoraeschna januaria,Libélula,VU,LC,0,0.08142007616486027,0,1,1,0,0,0,0,0,0,1,1,1,0,0,0,1,1,1,1,0,0,0,0,0,0,1.0
Mytella guyanensis,Não Informado,NE,LC,0,0.08006144688668859,0,0,0,0,0,0,1,1,1,1,0,0,0,0,0,1,1,0,0,1,1,1,0,1,0,0.0
Harpagobaetis brigada,Efemérida,NE,LC,0,0.07883843470294732,1,0,0,0,0,0,0,1,0,0,0,0,1,0,0,1,0,1,0,0,0,1,0,0,0,0.0
Camelobaetidius ipaye,Efemérida,NE,LC,0,0.07872209920937737,0,1,1,0,0,0,0,0,0,0,1,1,0,0,0,1,1,1,1,0,0,0,0,1,0,0.0
Stephanocoenia intersepta,Não Informado,NE,LC,0,0.0785167568870099,0,0,0,0,0,0,1,0,1,0,0,0,0,0,0,1,1,0,0,0,1,1,0,1,1,0.0
Nodipecten nodosus,Não Informado,NE,LC,0,0.07850917863435339,0,0,0,0,0,0,1,1,1,1,1,0,0,0,0,1,1,0,1,1,0,0,1,0,0,0.0
Phasmoneura janirae,Libélula,NE,LC,0,0.07831046615128837,1,0,0,0,0,0,0,1,0,0,0,1,1,0,0,1,1,1,1,0,0,0,0,0,0,0.0
Charonia variegata,Não Informado,NE,DD,0,0.07769716828488414,0,0,0,0,0,0,1,0,1,1,0,0,0,0,0,0,1,0,1,1,0,1,0,1,0,0.0
Oxyagrion terminale,Libélula,NE,LC,0,0.07753104265225105,0,1,1,0,1,0,0,0,1,1,1,1,0,0,0,1,1,1,1,0,0,0,0,0,0,0.0
Leucaltis clathria,Esponja,NE,LC,0,0.0768406671730485,0,0,0,0,0,0,1,1,1,1,0,0,0,0,0,1,0,1,1,1,0,0,0,1,0,0.0
Palythoa caribaeorum,Não Informado,NE,LC,0,0.07640238329514339,0,0,0,0,0,0,1,0,1,1,1,0,0,0,0,1,0,1,1,0,0,0,1,0,1,0.0
Astropecten marginatus,Estrela-do-mar,VU,VU,0,0.07503239380402797,0,0,0,0,0,0,1,1,1,1,1,0,0,0,0,1,1,1,0,1,0,1,0,1,0,1.0
Aulospongus trirhabdostylus,Não Informado,NE,LC,0,0.07406526302727323,0,0,0,0,0,0,1,1,1,0,0,0,1,0,0,1,0,1,0,0,0,0,0,0,0,0.0
Sthenoteuthis pteropus,Não Informado,NE,LC,0,0.07370295145119729,0,1,0,0,0,0,1,0,1,1,1,0,0,0,0,1,1,0,1,1,1,0,0,0,0,0.0
Phyllocycla bartica,Libélula,VU,LC,0,0.0732256221789958,1,0,0,0,0,0,0,1,0,0,0,0,0,0,0,1,1,1,1,0,0,0,0,0,0,1.0
Brasilotyphlus guarantanus,"Cecília, Cobra-cega",NE,LC,0,0.07266461916398262,1,0,0,0,0,0,0,1,0,0,0,1,1,0,0,1,1,1,0,0,0,0,0,0,0,0.0
Boana leucocheila,Não Informado,NE,LC,0,0.07266461916398262,1,0,0,0,0,0,0,1,0,0,0,1,1,0,0,1,1,1,0,0,0,0,0,0,0,0.0
Cyanallagma bonariense,Libélula,NE,LC,0,0.07204115143419426,0,0,0,0,1,0,0,0,0,0,1,0,0,0,0,1,0,0,0,1,0,0,0,0,1,0.0
Octopus hummelinck,Não Informado,NE,LC,0,0.07136478924847252,0,0,0,0,0,0,1,1,1,1,1,0,0,0,0,1,0,1,1,1,1,1,0,0,1,0.0
Dendropsophus minimus,Não Informado,NE,DD,0,0.06995330818674543,1,0,0,0,0,0,0,1,0,0,0,0,1,0,0,1,0,0,0,0,0,0,0,0,0,0.0
Brasilotyphlus braziliensis,"Cecília, Cobra-cega",NE,LC,0,0.06995330818674543,1,0,0,0,0,0,0,1,0,0,0,0,1,0,0,1,0,0,0,0,0,0,0,0,0,0.0
Amazophrynella manaos,Não Informado,NE,LC,0,0.06995330818674543,1,0,0,0,0,0,0,1,0,0,0,0,1,0,0,1,0,0,0,0,0,0,0,0,0,0.0
Tonna galea,Não Informado,NE,LC,0,0.0696929356770048,0,0,0,0,0,0,1,1,1,1,1,0,0,0,0,1,1,0,0,1,0,1,0,0,0,0.0
Cassis tuberosa,Não Informado,NE,VU,0,0.06908518726495595,0,0,0,0,0,0,1,0,1,0,0,0,0,0,1,0,1,0,1,1,0,0,0,0,0,0.0
Adelomelon brasiliana,Não Informado,NE,LC,0,0.06884831514869116,0,0,0,0,0,0,1,0,0,1,1,0,0,0,0,0,1,0,1,1,0,0,0,0,0,0.0
Adelomelon riosi,Não Informado,NE,LC,0,0.06884831514869116,0,0,0,0,0,0,1,0,0,1,1,0,0,0,0,0,1,0,1,1,0,0,0,0,0,0.0
Chiasmocleis supercilialba,Não Informado,NE,LC,0,0.06844245590585832,1,0,0,0,0,0,0,1,0,0,0,0,0,0,0,1,1,0,1,0,0,0,0,0,0,0.0
Phyllocycla sordida,Libélula,NE,DD,0,0.06844245590585832,1,0,0,0,0,0,0,1,0,0,0,0,0,0,0,1,1,0,1,0,0,0,0,0,0,0.0
Pugilina tupiniquim,Não Informado,NE,LC,0,0.06822540437751945,0,0,0,0,0,0,1,1,1,1,1,0,0,0,0,1,1,0,0,1,1,0,0,1,0,0.0
Anodontites elongata,Marisco-pantaneiro,NE,DD,0,0.06758963871847307,1,0,1,0,1,1,0,1,0,0,1,1,0,0,1,1,0,1,1,0,0,0,1,0,0,0.0
Callonaia duprei,Marisco-de-água-doce,NE,DD,0,0.0672680325149512,1,0,1,0,0,0,0,1,0,0,0,1,1,0,0,1,0,1,1,0,0,0,1,0,0,0.0
Dendropsophus ozzyi,Pererequinha-do-Ozzyi,NE,LC,0,0.06656194080588487,1,0,0,0,0,0,0,1,0,0,0,0,1,0,0,0,0,1,0,1,0,0,0,0,0,0.0
Panulirus laevicauda,Não Informado,NE,DD,0,0.06568494889576641,0,0,0,0,0,0,1,1,1,1,1,0,0,1,1,1,1,0,1,1,0,0,0,0,0,0.0
Ciocalypta alba,Esponja,NE,LC,0,0.06418436361955614,0,0,0,0,0,0,1,0,0,1,1,0,1,0,0,0,0,0,1,0,0,0,0,0,0,0.0
Bolitoglossa tapajonica,Salamandra,NE,LC,0,0.06399936164253572,1,0,0,0,0,0,0,1,0,0,0,0,1,0,0,1,0,1,0,0,0,0,0,0,0,0.0
Allobates masniger,Não Informado,NE,LC,0,0.06399936164253572,1,0,0,0,0,0,0,1,0,0,0,0,1,0,0,1,0,1,0,0,0,0,0,0,0,0.0
Bolitoglossa madeira,Salamandra,NE,LC,0,0.06399936164253572,1,0,0,0,0,0,0,1,0,0,0,0,1,0,0,1,0,1,0,0,0,0,0,0,0,0.0
Allobates hodli,Não Informado,NE,LC,0,0.06399936164253572,1,0,0,0,0,0,0,1,0,0,0,0,1,0,0,1,0,1,0,0,0,0,0,0,0,0.0
Allobates tapajos,Não Informado,NE,LC,0,0.06399936164253572,1,0,0,0,0,0,0,1,0,0,0,0,1,0,0,1,0,1,0,0,0,0,0,0,0,0.0
Dendropsophus cachimbo,Não Informado,NE,LC,0,0.06399936164253572,1,0,0,0,0,0,0,1,0,0,0,0,1,0,0,1,0,1,0,0,0,0,0,0,0,0.0
Phyllocycla diphylla,Libélula,NE,LC,0,0.06383846452842967,1,1,1,0,0,0,0,1,0,1,1,0,0,0,0,1,1,0,1,0,0,0,0,0,0,0.0
Leptogorgia punicea,Não Informado,NE,LC,0,0.06254581984413504,0,0,0,0,0,0,1,1,1,1,1,0,0,0,0,1,1,0,0,1,0,0,0,0,0,0.0
Cyrtopleura costata,"asa-de-anjo, sururu-de-velho, tampafole",NE,LC,0,0.06163337876532991,0,0,0,0,0,0,1,0,1,1,1,0,0,0,1,0,1,0,0,1,0,0,0,1,0,0.0
Epipleoneura waiwaiana,Libélula,NE,LC,0,0.061248435944016286,1,0,0,0,0,0,0,1,0,0,0,0,0,0,0,0,1,1,1,1,0,1,0,0,0,0.0
Allobates crombiei,Rãzinha-de-Crombie,NE,LC,0,0.06124234088551495,1,0,1,0,0,0,0,1,0,0,0,0,1,0,0,1,0,1,0,0,0,0,0,0,0,0.0
Diopatra cuprea,Não Informado,VU,DD,0,0.06105247482350001,0,0,0,0,0,0,1,1,1,1,1,0,0,0,0,1,1,0,1,1,0,0,0,0,0,1.0
Phyllomedusa tarsius,Não Informado,NE,LC,0,0.060963027931368145,1,0,0,0,0,0,0,1,0,0,0,0,0,0,0,1,1,0,0,0,0,1,0,0,0,0.0
Microcaecilia taylori,Tiny Taylor's Caecilian,NE,LC,0,0.060963027931368145,1,0,0,0,0,0,0,1,0,0,0,0,0,0,0,1,1,0,0,0,0,1,0,0,0,0.0
Sipunculus phalloides,Não Informado,NE,DD,0,0.06055647817271238,0,0,0,0,0,0,1,0,1,1,0,0,0,0,0,1,0,1,0,1,1,0,0,1,0,0.0
Ornithoteuthis antillarum,lula,NE,LC,0,0.06033144206438737,0,1,0,0,0,0,1,1,1,1,1,0,0,0,0,1,1,0,1,1,1,0,0,0,0,0.0
Lamproscapha ensiformis,Não Informado,NE,DD,0,0.06028544597915795,1,0,1,0,1,1,0,1,0,0,1,1,0,0,0,1,1,1,0,0,0,1,1,0,1,0.0
Perithemis domitia,Libélula,NE,LC,0,0.06020675417247193,0,1,1,0,0,0,0,0,0,1,0,1,0,0,0,1,0,1,0,0,0,0,0,0,0,0.0
Pantala hymenaea,Libélula,NE,LC,0,0.05981618066405844,1,1,1,0,0,0,0,1,0,1,0,1,0,1,0,1,1,0,1,0,0,0,0,0,0,0.0
Pithecopus hypochondrialis,Perereca-da-folhagem,NE,LC,0,0.05939470500177682,1,1,1,0,0,0,0,1,1,1,0,1,0,0,0,1,1,1,1,1,0,1,0,0,0,0.0
Adelomelon beckii,Não Informado,NE,DD,0,0.05910201149425287,0,0,0,0,0,0,1,0,0,1,1,0,0,0,1,0,0,0,1,1,1,0,1,0,0,0.0
Cassidulus mitis,Não Informado,EN,VU,0,0.05795844415659332,0,0,0,0,0,0,1,0,0,1,0,0,1,0,0,0,0,0,0,0,0,0,0,1,0,2.0
Adenomera hylaedactyla,Não Informado,NE,LC,0,0.05719466893850906,1,1,1,1,0,0,0,1,1,0,0,1,0,0,0,1,1,1,1,0,0,1,0,0,0,0.0
Micrathyria dido,"lava-bunda, lavadeira, Libélula",NE,LC,0,0.05684254766774937,1,0,0,0,0,0,0,1,0,0,0,0,0,0,0,1,1,1,1,0,0,0,0,0,0,0.0
Pristimantis ockendeni,Não Informado,NE,LC,0,0.05684254766774937,1,0,0,0,0,0,0,1,0,0,0,0,0,0,0,1,1,1,1,0,0,0,0,0,0,0.0
Drepanoneura janirae,"agulhinha, donzelinha, lava-bunda, lavadeira, Libélula",NE,LC,0,0.05684254766774937,1,0,0,0,0,0,0,1,0,0,0,0,0,0,0,1,1,1,1,0,0,0,0,0,0,0.0
Calvertagrion minutissimum,"agulhinha, donzelinha, lava-bunda, lavadeira, Libélula",NE,LC,0,0.05684254766774937,1,0,0,0,0,0,0,1,0,0,0,0,0,0,0,1,1,1,1,0,0,0,0,0,0,0.0
Epipotoneura nehalennia,Libélula,NE,LC,0,0.05684254766774937,1,0,0,0,0,0,0,1,0,0,0,0,0,0,0,1,1,1,1,0,0,0,0,0,0,0.0
Micrathyria aequalis,"lava-bunda, lavadeira, Libélula",NE,LC,0,0.05684254766774937,1,0,0,0,0,0,0,1,0,0,0,0,0,0,0,1,1,1,1,0,0,0,0,0,0,0.0
Tuberculobasis yanomami,Libélula,NE,DD,0,0.05684254766774937,1,0,0,0,0,0,0,1,0,0,0,0,0,0,0,1,1,1,1,0,0,0,0,0,0,0.0
Pristimantis orcus,Não Informado,NE,LC,0,0.05684254766774937,1,0,0,0,0,0,0,1,0,0,0,0,0,0,0,1,1,1,1,0,0,0,0,0,0,0.0
Pristimantis peruvianus,Não Informado,NE,LC,0,0.05684254766774937,1,0,0,0,0,0,0,1,0,0,0,0,0,0,0,1,1,1,1,0,0,0,0,0,0,0.0
Acanthagrion floridense,"agulhinha, donzelinha, lava-bunda, lavadeira, Libélula",NE,LC,0,0.05684254766774937,1,0,0,0,0,0,0,1,0,0,0,0,0,0,0,1,1,1,1,0,0,0,0,0,0,0.0
Rimanella arcana,Libélula,NE,LC,0,0.05684254766774937,1,0,0,0,0,0,0,1,0,0,0,0,0,0,0,1,1,1,1,0,0,0,0,0,0,0.0
Ebegomphus schroederi,Libélula,NE,DD,0,0.05684254766774937,1,0,0,0,0,0,0,1,0,0,0,0,0,0,0,1,1,1,1,0,0,0,0,0,0,0.0
Planiplax machadoi,Libélula,NE,LC,0,0.05624464629919543,1,1,1,0,0,0,0,1,1,1,0,0,0,0,0,1,1,1,1,0,0,0,0,0,0,0.0
Hyalinobatrachium carlesvilai,Não Informado,NE,LC,0,0.055753179406608705,1,0,0,0,0,0,0,0,0,0,0,1,0,0,0,1,0,1,0,1,0,0,0,0,0,0.0
Mesoleptobasis acuminata,"agulhinha, donzelinha, lava-bunda, lavadeira, Libélula",NE,LC,0,0.054909919684115564,1,0,1,0,0,0,0,1,0,0,0,1,0,0,0,1,1,0,1,0,0,0,0,0,0,0.0
Amphimedon compressa,Esponja,NE,LC,0,0.05469640709806205,0,0,0,0,0,0,1,1,1,0,0,0,0,0,0,1,0,0,1,0,1,0,0,0,0,0.0
Dendropsophus cruzi,Não Informado,NE,LC,0,0.05454541585751759,1,1,1,0,0,0,0,1,1,0,0,1,0,0,0,0,1,1,0,1,0,1,0,0,0,0.0
Damiria paraibana,Esponja,NE,DD,0,0.05419697563665122,0,0,0,0,0,0,1,0,1,0,0,0,1,0,0,0,0,1,0,0,0,0,0,0,0,0.0
Clathria larae,Não Informado,NE,DD,0,0.05419697563665122,0,0,0,0,0,0,1,0,1,0,0,0,1,0,0,0,0,1,0,0,0,0,0,0,0,0.0
Clathria danielae,Não Informado,NE,DD,0,0.05419697563665122,0,0,0,0,0,0,1,0,1,0,0,0,1,0,0,0,0,1,0,0,0,0,0,0,0,0.0
Scolymia cubensis,"alcachofa de mar (Espanha), artichoke coral, corail coeur d'artichaut (França), solitary disk coral (EUA)",NE,DD,0,0.05303120038164598,0,0,0,0,0,0,1,0,1,0,0,0,0,0,0,1,0,1,0,0,1,0,1,1,1,0.0
Crossodactylus gaudichaudii,Rãzinha-de-riacho,NE,LC,0,0.05218948148123494,0,1,0,0,0,0,0,0,0,1,0,0,1,0,1,0,0,0,0,0,0,0,0,0,0,0.0
Scinax onca,Não Informado,NE,LC,0,0.051985823166438315,1,0,1,0,0,0,0,1,0,0,0,1,1,0,0,1,0,1,1,0,0,1,0,0,0,0.0
Chalinula molitba,Esponja,NE,LC,0,0.051827475342313065,0,0,0,0,0,0,1,0,1,1,0,0,0,0,0,1,0,0,1,0,1,0,0,0,0,0.0
Cliona varians,Esponja,NE,LC,0,0.051827475342313065,0,0,0,0,0,0,1,0,1,1,0,0,0,0,0,1,0,0,1,0,1,0,0,0,0,0.0
Bathelia candida,Não Informado,NE,LC,0,0.04946073568413806,0,0,0,0,0,0,1,0,0,0,1,0,0,0,0,1,0,0,1,1,1,0,0,0,0,0.0
Ophiocoma echinata,Não Informado,NE,LC,0,0.04862575937750795,0,0,0,0,0,0,1,0,1,1,0,0,0,0,0,1,0,0,1,1,0,0,0,0,0,0.0
Macrothemis valida,"lava-bunda, lavadeira, Libélula",NE,DD,0,0.04794235011106212,0,0,0,0,0,1,0,0,1,0,0,1,1,0,0,0,0,1,0,0,0,1,0,0,0,0.0
Neuraeschna producta,Libélula,NE,LC,0,0.04762368732905345,1,0,0,0,0,0,0,1,0,0,0,0,0,0,0,1,1,1,1,1,0,0,0,0,0,0.0
Oligoclada waikinimae,Libélula,NE,DD,0,0.04762368732905345,1,0,0,0,0,0,0,1,0,0,0,0,0,0,0,1,1,1,1,1,0,0,0,0,0,0.0
Vitta virginea,Aruá-do-mangue,NE,LC,0,0.047479513312273375,0,0,0,0,0,0,1,1,1,1,1,0,0,0,0,1,1,0,0,0,0,0,0,1,0,0.0
Clathria campecheae,Esponja,NE,LC,0,0.04656732163406785,0,0,0,0,0,0,1,0,0,1,0,0,0,0,0,1,0,1,1,0,0,0,0,0,0,0.0
Hyla imitator,Não Informado,NE,DD,0,0.04651473782299273,1,0,0,0,0,0,0,1,0,0,0,0,1,0,0,0,1,0,0,0,0,0,0,0,0,0.0
Natica marochiensis,"Caramujo-da-lua, Concha-da-lua",NE,LC,0,0.04592083695196653,0,0,0,0,0,0,1,1,1,1,0,0,0,0,0,1,1,0,0,0,0,1,0,1,0,0.0
Natica livida,"Caramujo-da-lua, Concha-da-lua",NE,LC,0,0.04592083695196653,0,0,0,0,0,0,1,1,1,1,0,0,0,0,0,1,1,0,0,0,0,1,0,1,0,0.0
Anodontites tenebricosa,Marisco de água doce,NE,LC,0,0.04591991139199959,0,1,1,0,0,0,0,0,0,1,1,1,0,0,0,1,0,1,1,0,0,0,1,0,0,0.0
Ypirangathemis calverti,Libélula,NE,LC,0,0.04570886077419812,1,1,0,0,0,0,0,1,0,1,0,0,0,0,0,1,1,1,1,0,0,0,0,0,0,0.0
Erythrodiplax tenuis,"lava-bunda, lavadeira, Libélula",NE,DD,0,0.04570886077419812,1,1,0,0,0,0,0,1,0,1,0,0,0,0,0,1,1,1,1,0,0,0,0,0,0,0.0
Leptodactylus riveroi,Não Informado,NE,LC,0,0.04555689651513744,1,0,0,0,0,0,0,1,0,0,0,0,0,0,0,1,1,1,0,1,0,0,0,0,0,0.0
Ranitomeya variabilis,Zimmermann's Poison Frog,NE,LC,0,0.04555689651513744,1,0,0,0,0,0,0,1,0,0,0,0,0,0,0,1,1,1,0,1,0,0,0,0,0,0.0
Chiasmocleis royi,Não Informado,NE,LC,0,0.04555689651513744,1,0,0,0,0,0,0,1,0,0,0,0,0,0,0,1,1,1,0,1,0,0,0,0,0,0.0
Ranitomeya uakarii,Não Informado,NE,LC,0,0.04555689651513744,1,0,0,0,0,0,0,1,0,0,0,0,0,0,0,1,1,1,0,1,0,0,0,0,0,0.0
Leptodactylus myersi,Não Informado,NE,LC,0,0.04555689651513744,1,0,0,0,0,0,0,1,0,0,0,0,0,0,0,1,1,1,0,1,0,0,0,0,0,0.0
Chiasmocleis hudsoni,Não Informado,NE,LC,0,0.04555689651513744,1,0,0,0,0,0,0,1,0,0,0,0,0,0,0,1,1,1,0,1,0,0,0,0,0,0.0
Physalaemus henselii,Não Informado,NE,LC,0,0.045202774424991585,0,1,0,0,1,0,0,0,0,0,1,0,0,0,0,1,0,1,0,0,0,0,0,1,0,0.0
Cymatium femorale,Não Informado,NE,DD,0,0.04516142208328821,0,0,0,0,0,0,1,0,1,0,1,0,0,0,1,0,1,0,1,1,0,0,0,0,0,0.0
Hermanella guttata,Efemérida,NE,DD,0,0.04515082637304353,0,1,0,0,0,0,0,0,0,0,1,0,0,0,0,1,0,1,0,0,0,0,0,0,0,0.0
Odontophrynus maisuma,Não Informado,NE,LC,0,0.04515082637304353,0,1,0,0,1,0,0,0,0,0,1,0,0,0,0,1,0,1,0,0,0,0,0,0,0,0.0
Octopus insularis,Não Informado,NE,LC,0,0.043361805488984266,0,1,0,0,0,0,1,1,1,1,0,0,0,0,0,1,0,0,0,1,0,0,0,0,0,0.0
Dendrophryniscus organensis,Não Informado,NE,LC,0,0.04311662406660687,0,1,0,0,0,0,0,0,0,1,0,0,1,0,0,0,0,0,0,0,0,1,1,0,0,0.0
Heteromeyenia insignis,Não Informado,NE,LC,0,0.04304569189793942,0,1,0,0,1,0,0,0,0,0,1,0,1,0,0,0,0,0,0,0,0,0,0,1,0,0.0
Elachistocleis muiraquitan,Não Informado,NE,LC,0,0.04144606816803911,1,0,0,0,0,0,0,1,0,0,0,0,0,0,0,1,1,0,0,0,0,0,0,0,0,0.0
Ameerega macero,Não Informado,NE,LC,0,0.04144606816803911,1,0,0,0,0,0,0,1,0,0,0,0,0,0,0,1,1,0,0,0,0,0,0,0,0,0.0
Pristimantis latro,Não Informado,NE,LC,0,0.040794729886770714,1,0,0,0,0,0,0,1,0,0,0,1,1,0,0,1,0,1,0,0,0,1,0,0,0,0.0
Idiataphe cubensis,Libélula,NE,LC,0,0.039533200981182855,1,1,1,0,0,0,0,1,1,0,0,1,0,0,0,1,1,0,1,0,0,0,0,0,0,0.0
Vallentinia gabriellae,Não Informado,NE,LC,0,0.039088140933013465,0,0,0,0,0,0,1,0,0,1,0,0,0,0,0,1,0,0,0,0,0,0,0,0,0,0.0
Calvadosia capensis,Não Informado,NE,DD,0,0.039088140933013465,0,0,0,0,0,0,1,0,0,1,0,0,0,0,0,1,0,0,0,0,0,0,0,0,0,0.0
Eucidaris tribuloides,"ouriço-lápis, ouriço-satélite",NE,LC,0,0.03903107866114059,0,0,0,0,0,0,1,1,1,1,1,0,0,0,0,1,0,0,1,1,1,0,0,1,0,0.0
Cliona celata,Esponja,NE,LC,0,0.03859735570825255,0,0,0,0,0,0,1,0,1,1,1,0,0,0,0,1,0,0,1,0,1,0,0,0,0,0.0
Argyrotheca cuneata,Não Informado,NE,LC,0,0.03804965491318229,0,0,0,0,0,0,1,0,0,1,0,0,0,0,0,0,0,0,1,1,0,0,0,1,0,0.0
Cruziohyla craspedopus,Não Informado,NE,LC,0,0.037346519827148816,1,0,0,0,0,0,0,1,0,0,0,1,0,0,0,1,1,1,0,1,0,0,0,0,0,0.0
Leptodactylus rhodomystax,Não Informado,NE,LC,0,0.037346519827148816,1,0,0,0,0,0,0,1,0,0,0,1,0,0,0,1,1,1,0,1,0,0,0,0,0,0.0
Oreophrynella weiassipuensis,Não Informado,NE,LC,0,0.03690075539438596,1,0,0,0,0,0,0,1,0,0,0,0,0,0,0,1,1,0,0,0,0,0,0,0,1,0.0
Callinectes danae,Não Informado,NE,LC,0,0.03595305139136404,0,0,0,0,0,0,1,1,1,1,1,0,0,0,0,0,1,0,1,1,1,0,0,0,0,0.0
Aphylla brevipes,"lava-bunda, lavadeira, Libélula",NE,DD,0,0.03552131371102659,1,0,0,0,0,0,0,1,0,0,0,0,0,0,0,1,1,0,0,0,0,0,0,1,0,0.0
Darwinella muelleri,Esponja,NE,DD,0,0.03535714673872673,0,0,0,0,0,0,1,0,0,1,1,0,0,0,0,1,0,0,0,0,0,0,0,1,0,0.0
Hemiphractus helioi,Não Informado,NE,LC,0,0.03484615992993018,1,0,0,0,0,0,0,1,0,0,0,0,0,0,0,1,1,1,0,0,0,0,0,0,0,0.0
Dendropsophus kamagarini,Não Informado,NE,LC,0,0.03484615992993018,1,0,0,0,0,0,0,1,0,0,0,0,0,0,0,1,1,1,0,0,0,0,0,0,0,0.0
Dendropsophus pauiniensis,Não Informado,NE,LC,0,0.03484615992993018,1,0,0,0,0,0,0,1,0,0,0,0,0,0,0,1,1,1,0,0,0,0,0,0,0,0.0
Scinax madeirae,Não Informado,NE,LC,0,0.03484615992993018,1,0,0,0,0,0,0,1,0,0,0,0,0,0,0,1,1,1,0,0,0,0,0,0,0,0.0
Dendropsophus salli,Não Informado,NE,LC,0,0.03484615992993018,1,0,0,0,0,0,0,1,0,0,0,0,0,0,0,1,1,1,0,0,0,0,0,0,0,0.0
Tepuihyla tuberculosa,Canelos Treefrog,NE,LC,0,0.03484615992993018,1,0,0,0,0,0,0,1,0,0,0,0,0,0,0,1,1,1,0,0,0,0,0,0,0,0.0
Dendropsophus joannae,Não Informado,NE,LC,0,0.03484615992993018,1,0,0,0,0,0,0,1,0,0,0,0,0,0,0,1,1,1,0,0,0,0,0,0,0,0.0
Platidia anomioides,Não Informado,NE,LC,0,0.034659264522791895,0,0,0,0,0,0,1,0,0,1,0,0,0,0,0,0,0,0,1,1,0,0,0,0,0,0.0
Elachistocleis magna,Não Informado,NE,LC,0,0.034394951009320905,1,0,1,0,0,1,0,1,0,0,0,1,1,0,0,1,0,0,0,0,0,1,0,0,0,0.0
Anodontites crispata,Concha-rasteirinha,NE,DD,0,0.03410353553382039,1,0,1,0,0,0,0,1,0,0,0,1,0,0,0,1,1,0,0,0,0,1,1,0,1,0.0
Perissolestes paprzyckii,Libélula,NE,LC,0,0.033443012723147716,1,0,0,0,0,0,0,1,0,0,0,0,0,0,0,1,0,1,0,1,0,0,0,1,0,0.0
Littoraria angulifera,Não Informado,NE,LC,0,0.03308244418253928,0,0,0,0,0,0,1,1,1,1,1,0,0,0,0,1,1,0,0,0,0,1,0,1,0,0.0
Enallopsammia rostrata,Não Informado,NE,LC,0,0.03254114914915842,0,0,0,0,0,0,1,0,0,1,1,0,0,0,0,0,0,1,1,1,0,0,0,0,0,0.0
Ameerega trivittata,Não Informado,NE,LC,0,0.032479623239639,1,0,1,0,0,0,0,1,1,0,0,0,0,0,0,0,0,1,0,1,0,0,0,0,0,0.0
Panulirus meripurpuratus,Não Informado,NE,DD,0,0.03240712677858152,0,0,0,0,0,0,1,1,1,1,1,0,1,1,1,0,0,0,0,0,0,0,0,0,0,0.0
Aegla marginata,Egla,NE,LC,0,0.03220337598021252,0,1,0,0,0,0,0,0,0,0,1,0,1,0,1,0,0,0,0,0,0,0,0,0,0,0.0
Desmophyllum dianthus,Não Informado,NE,LC,0,0.03148804193082117,0,0,0,0,0,0,1,0,0,1,1,0,0,0,0,1,0,0,0,0,0,0,0,0,1,0.0
Adelophryne michelin,Rãzinha-pulga-da-Michelin,NE,LC,0,0.03135928934529141,0,1,0,0,0,0,0,0,1,0,0,0,1,0,0,0,0,0,0,0,0,1,0,0,0,0.0
Telebasis divaricata,Libélula,NE,LC,0,0.030842471862762923,1,0,1,0,0,0,0,1,0,0,0,0,1,0,0,0,0,1,0,0,0,1,0,0,0,0.0
Acanthoptilum agassizii,Não Informado,NE,LC,0,0.03080437883326202,0,0,0,0,0,0,1,1,0,1,0,0,0,0,0,0,0,0,1,1,1,0,0,0,0,0.0
Echinometra lucunter,ouriço-do-mar,NE,LC,0,0.0307363204733413,0,0,0,0,0,0,1,0,1,1,1,0,0,0,0,0,0,1,1,1,0,0,0,0,0,0.0
Desmophyllum pertusum,Não Informado,NE,LC,0,0.0307363204733413,0,0,0,0,0,0,1,0,1,1,1,0,0,0,0,0,0,1,1,1,0,0,0,0,0,0.0
Perithemis parzefalli,Libélula,NE,LC,0,0.030694932080927276,1,0,1,0,0,0,0,1,0,0,0,1,0,0,0,1,1,1,1,0,0,0,0,0,0,0.0
Nephepeltia leonardina,Libélula,NE,LC,0,0.030694932080927276,1,0,1,0,0,0,0,1,0,0,0,1,0,0,0,1,1,1,1,0,0,0,0,0,0,0.0
Telebasis abuna,Libélula,NE,LC,0,0.030694932080927276,1,0,1,0,0,0,0,1,0,0,0,1,0,0,0,1,1,1,1,0,0,0,0,0,0,0.0
Oxyagrion egleri,Libélula,NE,DD,0,0.030265770767101793,1,0,0,0,0,0,0,1,0,0,0,0,0,0,0,1,0,0,0,0,0,0,0,1,0,0.0
Madracis decactis,Não Informado,NE,LC,0,0.030036353410239323,0,0,0,0,0,0,1,1,1,1,1,0,0,0,0,1,0,1,0,1,0,1,1,0,0,0.0
Octopus americanus,polvo comum,NE,LC,0,0.029745584138244047,0,1,0,0,0,0,1,1,1,1,1,0,0,0,1,1,0,0,1,1,0,0,0,0,0,0.0
Dryaderces inframaculata,Não Informado,NE,LC,0,0.029496480478624,1,0,0,0,0,0,0,1,0,0,0,1,1,0,0,1,0,1,0,0,0,0,0,0,0,0.0
Adelphobates castaneoticus,Não Informado,NE,LC,0,0.029496480478624,1,0,0,0,0,0,0,1,0,0,0,1,1,0,0,1,0,1,0,0,0,0,0,0,0,0.0
Ameerega munduruku,Não Informado,NE,LC,0,0.029496480478624,1,0,0,0,0,0,0,1,0,0,0,1,1,0,0,1,0,1,0,0,0,0,0,0,0,0.0
Ophioderma cinerea,Não Informado,NE,LC,0,0.029151815700534225,0,0,0,0,0,0,1,0,1,1,0,0,0,0,0,1,0,0,0,1,0,0,0,0,1,0.0
Favia gravida,Não Informado,NE,LC,0,0.028771768390380134,0,0,0,0,0,0,1,1,1,1,0,0,0,0,0,1,0,0,0,1,1,1,1,0,1,0.0
Bartlettia stefanensis,ostra-de-rio,NE,DD,0,0.02877002619931078,0,0,1,0,0,0,0,0,0,0,0,1,0,0,0,1,0,1,0,0,0,0,1,0,0,0.0
Siderastrea siderea,"corail starlette massif (França), coral estrellita macizo (Espanha), massive starlet coral (EUA)",NE,DD,0,0.02859797496276066,0,0,0,0,0,0,1,0,1,0,0,0,0,0,0,1,0,0,0,1,1,0,0,1,1,0.0
Phyllogomphoides angularis,Libélula,NE,LC,0,0.028235348773047272,1,0,0,0,0,0,0,1,0,0,0,0,0,0,0,0,1,1,1,0,0,0,0,0,0,0.0
Diplodon granosus,Marisco de água doce,NE,DD,0,0.028031302862521236,1,0,0,0,0,0,0,1,0,0,0,0,0,0,0,1,0,1,0,0,0,0,1,0,0,0.0
Leptodactylus labyrinthicus,Não Informado,NE,LC,0,0.02762218963831867,1,1,1,1,1,1,0,1,1,1,1,1,0,0,0,1,0,0,0,1,0,0,0,0,0,0.0
Ascaltis poterium,Esponja,NE,DD,0,0.027383320101090583,0,0,0,0,0,0,1,0,1,0,0,0,0,0,0,0,0,1,0,0,0,1,0,0,0,0.0
Penaeus notialis,Não Informado,NE,LC,0,0.027171670995670992,0,0,0,0,0,0,1,1,1,0,0,0,0,0,1,0,0,0,0,0,0,0,0,0,0,0.0
Campylocia anceps,Efemérida,NE,LC,0,0.027082010063812636,1,0,1,0,0,0,0,1,1,0,0,1,0,0,0,0,1,1,0,0,0,0,0,1,0,0.0
Astropyga magnifica,ouriço-gigante-do-caribe,NE,LC,0,0.026760636831094486,0,0,0,0,0,0,1,0,1,1,1,0,0,0,0,1,0,0,0,1,0,0,0,0,0,0.0
Hemipodia californiensis,"Bicha-da-praia, Minhoca-da-praia",NE,LC,0,0.026760636831094486,0,0,0,0,0,0,1,0,1,1,1,0,0,0,0,1,0,0,0,1,0,0,0,0,0,0.0
Turbinella laevigata,Não Informado,NE,LC,0,0.02567825875422077,0,0,0,0,0,0,1,1,1,1,0,0,0,0,0,1,0,0,0,1,1,1,0,1,0,0.0
Epipleoneura haroldoi,Libélula,NE,LC,0,0.02560790843349797,1,0,0,0,0,0,0,1,0,0,0,1,0,0,0,1,0,1,0,1,0,0,0,0,0,0.0
Diodogorgia nodulifera,Não Informado,NE,LC,0,0.02482186754291237,0,0,0,0,0,0,1,1,1,0,0,0,0,0,0,1,0,0,1,1,0,0,0,0,0,0.0
Halichondria tenebrica,Esponja,VU,LC,0,0.02469127274160098,0,0,0,0,0,0,1,0,0,1,0,0,1,0,0,0,0,0,0,0,0,0,0,0,0,1.0
Boana alfaroi,Perereca-do-Alfaroi,NE,DD,0,0.024571477605066692,1,0,0,0,0,0,0,1,0,0,0,0,0,0,0,1,0,0,0,0,0,0,0,0,0,0.0
Allobates sumtuosus,Não Informado,NE,LC,0,0.024571477605066692,1,0,0,0,0,0,0,1,0,0,0,0,0,0,0,1,0,0,0,0,0,0,0,0,0,0.0
Bromeliagrion rehni,"Agulhinha, Donzelinha, Donzelinha das bromélias, Lava-bunda, Lavadeira, Libélula, Libélula das bromélias",NE,LC,0,0.024571477605066692,1,0,0,0,0,0,0,1,0,0,0,0,0,0,0,1,0,0,0,0,0,0,0,0,0,0.0
Pristimantis zimmermanae,Não Informado,NE,LC,0,0.024571477605066692,1,0,0,0,0,0,0,1,0,0,0,0,0,0,0,1,0,0,0,0,0,0,0,0,0,0.0
Argia impura,"agulhinha, donzelinha, lava-bunda, lavadeira, Libélula",NE,LC,0,0.024571477605066692,1,0,0,0,0,0,0,1,0,0,0,0,0,0,0,1,0,0,0,0,0,0,0,0,0,0.0
Stelletta soteropolitana,Esponja,NE,DD,0,0.024159755397296024,0,0,0,0,0,0,1,0,1,0,0,0,1,0,0,0,0,0,0,0,0,0,0,1,0,0.0
Strongylacidon solangeae,Esponja,NE,DD,0,0.024159755397296024,0,0,0,0,0,0,1,0,1,0,0,0,1,0,0,0,0,0,0,0,0,0,0,1,0,0.0
Anodontites trapezea,Marisco-de-água-doce,NE,DD,0,0.023897434132494642,0,1,1,1,1,1,0,0,1,1,1,1,0,0,0,1,0,1,1,0,0,0,1,0,0,0.0
Montastraea cavernosa,Não Informado,NE,LC,0,0.022891557483468508,0,0,0,0,0,0,1,1,1,1,0,0,0,0,0,1,0,0,0,1,0,1,0,0,1,0.0
Craniella crustocorticata,Não Informado,NE,LC,0,0.02215138884698136,0,0,0,0,0,0,1,0,1,1,0,0,0,0,0,1,0,1,0,0,0,0,0,0,0,0.0
Plakinastrella microspiculifera,Esponja,NE,LC,0,0.02215138884698136,0,0,0,0,0,0,1,0,1,1,0,0,0,0,0,1,0,1,0,0,0,0,0,0,0,0.0
Cinachyrella alloclada,Esponja,NE,LC,0,0.02215138884698136,0,0,0,0,0,0,1,0,1,1,0,0,0,0,0,1,0,1,0,0,0,0,0,0,0,0.0
Hyalinobatrachium cappellei,Não Informado,NE,LC,0,0.021943062868264057,1,0,0,0,0,0,0,1,0,0,0,1,0,0,0,1,1,1,0,0,0,0,0,0,0,0.0
Callyspongia tenerrima,Esponja,NE,LC,0,0.021724038419630935,0,0,0,0,0,0,1,0,1,0,0,0,0,0,0,1,0,1,0,0,0,0,0,0,0,0.0
Didiscus oxeatus,Esponja,NE,LC,0,0.021724038419630935,0,0,0,0,0,0,1,0,1,0,0,0,0,0,0,1,0,1,0,0,0,0,0,0,0,0.0
Agelas sceptrum,Esponja,NE,LC,0,0.021724038419630935,0,0,0,0,0,0,1,0,1,0,0,0,0,0,0,1,0,1,0,0,0,0,0,0,0,0.0
Pseudopalaemon bouvieri,Não Informado,NE,DD,0,0.021621129295200082,0,1,0,0,1,0,0,0,0,0,1,0,0,0,0,0,0,1,1,0,1,0,0,1,0,0.0
Americabaetis mecistognathus,Efemérida,NE,LC,0,0.021584617680414336,0,1,0,0,0,0,0,0,0,0,1,0,0,0,0,0,0,1,0,0,0,0,0,1,0,0.0
Zoanthus sociatus,Não Informado,NE,LC,0,0.020735728978612592,0,0,0,0,0,0,1,0,1,1,0,0,0,0,0,1,0,1,0,0,0,0,0,0,1,0.0
Solenosmilia variabilis,Não Informado,NE,LC,0,0.020735728978612592,0,0,0,0,0,0,1,0,1,1,1,0,0,0,0,1,0,1,0,0,0,0,0,0,1,0.0
Acanthella flagelliformis,Esponja,NE,LC,0,0.020697464502109048,0,0,0,0,0,0,1,0,0,1,0,0,0,0,0,1,0,1,0,0,0,0,0,0,0,0.0
Farrea herdendorfi,Esponja,NE,DD,0,0.020697464502109048,0,0,0,0,0,0,1,0,0,1,0,0,0,0,0,1,0,1,0,0,0,0,0,0,0,0.0
Farrea occa,Esponja,NE,LC,0,0.020697464502109048,0,0,0,0,0,0,1,0,0,1,0,0,0,0,0,1,0,1,0,0,0,0,0,0,0,0.0
Limnetron debile,Libélula,NE,LC,0,0.02068062278146343,0,1,1,0,1,0,0,0,0,1,1,0,1,0,0,0,0,0,0,0,0,0,0,0,0,0.0
Progomphus costalis,Libélula,NE,LC,0,0.02068062278146343,0,1,1,0,1,0,0,0,0,1,1,0,1,0,0,0,0,0,0,0,0,0,0,0,0,0.0
Scinax rizibilis,Não Informado,NE,LC,0,0.02068062278146343,0,1,1,0,0,0,0,0,0,1,1,0,1,0,0,0,0,0,0,0,0,0,0,0,0,0.0
Progomphus gracilis,Libélula,NE,LC,0,0.02068062278146343,0,1,1,0,0,0,0,0,0,1,1,0,1,0,0,0,0,0,0,0,0,0,0,0,0,0.0
Dendrophryniscus leucomystax,Não Informado,NE,LC,0,0.02068062278146343,0,1,1,0,0,0,0,0,0,1,1,0,1,0,0,0,0,0,0,0,0,0,0,0,0,0.0
Chiasmocleis leucosticta,Rãzinha-da-mata,NE,LC,0,0.02068062278146343,0,1,1,0,0,0,0,0,0,1,1,0,1,0,0,0,0,0,0,0,0,0,0,0,0,0.0
Macrobrachium iheringi,Pitu,NE,LC,0,0.02068062278146343,0,1,1,0,0,0,0,0,0,1,1,0,1,0,0,0,0,0,0,0,0,0,0,0,0,0.0
Boana prasina,Perereca,NE,LC,0,0.02068062278146343,0,1,1,0,0,0,0,0,0,1,1,0,1,0,0,0,0,0,0,0,0,0,0,0,0,0.0
Physalaemus olfersii,Rãzinha-rangedora,NE,LC,0,0.02068062278146343,0,1,1,0,0,0,0,0,0,1,1,0,1,0,0,0,0,0,0,0,0,0,0,0,0,0.0
Rhionaeschna punctata,Libélula,NE,LC,0,0.02068062278146343,0,1,1,0,1,0,0,0,0,1,1,0,1,0,0,0,0,0,0,0,0,0,0,0,0,0.0
Eledone massyae,polvo-saquinho,NE,LC,0,0.019976241485387826,0,0,0,0,0,0,1,0,0,1,1,0,0,0,0,0,0,0,1,1,1,0,0,0,0,0.0
Ischnocnema juipoca,Rãzinha-do-folhiço,NE,LC,0,0.019677646590987242,0,1,1,0,0,0,0,0,0,1,0,0,1,0,0,0,0,0,0,0,0,0,0,0,0,0.0
Crossodactylus trachystomus,Não Informado,NE,LC,0,0.019677646590987242,0,1,1,0,0,0,0,0,0,1,0,0,1,0,0,0,0,0,0,0,0,0,0,0,0,0.0
Callibaetis imperator,Efemérida,NE,LC,0,0.019677646590987242,0,1,1,0,0,0,0,0,0,1,0,0,1,0,0,0,0,0,0,0,0,0,0,0,0,0.0
Boana botumirim,Não Informado,NE,LC,0,0.019677646590987242,0,1,1,0,0,0,0,0,0,1,0,0,1,0,0,0,0,0,0,0,0,0,0,0,0,0.0
Bokermannohyla nanuzae,Não Informado,NE,LC,0,0.019677646590987242,0,1,1,0,0,0,0,0,0,1,0,0,1,0,0,0,0,0,0,0,0,0,0,0,0,0.0
Boana polytaenia,Perereca-de-pijama,NE,LC,0,0.019677646590987242,0,1,1,0,0,0,0,0,0,1,0,0,1,0,0,0,0,0,0,0,0,0,0,0,0,0.0
Scinax carnevallii,Não Informado,NE,LC,0,0.019677646590987242,0,1,1,0,0,0,0,0,0,1,0,0,1,0,0,0,0,0,0,0,0,0,0,0,0,0.0
Scinax machadoi,Não Informado,NE,LC,0,0.019677646590987242,0,1,1,0,0,0,0,0,0,1,0,0,1,0,0,0,0,0,0,0,0,0,0,0,0,0.0
Scinax hiemalis,Perereca-de-inverno,NE,LC,0,0.019677646590987242,0,1,1,0,0,0,0,0,0,1,0,0,1,0,0,0,0,0,0,0,0,0,0,0,0,0.0
Scinax curicica,Perereca-Curicica,NE,LC,0,0.019677646590987242,0,1,1,0,0,0,0,0,0,1,0,0,1,0,0,0,0,0,0,0,0,0,0,0,0,0.0
Scinax longilineus,Não Informado,NE,LC,0,0.019677646590987242,0,1,1,0,0,0,0,0,0,1,0,0,1,0,0,0,0,0,0,0,0,0,0,0,0,0.0
Scinax hayii,"Hay's Snouted Treefrog, Perereca-de-banheiro",NE,LC,0,0.019677646590987242,0,1,1,0,0,0,0,0,0,1,0,0,1,0,0,0,0,0,0,0,0,0,0,0,0,0.0
Thoropa megatympanum,Rã-do-paredão,NE,LC,0,0.019677646590987242,0,1,1,0,0,0,0,0,0,1,0,0,1,0,0,0,0,0,0,0,0,0,0,0,0,0.0
Pseudopaludicola murundu,Não Informado,NE,LC,0,0.019677646590987242,0,1,1,0,0,0,0,0,0,1,0,0,1,0,0,0,0,0,0,0,0,0,0,0,0,0.0
Boana cipoensis,Perereca-de-pijama-da-Serra-do-Cipó,NE,LC,0,0.019677646590987242,0,1,1,0,0,0,0,0,0,1,0,0,1,0,0,0,0,0,0,0,0,0,0,0,0,0.0
Boana stenocephala,Perereca-de-pijama-de-cabeça-estreita,NE,LC,0,0.019677646590987242,0,1,1,0,0,0,0,0,0,1,0,0,1,0,0,0,0,0,0,0,0,0,0,0,0,0.0
Physalaemus deimaticus,Não Informado,NE,LC,0,0.019677646590987242,0,1,1,0,0,0,0,0,0,1,0,0,1,0,0,0,0,0,0,0,0,0,0,0,0,0.0
Physalaemus evangelistai,Rã-do-Evangelista,NE,LC,0,0.019677646590987242,0,1,1,0,0,0,0,0,0,1,0,0,1,0,0,0,0,0,0,0,0,0,0,0,0,0.0
Askola paprockii,Efemérida,NE,LC,0,0.019677646590987242,0,1,1,0,0,0,0,0,0,1,0,0,1,0,0,0,0,0,0,0,0,0,0,0,0,0.0
Narcissia trigonaria,estrela-do-mar,NE,LC,0,0.019561518667358082,0,0,0,0,0,0,1,0,1,1,1,0,0,0,0,0,0,0,1,1,0,0,0,1,0,0.0
Astropecten cingulatus,estrela-do-mar,NE,LC,0,0.01926917389923583,0,0,0,0,0,0,1,0,1,1,1,0,0,0,0,1,0,0,1,1,1,0,0,1,0,0.0
Aeschnosoma elegans,"lava-bunda, lavadeira, Libélula",NE,LC,0,0.01907528879608094,1,0,0,0,0,0,0,1,0,0,0,0,0,0,0,1,0,1,0,0,0,0,0,0,0,0.0
Metaleptobasis quadricornis,"agulhinha, donzelinha, lava-bunda, lavadeira, Libélula",NE,LC,0,0.01907528879608094,1,0,0,0,0,0,0,1,0,0,0,0,0,0,0,1,0,1,0,0,0,0,0,0,0,0.0
Dendropsophus sarayacuensis,Shreve's Sarayacu Treefrog,NE,LC,0,0.01907528879608094,1,0,0,0,0,0,0,1,0,0,0,0,0,0,0,1,0,1,0,0,0,0,0,0,0,0.0
Dendropsophus schubarti,Schubart's Rondonia Treefrog,NE,LC,0,0.01907528879608094,1,0,0,0,0,0,0,1,0,0,0,0,0,0,0,1,0,1,0,0,0,0,0,0,0,0.0
Perithemis cornelia,Libélula,NE,LC,0,0.01907528879608094,1,0,0,0,0,0,0,1,0,0,0,0,0,0,0,1,0,1,0,0,0,0,0,0,0,0.0
Acanthallagma caeruleum,"agulhinha, donzelinha, lava-bunda, lavadeira, Libélula",NE,LC,0,0.01907528879608094,1,0,0,0,0,0,0,1,0,0,0,0,0,0,0,1,0,1,0,0,0,0,0,0,0,0.0
Hydrolaetare caparu,Não Informado,NE,LC,0,0.01907528879608094,1,0,0,0,0,0,0,1,0,0,0,0,0,0,0,1,0,1,0,0,0,0,0,0,0,0.0
Elachistocleis surinamensis,Não Informado,NE,LC,0,0.01907528879608094,1,0,0,0,0,0,0,1,0,0,0,0,0,0,0,1,0,1,0,0,0,0,0,0,0,0.0
Zoanthus pulchellus,Não Informado,NE,LC,0,0.019013525115020004,0,0,0,0,0,0,1,0,1,1,0,0,0,0,0,1,0,0,0,0,0,0,1,0,1,0.0
Zoanthus solanderi,Não Informado,NE,LC,0,0.019013525115020004,0,0,0,0,0,0,1,0,1,1,0,0,0,0,0,1,0,0,0,0,0,0,1,0,1,0.0
Luidia alternata,estrela-do-mar,NE,LC,0,0.019005599764220456,0,0,0,0,0,0,1,1,1,1,0,0,0,0,0,0,0,0,1,1,1,0,0,0,0,0.0
Physalaemus maculiventris,Rãzinha-do-folhiço,NE,LC,0,0.018984955040682913,0,1,0,0,0,0,0,0,0,1,1,0,1,0,0,0,0,0,0,0,0,0,0,0,0,0.0
Progomphus virginiae,Libélula,NE,LC,0,0.018984955040682913,0,1,0,0,0,0,0,0,0,1,1,0,1,0,0,0,0,0,0,0,0,0,0,0,0,0.0
Hylodes cardosoi,Não Informado,NE,LC,0,0.018984955040682913,0,1,0,0,0,0,0,0,0,1,1,0,1,0,0,0,0,0,0,0,0,0,0,0,0,0.0
Physalaemus lateristriga,Não Informado,NE,LC,0,0.018984955040682913,0,1,0,0,0,0,0,0,0,1,1,0,1,0,0,0,0,0,0,0,0,0,0,0,0,0.0
Phyllomedusa distincta,Perereca-das-folhagens,NE,LC,0,0.018984955040682913,0,1,0,0,0,0,0,0,0,1,1,0,1,0,0,0,0,0,0,0,0,0,0,0,0,0.0
Aplastodiscus ehrhardti,Perereca,NE,LC,0,0.018984955040682913,0,1,0,0,0,0,0,0,0,1,1,0,1,0,0,0,0,0,0,0,0,0,0,0,0,0.0
Callibaetis capixaba,Efemérida,NE,LC,0,0.018984955040682913,0,1,0,0,0,0,0,0,0,1,1,0,1,0,0,0,0,0,0,0,0,0,0,0,0,0.0
Mnesarete borchgravii,Libélula,NE,LC,0,0.018984955040682913,0,1,0,0,0,0,0,0,0,1,1,0,1,0,0,0,0,0,0,0,0,0,0,0,0,0.0
Physalaemus spiniger,"Iguape Dwarf Frog, Rãzinha-do-folhiço",NE,LC,0,0.018984955040682913,0,1,0,0,0,0,0,0,0,1,1,0,1,0,0,0,0,0,0,0,0,0,0,0,0,0.0
Alainia microdiscus,Perereca-marsupial,NE,LC,0,0.018984955040682913,0,1,0,0,0,0,0,0,0,1,1,0,1,0,0,0,0,0,0,0,0,0,0,0,0,0.0
Dendrophryniscus berthalutzae,Sapinho-de-bromélia,NE,LC,0,0.018984955040682913,0,1,0,0,0,0,0,0,0,1,1,0,1,0,0,0,0,0,0,0,0,0,0,0,0,0.0
Leptodactylus notoaktites,Rãnzinha-pingo-de-chuva,NE,LC,0,0.018984955040682913,0,1,0,0,0,0,0,0,0,1,1,0,1,0,0,0,0,0,0,0,0,0,0,0,0,0.0
Peristicta guarellae,Libélula,NE,LC,0,0.018984955040682913,0,1,0,0,0,0,0,0,0,1,1,0,1,0,0,0,0,0,0,0,0,0,0,0,0,0.0
Phrynomedusa appendiculata,Não Informado,NE,LC,0,0.018984955040682913,0,1,0,0,0,0,0,0,0,1,1,0,1,0,0,0,0,0,0,0,0,0,0,0,0,0.0
Massartella alegrettae,Efemérida,NE,LC,0,0.018984955040682913,0,1,0,0,1,0,0,0,0,1,1,0,1,0,0,0,0,0,0,0,0,0,0,0,0,0.0
Miroculis mourei,Efemérida,NE,LC,0,0.018984955040682913,0,1,0,0,0,0,0,0,0,1,1,0,1,0,0,0,0,0,0,0,0,0,0,0,0,0.0
Nyctimantis bokermanni,Não Informado,NE,LC,0,0.018984955040682913,0,1,0,0,0,0,0,0,0,1,1,0,1,0,0,0,0,0,0,0,0,0,0,0,0,0.0
Minagrion mecistogastrum,Libélula,NE,LC,0,0.018984955040682913,0,1,0,0,1,0,0,0,0,1,1,0,1,0,0,0,0,0,0,0,0,0,0,0,0,0.0
Dendropsophus werneri,Pererequinha-de-brejo,NE,LC,0,0.018984955040682913,0,1,0,0,1,0,0,0,0,1,1,0,1,0,0,0,0,0,0,0,0,0,0,0,0,0.0
Phasmahyla guttata,Perereca-das-folhagens,NE,LC,0,0.018984955040682913,0,1,0,0,0,0,0,0,0,1,1,0,1,0,0,0,0,0,0,0,0,0,0,0,0,0.0
Cycloramphus eleutherodactylus,Sapinho-de-riacho,NE,LC,0,0.018984955040682913,0,1,0,0,0,0,0,0,0,1,1,0,1,0,0,0,0,0,0,0,0,0,0,0,0,0.0
Leptodactylus flavopictus,Rã-rajada,NE,LC,0,0.018984955040682913,0,1,0,0,0,0,0,0,0,1,1,0,1,0,0,0,0,0,0,0,0,0,0,0,0,0.0
Sphaenorhynchus surdus,Pererequinha-limão,NE,LC,0,0.018984955040682913,0,1,0,0,0,0,0,0,0,1,1,0,1,0,0,0,0,0,0,0,0,0,0,0,0,0.0
Scinax tymbamirim,Não Informado,NE,LC,0,0.018984955040682913,0,1,0,0,1,0,0,0,0,1,1,0,1,0,0,0,0,0,0,0,0,0,0,0,0,0.0
Adenomera nana,Rãnzinha-do-folhiço,NE,LC,0,0.018984955040682913,0,1,0,0,0,0,0,0,0,1,1,0,1,0,0,0,0,0,0,0,0,0,0,0,0,0.0
Askola insular,efemérida,NE,LC,0,0.018984955040682913,0,1,0,0,0,0,0,0,0,1,1,0,1,0,0,0,0,0,0,0,0,0,0,0,0,0.0
Rhionaeschna brasiliensis,Libélula,NE,LC,0,0.018984955040682913,0,1,0,0,1,0,0,0,0,1,1,0,1,0,0,0,0,0,0,0,0,0,0,0,0,0.0
Roppaneura beckeri,Libélula,NE,LC,0,0.018984955040682913,0,1,0,0,0,0,0,0,0,1,1,0,1,0,0,0,0,0,0,0,0,0,0,0,0,0.0
Cycloramphus lutzorum,Rã-da-pedra,NE,LC,0,0.018984955040682913,0,1,0,0,0,0,0,0,0,1,1,0,1,0,0,0,0,0,0,0,0,0,0,0,0,0.0
Scinax imbegue,Não Informado,NE,LC,0,0.018984955040682913,0,1,0,0,0,0,0,0,0,1,1,0,1,0,0,0,0,0,0,0,0,0,0,0,0,0.0
Trichodactylus dentatus,Caranguejo-de-água-doce,NE,LC,0,0.018984955040682913,0,1,0,0,0,0,0,0,0,1,1,0,1,0,0,0,0,0,0,0,0,0,0,0,0,0.0
Trichodactylus petropolitanus,Caranguejo-de-água-doce,NE,LC,0,0.018984955040682913,0,1,0,0,0,0,0,0,0,1,1,0,1,0,0,0,0,0,0,0,0,0,0,0,0,0.0
Rivudiva trichobasis,Efemérida,NE,LC,0,0.018984955040682913,0,1,0,0,1,0,0,0,0,1,1,0,1,0,0,0,0,0,0,0,0,0,0,0,0,0.0
Proceratophrys boiei,"Bahia Smooth Horned Frog, Bioe's Frog, Fry's Smooth Horned Frog, Sapo-de-chifres, White-faced Horned Frog",NE,LC,0,0.018984955040682913,0,1,0,0,0,0,0,0,0,1,1,0,1,0,0,0,0,0,0,0,0,0,0,0,0,0.0
Rhionaeschna decessus,Libélula,NE,LC,0,0.018984955040682913,0,1,0,0,0,0,0,0,0,1,1,0,1,0,0,0,0,0,0,0,0,0,0,0,0,0.0
Oxyagrion santosi,Libélula,NE,LC,0,0.018300960995473885,0,1,1,0,0,0,0,0,0,1,1,1,1,0,0,0,0,0,0,0,0,0,0,0,0,0.0
Oxyagrion simile,Libélula,NE,LC,0,0.018300960995473885,0,1,1,0,1,0,0,0,0,1,1,1,1,0,0,0,0,0,0,0,0,0,0,0,0,0.0
Neocordulia androgynis,Libélula,NE,LC,0,0.018300960995473885,0,1,1,0,0,0,0,0,0,1,1,1,1,0,0,0,0,0,0,0,0,0,0,0,0,0.0
Erythrodiplax gomesi,Libélula,NE,LC,0,0.018300960995473885,0,1,1,0,0,0,0,0,0,1,1,1,1,0,0,0,0,0,0,0,0,0,0,0,0,0.0
Peristicta janiceae,Libélula,NE,LC,0,0.018300960995473885,0,1,1,0,1,0,0,0,0,1,1,1,1,0,0,0,0,0,0,0,0,0,0,0,0,0.0
Heteragrion beschkii,Libélula,NE,LC,0,0.018300960995473885,0,1,1,0,0,0,0,0,0,1,1,1,1,0,0,0,0,0,0,0,0,0,0,0,0,0.0
Proceratophrys brauni,Não Informado,NE,LC,0,0.018210059608483344,0,1,1,0,0,0,0,0,0,0,1,0,1,0,0,0,0,0,0,0,0,0,0,0,0,0.0
Melanophryniscus vilavelhensis,Não Informado,NE,LC,0,0.018210059608483344,0,1,1,0,0,0,0,0,0,0,1,0,1,0,0,0,0,0,0,0,0,0,0,0,0,0.0
Cycloramphus semipalmatus,Não Informado,NE,LC,0,0.017981978850206724,0,1,0,0,0,0,0,0,0,1,0,0,1,0,0,0,0,0,0,0,0,0,0,0,0,0.0
Leptohyphes airuoca,Efemérida,NE,LC,0,0.017981978850206724,0,1,0,0,0,0,0,0,0,1,0,0,1,0,0,0,0,0,0,0,0,0,0,0,0,0.0
Loricyphes froehlichi,Efemérida,NE,LC,0,0.017981978850206724,0,1,0,0,0,0,0,0,0,1,0,0,1,0,0,0,0,0,0,0,0,0,0,0,0,0.0
Cloeodes ioachimi,Efemérida,NE,LC,0,0.017981978850206724,0,1,0,0,0,0,0,0,0,1,0,0,1,0,0,0,0,0,0,0,0,0,0,0,0,0.0
Cloeodes guara,Efemérida,NE,LC,0,0.017981978850206724,0,1,0,0,0,0,0,0,0,1,0,0,1,0,0,0,0,0,0,0,0,0,0,0,0,0.0
Ischnocnema octavioi,Rãzinha-do-folhiço,NE,LC,0,0.017981978850206724,0,1,0,0,0,0,0,0,0,1,0,0,1,0,0,0,0,0,0,0,0,0,0,0,0,0.0
Cloeodes itajara,Efemérida,NE,LC,0,0.017981978850206724,0,1,0,0,0,0,0,0,0,1,0,0,1,0,0,0,0,0,0,0,0,0,0,0,0,0.0
Ischnocnema lactea,Não Informado,NE,LC,0,0.017981978850206724,0,1,0,0,0,0,0,0,0,1,0,0,1,0,0,0,0,0,0,0,0,0,0,0,0,0.0
Cycloramphus juimirim,Sapinho-de-cachoeira,NE,LC,0,0.017981978850206724,0,1,0,0,0,0,0,0,0,1,0,0,1,0,0,0,0,0,0,0,0,0,0,0,0,0.0
Massartella brieni,Efemérida,NE,LC,0,0.017981978850206724,0,1,0,0,0,0,0,0,0,1,0,0,1,0,0,0,0,0,0,0,0,0,0,0,0,0.0
Megaelosia goeldii,Rãzona-de-corredeira,NE,LC,0,0.017981978850206724,0,1,0,0,0,0,0,0,0,1,0,0,1,0,0,0,0,0,0,0,0,0,0,0,0,0.0
Ischnocnema hoehnei,Não Informado,NE,LC,0,0.017981978850206724,0,1,0,0,0,0,0,0,0,1,0,0,1,0,0,0,0,0,0,0,0,0,0,0,0,0.0
Ischnocnema guentheri,"Guenther's Frog, Rã-do-folhiço",NE,LC,0,0.017981978850206724,0,1,0,0,0,0,0,0,0,1,0,0,1,0,0,0,0,0,0,0,0,0,0,0,0,0.0
Ischnocnema gualteri,Não Informado,NE,LC,0,0.017981978850206724,0,1,0,0,0,0,0,0,0,1,0,0,1,0,0,0,0,0,0,0,0,0,0,0,0,0.0
Ischnocnema gehrti,Não Informado,NE,LC,0,0.017981978850206724,0,1,0,0,0,0,0,0,0,1,0,0,1,0,0,0,0,0,0,0,0,0,0,0,0,0.0
Luetkenotyphlus insulanus,"Cecília, Insular Caecilian",NE,LC,0,0.017981978850206724,0,1,0,0,0,0,0,0,0,1,0,0,1,0,0,0,0,0,0,0,0,0,0,0,0,0.0
Cloeodes jaragua,Efemérida,NE,LC,0,0.017981978850206724,0,1,0,0,0,0,0,0,0,1,0,0,1,0,0,0,0,0,0,0,0,0,0,0,0,0.0
Cordulisantosia machadoi,"lava-bunda, lavadeira, Libélula",NE,LC,0,0.017981978850206724,0,1,0,0,0,0,0,0,0,1,0,0,1,0,0,0,0,0,0,0,0,0,0,0,0,0.0
Alainia fulvorufa,Perereca-marsupial,NE,LC,0,0.017981978850206724,0,1,0,0,0,0,0,0,0,1,0,0,1,0,0,0,0,0,0,0,0,0,0,0,0,0.0
Crossodactylus grandis,Rãzinha-de-riacho,NE,LC,0,0.017981978850206724,0,1,0,0,0,0,0,0,0,1,0,0,1,0,0,0,0,0,0,0,0,0,0,0,0,0.0
Leptohyphodes inanis,Efemérida,NE,LC,0,0.017981978850206724,0,1,0,0,0,0,0,0,0,1,0,0,1,0,0,0,0,0,0,0,0,0,0,0,0,0.0
Leptohyphes nebulosus,Efemérida,NE,LC,0,0.017981978850206724,0,1,0,0,0,0,0,0,0,1,0,0,1,0,0,0,0,0,0,0,0,0,0,0,0,0.0
Aegla vanini,Egla,NE,LC,0,0.017981978850206724,0,1,0,0,0,0,0,0,0,1,0,0,1,0,0,0,0,0,0,0,0,0,0,0,0,0.0
Alainia ernestoi,Não Informado,NE,LC,0,0.017981978850206724,0,1,0,0,0,0,0,0,0,1,0,0,1,0,0,0,0,0,0,0,0,0,0,0,0,0.0
Alainia albolineata,White-lined Treefrog,NE,LC,0,0.017981978850206724,0,1,0,0,0,0,0,0,0,1,0,0,1,0,0,0,0,0,0,0,0,0,0,0,0,0.0
Aegla paulensis,Egla,NE,LC,0,0.017981978850206724,0,1,0,0,0,0,0,0,0,1,0,0,1,0,0,0,0,0,0,0,0,0,0,0,0,0.0
Ischnocnema venancioi,Venancio's Robber Frog,NE,LC,0,0.017981978850206724,0,1,0,0,0,0,0,0,0,1,0,0,1,0,0,0,0,0,0,0,0,0,0,0,0,0.0
Ischnocnema spanios,Sao Paulo Robber Frog,NE,LC,0,0.017981978850206724,0,1,0,0,0,0,0,0,0,1,0,0,1,0,0,0,0,0,0,0,0,0,0,0,0,0.0
Fritziana ulei,Não Informado,NE,LC,0,0.017981978850206724,0,1,0,0,0,0,0,0,0,1,0,0,1,0,0,0,0,0,0,0,0,0,0,0,0,0.0
Thraulodes borun,Não Informado,NE,LC,0,0.017981978850206724,0,1,0,0,0,0,0,0,0,1,0,0,1,0,0,0,0,0,0,0,0,0,0,0,0,0.0
Thraulodes jones,"efemérida, siriruia",NE,LC,0,0.017981978850206724,0,1,0,0,0,0,0,0,0,1,0,0,1,0,0,0,0,0,0,0,0,0,0,0,0,0.0
Fredyagrion afonsoi,"Agulhinha, Donzelinha, Donzelinha das bromélias, Lava-bunda, Lavadeira, Libélula, Libélula das bromélias",NE,LC,0,0.017981978850206724,0,1,0,0,0,0,0,0,0,1,0,0,1,0,0,0,0,0,0,0,0,0,0,0,0,0.0
Aegla japi,Egla,NE,LC,0,0.017981978850206724,0,1,0,0,0,0,0,0,0,1,0,0,1,0,0,0,0,0,0,0,0,0,0,0,0,0.0
Thraulodes luisae,"efemérida, siriruia",NE,LC,0,0.017981978850206724,0,1,0,0,0,0,0,0,0,1,0,0,1,0,0,0,0,0,0,0,0,0,0,0,0,0.0
Thraulodes pelicanus,"efemérida, siriruia",NE,LC,0,0.017981978850206724,0,1,0,0,0,0,0,0,0,1,0,0,1,0,0,0,0,0,0,0,0,0,0,0,0,0.0
Aegla quilombola,Não Informado,NE,LC,0,0.017981978850206724,0,1,0,0,0,0,0,0,0,1,0,0,1,0,0,0,0,0,0,0,0,0,0,0,0,0.0
Tupiara ibirapitanga,Efemérida,NE,LC,0,0.017981978850206724,0,1,0,0,0,0,0,0,0,1,0,0,1,0,0,0,0,0,0,0,0,0,0,0,0,0.0
Thraulodes itatiajanus,"efemérida, siriruia",NE,LC,0,0.017981978850206724,0,1,0,0,0,0,0,0,0,1,0,0,1,0,0,0,0,0,0,0,0,0,0,0,0,0.0
Euparkerella brasiliensis,Brazilian Guanabara Frog,NE,LC,0,0.017981978850206724,0,1,0,0,0,0,0,0,0,1,0,0,1,0,0,0,0,0,0,0,0,0,0,0,0,0.0
Euparkerella tridactyla,"Rãzinha-do-folhiço, Three-toed Guanabara Frog",NE,LC,0,0.017981978850206724,0,1,0,0,0,0,0,0,0,1,0,0,1,0,0,0,0,0,0,0,0,0,0,0,0,0.0
Ulmeritoides araponga,"efemérida, siriruia",NE,LC,0,0.017981978850206724,0,1,0,0,0,0,0,0,0,1,0,0,1,0,0,0,0,0,0,0,0,0,0,0,0,0.0
Euparkerella cochranae,"Cochran's Guanabara Frog, Razinha-do-folhiço",NE,LC,0,0.017981978850206724,0,1,0,0,0,0,0,0,0,1,0,0,1,0,0,0,0,0,0,0,0,0,0,0,0,0.0
Ulmeritoides tamoio,Efemérida,NE,LC,0,0.017981978850206724,0,1,0,0,0,0,0,0,0,1,0,0,1,0,0,0,0,0,0,0,0,0,0,0,0,0.0
Phantasmarana apuana,"Rã-de-cachoeira, Rã-de-cachoeira-capixaba, Rã-de-riacho, Rãzona-de-corredeira",NE,LC,0,0.017981978850206724,0,1,0,0,0,0,0,0,0,1,0,0,1,0,0,0,0,0,0,0,0,0,0,0,0,0.0
Phrynomedusa dryade,Não Informado,NE,LC,0,0.017981978850206724,0,1,0,0,0,0,0,0,0,1,0,0,1,0,0,0,0,0,0,0,0,0,0,0,0,0.0
Bryoplathanon globifer,Libélula,NE,LC,0,0.017981978850206724,0,1,0,0,0,0,0,0,0,1,0,0,1,0,0,0,0,0,0,0,0,0,0,0,0,0.0
Caenis cigana,Efemérida,NE,LC,0,0.017981978850206724,0,1,0,0,0,0,0,0,0,1,0,0,1,0,0,0,0,0,0,0,0,0,0,0,0,0.0
Brachycephalus toby,Não Informado,NE,LC,0,0.017981978850206724,0,1,0,0,0,0,0,0,0,1,0,0,1,0,0,0,0,0,0,0,0,0,0,0,0,0.0
Brachycephalus didactylus,Não Informado,NE,LC,0,0.017981978850206724,0,1,0,0,0,0,0,0,0,1,0,0,1,0,0,0,0,0,0,0,0,0,0,0,0,0.0
Brachycephalus nodoterga,Sapinho-de-folhiço,NE,LC,0,0.017981978850206724,0,1,0,0,0,0,0,0,0,1,0,0,1,0,0,0,0,0,0,0,0,0,0,0,0,0.0
Brachycephalus pitanga,Não Informado,NE,LC,0,0.017981978850206724,0,1,0,0,0,0,0,0,0,1,0,0,1,0,0,0,0,0,0,0,0,0,0,0,0,0.0
Brachycephalus bufonoides,Não Informado,NE,DD,0,0.017981978850206724,0,1,0,0,0,0,0,0,0,1,0,0,1,0,0,0,0,0,0,0,0,0,0,0,0,0.0
Brachycephalus darkside,Não Informado,NE,LC,0,0.017981978850206724,0,1,0,0,0,0,0,0,0,1,0,0,1,0,0,0,0,0,0,0,0,0,0,0,0,0.0
Hylodes lateristrigatus,Não Informado,NE,LC,0,0.017981978850206724,0,1,0,0,0,0,0,0,0,1,0,0,1,0,0,0,0,0,0,0,0,0,0,0,0,0.0
Paratelmatobius yepiranga,Não Informado,NE,DD,0,0.017981978850206724,0,1,0,0,0,0,0,0,0,1,0,0,1,0,0,0,0,0,0,0,0,0,0,0,0,0.0
Paracloeodes assu,Efemérida,NE,LC,0,0.017981978850206724,0,1,0,0,0,0,0,0,0,1,0,0,1,0,0,0,0,0,0,0,0,0,0,0,0,0.0
Paracloeodes peri,Efemérida,NE,LC,0,0.017981978850206724,0,1,0,0,0,0,0,0,0,1,0,0,1,0,0,0,0,0,0,0,0,0,0,0,0,0.0
Paracloeodes poranga,Efemérida,NE,LC,0,0.017981978850206724,0,1,0,0,0,0,0,0,0,1,0,0,1,0,0,0,0,0,0,0,0,0,0,0,0,0.0
Dendropsophus pseudomeridianus,Não Informado,NE,LC,0,0.017981978850206724,0,1,0,0,0,0,0,0,0,1,0,0,1,0,0,0,0,0,0,0,0,0,0,0,0,0.0
Phantasmarana bocainensis,"Rã-grande-de-riacho-da-bocaina, Rãzona-de-corredeira",NE,LC,0,0.017981978850206724,0,1,0,0,0,0,0,0,0,1,0,0,1,0,0,0,0,0,0,0,0,0,0,0,0,0.0
Phasmahyla cochranae,Perereca-das-folhagens,NE,LC,0,0.017981978850206724,0,1,0,0,0,0,0,0,0,1,0,0,1,0,0,0,0,0,0,0,0,0,0,0,0,0.0
Neocordulia mambucabensis,Libélula,NE,LC,0,0.017981978850206724,0,1,0,0,0,0,0,0,0,1,0,0,1,0,0,0,0,0,0,0,0,0,0,0,0,0.0
Phasmahyla cruzi,Não Informado,NE,LC,0,0.017981978850206724,0,1,0,0,0,0,0,0,0,1,0,0,1,0,0,0,0,0,0,0,0,0,0,0,0,0.0
Hylodes phyllodes,Rã-de-corredeira,NE,LC,0,0.017981978850206724,0,1,0,0,0,0,0,0,0,1,0,0,1,0,0,0,0,0,0,0,0,0,0,0,0,0.0
Paratelmatobius poecilogaster,"Rãzinha-de-barriga-colorida, San Andre Rapids Frog",NE,LC,0,0.017981978850206724,0,1,0,0,0,0,0,0,0,1,0,0,1,0,0,0,0,0,0,0,0,0,0,0,0,0.0
Miroculis samba,Não Informado,NE,LC,0,0.017981978850206724,0,1,0,0,0,0,0,0,0,1,0,0,1,0,0,0,0,0,0,0,0,0,0,0,0,0.0
Miroculis caparaoensis,Efemérida,NE,LC,0,0.017981978850206724,0,1,0,0,0,0,0,0,0,1,0,0,1,0,0,0,0,0,0,0,0,0,0,0,0,0.0
Hylodes uai,Não Informado,NE,LC,0,0.017981978850206724,0,1,0,0,0,0,0,0,0,1,0,0,1,0,0,0,0,0,0,0,0,0,0,0,0,0.0
Hylodes regius,Rã-de-corredeira,NE,LC,0,0.017981978850206724,0,1,0,0,0,0,0,0,0,1,0,0,1,0,0,0,0,0,0,0,0,0,0,0,0,0.0
Chiasmocleis mantiqueira,Rãzinha-da-mata,NE,LC,0,0.017981978850206724,0,1,0,0,0,0,0,0,0,1,0,0,1,0,0,0,0,0,0,0,0,0,0,0,0,0.0
Chiasmocleis lacrimae,"Rãzinha-da-mata, Rãzinha-de-folhiço",NE,LC,0,0.017981978850206724,0,1,0,0,0,0,0,0,0,1,0,0,1,0,0,0,0,0,0,0,0,0,0,0,0,0.0
Campsurus cotaxe,Efemérida,NE,LC,0,0.017981978850206724,0,1,0,0,0,0,0,0,0,1,0,0,1,0,0,0,0,0,0,0,0,0,0,0,0,0.0
Idiodiaptomus gracilipes,copépode,NE,DD,0,0.017981978850206724,0,1,0,0,0,0,0,0,0,1,0,0,1,0,0,0,0,0,0,0,0,0,0,0,0,0.0
Neocordulia matutuensis,Libélula,NE,DD,0,0.017981978850206724,0,1,0,0,0,0,0,0,0,1,0,0,1,0,0,0,0,0,0,0,0,0,0,0,0,0.0
Neocordulia carlochagasi,Libélula,NE,LC,0,0.017981978850206724,0,1,0,0,0,0,0,0,0,1,0,0,1,0,0,0,0,0,0,0,0,0,0,0,0,0.0
Micrathyria debilis,"lava-bunda, lavadeira, Libélula",NE,DD,0,0.017981978850206724,0,1,0,0,0,0,0,0,0,1,0,0,1,0,0,0,0,0,0,0,0,0,0,0,0,0.0
Chthonerpeton braestrupi,Cecília,NE,LC,0,0.017981978850206724,0,1,0,0,0,0,0,0,0,1,0,0,1,0,0,0,0,0,0,0,0,0,0,0,0,0.0
Cloeodes aiuruoca,Efemérida,NE,LC,0,0.017981978850206724,0,1,0,0,0,0,0,0,0,1,0,0,1,0,0,0,0,0,0,0,0,0,0,0,0,0.0
Cloeodes aymore,Efemérida,NE,LC,0,0.017981978850206724,0,1,0,0,0,0,0,0,0,1,0,0,1,0,0,0,0,0,0,0,0,0,0,0,0,0.0
Cloeodes amantykyra,Efemérida,NE,LC,0,0.017981978850206724,0,1,0,0,0,0,0,0,0,1,0,0,1,0,0,0,0,0,0,0,0,0,0,0,0,0.0
Ischnocnema bolbodactyla,Rãzinha-do-folhiço,NE,LC,0,0.017981978850206724,0,1,0,0,0,0,0,0,0,1,0,0,1,0,0,0,0,0,0,0,0,0,0,0,0,0.0
Myersiella microps,Rãzinha-assobiadora-da-mata,NE,LC,0,0.017981978850206724,0,1,0,0,0,0,0,0,0,1,0,0,1,0,0,0,0,0,0,0,0,0,0,0,0,0.0
Chiasmocleis quilombola,Não Informado,NE,LC,0,0.017981978850206724,0,1,0,0,0,0,0,0,0,1,0,0,1,0,0,0,0,0,0,0,0,0,0,0,0,0.0
Ischnocnema colibri,Não Informado,NE,LC,0,0.017981978850206724,0,1,0,0,0,0,0,0,0,1,0,0,1,0,0,0,0,0,0,0,0,0,0,0,0,0.0
Ischnocnema abdita,Não Informado,NE,LC,0,0.017981978850206724,0,1,0,0,0,0,0,0,0,1,0,0,1,0,0,0,0,0,0,0,0,0,0,0,0,0.0
Dendropsophus meridianus,Não Informado,NE,LC,0,0.017981978850206724,0,1,0,0,0,0,0,0,0,1,0,0,1,0,0,0,0,0,0,0,0,0,0,0,0,0.0
Leptohyphes cornutillus,Efemérida,NE,LC,0,0.017981978850206724,0,1,0,0,0,0,0,0,0,1,0,0,1,0,0,0,0,0,0,0,0,0,0,0,0,0.0
Crossodactylus werneri,Não Informado,NE,DD,0,0.017981978850206724,0,1,0,0,0,0,0,0,0,1,0,0,1,0,0,0,0,0,0,0,0,0,0,0,0,0.0
Ischnocnema vizottoi,Rãzinha-do-folhiço,NE,LC,0,0.017981978850206724,0,1,0,0,0,0,0,0,0,1,0,0,1,0,0,0,0,0,0,0,0,0,0,0,0,0.0
Scinax trapicheiroi,"Perereca de paredão molhado, Perereca-de-riacho, Three-lined Snouted Treefrog",NE,LC,0,0.017981978850206724,0,1,0,0,0,0,0,0,0,1,0,0,1,0,0,0,0,0,0,0,0,0,0,0,0,0.0
Gynacantha chelifera,Libélula,NE,LC,0,0.017981978850206724,0,1,0,0,0,0,0,0,0,1,0,0,1,0,0,0,0,0,0,0,0,0,0,0,0,0.0
Holoaden suarezi,“highland-frog”.,NE,LC,0,0.017981978850206724,0,1,0,0,0,0,0,0,0,1,0,0,1,0,0,0,0,0,0,0,0,0,0,0,0,0.0
Holoaden pholeter,Não Informado,NE,DD,0,0.017981978850206724,0,1,0,0,0,0,0,0,0,1,0,0,1,0,0,0,0,0,0,0,0,0,0,0,0,0.0
Pindamoraria boraceiae,"Copépode (francês), Copépode (português), Copepod (inglês), Copépodo (espanhol)",NE,LC,0,0.017981978850206724,0,1,0,0,0,0,0,0,0,1,0,0,1,0,0,0,0,0,0,0,0,0,0,0,0,0.0
Physalaemus orophilus,Não Informado,NE,LC,0,0.017981978850206724,0,1,0,0,0,0,0,0,0,1,0,0,1,0,0,0,0,0,0,0,0,0,0,0,0,0.0
Anheteromeyenia vitrea,Esponja,NE,LC,0,0.017981978850206724,0,1,0,0,0,0,0,0,0,1,0,0,1,0,0,0,0,0,0,0,0,0,0,0,0,0.0
Brachycephalus atelopoide,Sapinho-pingo-de-ouro,NE,DD,0,0.017981978850206724,0,1,0,0,0,0,0,0,0,1,0,0,1,0,0,0,0,0,0,0,0,0,0,0,0,0.0
Brachycephalus hermogenesi,Sapinho-pulga,NE,LC,0,0.017981978850206724,0,1,0,0,0,0,0,0,0,1,0,0,1,0,0,0,0,0,0,0,0,0,0,0,0,0.0
Brachycephalus margaritatus,Pingo-de-ouro,NE,LC,0,0.017981978850206724,0,1,0,0,0,0,0,0,0,1,0,0,1,0,0,0,0,0,0,0,0,0,0,0,0,0.0
Sphaenorhynchus palustris,Pererequinha-limão,NE,LC,0,0.017981978850206724,0,1,0,0,0,0,0,0,0,1,0,0,1,0,0,0,0,0,0,0,0,0,0,0,0,0.0
Bokermannohyla ahenea,Perereca,NE,LC,0,0.017981978850206724,0,1,0,0,0,0,0,0,0,1,0,0,1,0,0,0,0,0,0,0,0,0,0,0,0,0.0
Bokermannohyla gouveai,Perereca,NE,LC,0,0.017981978850206724,0,1,0,0,0,0,0,0,0,1,0,0,1,0,0,0,0,0,0,0,0,0,0,0,0,0.0
Brachycephalus guarani,Não Informado,NE,LC,0,0.017981978850206724,0,1,0,0,0,0,0,0,0,1,0,0,1,0,0,0,0,0,0,0,0,0,0,0,0,0.0
Bokermannohyla astartea,Não Informado,NE,LC,0,0.017981978850206724,0,1,0,0,0,0,0,0,0,1,0,0,1,0,0,0,0,0,0,0,0,0,0,0,0,0.0
Hylodes asper,"Rã-de-corredeira, Warty Tree Toad",NE,LC,0,0.017981978850206724,0,1,0,0,0,0,0,0,0,1,0,0,1,0,0,0,0,0,0,0,0,0,0,0,0,0.0
Hylodes amnicola,Rã-de-corredeira,NE,LC,0,0.017981978850206724,0,1,0,0,0,0,0,0,0,1,0,0,1,0,0,0,0,0,0,0,0,0,0,0,0,0.0
Physalaemus feioi,Rãnzinha-de-folhiço,NE,LC,0,0.017981978850206724,0,1,0,0,0,0,0,0,0,1,0,0,1,0,0,0,0,0,0,0,0,0,0,0,0,0.0
Proceratophrys melanopogon,Sapo-de-chifres,NE,LC,0,0.017981978850206724,0,1,0,0,0,0,0,0,0,1,0,0,1,0,0,0,0,0,0,0,0,0,0,0,0,0.0
Proceratophrys izecksohni,Não Informado,NE,LC,0,0.017981978850206724,0,1,0,0,0,0,0,0,0,1,0,0,1,0,0,0,0,0,0,0,0,0,0,0,0,0.0
Proceratophrys itamari,Sapo-de-chifre-do-Itamar,NE,LC,0,0.017981978850206724,0,1,0,0,0,0,0,0,0,1,0,0,1,0,0,0,0,0,0,0,0,0,0,0,0,0.0
Progomphus elegans,Libélula,NE,DD,0,0.017981978850206724,0,1,0,0,0,0,0,0,0,1,0,0,1,0,0,0,0,0,0,0,0,0,0,0,0,0.0
Proceratophrys tupinamba,Não Informado,NE,LC,0,0.017981978850206724,0,1,0,0,0,0,0,0,0,1,0,0,1,0,0,0,0,0,0,0,0,0,0,0,0,0.0
Proceratophrys pombali,Sapo-de-chifre-do-Pombal,NE,LC,0,0.017981978850206724,0,1,0,0,0,0,0,0,0,1,0,0,1,0,0,0,0,0,0,0,0,0,0,0,0,0.0
Physalaemus moreirae,Rãzinha-do-folhiço,NE,LC,0,0.017981978850206724,0,1,0,0,0,0,0,0,0,1,0,0,1,0,0,0,0,0,0,0,0,0,0,0,0,0.0
Physalaemus obtectus,Rãzinha-do-folhiço,NE,LC,0,0.017981978850206724,0,1,0,0,0,0,0,0,0,1,0,0,1,0,0,0,0,0,0,0,0,0,0,0,0,0.0
Baetodes iuaquita,Efemérida,NE,LC,0,0.017981978850206724,0,1,0,0,0,0,0,0,0,1,0,0,1,0,0,0,0,0,0,0,0,0,0,0,0,0.0
Baetodes itatiayanus,Efemérida,NE,LC,0,0.017981978850206724,0,1,0,0,0,0,0,0,0,1,0,0,1,0,0,0,0,0,0,0,0,0,0,0,0,0.0
Baetodes proscolus,"Efêmeras, Efeméridas",NE,LC,0,0.017981978850206724,0,1,0,0,0,0,0,0,0,1,0,0,1,0,0,0,0,0,0,0,0,0,0,0,0,0.0
Physalaemus jordanensis,Rãzinha-do-Folhiço,NE,LC,0,0.017981978850206724,0,1,0,0,0,0,0,0,0,1,0,0,1,0,0,0,0,0,0,0,0,0,0,0,0,0.0
Heteragrion ochraceum,"agulhinha, donzelinha, lava-bunda, lavadeira, Libélula",NE,DD,0,0.017981978850206724,0,1,0,0,0,0,0,0,0,1,0,0,1,0,0,0,0,0,0,0,0,0,0,0,0,0.0
Physalaemus erythros,Não Informado,NE,LC,0,0.017981978850206724,0,1,0,0,0,0,0,0,0,1,0,0,1,0,0,0,0,0,0,0,0,0,0,0,0,0.0
Heteromeyenia barlettai,Não Informado,NE,LC,0,0.017981978850206724,0,1,0,0,0,0,0,0,0,1,0,0,1,0,0,0,0,0,0,0,0,0,0,0,0,0.0
Poranga nessimiani,Efemérida,NE,LC,0,0.017981978850206724,0,1,0,0,0,0,0,0,0,1,0,0,1,0,0,0,0,0,0,0,0,0,0,0,0,0.0
Boana caipora,Não Informado,NE,LC,0,0.017981978850206724,0,1,0,0,0,0,0,0,0,1,0,0,1,0,0,0,0,0,0,0,0,0,0,0,0,0.0
Physalaemus angrensis,Não Informado,NE,LC,0,0.017981978850206724,0,1,0,0,0,0,0,0,0,1,0,0,1,0,0,0,0,0,0,0,0,0,0,0,0,0.0
Physalaemus barrioi,Rãzinha-do-folhiço,NE,LC,0,0.017981978850206724,0,1,0,0,0,0,0,0,0,1,0,0,1,0,0,0,0,0,0,0,0,0,0,0,0,0.0
Physalaemus bokermanni,Rãzinha-do-folhiço,NE,LC,0,0.017981978850206724,0,1,0,0,0,0,0,0,0,1,0,0,1,0,0,0,0,0,0,0,0,0,0,0,0,0.0
Siphonops hardyi,"Cecília, Hardy's Caecilian",NE,LC,0,0.017981978850206724,0,1,0,0,0,0,0,0,0,1,0,0,1,0,0,0,0,0,0,0,0,0,0,0,0,0.0
Scinax ranki,Perereca,NE,LC,0,0.017981978850206724,0,1,0,0,0,0,0,0,0,1,0,0,1,0,0,0,0,0,0,0,0,0,0,0,0,0.0
Stereocyclops parkeri,Rã-do-folhiço.,NE,LC,0,0.017981978850206724,0,1,0,0,0,0,0,0,0,1,0,0,1,0,0,0,0,0,0,0,0,0,0,0,0,0.0
Sphaenorhynchus platycephalus,South American Lime Treefrog,NE,LC,0,0.017981978850206724,0,1,0,0,0,0,0,0,0,1,0,0,1,0,0,0,0,0,0,0,0,0,0,0,0,0.0
Scinax obtriangulatus,Não Informado,NE,LC,0,0.017981978850206724,0,1,0,0,0,0,0,0,0,1,0,0,1,0,0,0,0,0,0,0,0,0,0,0,0,0.0
Scinax albicans,Perereca,NE,LC,0,0.017981978850206724,0,1,0,0,0,0,0,0,0,1,0,0,1,0,0,0,0,0,0,0,0,0,0,0,0,0.0
Rhinella pygmaea,"Rio Parahyba Toad, Sapo-granuloso",NE,LC,0,0.017981978850206724,0,1,0,0,0,0,0,0,0,1,0,0,1,0,0,0,0,0,0,0,0,0,0,0,0,0.0
Rhionaeschna serrana,Libélula,NE,LC,0,0.017981978850206724,0,1,0,0,0,0,0,0,0,1,0,0,1,0,0,0,0,0,0,0,0,0,0,0,0,0.0
Rhionaeschna itatiaia,Libélula,NE,LC,0,0.017981978850206724,0,1,0,0,0,0,0,0,0,1,0,0,1,0,0,0,0,0,0,0,0,0,0,0,0,0.0
Scinax brieni,Brien's Snouted Treefrog,NE,LC,0,0.017981978850206724,0,1,0,0,0,0,0,0,0,1,0,0,1,0,0,0,0,0,0,0,0,0,0,0,0,0.0
Arcovomer passarellii,"Rãzinha-assobiadora-da-mata, Razinha-flecha",NE,LC,0,0.017981978850206724,0,1,0,0,0,0,0,0,0,1,0,0,1,0,0,0,0,0,0,0,0,0,0,0,0,0.0
Proceratophrys appendiculata,"Guenther's Horned Frog, Gunther's Smooth Horned Frog, Sapo-de-chifres",NE,LC,0,0.017981978850206724,0,1,0,0,0,0,0,0,0,1,0,0,1,0,0,0,0,0,0,0,0,0,0,0,0,0.0
Aplastodiscus albofrenatus,Não Informado,NE,LC,0,0.017981978850206724,0,1,0,0,0,0,0,0,0,1,0,0,1,0,0,0,0,0,0,0,0,0,0,0,0,0.0
Scinax flavoguttatus,"Perereca-de-riacho, Yellowbelly Snouted Treefrog",NE,LC,0,0.017981978850206724,0,1,0,0,0,0,0,0,0,1,0,0,1,0,0,0,0,0,0,0,0,0,0,0,0,0.0
Scinax dolloi,Não Informado,NE,LC,0,0.017981978850206724,0,1,0,0,0,0,0,0,0,1,0,0,1,0,0,0,0,0,0,0,0,0,0,0,0,0.0
Scinax crospedospilus,Campo Belo Snouted Treefrog,NE,LC,0,0.017981978850206724,0,1,0,0,0,0,0,0,0,1,0,0,1,0,0,0,0,0,0,0,0,0,0,0,0,0.0
Scinax luizotavioi,Santa Barbara Snouted Treefrog,NE,LC,0,0.017981978850206724,0,1,0,0,0,0,0,0,0,1,0,0,1,0,0,0,0,0,0,0,0,0,0,0,0,0.0
Scinax jureia,Jureia Snouted Treefrog,NE,LC,0,0.017981978850206724,0,1,0,0,0,0,0,0,0,1,0,0,1,0,0,0,0,0,0,0,0,0,0,0,0,0.0
Scinax humilis,Rio Babi Snouted Treefrog,NE,LC,0,0.017981978850206724,0,1,0,0,0,0,0,0,0,1,0,0,1,0,0,0,0,0,0,0,0,0,0,0,0,0.0
Proceratophrys belzebul,Não Informado,NE,LC,0,0.017981978850206724,0,1,0,0,0,0,0,0,0,1,0,0,1,0,0,0,0,0,0,0,0,0,0,0,0,0.0
Aplastodiscus leucopygius,Perereca-verde,NE,LC,0,0.017981978850206724,0,1,0,0,0,0,0,0,0,1,0,0,1,0,0,0,0,0,0,0,0,0,0,0,0,0.0
Scinax caissara,Não Informado,NE,LC,0,0.017981978850206724,0,1,0,0,0,0,0,0,0,1,0,0,1,0,0,0,0,0,0,0,0,0,0,0,0,0.0
Tricorythodes chalaza,Efemérida,NE,LC,0,0.017981978850206724,0,1,0,0,0,0,0,0,0,1,0,0,1,0,0,0,0,0,0,0,0,0,0,0,0,0.0
Thraulodes pinga,"efemérida, siriruia",NE,LC,0,0.017981978850206724,0,1,0,0,0,0,0,0,0,1,0,0,1,0,0,0,0,0,0,0,0,0,0,0,0,0.0
Tricorythodes tragoedia,"efemérida, siriruia",NE,LC,0,0.017981978850206724,0,1,0,0,0,0,0,0,0,1,0,0,1,0,0,0,0,0,0,0,0,0,0,0,0,0.0
Tricorythodes diasae,"efemérida, siriruia",NE,LC,0,0.017981978850206724,0,1,0,0,0,0,0,0,0,1,0,0,1,0,0,0,0,0,0,0,0,0,0,0,0,0.0
Aplastodiscus albosignatus,"Lutz's Treefrog, Perereca-flautinha",NE,LC,0,0.017981978850206724,0,1,0,0,0,0,0,0,0,1,0,0,1,0,0,0,0,0,0,0,0,0,0,0,0,0.0
Aplastodiscus arildae,Perereca-verde,NE,LC,0,0.017981978850206724,0,1,0,0,0,0,0,0,0,1,0,0,1,0,0,0,0,0,0,0,0,0,0,0,0,0.0
Adelophryne meridionalis,Rãzinha-pulga,NE,LC,0,0.017981978850206724,0,1,0,0,0,0,0,0,0,1,0,0,1,0,0,0,0,0,0,0,0,0,0,0,0,0.0
Adenomera ajurauna,Não Informado,NE,LC,0,0.017981978850206724,0,1,0,0,0,0,0,0,0,1,0,0,1,0,0,0,0,0,0,0,0,0,0,0,0,0.0
Thraulodes subfasciatus,"efemérida, siriruia",NE,LC,0,0.017981978850206724,0,1,0,0,0,0,0,0,0,1,0,0,1,0,0,0,0,0,0,0,0,0,0,0,0,0.0
Traverella insolita,Efemérida,NE,LC,0,0.017981978850206724,0,1,0,0,0,0,0,0,0,1,0,0,1,0,0,0,0,0,0,0,0,0,0,0,0,0.0
Lachlania alcidesi,efemérida,NE,DD,0,0.017981978850206724,0,1,0,0,0,0,0,0,0,1,0,0,1,0,0,0,0,0,0,0,0,0,0,0,0,0.0
Thoropa taophora,Rã-do-costão,NE,LC,0,0.017981978850206724,0,1,0,0,0,0,0,0,0,1,0,0,1,0,0,0,0,0,0,0,0,0,0,0,0,0.0
Thraulodes bonito,"efemérida, siriruia",NE,LC,0,0.017981978850206724,0,1,0,0,0,0,0,0,0,1,0,0,1,0,0,0,0,0,0,0,0,0,0,0,0,0.0
Cycloramphus dubius,Sapinho-de-riacho,NE,LC,0,0.017981978850206724,0,1,0,0,0,0,0,0,0,1,0,0,1,0,0,0,0,0,0,0,0,0,0,0,0,0.0
Crossodactylus timbuhy,Não Informado,NE,LC,0,0.017981978850206724,0,1,0,0,0,0,0,0,0,1,0,0,1,0,0,0,0,0,0,0,0,0,0,0,0,0.0
Lauromacromia picinguaba,"lava-bunda, lavadeira, Libélula",NE,LC,0,0.017981978850206724,0,1,0,0,0,0,0,0,0,1,0,0,1,0,0,0,0,0,0,0,0,0,0,0,0,0.0
Lachlania santosi,Efemérida,NE,DD,0,0.017981978850206724,0,1,0,0,0,0,0,0,0,1,0,0,1,0,0,0,0,0,0,0,0,0,0,0,0,0.0
Cycloramphus organensis,Rãzinha-de-corredeira,NE,LC,0,0.017981978850206724,0,1,0,0,0,0,0,0,0,1,0,0,1,0,0,0,0,0,0,0,0,0,0,0,0,0.0
Cycloramphus boraceiensis,Sapinho-de-riacho,NE,LC,0,0.017981978850206724,0,1,0,0,0,0,0,0,0,1,0,0,1,0,0,0,0,0,0,0,0,0,0,0,0,0.0
Cycloramphus acangatan,Rã-da-mata,NE,LC,0,0.017981978850206724,0,1,0,0,0,0,0,0,0,1,0,0,1,0,0,0,0,0,0,0,0,0,0,0,0,0.0
Cycloramphus parvulus,"Rãzinha-do-folhiço, Sapo-folha",NE,LC,0,0.017981978850206724,0,1,0,0,0,0,0,0,0,1,0,0,1,0,0,0,0,0,0,0,0,0,0,0,0,0.0
Cycloramphus carvalhoi,Não Informado,NE,LC,0,0.017981978850206724,0,1,0,0,0,0,0,0,0,1,0,0,1,0,0,0,0,0,0,0,0,0,0,0,0,0.0
Porites branneri,"Blue Crust Coral (EUA), Coral crustoso azul (Espanha), Coraux à pores (França)",NE,LC,0,0.017767174552258753,0,0,0,0,0,0,1,0,1,1,0,0,0,0,0,1,0,1,0,0,1,1,0,1,1,0.0
Porites astreoides,Não Informado,NE,LC,0,0.017767174552258753,0,0,0,0,0,0,1,0,1,1,0,0,0,0,0,1,0,1,0,0,1,1,0,1,1,0.0
Argyrodiaptomus neglectus,copépode,NE,DD,0,0.017537684242592194,0,1,0,0,0,0,0,0,0,1,0,0,1,0,0,0,0,0,0,0,1,0,0,0,0,0.0
Mellita quinquiesperforata,bolacha-de-praia,NE,LC,0,0.017500876265434295,0,0,0,0,0,0,1,0,1,1,1,0,0,0,0,1,0,1,0,0,0,0,0,0,0,0.0
Mycetopoda soleniformis,Canudo,NE,DD,0,0.01744421007304443,1,1,0,0,0,1,0,1,0,0,1,1,0,0,0,1,0,1,0,0,0,0,1,0,0,0.0
Zonophora campanulata,Libélula,NE,LC,0,0.017297984804997696,0,1,1,0,0,0,0,0,0,1,0,1,1,0,0,0,0,0,0,0,0,0,0,0,0,0.0
Scinax rogerioi,Não Informado,NE,LC,0,0.017297984804997696,0,1,1,0,0,0,0,0,0,1,0,1,1,0,0,0,0,0,0,0,0,0,0,0,0,0.0
Argia sordida,Libélula,NE,LC,0,0.017297984804997696,0,1,1,0,0,0,0,0,0,1,0,1,1,0,0,0,0,0,0,0,0,0,0,0,0,0.0
Erythrodiplax pallida,Libélula,NE,LC,0,0.017297984804997696,0,1,1,0,0,0,0,0,0,1,0,1,1,0,0,0,0,0,0,0,0,0,0,0,0,0.0
Elga newtonsantosi,Libélula,NE,LC,0,0.017297984804997696,0,1,1,0,0,0,0,0,0,1,0,1,1,0,0,0,0,0,0,0,0,0,0,0,0,0.0
Peristicta jalmosi,Libélula,NE,LC,0,0.017297984804997696,0,1,1,0,0,0,0,0,0,1,0,1,1,0,0,0,0,0,0,0,0,0,0,0,0,0.0
Simothraulopsis caliginosus,"Efemérida, Siriruia",NE,LC,0,0.017297984804997696,0,1,1,0,0,0,0,0,0,1,0,1,1,0,0,0,0,0,0,0,0,0,0,0,0,0.0
Odontophrynus cultripes,Não Informado,NE,LC,0,0.017297984804997696,0,1,1,0,0,0,0,0,0,1,0,1,1,0,0,0,0,0,0,0,0,0,0,0,0,0.0
Neocordulia volxemi,Libélula,NE,LC,0,0.017297984804997696,0,1,1,0,0,0,0,0,0,1,0,1,1,0,0,0,0,0,0,0,0,0,0,0,0,0.0
Castoraeschna longfieldae,Libélula,NE,LC,0,0.017297984804997696,0,1,1,0,0,0,0,0,0,1,0,1,1,0,0,0,0,0,0,0,0,0,0,0,0,0.0
Boana lundii,Não Informado,NE,LC,0,0.017297984804997696,0,1,1,0,0,0,0,0,0,1,0,1,1,0,0,0,0,0,0,0,0,0,0,0,0,0.0
Pseudopaludicola atragula,Não Informado,NE,LC,0,0.017297984804997696,0,1,1,0,0,0,0,0,0,1,0,1,1,0,0,0,0,0,0,0,0,0,0,0,0,0.0
Leptodactylus jolyi,Não Informado,NE,LC,0,0.017297984804997696,0,1,1,0,0,0,0,0,0,1,0,1,1,0,0,0,0,0,0,0,0,0,0,0,0,0.0
Ulmeritoides nigribullae,"efemérida, siriruia",NE,LC,0,0.017297984804997696,0,1,1,0,0,0,0,0,0,1,0,1,1,0,0,0,0,0,0,0,0,0,0,0,0,0.0
Macrothemis declivata,Libélula,NE,LC,0,0.017297984804997696,0,1,1,0,0,0,0,0,0,1,0,1,1,0,0,0,0,0,0,0,0,0,0,0,0,0.0
Micrathyria athenais,"lava-bunda., lavadeira, Libélula",NE,LC,0,0.017297984804997696,0,1,1,0,0,0,0,0,0,1,0,1,1,0,0,0,0,0,0,0,0,0,0,0,0,0.0
Cyanogomphus angelomachadoi,Libélula,NE,LC,0,0.017117573264842575,0,0,1,0,0,0,0,0,0,1,0,0,1,0,0,0,0,0,0,0,0,0,0,0,0,0.0
Bokermannohyla ibitiguara,Não Informado,NE,LC,0,0.017117573264842575,0,0,1,0,0,0,0,0,0,1,0,0,1,0,0,0,0,0,0,0,0,0,0,0,0,0.0
Askola cipoensis,efemérida,NE,LC,0,0.017117573264842575,0,0,1,0,0,0,0,0,0,1,0,0,1,0,0,0,0,0,0,0,0,0,0,0,0,0.0
Bokermannohyla sazimai,Perereca-tigrada-do-Sazima,NE,LC,0,0.017117573264842575,0,0,1,0,0,0,0,0,0,1,0,0,1,0,0,0,0,0,0,0,0,0,0,0,0,0.0
Cloeodes melanotarsus,efemérida,NE,LC,0,0.017117573264842575,0,0,1,0,0,0,0,0,0,1,0,0,1,0,0,0,0,0,0,0,0,0,0,0,0,0.0
Oreobates remotus,Rã-das-cavernas-mineira,NE,LC,0,0.017117573264842575,0,0,1,0,0,0,0,0,0,1,0,0,1,0,0,0,0,0,0,0,0,0,0,0,0,0.0
Odontophrynus monachus,Não Informado,NE,LC,0,0.017117573264842575,0,0,1,0,0,0,0,0,0,1,0,0,1,0,0,0,0,0,0,0,0,0,0,0,0,0.0
Miroculis fazzariensis,Efemérida,NE,LC,0,0.017117573264842575,0,0,1,0,0,0,0,0,0,1,0,0,1,0,0,0,0,0,0,0,0,0,0,0,0,0.0
Vitreorana franciscana,Perereca-de-vidro-Franciscana,NE,LC,0,0.017117573264842575,0,0,1,0,0,0,0,0,0,1,0,0,1,0,0,0,0,0,0,0,0,0,0,0,0,0.0
Cloeodes tracheatus,Efemérida,NE,LC,0,0.017117573264842575,0,0,1,0,0,0,0,0,0,1,0,0,1,0,0,0,0,0,0,0,0,0,0,0,0,0.0
Drymonema gorgo,Não Informado,NE,LC,0,0.016998005499887833,0,0,0,0,0,0,1,0,1,1,1,0,0,0,0,1,0,0,0,0,0,0,0,0,0,0.0
Cinachyrella kuekenthali,Esponja,NE,LC,0,0.016923426502563458,0,0,0,0,0,0,1,1,1,1,0,0,0,0,0,1,0,1,0,0,0,0,0,0,0,0.0
Bokermannohyla sapiranga,Não Informado,NE,LC,0,0.016599621998181192,0,0,1,0,0,0,0,0,0,1,0,1,1,0,0,0,0,0,0,0,0,0,1,0,0,0.0
Sphaenorhynchus caramaschii,Não Informado,NE,LC,0,0.016566592495019357,0,1,1,0,0,0,1,0,0,1,1,0,1,0,0,0,0,0,0,0,0,0,0,0,0,0.0
Boana leptolineata,Perereca-de-pijamas,NE,LC,0,0.01651439186770282,0,1,0,0,0,0,0,0,0,0,1,0,1,0,0,0,0,0,0,0,0,0,0,0,0,0.0
Cloeodes magnus,Efemérida,NE,LC,0,0.01651439186770282,0,1,0,0,0,0,0,0,0,0,1,0,1,0,0,0,0,0,0,0,0,0,0,0,0,0.0
Thraulodes alapictus,"efemérida, siriruia",NE,LC,0,0.01651439186770282,0,1,0,0,0,0,0,0,0,0,1,0,1,0,0,0,0,0,0,0,0,0,0,0,0,0.0
Brachycephalus fuscolineatus,Não Informado,NE,LC,0,0.01651439186770282,0,1,0,0,0,0,0,0,0,0,1,0,1,0,0,0,0,0,0,0,0,0,0,0,0,0.0
Cloeodes xyrognathos,Efemérida,NE,LC,0,0.01651439186770282,0,1,0,0,0,0,0,0,0,0,1,0,1,0,0,0,0,0,0,0,0,0,0,0,0,0.0
Boana guentheri,Perereca,NE,LC,0,0.01651439186770282,0,1,0,0,1,0,0,0,0,0,1,0,1,0,0,0,0,0,0,0,0,0,0,0,0,0.0
Pseudis cardosoi,Rã-d'água,NE,LC,0,0.01651439186770282,0,1,0,0,0,0,0,0,0,0,1,0,1,0,0,0,0,0,0,0,0,0,0,0,0,0.0
Cycloramphus rhyakonastes,Não Informado,NE,LC,0,0.01651439186770282,0,1,0,0,0,0,0,0,0,0,1,0,1,0,0,0,0,0,0,0,0,0,0,0,0,0.0
Cycloramphus mirandaribeiroi,Não Informado,NE,LC,0,0.01651439186770282,0,1,0,0,0,0,0,0,0,0,1,0,1,0,0,0,0,0,0,0,0,0,0,0,0,0.0
Dendropsophus nahdereri,Perereca-líquen,NE,LC,0,0.01651439186770282,0,1,0,0,0,0,0,0,0,0,1,0,1,0,0,0,0,0,0,0,0,0,0,0,0,0.0
Boana joaquini,Perereca,NE,LC,0,0.01651439186770282,0,1,0,0,0,0,0,0,0,0,1,0,1,0,0,0,0,0,0,0,0,0,0,0,0,0.0
Callibaetis calophenigyn,Efemérida,NE,LC,0,0.01651439186770282,0,1,0,0,0,0,0,0,0,0,1,0,1,0,0,0,0,0,0,0,0,0,0,0,0,0.0
Brachycephalus izecksohni,Pingo-de-ouro,NE,LC,0,0.01651439186770282,0,1,0,0,0,0,0,0,0,0,1,0,1,0,0,0,0,0,0,0,0,0,0,0,0,0.0
Campsurus assimilis,Efemérida,NE,LC,0,0.01651439186770282,0,1,0,0,0,0,0,0,0,0,1,0,1,0,0,0,0,0,0,0,0,0,0,0,0,0.0
Navicordulia atlantica,Libélula,NE,DD,0,0.01651439186770282,0,1,0,0,0,0,0,0,0,0,1,0,1,0,0,0,0,0,0,0,0,0,0,0,0,0.0
Melanophryniscus simplex,Sapinho-de-barriga-colorida,NE,LC,0,0.01651439186770282,0,1,0,0,1,0,0,0,0,0,1,0,1,0,0,0,0,0,0,0,0,0,0,0,0,0.0
Campsurus ulmeri,Efemérida,NE,LC,0,0.01651439186770282,0,1,0,0,0,0,0,0,0,0,1,0,1,0,0,0,0,0,0,0,0,0,0,0,0,0.0
Physalaemus lisei,Não Informado,NE,LC,0,0.01651439186770282,0,1,0,0,1,0,0,0,0,0,1,0,1,0,0,0,0,0,0,0,0,0,0,0,0,0.0
Ischnocnema sambaqui,Rãzinha-das-pedras,NE,LC,0,0.01651439186770282,0,1,0,0,0,0,0,0,0,0,1,0,1,0,0,0,0,0,0,0,0,0,0,0,0,0.0
Melanophryniscus tumifrons,Sapinho-de-barriga-colorida,NE,LC,0,0.01651439186770282,0,1,0,0,1,0,0,0,0,0,1,0,1,0,0,0,0,0,0,0,0,0,0,0,0,0.0
Cloeodes atlanticus,Efemérida,NE,LC,0,0.01651439186770282,0,1,0,0,0,0,0,0,0,0,1,0,1,0,0,0,0,0,0,0,0,0,0,0,0,0.0
Neocordulia fiorentini,Libélula,NE,LC,0,0.01651439186770282,0,1,0,0,0,0,0,0,0,0,1,0,1,0,0,0,0,0,0,0,0,0,0,0,0,0.0
Aplastodiscus cochranae,Perereca,NE,LC,0,0.01651439186770282,0,1,0,0,0,0,0,0,0,0,1,0,1,0,0,0,0,0,0,0,0,0,0,0,0,0.0
Neocordulia santacatarinensis,Libélula,NE,DD,0,0.01651439186770282,0,1,0,0,0,0,0,0,0,0,1,0,1,0,0,0,0,0,0,0,0,0,0,0,0,0.0
Neoneura leonardoi,Libélula,NE,LC,0,0.01651439186770282,0,1,0,0,1,0,0,0,0,0,1,0,1,0,0,0,0,0,0,0,0,0,0,0,0,0.0
Navicordulia miersi,Libélula,NE,DD,0,0.01651439186770282,0,1,0,0,0,0,0,0,0,0,1,0,1,0,0,0,0,0,0,0,0,0,0,0,0,0.0
Cloeodes boldrinii,Efemérida,NE,LC,0,0.01651439186770282,0,1,0,0,0,0,0,0,0,0,1,0,1,0,0,0,0,0,0,0,0,0,0,0,0,0.0
Rhinella henseli,Sapo-cururuzinho,NE,LC,0,0.01651439186770282,0,1,0,0,1,0,0,0,0,0,1,0,1,0,0,0,0,0,0,0,0,0,0,0,0,0.0
Trachycephalus dibernardoi,Não Informado,NE,LC,0,0.01651439186770282,0,1,0,0,0,0,0,0,0,0,1,0,1,0,0,0,0,0,0,0,0,0,0,0,0,0.0
Heteragrion luizfelipei,Libélula,NE,LC,0,0.01651439186770282,0,1,0,0,0,0,0,0,0,0,1,0,1,0,0,0,0,0,0,0,0,0,0,0,0,0.0
Thraulodes pinhoi,"efemérida, siriruia",NE,LC,0,0.01651439186770282,0,1,0,0,0,0,0,0,0,0,1,0,1,0,0,0,0,0,0,0,0,0,0,0,0,0.0
Aegla muelleri,Egla,NE,LC,0,0.01651439186770282,0,1,0,0,0,0,0,0,0,0,1,0,1,0,0,0,0,0,0,0,0,0,0,0,0,0.0
Agelas sventres,Esponja do mar,NE,LC,0,0.016496076075213032,0,0,0,0,0,0,1,1,1,0,0,0,0,0,0,1,0,1,0,0,0,0,0,0,0,0.0
Oxyagrion sulmatogrossense,Libélula,NE,LC,0,0.01625774824984422,0,1,1,0,0,1,0,0,0,0,1,1,1,0,0,0,0,0,0,0,0,0,0,0,0,0.0
Segesta riograndensis,Efemérida,NE,LC,0,0.01625774824984422,0,1,1,0,0,0,0,0,0,0,1,1,1,0,0,0,0,0,0,0,0,0,0,0,0,0.0
Argia indocilis,Libélula,NE,LC,0,0.01625774824984422,0,1,1,0,1,0,0,0,0,0,1,1,1,0,0,0,0,0,0,0,0,0,0,0,0,0.0
Aceratobasis macilenta,Libélula,NE,LC,0,0.01617940779481585,0,1,0,0,0,0,0,1,0,1,1,0,1,0,0,0,0,0,0,0,0,0,0,0,0,0.0
Attheyella yemanjae,copépode,NE,DD,0,0.015967195876167024,0,0,1,0,0,0,0,0,0,0,0,1,1,0,0,0,0,0,0,0,1,0,0,0,0,0.0
Clathrina angraensis,Esponja,NE,LC,0,0.015711183839478123,0,0,0,0,0,0,1,0,0,1,0,0,1,0,0,0,0,0,0,0,0,0,1,0,0,0.0
Tricorythodes cristatus,Efemérida,NE,DD,0,0.01551141567722663,0,1,0,0,0,0,0,0,0,0,0,0,1,0,0,0,0,0,0,0,0,0,0,0,0,0.0
Loxopagurus loxochelis,Não Informado,NE,LC,0,0.01542040139722926,0,0,0,0,0,0,1,0,0,1,1,0,0,0,0,0,0,0,1,1,0,0,0,0,0,0.0
Dendrophyllia alternata,Não Informado,NE,LC,0,0.01542040139722926,0,0,0,0,0,0,1,0,0,1,1,0,0,0,0,0,0,0,1,1,0,0,0,0,0,0.0
Anomocora fecunda,Não Informado,NE,LC,0,0.015036855036855036,0,0,0,0,0,0,1,1,1,0,0,0,0,0,0,0,0,0,1,1,0,0,0,1,0,0.0
Macrobrachium potiuna,Camarão-preto,NE,LC,0,0.014870924754238833,0,1,0,0,0,0,1,0,0,1,1,0,1,0,0,0,0,0,0,0,0,0,0,0,0,0.0
Aplastodiscus eugenioi,Eugenio's treefrog,NE,LC,0,0.014870924754238833,0,1,0,0,0,0,1,0,0,1,0,0,1,0,0,0,0,0,0,0,0,0,0,0,0,0.0
Minagrion waltheri,Libélula,NE,LC,0,0.01474711442987893,0,1,1,0,1,0,0,1,0,1,1,1,1,0,0,0,0,0,0,0,0,0,0,0,0,0.0
Leptogorgia setacea,Não Informado,NE,LC,0,0.014550074074074075,0,0,0,0,0,0,1,1,1,1,1,0,0,0,0,0,0,0,1,0,0,0,0,1,0,0.0
Anodontites solenidea,Marisco-de-água-doce,NE,DD,0,0.01405564122412694,1,0,1,1,0,0,0,1,1,1,0,1,0,0,0,1,0,1,1,0,0,0,1,0,0,0.0
Dendropsophus microps,Pererequinha,NE,LC,0,0.014032835234987374,0,1,1,0,0,0,0,0,1,1,1,0,1,0,0,0,0,0,0,0,0,0,0,0,0,0.0
Boana semilineata,Perereca-cacarejo,NE,LC,0,0.014032835234987374,0,1,1,0,0,0,0,0,1,1,1,0,1,0,0,0,0,0,0,0,0,0,0,0,0,0.0
Haddadus binotatus,Rã-do-folhiço,NE,LC,0,0.014032835234987374,0,1,1,0,1,0,0,0,1,1,1,0,1,0,0,0,0,0,0,0,0,0,0,0,0,0.0
Leptagrion macrurum,"Agulhinha, Donzelinha, Donzelinha das bromélias, Lava-bunda, Lavadeira, Libélula, Libélula das bromélias",NE,LC,0,0.014032835234987374,0,1,1,0,0,0,0,0,1,1,1,0,1,0,0,0,0,0,0,0,0,0,0,0,0,0.0
Telagrion longum,Libélula,NE,LC,0,0.014032835234987374,0,1,1,0,1,0,0,0,1,1,1,0,1,0,0,0,0,0,0,0,0,0,0,0,0,0.0
Ommastrephes cylindraceus,calamar-vermelho,NE,LC,0,0.01361557272141214,0,0,0,0,0,0,1,0,1,1,1,0,0,0,0,0,0,0,1,1,0,0,0,0,0,0.0
Boana paranaiba,Não Informado,NE,LC,0,0.013223304906069405,0,1,1,0,0,0,0,1,0,1,0,1,1,0,0,0,0,0,0,0,0,0,0,0,0,0.0
Navicordulia errans,Libélula,NE,LC,0,0.013223304906069405,0,1,1,0,0,0,0,1,0,1,0,1,1,0,0,0,0,0,0,0,0,0,0,0,0,0.0
Micrathyria almeidai,Libélula,NE,LC,0,0.013223304906069405,0,1,1,0,0,0,0,1,0,1,0,1,1,0,0,0,0,0,0,0,0,0,0,0,0,0.0
Telebasis vulcanoae,Libélula,NE,LC,0,0.013029859044511184,0,1,1,0,0,0,0,0,1,1,0,0,1,0,0,0,0,0,0,0,0,0,0,0,0,0.0
Argia claussenii,Libélula,NE,LC,0,0.013029859044511184,0,1,1,0,0,0,0,0,1,1,0,0,1,0,0,0,0,0,0,0,0,0,0,0,0,0.0
Ulmeritus saopaulensis,"efemérida, siriruia",NE,LC,0,0.013029859044511184,0,1,1,0,0,0,0,0,1,1,0,0,1,0,0,0,0,0,0,0,0,0,0,0,0,0.0
Aplastodiscus ibirapitanga,Perereca,NE,LC,0,0.013029859044511184,0,1,1,0,0,0,0,0,1,1,0,0,1,0,0,0,0,0,0,0,0,0,0,0,0,0.0
Hermanella froehlichi,"Efemérida, siriruia",NE,LC,0,0.013029859044511184,0,1,1,0,0,0,0,0,1,1,0,0,1,0,0,0,0,0,0,0,0,0,0,0,0,0.0
Tricorythopsis spongicola,"efemérida, siriruia",NE,LC,0,0.013029859044511184,0,1,1,0,0,0,0,0,1,1,0,0,1,0,0,0,0,0,0,0,0,0,0,0,0,0.0
Macrogenioglottus alipioi,Sapo-andarilho,NE,LC,0,0.013029859044511184,0,1,1,0,0,0,0,0,1,1,0,0,1,0,0,0,0,0,0,0,0,0,0,0,0,0.0
Archaeogomphus infans,Libélula,NE,LC,0,0.013029859044511184,0,1,1,0,0,0,0,0,1,1,0,0,1,0,0,0,0,0,0,0,0,0,0,0,0,0.0
Castoraeschna colorata,Libélula,NE,LC,0,0.012602508617160755,0,1,1,0,0,0,0,0,1,1,0,1,1,0,0,0,0,0,0,0,0,0,0,0,0,0.0
Traverhyphes pirai,Efemérida,NE,LC,0,0.012602508617160755,0,1,1,0,0,0,0,0,1,1,0,1,1,0,0,0,0,0,0,0,0,0,0,0,0,0.0
Rhinella veredas,Não Informado,NE,LC,0,0.012532623374424508,0,0,1,0,0,0,0,0,1,1,0,0,1,0,0,0,0,0,0,0,0,0,0,0,0,0.0
Palythoa variabilis,Não Informado,NE,LC,0,0.012527038628533514,0,0,0,0,0,0,1,0,1,1,1,0,0,0,0,1,0,0,0,0,0,0,1,0,1,0.0
Palythoa grandiflora,Não Informado,NE,LC,0,0.012527038628533514,0,0,0,0,0,0,1,0,1,1,1,0,0,0,0,1,0,0,0,0,0,0,1,0,1,0.0
Pseudopaludicola giarettai,Não Informado,NE,LC,0,0.012483009518068711,0,0,1,0,0,0,0,0,0,1,0,1,1,0,0,0,0,0,0,0,0,0,0,0,0,0.0
Pithecopus oreades,Não Informado,NE,LC,0,0.012483009518068711,0,0,1,0,0,0,0,0,0,1,0,1,1,0,0,0,0,0,0,0,0,0,0,0,0,0.0
Boana goiana,Não Informado,NE,LC,0,0.012483009518068711,0,0,1,0,0,0,0,0,0,1,0,1,1,0,0,0,0,0,0,0,0,0,0,0,0,0.0
Proceratophrys vielliardi,Não Informado,NE,LC,0,0.012483009518068711,0,0,1,0,0,0,0,0,0,1,0,1,1,0,0,0,0,0,0,0,0,0,0,0,0,0.0
Cyanogomphus comparabilis,Libélula,NE,LC,0,0.012483009518068711,0,0,1,0,0,0,0,0,0,1,0,1,1,0,0,0,0,0,0,0,0,0,0,0,0,0.0
Pseudopaludicola facureae,Não Informado,NE,LC,0,0.012483009518068711,0,0,1,0,0,0,0,0,0,1,0,1,1,0,0,0,0,0,0,0,0,0,0,0,0,0.0
Bathynomus miyarei,Não Informado,NE,LC,0,0.012407126778581521,0,0,0,0,0,0,1,1,1,1,1,0,1,0,0,0,0,0,0,0,0,0,0,0,0,0.0
Neocallichirus guara,Não Informado,NE,LC,0,0.012407126778581521,0,0,0,0,0,0,1,1,1,1,0,0,1,0,0,0,0,0,0,0,0,0,0,0,0,0.0
Plakinastrella globularis,Esponja,NE,LC,0,0.012407126778581521,0,0,0,0,0,0,1,1,1,1,0,0,1,0,0,0,0,0,0,0,0,0,0,0,0,0.0
Echinodictyum dendroides,Esponja,NE,LC,0,0.012407126778581521,0,0,0,0,0,0,1,1,1,1,0,0,1,0,0,0,0,0,0,0,0,0,0,0,0,0.0
Callichirus corruptus,Não Informado,NE,LC,0,0.012407126778581521,0,0,0,0,0,0,1,1,1,1,1,0,1,0,0,0,0,0,0,0,0,0,0,0,0,0.0
Olindagorgia gracilis,Não Informado,NE,LC,0,0.012407126778581521,0,0,0,0,0,0,1,1,1,1,0,0,1,0,0,0,0,0,0,0,0,0,0,0,0,0.0
Adenomera araucaria,Rãnzinha-do-folhiço,NE,LC,0,0.012400361581258741,0,1,0,0,1,0,1,0,0,0,1,0,1,0,0,0,0,0,0,0,0,0,0,0,0,0.0
Adenomera engelsi,Rãnzinha-do-folhiço,NE,LC,0,0.012400361581258741,0,1,0,0,0,0,1,0,0,0,1,0,1,0,0,0,0,0,0,0,0,0,0,0,0,0.0
Micrathyria kleerekoperi,Libélula,NE,LC,0,0.01234399584597777,1,1,1,0,0,0,0,1,0,1,1,0,1,0,0,0,0,0,0,0,0,0,0,0,0,0.0
Hetaerina brightwelli,Libélula,NE,LC,0,0.01234399584597777,1,1,0,0,0,0,0,1,0,1,0,0,1,0,0,0,0,0,0,0,0,0,0,0,0,0.0
Oligoclada borrori,Libélula,NE,LC,0,0.01234399584597777,1,1,1,0,0,0,0,1,0,1,0,0,1,0,0,0,0,0,0,0,0,0,0,0,0,0.0
Forcepsioneura itatiaiae,Libélula,NE,LC,0,0.01234399584597777,1,1,0,0,0,0,0,1,0,1,0,0,1,0,0,0,0,0,0,0,0,0,0,0,0,0.0
Callibaetoides caaigua,Efemérida,NE,LC,0,0.01234399584597777,1,1,0,0,0,0,0,1,0,1,0,0,1,0,0,0,0,0,0,0,0,0,0,0,0,0.0
Potimirim brasiliana,Camarãozinho-de-rio,NE,LC,0,0.01233716749420685,0,1,0,0,0,0,0,0,1,1,1,0,1,0,0,0,0,0,0,0,0,0,0,0,0,0.0
Hylister plaumanni,Efemérida,NE,LC,0,0.01233716749420685,0,1,0,0,0,0,0,0,1,1,1,0,1,0,0,0,0,0,0,0,0,0,0,0,0,0.0
Oxyagrion pavidum,Libélula,NE,LC,0,0.01233716749420685,0,1,0,0,0,0,0,0,1,1,1,0,1,0,0,0,0,0,0,0,0,0,0,0,0,0.0
Dendropsophus elegans,Não Informado,NE,LC,0,0.01233716749420685,0,1,0,0,0,0,0,0,1,1,1,0,1,0,0,0,0,0,0,0,0,0,0,0,0,0.0
Scinax argyreornatus,Não Informado,NE,LC,0,0.01233716749420685,0,1,0,0,0,0,0,0,1,1,1,0,1,0,0,0,0,0,0,0,0,0,0,0,0,0.0
Rhinella hoogmoedi,Não Informado,NE,LC,0,0.01233716749420685,0,1,0,0,0,0,0,0,1,1,1,0,1,0,0,0,0,0,0,0,0,0,0,0,0,0.0
Janusya trindadensis,Não Informado,NE,LC,0,0.012310851428094164,0,0,0,0,0,0,1,0,0,1,0,0,1,0,0,0,0,0,0,0,0,0,0,0,0,0.0
Pinushydra chiquitita,Não Informado,NE,LC,0,0.012310851428094164,0,0,0,0,0,0,1,0,0,1,0,0,1,0,0,0,0,0,0,0,0,0,0,0,0,0.0
Cladorhiza nicoleae,Não Informado,NE,LC,0,0.012310851428094164,0,0,0,0,0,0,1,0,0,1,0,0,1,0,0,0,0,0,0,0,0,0,0,0,0,0.0
Vosmaeropsis recruta,Não Informado,NE,LC,0,0.012310851428094164,0,0,0,0,0,0,1,0,0,1,0,0,1,0,0,0,0,0,0,0,0,0,0,0,0,0.0
Erylus soesti,Esponja oculta,NE,LC,0,0.012310851428094164,0,0,0,0,0,0,1,0,0,1,1,0,1,0,0,0,0,0,0,0,0,0,0,0,0,0.0
Iophon parvachela,Não Informado,NE,LC,0,0.012310851428094164,0,0,0,0,0,0,1,0,0,1,1,0,1,0,0,0,0,0,0,0,0,0,0,0,0,0.0
Paroctopus cthulu,"polvo-do-lixo, polvo pigmeu",NE,DD,0,0.012310851428094164,0,0,0,0,0,0,1,0,0,1,1,0,1,0,0,0,0,0,0,0,0,0,0,0,0,0.0
Jaspis salvadori,Não Informado,NE,LC,0,0.012310851428094164,0,0,0,0,0,0,1,0,0,1,0,0,1,0,0,0,0,0,0,0,0,0,0,0,0,0.0
Cynachyrella strongylophora,Não Informado,NE,LC,0,0.012310851428094164,0,0,0,0,0,0,1,0,0,1,0,0,1,0,0,0,0,0,0,0,0,0,0,0,0,0.0
Hydrocoryne iemanja,Não Informado,NE,LC,0,0.012310851428094164,0,0,0,0,0,0,1,0,0,1,0,0,1,0,0,0,0,0,0,0,0,0,0,0,0,0.0
Borojevia trispinata,Não Informado,NE,LC,0,0.012310851428094164,0,0,0,0,0,0,1,0,0,1,0,0,1,0,0,0,0,0,0,0,0,0,0,0,0,0.0
Borojevia brasiliensis,Esponja,NE,LC,0,0.012310851428094164,0,0,0,0,0,0,1,0,0,1,0,0,1,0,0,0,0,0,0,0,0,0,0,0,0,0.0
Borojevia aspina,Esponja,NE,LC,0,0.012310851428094164,0,0,0,0,0,0,1,0,0,1,0,0,1,0,0,0,0,0,0,0,0,0,0,0,0,0.0
Erylus latens,Esponja oculta,NE,LC,0,0.012310851428094164,0,0,0,0,0,0,1,0,0,1,0,0,1,0,0,0,0,0,0,0,0,0,0,0,0,0.0
Haliclona fugidia,Não Informado,NE,LC,0,0.012310851428094164,0,0,0,0,0,0,1,0,0,1,0,0,1,0,0,0,0,0,0,0,0,0,0,0,0,0.0
Arenosclera brasiliensis,Esponja,NE,LC,0,0.012310851428094164,0,0,0,0,0,0,1,0,0,1,0,0,1,0,0,0,0,0,0,0,0,0,0,0,0,0.0
Nannocoryne mammylia,Não Informado,NE,LC,0,0.012310851428094164,0,0,0,0,0,0,1,0,0,1,0,0,1,0,0,0,0,0,0,0,0,0,0,0,0,0.0
Ectopleura obypa,Não Informado,NE,LC,0,0.012310851428094164,0,0,0,0,0,0,1,0,0,1,0,0,1,0,0,0,0,0,0,0,0,0,0,0,0,0.0
Chaceon ramosae,Não Informado,NE,LC,0,0.012310851428094164,0,0,0,0,0,0,1,0,0,1,1,0,1,0,0,0,0,0,0,0,0,0,0,0,0,0.0
Esperiopsis bathyalis,Esponja,NE,LC,0,0.012310851428094164,0,0,0,0,0,0,1,0,0,1,0,0,1,0,0,0,0,0,0,0,0,0,0,0,0,0.0
Erylus almirante,Esponja,NE,LC,0,0.012310851428094164,0,0,0,0,0,0,1,0,0,1,0,0,1,0,0,0,0,0,0,0,0,0,0,0,0,0.0
Ernsta tetractina,Esponja,NE,LC,0,0.012310851428094164,0,0,0,0,0,0,1,0,0,1,0,0,1,0,0,0,0,0,0,0,0,0,0,0,0,0.0
Erylus fluminense,Esponja,NE,LC,0,0.012310851428094164,0,0,0,0,0,0,1,0,0,1,0,0,1,0,0,0,0,0,0,0,0,0,0,0,0,0.0
Ernsta quadriradiata,Esponja,NE,LC,0,0.012310851428094164,0,0,0,0,0,0,1,0,0,1,0,0,1,0,0,0,0,0,0,0,0,0,0,0,0,0.0
Hyalonema dufresnei,Esponja,NE,LC,0,0.012310851428094164,0,0,0,0,0,0,1,0,0,1,0,0,1,0,0,0,0,0,0,0,0,0,0,0,0,0.0
Desmacella tylovariabilis,Não Informado,NE,LC,0,0.012310851428094164,0,0,0,0,0,0,1,0,0,1,0,0,1,0,0,0,0,0,0,0,0,0,0,0,0,0.0
Aplysina caissara,Esponja,NE,LC,0,0.012310851428094164,0,0,0,0,0,0,1,0,0,1,1,0,1,0,0,0,0,0,0,0,0,0,0,0,0,0.0
Hemimycale oxeata,Não Informado,NE,LC,0,0.012310851428094164,0,0,0,0,0,0,1,0,0,1,1,0,1,0,0,0,0,0,0,0,0,0,0,0,0,0.0
Panopeus austrobesus,Não Informado,NE,LC,0,0.012310851428094164,0,0,0,0,0,0,1,0,0,1,1,0,1,0,0,0,0,0,0,0,0,0,0,0,0,0.0
Lophocalyx brasiliensis,Esponja,NE,LC,0,0.012310851428094164,0,0,0,0,0,0,1,0,0,1,0,0,1,0,0,0,0,0,0,0,0,0,0,0,0,0.0
Grantia atlantica,Esponja,NE,LC,0,0.012310851428094164,0,0,0,0,0,0,1,0,0,1,0,0,1,0,0,0,0,0,0,0,0,0,0,0,0,0.0
Hamacantha microxifera,Esponja,NE,LC,0,0.012310851428094164,0,0,0,0,0,0,1,0,0,1,0,0,1,0,0,0,0,0,0,0,0,0,0,0,0,0.0
Sycon pentactinale,Esponja,NE,LC,0,0.012310851428094164,0,0,0,0,0,0,1,0,0,1,0,0,1,0,0,0,0,0,0,0,0,0,0,0,0,0.0
Sycettusa pelagica,Esponja,NE,LC,0,0.012310851428094164,0,0,0,0,0,0,1,0,0,1,0,0,1,0,0,0,0,0,0,0,0,0,0,0,0,0.0
Hemimycale ceadensis,Não Informado,NE,LC,0,0.012310851428094164,0,0,0,0,0,0,1,0,0,1,0,0,1,0,0,0,0,0,0,0,0,0,0,0,0,0.0
Craniella curviclada,Não Informado,NE,LC,0,0.012310851428094164,0,0,0,0,0,0,1,0,0,1,0,0,1,0,0,0,0,0,0,0,0,0,0,0,0,0.0
Paguristes pauciparus,Não Informado,NE,LC,0,0.012310851428094164,0,0,0,0,0,0,1,0,0,1,1,0,1,0,0,0,0,0,0,0,0,0,0,0,0,0.0
Halichondria migottea,Esponja,NE,DD,0,0.012310851428094164,0,0,0,0,0,0,1,0,0,1,0,0,1,0,0,0,0,0,0,0,0,0,0,0,0,0.0
Leucascus albus,Esponja,NE,LC,0,0.012310851428094164,0,0,0,0,0,0,1,0,0,1,0,0,1,0,0,0,0,0,0,0,0,0,0,0,0,0.0
Amphoriscus pedunculatus,Não Informado,NE,LC,0,0.012310851428094164,0,0,0,0,0,0,1,0,0,1,0,0,1,0,0,0,0,0,0,0,0,0,0,0,0,0.0
Halichondria sulfurea,Esponja,NE,LC,0,0.012310851428094164,0,0,0,0,0,0,1,0,0,1,0,0,1,0,0,0,0,0,0,0,0,0,0,0,0,0.0
Clathrina conifera,Esponja,NE,LC,0,0.012310851428094164,0,0,0,0,0,0,1,0,0,1,1,0,1,0,0,0,0,0,0,0,0,0,0,0,0,0.0
Cinachyra helena,Esponja,NE,LC,0,0.012310851428094164,0,0,0,0,0,0,1,0,0,1,0,0,1,0,0,0,0,0,0,0,0,0,0,0,0,0.0
Guitarra sepia,Esponja,NE,LC,0,0.012310851428094164,0,0,0,0,0,0,1,0,0,1,1,0,1,0,0,0,0,0,0,0,0,0,0,0,0,0.0
Cinachyrella clavaeformis,Não Informado,NE,LC,0,0.012310851428094164,0,0,0,0,0,0,1,0,0,1,0,0,1,0,0,0,0,0,0,0,0,0,0,0,0,0.0
Acanella arbuscula,Não Informado,NE,LC,0,0.012156527187350694,0,0,0,0,0,0,1,0,1,1,1,0,0,0,0,1,0,0,0,0,0,0,0,0,1,0.0
Dendropsophus anceps,Perereca,NE,LC,0,0.011963015526012193,0,1,1,1,0,0,0,0,1,1,1,0,1,0,0,0,0,0,0,0,0,0,0,0,0,0.0
Baetodes liviae,Efemérida,NE,LC,0,0.011963015526012193,0,1,1,1,0,0,0,0,1,1,1,0,1,0,0,0,0,0,0,0,0,0,0,0,0,0.0
Trachycephalus mesophaeus,Perereca-grudenta,NE,LC,0,0.011963015526012193,0,1,1,1,1,0,0,0,1,1,1,0,1,0,0,0,0,0,0,0,0,0,0,0,0,0.0
Anodontites trapesialis,Marisco-de-água-doce,NE,LC,0,0.011722965440356746,1,1,1,1,1,1,0,1,1,1,1,1,0,0,0,1,0,1,1,0,0,0,1,0,0,0.0
Caenis gaucha,Efemérida,NE,DD,0,0.011699416580773838,0,0,0,0,1,0,0,0,0,0,1,0,1,0,0,0,0,0,0,0,0,0,0,0,0,0.0
Rhinella cerradensis,Não Informado,NE,LC,0,0.011520834333069552,0,1,1,0,0,0,0,0,1,0,0,1,1,0,0,0,0,0,0,0,0,0,0,0,0,0.0
Phyllogomphoides spiniventris,Libélula,NE,LC,0,0.011520834333069552,0,1,1,0,0,0,0,0,1,0,0,1,1,0,0,0,0,0,0,0,0,0,0,0,0,0.0
Ischnocnema parva,Rãzinha-do-folhiço,NE,LC,0,0.01133419130373066,0,1,0,0,0,0,0,0,1,1,0,0,1,0,0,0,0,0,0,0,0,0,0,0,0,0.0
Dendropsophus bipunctatus,Pererequinha,NE,LC,0,0.01133419130373066,0,1,0,0,0,0,0,0,1,1,0,0,1,0,0,0,0,0,0,0,0,0,0,0,0,0.0
Neoneura kiautai,Libélula,NE,LC,0,0.01133419130373066,0,1,0,0,0,0,0,0,1,1,0,0,1,0,0,0,0,0,0,0,0,0,0,0,0,0.0
Anatya januaria,Libélula,NE,LC,0,0.01133419130373066,0,1,0,0,0,0,0,0,1,1,0,0,1,0,0,0,0,0,0,0,0,0,0,0,0,0.0
Dendrophryniscus proboscideus,Não Informado,NE,LC,0,0.01133419130373066,0,1,0,0,0,0,0,0,1,1,0,0,1,0,0,0,0,0,0,0,0,0,0,0,0,0.0
Tuberculobasis costalimai,Libélula,NE,LC,0,0.01133419130373066,0,1,0,0,0,0,0,0,1,1,0,0,1,0,0,0,0,0,0,0,0,0,0,0,0,0.0
Physalaemus signifer,Rãzinha-do-folhiço,NE,LC,0,0.01133419130373066,0,1,0,0,0,0,0,0,1,1,0,0,1,0,0,0,0,0,0,0,0,0,0,0,0,0.0
Scinax melanodactylus,Não Informado,NE,LC,0,0.01133419130373066,0,1,0,0,0,0,0,0,1,1,0,0,1,0,0,0,0,0,0,0,0,0,0,0,0,0.0
Aplastodiscus weygoldti,Não Informado,NE,LC,0,0.01133419130373066,0,1,0,0,0,0,0,0,1,1,0,0,1,0,0,0,0,0,0,0,0,0,0,0,0,0.0
Scinax agilis,Não Informado,NE,LC,0,0.01133419130373066,0,1,0,0,0,0,0,0,1,1,0,0,1,0,0,0,0,0,0,0,0,0,0,0,0,0.0
Scinax cuspidatus,Coastal Lowland Snouted Treefrog,NE,LC,0,0.01133419130373066,0,1,0,0,0,0,0,0,1,1,0,0,1,0,0,0,0,0,0,0,0,0,0,0,0,0.0
Gabohyla pauloalvini,"Perereca-de-bromélia-do-Paulo-Alvin, Salvador Caecilian",NE,LC,0,0.01133419130373066,0,1,0,0,0,0,0,0,1,1,0,0,1,0,0,0,0,0,0,0,0,0,0,0,0,0.0
Paracloeodes quadridentatus,Efemérida,NE,LC,0,0.01133419130373066,0,1,0,0,0,0,0,0,1,1,0,0,1,0,0,0,0,0,0,0,0,0,0,0,0,0.0
Phasmahyla exilis,Perereca-das-folhagens,NE,LC,0,0.01133419130373066,0,1,0,0,0,0,0,0,1,1,0,0,1,0,0,0,0,0,0,0,0,0,0,0,0,0.0
Leptodactylus cupreus,Rãzinha-de-folhiço,NE,LC,0,0.01133419130373066,0,1,0,0,0,0,0,0,1,1,0,0,1,0,0,0,0,0,0,0,0,0,0,0,0,0.0
Nyctimantis brunoi,Perereca-de-capacete,NE,LC,0,0.01133419130373066,0,1,0,0,0,0,0,0,1,1,0,0,1,0,0,0,0,0,0,0,0,0,0,0,0,0.0
Melanemerella brasiliana,Efemérida,NE,LC,0,0.01133419130373066,0,1,0,0,0,0,0,0,1,1,0,0,1,0,0,0,0,0,0,0,0,0,0,0,0,0.0
Boana pombali,Não Informado,NE,LC,0,0.01133419130373066,0,1,0,0,0,0,0,0,1,1,0,0,1,0,0,0,0,0,0,0,0,0,0,0,0,0.0
Proceratophrys schirchi,Não Informado,NE,LC,0,0.01133419130373066,0,1,0,0,0,0,0,0,1,1,0,0,1,0,0,0,0,0,0,0,0,0,0,0,0,0.0
Sphaenorhynchus prasinus,Pererequinha-limão,NE,LC,0,0.01133419130373066,0,1,0,0,0,0,0,0,1,1,0,0,1,0,0,0,0,0,0,0,0,0,0,0,0,0.0
Camelobaetidius rufiventris,"efêmeras, Efeméridas",NE,LC,0,0.01133419130373066,0,1,0,0,0,0,0,0,1,1,0,0,1,0,0,0,0,0,0,0,0,0,0,0,0,0.0
Sphaenorhynchus planicola,"Pererequinha-limão, Rio Lime Treefrog",NE,LC,0,0.01133419130373066,0,1,0,0,0,0,0,0,1,1,0,0,1,0,0,0,0,0,0,0,0,0,0,0,0,0.0
Tricorythopsis sigillatus,"efemérida, siriruia",NE,LC,0,0.01133419130373066,0,1,0,0,0,0,0,0,1,1,0,0,1,0,0,0,0,0,0,0,0,0,0,0,0,0.0
Leptagrion elongatum,"Agulhinha, Donzelinha, Donzelinha das bromélias, Lava-bunda, Libélula, Libélula das bromélias",NE,LC,0,0.01133419130373066,0,1,0,0,0,0,0,0,1,1,0,0,1,0,0,0,0,0,0,0,0,0,0,0,0,0.0
Boana pardalis,Sapo-porco,NE,LC,0,0.01133419130373066,0,1,0,0,0,0,0,0,1,1,0,0,1,0,0,0,0,0,0,0,0,0,0,0,0,0.0
Proceratophrys laticeps,Sapo-de-chifres,NE,LC,0,0.01133419130373066,0,1,0,0,0,0,0,0,1,1,0,0,1,0,0,0,0,0,0,0,0,0,0,0,0,0.0
Phyllodytes kautskyi,Perereca-das-bromélias,NE,LC,0,0.01133419130373066,0,1,0,0,0,0,0,0,1,1,0,0,1,0,0,0,0,0,0,0,0,0,0,0,0,0.0
Hydrosmilodon plagatus,"Efemérida, siriruia",NE,DD,0,0.01133419130373066,0,1,0,0,0,0,0,0,1,1,0,0,1,0,0,0,0,0,0,0,0,0,0,0,0,0.0
Askola michelin,Não Informado,NE,LC,0,0.01133419130373066,0,1,0,0,0,0,0,0,1,1,0,0,1,0,0,0,0,0,0,0,0,0,0,0,0,0.0
Physalaemus aguirrei,Rãzinha-do-folhiço,NE,LC,0,0.01133419130373066,0,1,0,0,0,0,0,0,1,1,0,0,1,0,0,0,0,0,0,0,0,0,0,0,0,0.0
Chiasmocleis capixaba,Rãzinha-da-mata,NE,LC,0,0.01133419130373066,0,1,0,0,0,0,0,0,1,1,0,0,1,0,0,0,0,0,0,0,0,0,0,0,0,0.0
Pristimantis vinhai,Não Informado,NE,LC,0,0.01133419130373066,0,1,0,0,0,0,0,0,1,1,0,0,1,0,0,0,0,0,0,0,0,0,0,0,0,0.0
Vitreorana baliomma,Não Informado,NE,LC,0,0.01133419130373066,0,1,0,0,0,0,0,0,1,1,0,0,1,0,0,0,0,0,0,0,0,0,0,0,0,0.0
Dendropsophus giesleri,Pererequinha,NE,LC,0,0.01133419130373066,0,1,0,0,0,0,0,0,1,1,0,0,1,0,0,0,0,0,0,0,0,0,0,0,0,0.0
Baetodes serratus,Efemérida,NE,LC,0,0.01133419130373066,0,1,0,0,0,0,0,0,1,1,0,0,1,0,0,0,0,0,0,0,0,0,0,0,0,0.0
Physalaemus erikae,Não Informado,NE,LC,0,0.01133419130373066,0,1,0,0,0,0,0,0,1,1,0,0,1,0,0,0,0,0,0,0,0,0,0,0,0,0.0
Ischnocnema verrucosa,Rãzinha-do-folhiço,NE,LC,0,0.01133419130373066,0,1,0,0,0,0,0,0,1,1,0,0,1,0,0,0,0,0,0,0,0,0,0,0,0,0.0
Physalaemus crombiei,Rãzinha-do-folhiço,NE,LC,0,0.01133419130373066,0,1,0,0,0,0,0,0,1,1,0,0,1,0,0,0,0,0,0,0,0,0,0,0,0,0.0
Pithecopus rohdei,Perereca-das-folhagens,NE,LC,0,0.01133419130373066,0,1,0,0,0,0,0,0,1,1,0,0,1,0,0,0,0,0,0,0,0,0,0,0,0,0.0
Leptagrion andromache,Libélula,NE,LC,0,0.01133419130373066,0,1,0,0,0,0,0,0,1,1,0,0,1,0,0,0,0,0,0,0,0,0,0,0,0,0.0
Adenomera thomei,Rãnzinha-do-folhiço,NE,LC,0,0.01133419130373066,0,1,0,0,0,0,0,0,1,1,0,0,1,0,0,0,0,0,0,0,0,0,0,0,0,0.0
Phyllomedusa burmeisteri,Perereca-das-folhagens,NE,LC,0,0.01133419130373066,0,1,0,0,0,0,0,0,1,1,0,0,1,0,0,0,0,0,0,0,0,0,0,0,0,0.0
Pseudis fusca,Não Informado,NE,LC,0,0.01133419130373066,0,1,0,0,0,0,0,0,1,1,0,0,1,0,0,0,0,0,0,0,0,0,0,0,0,0.0
Miroculis froehlichi,Efemérida,NE,LC,0,0.01133419130373066,0,1,0,0,0,0,0,0,1,1,0,0,1,0,0,0,0,0,0,0,0,0,0,0,0,0.0
Siderastrea stellata,brazilian starlet,NE,DD,0,0.01096757852077001,0,0,0,0,0,0,1,1,1,1,0,0,0,0,0,1,0,0,0,0,1,0,1,1,1,0.0
Bokermannohyla alvarengai,Não Informado,NE,LC,0,0.010960039335536003,0,1,1,1,0,0,0,0,1,1,0,0,1,0,0,0,0,0,0,0,0,0,0,0,0,0.0
Erythrodiplax leticia,Libélula,NE,LC,0,0.010960039335536003,0,1,1,1,0,0,0,0,1,1,0,0,1,0,0,0,0,0,0,0,0,0,0,0,0,0.0
Rhinella crucifer,Sapo-cururuzinho,NE,LC,0,0.010960039335536003,0,1,1,1,0,0,0,0,1,1,0,0,1,0,0,0,0,0,0,0,0,0,0,0,0,0.0
Bokermannohyla saxicola,Não Informado,NE,LC,0,0.010960039335536003,0,1,1,1,0,0,0,0,1,1,0,0,1,0,0,0,0,0,0,0,0,0,0,0,0,0.0
Rhinella granulosa,Não Informado,NE,LC,0,0.010960039335536003,0,1,1,1,0,0,0,0,1,1,0,0,1,0,0,0,0,0,0,0,0,0,0,0,0,0.0
Physalaemus kroyeri,Não Informado,NE,LC,0,0.010960039335536003,0,1,1,1,0,0,0,0,1,1,0,0,1,0,0,0,0,0,0,0,0,0,0,0,0,0.0
Phyllocycla gladiata,Libélula,NE,LC,0,0.010960039335536003,0,1,1,1,0,0,0,0,1,1,0,0,1,0,0,0,0,0,0,0,0,0,0,0,0,0.0
Leptodactylus natalensis,Não Informado,NE,LC,0,0.010960039335536003,0,1,1,1,0,0,0,0,1,1,0,0,1,0,0,0,0,0,0,0,0,0,0,0,0,0.0
Camelobaetidius lassance,Efemérida,NE,LC,0,0.010960039335536003,0,1,1,1,0,0,0,0,1,1,0,0,1,0,0,0,0,0,0,0,0,0,0,0,0,0.0
Scinax eurydice,Não Informado,NE,LC,0,0.010960039335536003,0,1,1,1,0,0,0,0,1,1,0,0,1,0,0,0,0,0,0,0,0,0,0,0,0,0.0
Dendropsophus decipiens,Não Informado,NE,LC,0,0.010960039335536003,0,1,1,1,0,0,0,0,1,1,0,0,1,0,0,0,0,0,0,0,0,0,0,0,0,0.0
Pipa carvalhoi,Sapo-d'água,NE,LC,0,0.010960039335536003,0,1,1,1,0,0,0,0,1,1,0,0,1,0,0,0,0,0,0,0,0,0,0,0,0,0.0
Xenohyla eugenioi,Não Informado,NE,LC,0,0.010960039335536003,0,1,1,1,0,0,0,0,1,1,0,0,1,0,0,0,0,0,0,0,0,0,0,0,0,0.0
Leptodactylus caatingae,Não Informado,NE,LC,0,0.010960039335536003,0,1,1,1,0,0,0,0,1,1,0,0,1,0,0,0,0,0,0,0,0,0,0,0,0,0.0
Physalaemus albifrons,Não Informado,NE,LC,0,0.010960039335536003,0,1,1,1,0,0,0,0,1,1,0,0,1,0,0,0,0,0,0,0,0,0,0,0,0,0.0
Physalaemus cicada,Não Informado,NE,LC,0,0.010960039335536003,0,1,1,1,0,0,0,0,1,1,0,0,1,0,0,0,0,0,0,0,0,0,0,0,0,0.0
Trachycephalus atlas,Não Informado,NE,LC,0,0.010960039335536003,0,1,1,1,0,0,0,0,1,1,0,0,1,0,0,0,0,0,0,0,0,0,0,0,0,0.0
Allobates capixaba,Sapinho-da- mata,NE,DD,0,0.010696440390297648,0,0,0,0,0,0,0,0,0,0,0,0,1,0,0,0,0,0,0,0,0,0,0,0,0,0.0
Leptohyphes mollipes,Efemérida,NE,DD,0,0.010696440390297648,0,0,0,0,0,0,0,0,0,0,0,0,1,0,0,0,0,0,0,0,0,0,0,0,0,0.0
Caecilia armata,Cecília,NE,DD,0,0.010696440390297648,0,0,0,0,0,0,0,0,0,0,0,0,1,0,0,0,0,0,0,0,0,0,0,0,0,0.0
Pseudis bolbodactyla,Rã-boiadora,NE,LC,0,0.010532688908185577,0,1,1,1,0,0,0,0,1,1,0,1,1,0,0,0,0,0,0,0,0,0,0,0,0,0.0
Rhinella rubescens,Não Informado,NE,LC,0,0.010532688908185577,0,1,1,1,0,0,0,0,1,1,0,1,1,0,0,0,0,0,0,0,0,0,0,0,0,0.0
Odontophrynus carvalhoi,Não Informado,NE,LC,0,0.010532688908185577,0,1,1,1,0,0,0,0,1,1,0,1,1,0,0,0,0,0,0,0,0,0,0,0,0,0.0
Boana crepitans,Perereca,NE,LC,0,0.010532688908185577,0,1,1,1,0,0,0,0,1,1,0,1,1,0,0,0,0,0,0,0,0,0,0,0,0,0.0
Farrodes carioca,Efemérida,NE,LC,0,0.010532688908185577,0,1,1,1,0,0,0,0,1,1,0,1,1,0,0,0,0,0,0,0,0,0,0,0,0,0.0
Heterorotula fistula,Não Informado,NE,LC,0,0.010532688908185577,0,1,1,1,0,0,0,0,1,1,0,1,1,0,0,0,0,0,0,0,0,0,0,0,0,0.0
Pithecopus nordestinus,"Gia-verde, Rã-das-folhagens",NE,LC,0,0.010532688908185577,0,1,1,1,0,0,0,0,1,1,0,1,1,0,0,0,0,0,0,0,0,0,0,0,0,0.0
Nathaliagrion perlongum,"Agulhinha, Donzelinha, Donzelinha das bromélias, Lava-bunda, Lavadeira, Libélula, Libélula das bromélias",NE,LC,0,0.010478988669392418,0,1,1,0,0,0,0,1,1,1,1,0,1,0,0,0,0,0,0,0,0,0,0,0,0,0.0
Pleurodema alium,Não Informado,NE,LC,0,0.01046280366544933,0,0,1,1,0,0,0,0,1,1,0,0,1,0,0,0,0,0,0,0,0,0,0,0,0,0.0
Pristimantis ventrigranulosus,Não Informado,NE,LC,0,0.010439796772439048,0,0,1,0,0,0,0,0,0,0,0,1,1,0,0,0,0,0,0,0,0,0,0,0,0,0.0
Physalaemus atim,Não Informado,NE,LC,0,0.010439796772439048,0,0,1,0,0,0,0,0,0,0,0,1,1,0,0,0,0,0,0,0,0,0,0,0,0,0.0
Miroculis brasiliaensis,Efemérida,NE,LC,0,0.010439796772439048,0,0,1,0,0,0,0,0,0,0,0,1,1,0,0,0,0,0,0,0,0,0,0,0,0,0.0
Pithecopus araguaius,Não Informado,NE,LC,0,0.010439796772439048,0,0,1,0,0,0,0,0,0,0,0,1,1,0,0,0,0,0,0,0,0,0,0,0,0,0.0
Tricorythodes sallesi,Efemérida,NE,LC,0,0.010439796772439048,0,0,1,0,0,0,0,0,0,0,0,1,1,0,0,0,0,0,0,0,0,0,0,0,0,0.0
Proceratophrys dibernardoi,Não Informado,NE,LC,0,0.010439796772439048,0,0,1,0,0,0,0,0,0,0,0,1,1,0,0,0,0,0,0,0,0,0,0,0,0,0.0
Ponticyclops boscoi,copépode,NE,DD,0,0.010439796772439048,0,0,1,0,0,0,0,0,0,0,0,1,1,0,0,0,0,0,0,0,0,0,0,0,0,0.0
Mnesarete fuscibasis,Libélula,NE,LC,0,0.010439796772439048,0,0,1,0,0,0,0,0,0,0,0,1,1,0,0,0,0,0,0,0,0,0,0,0,0,0.0
Chiasmocleis mehelyi,Não Informado,NE,LC,0,0.010439796772439048,0,0,1,0,0,1,0,0,0,0,0,1,1,0,0,0,0,0,0,0,0,0,0,0,0,0.0
Cryphiops brasiliensis,Não Informado,NE,LC,0,0.010439796772439048,0,0,1,0,0,0,0,0,0,0,0,1,1,0,0,0,0,0,0,0,0,0,0,0,0,0.0
Murunducaris juneae,"Copépode, copépode (português); copepod (inglês), copépodo (espanhol); copépode (francês).",NE,DD,0,0.010439796772439048,0,0,1,0,0,0,0,0,0,0,0,1,1,0,0,0,0,0,0,0,0,0,0,0,0,0.0
Cloeodes spaceki,Efemérida,NE,LC,0,0.010439796772439048,0,0,1,0,0,0,0,0,0,0,0,1,1,0,0,0,0,0,0,0,0,0,0,0,0,0.0
Thraulodes amanda,"efemérida, siriruia",NE,LC,0,0.010439796772439048,0,0,1,0,0,0,0,0,0,0,0,1,1,0,0,0,0,0,0,0,0,0,0,0,0,0.0
Oreobates heterodactylus,Caceres Robber Frog,NE,LC,0,0.010439796772439048,0,0,1,0,0,1,0,0,0,0,0,1,1,0,0,0,0,0,0,0,0,0,0,0,0,0.0
Dendropsophus araguaya,Pererequinha-do-araguaia,NE,LC,0,0.010439796772439048,0,0,1,0,0,0,0,0,0,0,0,1,1,0,0,0,0,0,0,0,0,0,0,0,0,0.0
Metacyclops campestris,copépode,NE,DD,0,0.010439796772439048,0,0,1,0,0,0,0,0,0,0,0,1,1,0,0,0,0,0,0,0,0,0,0,0,0,0.0
Camelobaetidius baumgardneri,Efemérida,NE,LC,0,0.010439796772439048,0,0,1,0,0,0,0,0,0,0,0,1,1,0,0,0,0,0,0,0,0,0,0,0,0,0.0
Camelobaetidius cruzi,Efemérida,NE,LC,0,0.010439796772439048,0,0,1,0,0,0,0,0,0,0,0,1,1,0,0,0,0,0,0,0,0,0,0,0,0,0.0
Camelobaetidius lourii,Efemérida,NE,LC,0,0.010439796772439048,0,0,1,0,0,0,0,0,0,0,0,1,1,0,0,0,0,0,0,0,0,0,0,0,0,0.0
Tropocyclops federensis,copépode,NE,DD,0,0.010439796772439048,0,0,1,0,0,0,0,0,0,0,0,1,1,0,0,0,0,0,0,0,0,0,0,0,0,0.0
Muscocyclops bidentatus,copépode,NE,DD,0,0.010439796772439048,0,0,1,0,0,0,0,0,0,0,0,1,1,0,0,0,0,0,0,0,0,0,0,0,0,0.0
Scinax haddadorum,Não Informado,NE,LC,0,0.010439796772439048,0,0,1,0,0,0,0,0,0,0,0,1,1,0,0,0,0,0,0,0,0,0,0,0,0,0.0
Scinax rupestris,Não Informado,NE,LC,0,0.010439796772439048,0,0,1,0,0,0,0,0,0,0,0,1,1,0,0,0,0,0,0,0,0,0,0,0,0,0.0
Telebasis lenkoi,Libélula,NE,LC,0,0.010439796772439048,0,0,1,0,0,0,0,0,0,0,0,1,1,0,0,0,0,0,0,0,0,0,0,0,0,0.0
Navicordulia longistyla,Libélula,NE,DD,0,0.010439796772439048,0,0,1,0,0,0,0,0,0,0,0,1,1,0,0,0,0,0,0,0,0,0,0,0,0,0.0
Adenomera juikitam,Não Informado,NE,LC,0,0.010439796772439048,0,0,1,0,0,0,0,0,0,0,0,1,1,0,0,0,0,0,0,0,0,0,0,0,0,0.0
Fittkaulus cuiabae,Efemérida,NE,LC,0,0.010439796772439048,0,0,1,0,0,0,0,0,0,0,0,1,1,0,0,0,0,0,0,0,0,0,0,0,0,0.0
Camelobaetidius sallesi,"efemérida, siriruia",NE,LC,0,0.010439796772439048,0,0,1,0,0,0,0,0,0,0,0,1,1,0,0,0,0,0,0,0,0,0,0,0,0,0.0
Navicordulia leptostyla,Libélula,NE,LC,0,0.010439796772439048,0,0,1,0,0,0,0,0,0,0,0,1,1,0,0,0,0,0,0,0,0,0,0,0,0,0.0
Ameerega berohoka,Não Informado,NE,LC,0,0.010439796772439048,0,0,1,0,0,0,0,0,0,0,0,1,1,0,0,0,0,0,0,0,0,0,0,0,0,0.0
Tropocyclops nananae,Copépode,NE,LC,0,0.010439796772439048,0,0,1,0,0,0,0,0,0,0,0,1,1,0,0,0,0,0,0,0,0,0,0,0,0,0.0
Lestes quadristriatus,"agulhinha, donzelinha, lava-bunda, lavadeira, Libélula",NE,DD,0,0.010439796772439048,0,0,1,0,0,0,0,0,0,0,0,1,1,0,0,0,0,0,0,0,0,0,0,0,0,0.0
Gomphoides infumata,Libélula,NE,LC,0,0.01039168448733865,1,1,1,0,0,0,0,1,0,1,0,1,1,0,0,0,0,0,0,0,0,0,0,0,0,0.0
Tortopus harrisi,Emérida,NE,LC,0,0.01039168448733865,1,1,1,0,0,1,0,1,0,1,1,1,1,0,0,0,0,0,0,0,0,0,0,0,0,0.0
Oligoclada nemesis,Libélula,NE,LC,0,0.01039168448733865,1,1,1,0,0,0,0,1,0,1,0,1,1,0,0,0,0,0,0,0,0,0,0,0,0,0.0
Askola froehlichi,Efemérida,NE,LC,0,0.010267347785231671,0,1,0,1,0,0,0,0,1,1,1,0,1,0,0,0,0,0,0,0,0,0,0,0,0,0.0
Trichodactylus fluviatilis,Caranguejo-de-água-doce,NE,DD,0,0.010267347785231671,0,1,0,1,0,0,0,0,1,1,1,0,1,0,0,0,0,0,0,0,0,0,0,0,0,0.0
Stereocyclops incrassatus,Rãzinha-do-folhiço,NE,LC,0,0.010267347785231671,0,1,0,1,0,0,0,0,1,1,1,0,1,0,0,0,0,0,0,0,0,0,0,0,0,0.0
Simothraulopsis diamantinensis,Efemérida,NE,LC,0,0.010267347785231671,0,1,0,1,0,0,0,0,1,1,1,0,1,0,0,0,0,0,0,0,0,0,0,0,0,0.0
Erythrodiplax acantha,Libélula,NE,LC,0,0.010051638242041992,0,1,1,0,0,0,0,1,1,1,1,1,1,0,0,0,0,0,0,0,0,0,0,0,0,0.0
Proceratophrys cristiceps,Não Informado,NE,LC,0,0.010049305222384973,0,1,1,1,0,0,0,0,1,0,0,0,1,0,0,0,0,0,0,0,0,0,0,0,0,0.0
Pseudopaludicola jaredi,Não Informado,NE,LC,0,0.010049305222384973,0,1,1,1,0,0,0,0,1,0,0,0,1,0,0,0,0,0,0,0,0,0,0,0,0,0.0
Thraulodes sternimaculatus,"efemérida, siriruia",NE,LC,0,0.010049305222384973,0,1,1,1,0,0,0,0,1,0,0,0,1,0,0,0,0,0,0,0,0,0,0,0,0,0.0
Thoropa miliaris,Não Informado,NE,LC,0,0.009918804948543294,0,1,1,0,0,0,1,0,1,1,0,0,1,0,0,0,0,0,0,0,0,0,0,0,0,0.0
Adenomera marmorata,Rãzinha-marmoreada,NE,LC,0,0.009918804948543294,0,1,1,0,0,0,1,0,1,1,1,0,1,0,0,0,0,0,0,0,0,0,0,0,0,0.0
Trachycephalus mambaiensis,Perereca-grudenta-de-Mambaí,NE,LC,0,0.00985037098628977,0,0,1,0,0,0,0,0,1,1,0,1,1,0,0,0,0,0,0,0,0,0,0,0,0,0.0
Erythrodiplax ana,Libélula,NE,LC,0,0.00985037098628977,0,0,1,0,0,0,0,0,1,1,0,1,1,0,0,0,0,0,0,0,0,0,0,0,0,0.0
Scinax tigrinus,Não Informado,NE,LC,0,0.00985037098628977,0,0,1,0,0,0,0,0,1,1,0,1,1,0,0,0,0,0,0,0,0,0,0,0,0,0.0
Hylomantis aspera,Não Informado,NE,LC,0,0.00982516659228903,0,1,0,0,0,0,0,0,1,0,0,0,1,0,0,0,0,0,0,0,0,0,0,0,0,0.0
Traverhyphes frevo,Efemérida,NE,LC,0,0.00982516659228903,0,1,0,0,0,0,0,0,1,0,0,0,1,0,0,0,0,0,0,0,0,0,0,0,0,0.0
Askola maculatus,Efemérida,NE,LC,0,0.00982516659228903,0,1,0,0,0,0,0,0,1,0,0,0,1,0,0,0,0,0,0,0,0,0,0,0,0,0.0
Physalaemus camacan,Rãnzinha-do-folhiço,NE,LC,0,0.00982516659228903,0,1,0,0,0,0,0,0,1,0,0,0,1,0,0,0,0,0,0,0,0,0,0,0,0,0.0
Chiasmocleis crucis,Rãzinha-da-mata,NE,LC,0,0.00982516659228903,0,1,0,0,0,0,0,0,1,0,0,0,1,0,0,0,0,0,0,0,0,0,0,0,0,0.0
Askola kamakan,Não Informado,NE,LC,0,0.00982516659228903,0,1,0,0,0,0,0,0,1,0,0,0,1,0,0,0,0,0,0,0,0,0,0,0,0,0.0
Phyllocycla murrea,Libélula,NE,DD,0,0.00982516659228903,0,1,0,0,0,0,0,0,1,0,0,0,1,0,0,0,0,0,0,0,0,0,0,0,0,0.0
Cloeodes maracatu,Efemérida,NE,LC,0,0.00982516659228903,0,1,0,0,0,0,0,0,1,0,0,0,1,0,0,0,0,0,0,0,0,0,0,0,0,0.0
Phyllodytes edelmoi,Perereca-das-bromélias,NE,LC,0,0.00982516659228903,0,1,0,0,0,0,0,0,1,0,0,0,1,0,0,0,0,0,0,0,0,0,0,0,0,0.0
Crossodactylodes septentrionalis,Não Informado,NE,LC,0,0.00982516659228903,0,1,0,0,0,0,0,0,1,0,0,0,1,0,0,0,0,0,0,0,0,0,0,0,0,0.0
Brachycephalus pulex,Sapinho-pulga,NE,LC,0,0.00982516659228903,0,1,0,0,0,0,0,0,1,0,0,0,1,0,0,0,0,0,0,0,0,0,0,0,0,0.0
Thraulodes calori,"efemérida, siriruia",NE,LC,0,0.00982516659228903,0,1,0,0,0,0,0,0,1,0,0,0,1,0,0,0,0,0,0,0,0,0,0,0,0,0.0
Chiasmocleis cordeiroi,Não Informado,NE,LC,0,0.00982516659228903,0,1,0,0,0,0,0,0,1,0,0,0,1,0,0,0,0,0,0,0,0,0,0,0,0,0.0
Telebasis myrianae,Libélula,NE,DD,0,0.00982516659228903,0,1,0,0,0,0,0,0,1,0,0,0,1,0,0,0,0,0,0,0,0,0,0,0,0,0.0
Hermanella angeli,"efemérida, siriruia",NE,LC,0,0.00982516659228903,0,1,0,0,0,0,0,0,1,0,0,0,1,0,0,0,0,0,0,0,0,0,0,0,0,0.0
Eotheca recava,Não Informado,NE,LC,0,0.00982516659228903,0,1,0,0,0,0,0,0,1,0,0,0,1,0,0,0,0,0,0,0,0,0,0,0,0,0.0
Eotheca pulchra,Não Informado,NE,LC,0,0.00982516659228903,0,1,0,0,0,0,0,0,1,0,0,0,1,0,0,0,0,0,0,0,0,0,0,0,0,0.0
Simothraulopsis gracilianus,"Efemérida, Siriruia",NE,LC,0,0.00982516659228903,0,1,0,0,0,0,0,0,1,0,0,0,1,0,0,0,0,0,0,0,0,0,0,0,0,0.0
Pseudopaludicola saltica,Não Informado,NE,LC,0,0.009651389099337954,1,0,1,0,0,0,0,0,0,1,0,1,1,0,0,0,0,0,0,0,0,0,0,0,0,0.0
Micrathyria pseudhypodidyma,Libélula,NE,LC,0,0.00937195542210082,0,0,1,0,1,0,1,0,0,1,1,1,1,0,0,0,0,0,0,0,0,0,0,0,0,0.0
Navicordulia mielkei,Libélula,NE,LC,0,0.00935661367208064,0,1,0,1,0,0,0,0,1,0,1,0,1,0,0,0,0,0,0,0,0,0,0,0,0,0.0
Dendropsophus haddadi,Pererequinha-de-colete,NE,LC,0,0.00926437159475548,0,1,0,1,0,0,0,0,1,1,0,0,1,0,0,0,0,0,0,0,0,0,0,0,0,0.0
Pseudopaludicola florencei,Não Informado,NE,LC,0,0.00926437159475548,0,1,0,1,0,0,0,0,1,1,0,0,1,0,0,0,0,0,0,0,0,0,0,0,0,0.0
Proceratophrys renalis,Não Informado,NE,LC,0,0.00926437159475548,0,1,0,1,0,0,0,0,1,1,0,0,1,0,0,0,0,0,0,0,0,0,0,0,0,0.0
Pseudopaludicola pocoto,Não Informado,NE,LC,0,0.00926437159475548,0,1,0,1,0,0,0,0,1,1,0,0,1,0,0,0,0,0,0,0,0,0,0,0,0,0.0
Perissophlebiodes flinti,Efemérida,NE,LC,0,0.00926437159475548,0,1,0,1,0,0,0,0,1,1,0,0,1,0,0,0,0,0,0,0,0,0,0,0,0,0.0
Scinax pachycrus,Não Informado,NE,LC,0,0.00926437159475548,0,1,0,1,0,0,0,0,1,1,0,0,1,0,0,0,0,0,0,0,0,0,0,0,0,0.0
Pristimantis paulodutrai,Não Informado,NE,LC,0,0.00926437159475548,0,1,0,1,0,0,0,0,1,1,0,0,1,0,0,0,0,0,0,0,0,0,0,0,0,0.0
Dendropsophus oliveirai,Não Informado,NE,LC,0,0.00926437159475548,0,1,0,1,0,0,0,0,1,1,0,0,1,0,0,0,0,0,0,0,0,0,0,0,0,0.0
Notodiaptomus dubius,copépode,NE,LC,0,0.00926437159475548,0,1,0,1,0,0,0,0,1,1,0,0,1,0,0,0,0,0,0,0,0,0,0,0,0,0.0
Scinax camposseabrai,Não Informado,NE,LC,0,0.00926437159475548,0,1,0,1,0,0,0,0,1,1,0,0,1,0,0,0,0,0,0,0,0,0,0,0,0,0.0
Scinax auratus,Não Informado,NE,LC,0,0.00926437159475548,0,1,0,1,0,0,0,0,1,1,0,0,1,0,0,0,0,0,0,0,0,0,0,0,0,0.0
Leptodactylus spixi,Não Informado,NE,LC,0,0.00926437159475548,0,1,0,1,0,0,0,0,1,1,0,0,1,0,0,0,0,0,0,0,0,0,0,0,0,0.0
Tricorythopsis araponga,"efemérida, siriruia",NE,LC,0,0.00926437159475548,0,1,0,1,0,0,0,0,1,1,0,0,1,0,0,0,0,0,0,0,0,0,0,0,0,0.0
Leila esula,Marisco-de-água-doce,NE,DD,0,0.008774541531823084,1,0,1,0,0,0,0,1,0,0,0,1,0,0,0,0,1,0,0,0,0,1,1,0,0,0.0
Lestes fernandoi,"agulhinha, donzelinha, lava-bunda, lavadeira, Libélula",NE,DD,0,0.008768696702198566,0,0,1,0,0,0,0,0,1,0,0,0,1,0,0,0,0,0,0,0,0,0,0,0,0,0.0
Trichodactylus parvus,Caranguejo-de-água-doce,NE,LC,0,0.008744129031658525,0,0,0,0,0,1,0,0,0,0,0,1,1,0,0,0,0,0,0,0,0,0,0,0,0,0.0
Argyrodiaptomus nhumirim,copépode,NE,LC,0,0.008744129031658525,0,0,0,0,0,1,0,0,0,0,0,1,1,0,0,0,0,0,0,0,0,0,0,0,0,0.0
Clathria nicoleae,Esponja,NE,LC,0,0.008643200106355577,0,0,0,0,0,0,1,1,1,0,0,0,1,0,0,0,0,0,0,0,0,0,0,0,0,0.0
Trichogorgia brasiliensis,Não Informado,NE,LC,0,0.008643200106355577,0,0,0,0,0,0,1,1,1,0,0,0,1,0,0,0,0,0,0,0,0,0,0,0,0,0.0
Lepidophthalmus siriboia,Não Informado,NE,LC,0,0.008643200106355577,0,0,0,0,0,0,1,1,1,0,0,0,1,0,0,0,0,0,0,0,0,0,0,0,0,0.0
Adenomera bokermanni,Rãzinha,NE,LC,0,0.008544086100140234,1,1,1,0,0,0,1,0,1,1,1,1,1,0,0,0,0,0,0,0,0,0,0,0,0,0.0
Terpides sooretamae,Efemérida,NE,LC,0,0.008527828718232468,0,1,1,0,0,0,0,1,1,1,0,1,1,0,0,0,0,0,0,0,0,0,0,0,0,0.0
Leptodactylus sertanejo,Não Informado,NE,LC,0,0.008527828718232468,0,1,1,0,0,0,0,1,1,1,0,1,1,0,0,0,0,0,0,0,0,0,0,0,0,0.0
Camelobaetidius francischettii,Efemérida,NE,LC,0,0.008527828718232468,0,1,1,0,0,0,0,1,1,1,0,1,1,0,0,0,0,0,0,0,0,0,0,0,0,0.0
Proceratophrys branti,Não Informado,NE,LC,0,0.008408329619140424,0,0,1,0,0,0,0,1,0,1,0,1,1,0,0,0,0,0,0,0,0,0,0,0,0,0.0
Diaphlebia nexans,Libélula,NE,LC,0,0.008408329619140424,0,0,1,0,0,0,0,1,0,1,0,1,1,0,0,0,0,0,0,0,0,0,0,0,0,0.0
Aplastodiscus sibilatus,Perereca,NE,LC,0,0.008353637481604451,0,1,0,1,0,0,0,0,1,0,0,0,1,0,0,0,0,0,0,0,0,0,0,0,0,0.0
Frostius erythrophthalmus,Sapinho-do-olho-vermelho,NE,LC,0,0.008353637481604451,0,1,0,1,0,0,0,0,1,0,0,0,1,0,0,0,0,0,0,0,0,0,0,0,0,0.0
Frostius pernambucensis,Não Informado,NE,LC,0,0.008353637481604451,0,1,0,1,0,0,0,0,1,0,0,0,1,0,0,0,0,0,0,0,0,0,0,0,0,0.0
Pristimantis ramagii,Não Informado,NE,LC,0,0.008353637481604451,0,1,0,1,0,0,0,0,1,0,0,0,1,0,0,0,0,0,0,0,0,0,0,0,0,0.0
Macrothemis griseofrons,Libélula,NE,LC,0,0.008353637481604451,0,1,0,1,0,0,0,0,1,0,0,0,1,0,0,0,0,0,0,0,0,0,0,0,0,0.0
Phyllomedusa bahiana,Perereca-das-folhagens,NE,LC,0,0.008353637481604451,0,1,0,1,0,0,0,0,1,0,0,0,1,0,0,0,0,0,0,0,0,0,0,0,0,0.0
Erythrodiplax branconensis,"lava-bunda, lavadeira, Libélula",NE,LC,0,0.008348471741708986,1,1,1,0,0,0,0,1,0,0,0,1,1,0,0,0,0,0,0,0,0,0,0,0,0,0.0
Metania subtilis,Esponja,NE,LC,0,0.008348471741708986,1,1,0,0,0,0,0,1,0,0,1,1,1,0,0,0,0,0,0,0,0,0,0,0,0,0.0
Dendropsophus seniculus,Perereca,NE,LC,0,0.008223137207762772,0,1,0,0,0,0,1,0,1,1,1,0,1,0,0,0,0,0,0,0,0,0,0,0,0,0.0
Idioneura ancilla,"Agulhinha, Donzelinha, Lava-bunda, Lavadeira, Libélula",NE,LC,0,0.008223137207762772,0,1,0,0,0,0,1,0,1,1,1,0,1,0,0,0,0,0,0,0,0,0,0,0,0,0.0
Scinax alter,Perereca-do-litoral,NE,LC,0,0.008223137207762772,0,1,0,0,0,0,1,0,1,1,0,0,1,0,0,0,0,0,0,0,0,0,0,0,0,0.0
Elasmothemis alcebiadesi,Libélula,NE,LC,0,0.008223137207762772,0,1,0,0,0,0,1,0,1,1,0,0,1,0,0,0,0,0,0,0,0,0,0,0,0,0.0
Boana faber,"Sapo-ferreiro, Sapo-martelo",NE,LC,0,0.007863758908871692,0,1,1,1,1,0,0,0,1,1,1,0,0,0,0,0,0,0,0,0,0,0,1,0,0,0.0
Scinax catharinae,Não Informado,NE,LC,0,0.007848985239568113,0,1,1,1,0,0,1,0,1,1,1,0,1,0,0,0,0,0,0,0,0,0,0,0,0,0.0
Boana albomarginata,Perereca,NE,LC,0,0.007848985239568113,0,1,1,1,0,0,1,0,1,1,1,0,1,0,0,0,0,0,0,0,0,0,0,0,0,0.0
Leptogorgia pseudogracilis,Não Informado,NE,LC,0,0.0077259015376760975,0,0,0,0,0,0,1,0,1,1,0,0,1,0,0,0,0,0,0,0,0,0,0,0,0,0.0
Ophiothrix trindadensis,Não Informado,NE,LC,0,0.0077259015376760975,0,0,0,0,0,0,1,0,1,1,0,0,1,0,0,0,0,0,0,0,0,0,0,0,0,0.0
Leucandra crassior,Esponja,NE,LC,0,0.0077259015376760975,0,0,0,0,0,0,1,0,1,1,0,0,1,0,0,0,0,0,0,0,0,0,0,0,0,0.0
Acarnus radovani,Esponja,NE,LC,0,0.0077259015376760975,0,0,0,0,0,0,1,0,1,1,0,0,1,0,0,0,0,0,0,0,0,0,0,0,0,0.0
Desmanthus meandroides,Esponja,NE,LC,0,0.0077259015376760975,0,0,0,0,0,0,1,0,1,1,0,0,1,0,0,0,0,0,0,0,0,0,0,0,0,0.0
Plakina cabofriensis,Não Informado,NE,LC,0,0.0077259015376760975,0,0,0,0,0,0,1,0,1,1,0,0,1,0,0,0,0,0,0,0,0,0,0,0,0,0.0
Plakina coerulea,Esponja,NE,LC,0,0.0077259015376760975,0,0,0,0,0,0,1,0,1,1,0,0,1,0,0,0,0,0,0,0,0,0,0,0,0,0.0
Monanchora brasiliensis,Esponja,NE,LC,0,0.0077259015376760975,0,0,0,0,0,0,1,0,1,1,1,0,1,0,0,0,0,0,0,0,0,0,0,0,0,0.0
Radicipes kopelatos,Não Informado,NE,LC,0,0.0077259015376760975,0,0,0,0,0,0,1,0,1,1,0,0,1,0,0,0,0,0,0,0,0,0,0,0,0,0.0
Ernsta solaris,Não Informado,NE,LC,0,0.0077259015376760975,0,0,0,0,0,0,1,0,1,1,0,0,1,0,0,0,0,0,0,0,0,0,0,0,0,0.0
Erylus revizee,Esponja,NE,LC,0,0.0077259015376760975,0,0,0,0,0,0,1,0,1,1,0,0,1,0,0,0,0,0,0,0,0,0,0,0,0,0.0
Timea berlincki,Não Informado,NE,LC,0,0.0077259015376760975,0,0,0,0,0,0,1,0,1,1,0,0,1,0,0,0,0,0,0,0,0,0,0,0,0,0.0
Muriceopsis metaclados,Não Informado,NE,LC,0,0.0077259015376760975,0,0,0,0,0,0,1,0,1,1,0,0,1,0,0,0,0,0,0,0,0,0,0,0,0,0.0
Jaspis iacuitaster,Não Informado,NE,LC,0,0.0077259015376760975,0,0,0,0,0,0,1,0,1,1,1,0,1,0,0,0,0,0,0,0,0,0,0,0,0,0.0
Jaspis corticomicroxea,Não Informado,NE,LC,0,0.0077259015376760975,0,0,0,0,0,0,1,0,1,1,0,0,1,0,0,0,0,0,0,0,0,0,0,0,0,0.0
Bathyarctus ramosae,Não Informado,NE,LC,0,0.0077259015376760975,0,0,0,0,0,0,1,0,1,1,0,0,1,0,0,0,0,0,0,0,0,0,0,0,0,0.0
Plakina cyanorosea,Não Informado,NE,LC,0,0.0077259015376760975,0,0,0,0,0,0,1,0,1,1,0,0,1,0,0,0,0,0,0,0,0,0,0,0,0,0.0
Acarnus toxeata,Esponja,NE,LC,0,0.0077259015376760975,0,0,0,0,0,0,1,0,1,1,0,0,1,0,0,0,0,0,0,0,0,0,0,0,0,0.0
Dysidea robusta,Esponja,NE,LC,0,0.0077259015376760975,0,0,0,0,0,0,1,0,1,1,0,0,1,0,0,0,0,0,0,0,0,0,0,0,0,0.0
Paraleucilla perlucida,Esponja,NE,LC,0,0.0077259015376760975,0,0,0,0,0,0,1,0,1,1,1,0,1,0,0,0,0,0,0,0,0,0,0,0,0,0.0
Stephanogorgia rattoi,Não Informado,NE,LC,0,0.0077259015376760975,0,0,0,0,0,0,1,0,1,1,0,0,1,0,0,0,0,0,0,0,0,0,0,0,0,0.0
Geodia glariosa,Esponja,NE,LC,0,0.0077259015376760975,0,0,0,0,0,0,1,0,1,1,1,0,1,0,0,0,0,0,0,0,0,0,0,0,0,0.0
Amorphinopsis atlantica,Não Informado,NE,LC,0,0.0077259015376760975,0,0,0,0,0,0,1,0,1,1,0,0,1,0,0,0,0,0,0,0,0,0,0,0,0,0.0
Stragulum bicolor,Não Informado,NE,LC,0,0.0077259015376760975,0,0,0,0,0,0,1,0,1,1,1,0,1,0,0,0,0,0,0,0,0,0,0,0,0,0.0
Sycon frustulosum,Esponja,NE,LC,0,0.0077259015376760975,0,0,0,0,0,0,1,0,1,1,0,0,1,0,0,0,0,0,0,0,0,0,0,0,0,0.0
Callyspongia pseudotoxa,Esponja,NE,LC,0,0.0077259015376760975,0,0,0,0,0,0,1,0,1,1,1,0,1,0,0,0,0,0,0,0,0,0,0,0,0,0.0
Aplysina pseudolacunosa,Esponja,NE,LC,0,0.0077259015376760975,0,0,0,0,0,0,1,0,1,1,0,0,1,0,0,0,0,0,0,0,0,0,0,0,0,0.0
Crella brasiliensis,Não Informado,NE,LC,0,0.0077259015376760975,0,0,0,0,0,0,1,0,1,1,0,0,1,0,0,0,0,0,0,0,0,0,0,0,0,0.0
Aplysina alcicornis,Esponja,NE,LC,0,0.0077259015376760975,0,0,0,0,0,0,1,0,1,1,0,0,1,0,0,0,0,0,0,0,0,0,0,0,0,0.0
Neoneura lucas,Libélula,NE,LC,0,0.007608176353708291,1,0,1,0,0,1,0,0,0,0,0,1,1,0,0,0,0,0,0,0,0,0,0,0,0,0.0
Ameerega braccata,Não Informado,NE,LC,0,0.007608176353708291,1,0,1,0,0,1,0,0,0,0,0,1,1,0,0,0,0,0,0,0,0,0,0,0,0,0.0
Mnesarete machadoi,Libélula,NE,LC,0,0.007608176353708291,1,0,1,0,0,0,0,0,0,0,0,1,1,0,0,0,0,0,0,0,0,0,0,0,0,0.0
Metaleptobasis longicauda,Libélula,NE,DD,0,0.007608176353708291,1,0,1,0,0,0,0,0,0,0,0,1,1,0,0,0,0,0,0,0,0,0,0,0,0,0.0
Geodia splendida,Esponja,NE,LC,0,0.007585386294329758,0,0,0,0,0,0,1,0,0,0,1,0,1,0,0,0,0,0,0,0,0,0,0,0,0,0.0
Geodia riograndensis,Esponja,NE,LC,0,0.007585386294329758,0,0,0,0,0,0,1,0,0,0,1,0,1,0,0,0,0,0,0,0,0,0,0,0,0,0.0
Haliclona lilacea,Esponja,NE,LC,0,0.007585386294329758,0,0,0,0,0,0,1,0,0,0,1,0,1,0,0,0,0,0,0,0,0,0,0,0,0,0.0
Latrunculia tetraverticillata,Esponja,NE,LC,0,0.007585386294329758,0,0,0,0,0,0,1,0,0,0,1,0,1,0,0,0,0,0,0,0,0,0,0,0,0,0.0
Erylus diminutus,Esponja,NE,LC,0,0.007585386294329758,0,0,0,0,0,0,1,0,0,0,1,0,1,0,0,0,0,0,0,0,0,0,0,0,0,0.0
Characella capitolii,Esponja,NE,LC,0,0.007585386294329758,0,0,0,0,0,0,1,0,0,0,1,0,1,0,0,0,0,0,0,0,0,0,0,0,0,0.0
Erylus toxiformis,Esponja,NE,LC,0,0.007585386294329758,0,0,0,0,0,0,1,0,0,0,1,0,1,0,0,0,0,0,0,0,0,0,0,0,0,0.0
Haliclona catarinensis,Esponja,NE,LC,0,0.007585386294329758,0,0,0,0,0,0,1,0,0,0,1,0,1,0,0,0,0,0,0,0,0,0,0,0,0,0.0
Geodia australis,Esponja,NE,LC,0,0.007585386294329758,0,0,0,0,0,0,1,0,0,0,1,0,1,0,0,0,0,0,0,0,0,0,0,0,0,0.0
Corallistes bispiraster,Esponja,NE,LC,0,0.007585386294329758,0,0,0,0,0,0,1,0,0,0,1,0,1,0,0,0,0,0,0,0,0,0,0,0,0,0.0
Paguristes rostralis,Não Informado,NE,LC,0,0.007585386294329758,0,0,0,0,0,0,1,0,0,0,1,0,1,0,0,0,0,0,0,0,0,0,0,0,0,0.0
Trachycephalus nigromaculatus,Não Informado,NE,LC,0,0.007421634812217688,0,1,1,1,0,0,1,0,1,1,0,1,1,0,0,0,0,0,0,0,0,0,0,0,0,0.0
Simothraulopsis sinuosus,"Efemérida, Siriruia",NE,LC,0,0.007297167591513985,0,0,1,1,0,0,0,0,1,0,0,0,1,0,0,0,0,0,0,0,0,0,0,0,0,0.0
Campsurus salobra,Efemérida,NE,LC,0,0.007297167591513985,0,0,1,1,0,0,0,0,1,0,0,1,1,0,0,0,0,0,0,0,0,0,0,0,0,0.0
Thraulodes luizgonzagai,"efemérida, siriruia",NE,LC,0,0.007297167591513985,0,0,1,1,0,0,0,0,1,0,0,0,1,0,0,0,0,0,0,0,0,0,0,0,0,0.0
Chthonerpeton exile,"Cecília, Cobra-cega",NE,DD,0,0.007073028961418042,0,0,0,0,0,0,0,0,1,0,0,0,1,0,0,0,0,0,0,0,0,0,0,0,0,0.0
Dosilia pydanieli,Geléia-d´água,NE,LC,0,0.00691379363051317,1,1,1,0,0,0,0,1,1,1,1,1,1,0,0,0,0,0,0,0,0,0,0,0,0,0.0
Epipleoneura williamsoni,Libélula,NE,LC,0,0.00691379363051317,1,1,1,0,0,0,0,1,1,1,0,1,1,0,0,0,0,0,0,0,0,0,0,0,0,0.0
Nephepeltia berlai,Libélula,NE,LC,0,0.00691379363051317,1,1,1,0,0,0,0,1,1,1,0,1,1,0,0,0,0,0,0,0,0,0,0,0,0,0.0
Hetaerina auripennis,Libélula,NE,LC,0,0.00691379363051317,1,1,1,0,0,0,0,1,1,1,0,1,1,0,0,0,0,0,0,0,0,0,0,0,0,0.0
Oxyagrion fernandoi,Libélula,NE,LC,0,0.00691379363051317,1,1,1,0,0,0,0,1,1,1,0,1,1,0,0,0,0,0,0,0,0,0,0,0,0,0.0
Elachistocleis cesarii,Não Informado,NE,LC,0,0.00691379363051317,1,1,1,0,0,0,0,1,1,1,0,1,1,0,0,0,0,0,0,0,0,0,0,0,0,0.0
Simothraulopsis janae,"Efemérida, Siriruia",NE,LC,0,0.00691379363051317,1,1,1,0,0,0,0,1,1,1,0,1,1,0,0,0,0,0,0,0,0,0,0,0,0,0.0
Heteragrion consors,Libélula,NE,LC,0,0.00691379363051317,1,1,0,0,0,0,0,1,1,1,1,0,1,0,0,0,0,0,0,0,0,0,0,0,0,0.0
Epipleoneura machadoi,Libélula,NE,LC,0,0.00691379363051317,1,1,1,0,0,0,0,1,1,1,0,1,1,0,0,0,0,0,0,0,0,0,0,0,0,0.0
Barycholos ternetzi,Sapo-guarda,NE,LC,0,0.00691379363051317,1,1,1,0,0,0,0,1,1,1,0,1,1,0,0,0,0,0,0,0,0,0,0,0,0,0.0
Tricorythodes eduardoi,"efemérida, siriruia",NE,LC,0,0.00691379363051317,1,1,0,0,0,0,0,1,1,1,0,0,1,0,0,0,0,0,0,0,0,0,0,0,0,0.0
Micrathyria pirassunungae,Libélula,NE,LC,0,0.00691379363051317,1,1,1,0,0,0,0,1,1,1,0,1,1,0,0,0,0,0,0,0,0,0,0,0,0,0.0
Zelusia deceptiva,"efemérida, siriruia",NE,LC,0,0.00691379363051317,1,1,1,0,0,0,0,1,1,1,0,1,1,0,0,0,0,0,0,0,0,0,0,0,0,0.0
Acanthagrion amazonicum,"Agulhinha, Donzelinha, Lava-bunda, Lavadeira, Libélula",NE,LC,0,0.00691379363051317,1,1,1,0,0,0,0,1,1,1,0,1,1,0,0,0,0,0,0,0,0,0,0,0,0,0.0
Melothelphusa apiaka,Não Informado,NE,LC,0,0.0068598770339804,1,0,0,0,0,0,0,0,0,0,0,1,1,0,0,0,0,0,0,0,0,0,0,0,0,0.0
Pseudopalaemon amazonensis,Não Informado,NE,LC,0,0.006842666666666666,1,0,0,0,0,0,0,1,0,0,0,0,0,0,0,0,0,0,0,0,0,0,0,1,0,0.0
Aphylla janirae,"lava-bunda, lavadeira, Libélula",NE,LC,0,0.006498786013088633,0,1,0,0,0,0,0,1,1,0,0,0,1,0,0,0,0,0,0,0,0,0,0,0,0,0.0
Biomphalaria schrammi,Caramujo-de-água-doce,NE,LC,0,0.0064863849765258216,1,1,1,1,0,0,0,1,1,1,0,1,0,0,0,0,1,0,0,0,0,1,0,0,0,0.0
Dendropsophus branneri,Pererequinha,NE,LC,0,0.0064742663911650546,1,1,1,1,0,0,1,0,1,1,0,0,1,0,0,0,0,0,0,0,0,0,0,0,0,0.0
Dendropsophus soaresi,Não Informado,NE,LC,0,0.006458009009257288,0,1,1,1,0,0,0,1,1,1,0,1,1,0,0,0,0,0,0,0,0,0,0,0,0,0.0
Pleurodema diplolister,Não Informado,NE,LC,0,0.006458009009257288,0,1,1,1,0,0,0,1,1,1,0,1,1,0,0,0,0,0,0,0,0,0,0,0,0,0.0
Corythomantis greeningi,Não Informado,NE,LC,0,0.006458009009257288,0,1,1,1,0,0,0,1,1,1,0,1,1,0,0,0,0,0,0,0,0,0,0,0,0,0.0
Ulmeritoides angelus,"efemérida, siriruia",NE,LC,0,0.006388123766521042,0,0,1,1,0,0,0,1,1,1,0,0,1,0,0,0,0,0,0,0,0,0,0,0,0,0.0
Thraulodes xavantinensis,"efemérida, siriruia",NE,LC,0,0.00636511687351076,0,0,1,0,0,0,0,1,0,0,0,1,1,0,0,0,0,0,0,0,0,0,0,0,0,0.0
Temora stylifera,copépode,NE,LC,0,0.006168091168091168,0,0,0,0,0,0,1,1,1,1,1,0,0,0,0,0,0,0,0,0,0,0,1,0,0,0.0
Eotheca megacephala,Perereca-marsupial,NE,LC,0,0.006153317498787591,0,1,0,1,0,0,1,0,1,1,0,0,1,0,0,0,0,0,0,0,0,0,0,0,0,0.0
Mycetopoda siliquosa,Faquinha-truncada,NE,LC,0,0.006123952419572858,1,0,1,1,1,1,0,1,0,1,1,1,0,0,0,1,0,1,1,0,0,0,1,0,0,0.0
Miroculis duckensis,Efemérida,NE,LC,0,0.005832119346421967,1,1,1,0,0,0,0,1,1,0,0,0,1,0,0,0,0,0,0,0,0,0,0,0,0,0.0
Phyllocycla armata,Libélula,NE,LC,0,0.005832119346421967,1,1,0,0,0,0,0,1,1,0,0,1,1,0,0,0,0,0,0,0,0,0,0,0,0,0.0
Rhinella inopina,Sapo,NE,LC,0,0.0057756910873614795,0,0,1,0,0,0,0,1,1,1,0,1,1,0,0,0,0,0,0,0,0,0,0,0,0,0.0
Cloeodes lucifer,Efemérida,NE,LC,0,0.0056014998507334605,0,0,0,1,0,0,0,0,1,0,0,0,1,0,0,0,0,0,0,0,0,0,0,0,0,0.0
Bokermannohyla juiju,Perereca-pintada-espinhuda,NE,LC,0,0.0056014998507334605,0,0,0,1,0,0,0,0,1,0,0,0,1,0,0,0,0,0,0,0,0,0,0,0,0,0.0
Thraulodes catoles,"efemérida, siriruia",NE,LC,0,0.0056014998507334605,0,0,0,1,0,0,0,0,1,0,0,0,1,0,0,0,0,0,0,0,0,0,0,0,0,0.0
Haddadus aramunha,Rã-espatulada,NE,LC,0,0.0056014998507334605,0,0,0,1,0,0,0,0,1,0,0,0,1,0,0,0,0,0,0,0,0,0,0,0,0,0.0
Megadytes ducalis,Besouro mergulhador,NE,DD,0,0.0056014998507334605,0,0,0,1,0,0,0,0,1,0,0,0,1,0,0,0,0,0,0,0,0,0,0,0,0,0.0
Scinax montivagus,Não Informado,NE,LC,0,0.0056014998507334605,0,0,0,1,0,0,0,0,1,0,0,0,1,0,0,0,0,0,0,0,0,0,0,0,0,0.0
Leptodactylus oreomantis,Rã-da-Diamantina,NE,LC,0,0.0056014998507334605,0,0,0,1,0,0,0,0,1,0,0,0,1,0,0,0,0,0,0,0,0,0,0,0,0,0.0
Camelobaetidius hamadae,Efemérida,NE,LC,0,0.0056014998507334605,0,0,0,1,0,0,0,0,1,0,0,0,1,0,0,0,0,0,0,0,0,0,0,0,0,0.0
Ephydatia caatingae,Não Informado,NE,LC,0,0.0056014998507334605,0,0,0,1,0,0,0,0,1,0,0,0,1,0,0,0,0,0,0,0,0,0,0,0,0,0.0
Paracloeodes carolinae,Efemérida,NE,LC,0,0.0056014998507334605,0,0,0,1,0,0,0,0,1,0,0,0,1,0,0,0,0,0,0,0,0,0,0,0,0,0.0
Anheteromeyenia diamantina,Não Informado,NE,LC,0,0.0056014998507334605,0,0,0,1,0,0,0,0,1,0,0,0,1,0,0,0,0,0,0,0,0,0,0,0,0,0.0
Proceratophrys redacta,Não Informado,NE,LC,0,0.0056014998507334605,0,0,0,1,0,0,0,0,1,0,0,0,1,0,0,0,0,0,0,0,0,0,0,0,0,0.0
Askola mucuge,Efemérida,NE,LC,0,0.0056014998507334605,0,0,0,1,0,0,0,0,1,0,0,0,1,0,0,0,0,0,0,0,0,0,0,0,0,0.0
Rupirana cardosoi,Rã-das-pedras-de-Cardoso,NE,LC,0,0.0056014998507334605,0,0,0,1,0,0,0,0,1,0,0,0,1,0,0,0,0,0,0,0,0,0,0,0,0,0.0
Askola boiadeiro,efemérida,NE,LC,0,0.0056014998507334605,0,0,0,1,0,0,0,0,1,0,0,0,1,0,0,0,0,0,0,0,0,0,0,0,0,0.0
Askola eduardoi,efemérida,NE,LC,0,0.0056014998507334605,0,0,0,1,0,0,0,0,1,0,0,0,1,0,0,0,0,0,0,0,0,0,0,0,0,0.0
Bokermannohyla oxente,Perereca-das-pedras-do-riacho,NE,LC,0,0.0056014998507334605,0,0,0,1,0,0,0,0,1,0,0,0,1,0,0,0,0,0,0,0,0,0,0,0,0,0.0
Proceratophrys minuta,Não Informado,NE,LC,0,0.0056014998507334605,0,0,0,1,0,0,0,0,1,0,0,0,1,0,0,0,0,0,0,0,0,0,0,0,0,0.0
Sclerobelemnon castroi,Caneta do mar,NE,DD,0,0.005599944868568516,0,0,0,0,0,0,1,1,0,0,0,0,1,0,0,0,0,0,0,0,0,0,0,0,0,0.0
Arenosclera amazonensis,Não Informado,NE,LC,0,0.005599944868568516,0,0,0,0,0,0,1,1,0,0,0,0,1,0,0,0,0,0,0,0,0,0,0,0,0,0.0
Telebasis obsoleta,Libélula,NE,LC,0,0.005576709200409668,1,0,1,0,0,1,0,1,0,1,0,1,1,0,0,0,0,0,0,0,0,0,0,0,0,0.0
Argia tupi,"agulhinha, donzelinha, lava-bunda, lavadeira, Libélula",NE,LC,0,0.005576709200409668,1,0,1,0,0,0,0,1,0,1,0,1,1,0,0,0,0,0,0,0,0,0,0,0,0,0.0
Pickfordiateuthis pulchella,lula,NE,LC,0,0.005555555555555556,0,1,0,0,0,0,1,0,1,1,0,0,0,0,0,1,0,0,0,0,1,1,0,1,1,0.0
Zonophora wucherpfennigi,Libélula,NE,LC,0,0.005485807813419127,1,0,0,0,0,0,0,1,0,0,0,0,1,0,0,0,0,0,0,0,0,0,0,0,0,0.0
Valdivia novemdentata,Caranguejo de água doce,NE,LC,0,0.005485807813419127,1,0,0,0,0,0,0,1,0,0,0,0,1,0,0,0,0,0,0,0,0,0,0,0,0,0.0
Kingsleya gustavoi,Caranguejo-de-água-doce,NE,LC,0,0.005485807813419127,1,0,0,0,0,0,0,1,0,0,0,0,1,0,0,0,0,0,0,0,0,0,0,0,0,0.0
Kingsleya castrensis,Caranguejo-de-água-doce,NE,LC,0,0.005485807813419127,1,0,0,0,0,0,0,1,0,0,0,0,1,0,0,0,0,0,0,0,0,0,0,0,0,0.0
Kingsleya besti,Caranguejo-de-água-doce,NE,LC,0,0.005485807813419127,1,0,0,0,0,0,0,1,0,0,0,0,1,0,0,0,0,0,0,0,0,0,0,0,0,0.0
Phyllogomphoides undulatus,Libélula,NE,LC,0,0.005485807813419127,1,0,0,0,0,0,0,1,0,0,0,0,1,0,0,0,0,0,0,0,0,0,0,0,0,0.0
Hydrolaetare dantasi,Não Informado,NE,LC,0,0.005485807813419127,1,0,0,0,0,0,0,1,0,0,0,0,1,0,0,0,0,0,0,0,0,0,0,0,0,0.0
Dendropsophus xapuriensis,Pererequinha-de-Xapuri,NE,LC,0,0.005485807813419127,1,0,0,0,0,0,0,1,0,0,0,0,1,0,0,0,0,0,0,0,0,0,0,0,0,0.0
Dendropsophus mapinguari,Não Informado,NE,LC,0,0.005485807813419127,1,0,0,0,0,0,0,1,0,0,0,0,1,0,0,0,0,0,0,0,0,0,0,0,0,0.0
Boana icamiaba,Não Informado,NE,LC,0,0.005485807813419127,1,0,0,0,0,0,0,1,0,0,0,0,1,0,0,0,0,0,0,0,0,0,0,0,0,0.0
Diastatops emilia,Libélula,NE,LC,0,0.005485807813419127,1,0,0,0,0,0,0,1,0,0,0,0,1,0,0,0,0,0,0,0,0,0,0,0,0,0.0
Dendropsophus walfordi,Não Informado,NE,LC,0,0.005485807813419127,1,0,0,0,0,0,0,1,0,0,0,0,1,0,0,0,0,0,0,0,0,0,0,0,0,0.0
Dendropsophus tintinnabulum,Não Informado,NE,LC,0,0.005485807813419127,1,0,0,0,0,0,0,1,0,0,0,0,1,0,0,0,0,0,0,0,0,0,0,0,0,0.0
Macrothemis newtoni,"lava-bunda, lavadeira, Libélula",NE,DD,0,0.005485807813419127,1,0,0,0,0,0,0,1,0,0,0,0,1,0,0,0,0,0,0,0,0,0,0,0,0,0.0
Miroculis amazonicus,Efemérida,NE,LC,0,0.005485807813419127,1,0,0,0,0,0,0,1,0,0,0,0,1,0,0,0,0,0,0,0,0,0,0,0,0,0.0
Trichodactylus ehrhardti,Caranguejo-de-água-doce,NE,LC,0,0.005485807813419127,1,0,0,0,0,0,0,1,0,0,0,0,1,0,0,0,0,0,0,0,0,0,0,0,0,0.0
Tricorythodes araca,Não Informado,NE,LC,0,0.005485807813419127,1,0,0,0,0,0,0,1,0,0,0,0,1,0,0,0,0,0,0,0,0,0,0,0,0,0.0
Askola yanoman,efemérida,NE,LC,0,0.005485807813419127,1,0,0,0,0,0,0,1,0,0,0,0,1,0,0,0,0,0,0,0,0,0,0,0,0,0.0
Microcaecilia butantan,Não Informado,NE,LC,0,0.005485807813419127,1,0,0,0,0,0,0,1,0,0,0,0,1,0,0,0,0,0,0,0,0,0,0,0,0,0.0
Microcaecilia trombetas,Cecília,NE,LC,0,0.005485807813419127,1,0,0,0,0,0,0,1,0,0,0,0,1,0,0,0,0,0,0,0,0,0,0,0,0,0.0
Microcaecilia rochai,Não Informado,NE,LC,0,0.005485807813419127,1,0,0,0,0,0,0,1,0,0,0,0,1,0,0,0,0,0,0,0,0,0,0,0,0,0.0
Microcaecilia marvaleewakeae,Cecília-rosa-do-Norte,NE,LC,0,0.005485807813419127,1,0,0,0,0,0,0,1,0,0,0,0,1,0,0,0,0,0,0,0,0,0,0,0,0,0.0
Zelusia principalis,Efemérida,NE,LC,0,0.005485807813419127,1,0,0,0,0,0,0,1,0,0,0,0,1,0,0,0,0,0,0,0,0,0,0,0,0,0.0
Macuxi tunamore,Não Informado,NE,DD,0,0.005485807813419127,1,0,0,0,0,0,0,1,0,0,0,0,1,0,0,0,0,0,0,0,0,0,0,0,0,0.0
Microthelphusa somanni,Caranguejo-de-água-doce,NE,LC,0,0.005485807813419127,1,0,0,0,0,0,0,1,0,0,0,0,1,0,0,0,0,0,0,0,0,0,0,0,0,0.0
Microphlebia pallida,Efemérida,NE,LC,0,0.005485807813419127,1,0,0,0,0,0,0,1,0,0,0,0,1,0,0,0,0,0,0,0,0,0,0,0,0,0.0
Tuberculobasis macuxi,Libélula,NE,LC,0,0.005485807813419127,1,0,0,0,0,0,0,1,0,0,0,0,1,0,0,0,0,0,0,0,0,0,0,0,0,0.0
Erythrodiplax anatoidea,Libélula,NE,LC,0,0.005485807813419127,1,0,0,0,0,0,0,1,0,0,0,0,1,0,0,0,0,0,0,0,0,0,0,0,0,0.0
Ulmeritoides mirr,"efemérida, siriruia",NE,DD,0,0.005485807813419127,1,0,0,0,0,0,0,1,0,0,0,0,1,0,0,0,0,0,0,0,0,0,0,0,0,0.0
Ulmeritoides passorum,"efemérida, siriruia",NE,LC,0,0.005485807813419127,1,0,0,0,0,0,0,1,0,0,0,0,1,0,0,0,0,0,0,0,0,0,0,0,0,0.0
Ulmeritoides aurantifrons,"efemérida, siriruia",NE,LC,0,0.005485807813419127,1,0,0,0,0,0,0,1,0,0,0,0,1,0,0,0,0,0,0,0,0,0,0,0,0,0.0
Ulmeritoides amajari,"efemérida, siriruia",NE,LC,0,0.005485807813419127,1,0,0,0,0,0,0,1,0,0,0,0,1,0,0,0,0,0,0,0,0,0,0,0,0,0.0
Tukanobasis corbeti,Libélula,NE,LC,0,0.005485807813419127,1,0,0,0,0,0,0,1,0,0,0,0,1,0,0,0,0,0,0,0,0,0,0,0,0,0.0
Tuberculobasis tirio,Libélula,NE,LC,0,0.005485807813419127,1,0,0,0,0,0,0,1,0,0,0,0,1,0,0,0,0,0,0,0,0,0,0,0,0,0.0
Brasiliothelphusa tapajoense,Caranguejo-de-água-doce,NE,LC,0,0.005485807813419127,1,0,0,0,0,0,0,1,0,0,0,0,1,0,0,0,0,0,0,0,0,0,0,0,0,0.0
Drulia cristinae,Não Informado,NE,LC,0,0.005485807813419127,1,0,0,0,0,0,0,1,0,0,0,0,1,0,0,0,0,0,0,0,0,0,0,0,0,0.0
Trachycephalus helioi,Não Informado,NE,LC,0,0.005485807813419127,1,0,0,0,0,0,0,1,0,0,0,0,1,0,0,0,0,0,0,0,0,0,0,0,0,0.0
Rhinella magnussoni,Não Informado,NE,LC,0,0.005485807813419127,1,0,0,0,0,0,0,1,0,0,0,0,1,0,0,0,0,0,0,0,0,0,0,0,0,0.0
Tortopus ipixuna,"efemérida, siriruia",NE,LC,0,0.005485807813419127,1,0,0,0,0,0,0,1,0,0,0,0,1,0,0,0,0,0,0,0,0,0,0,0,0,0.0
Miroculis wandae,Efemérida,NE,LC,0,0.005485807813419127,1,0,0,0,0,0,0,1,0,0,0,0,1,0,0,0,0,0,0,0,0,0,0,0,0,0.0
Miroculis xavieri,Efemérida,NE,LC,0,0.005485807813419127,1,0,0,0,0,0,0,1,0,0,0,0,1,0,0,0,0,0,0,0,0,0,0,0,0,0.0
Tomedontus primus,"efemérida, siriruia",NE,LC,0,0.005485807813419127,1,0,0,0,0,0,0,1,0,0,0,0,1,0,0,0,0,0,0,0,0,0,0,0,0,0.0
Farrodes ochraceous,"efemérida, siriruia",NE,LC,0,0.005485807813419127,1,0,0,0,0,0,0,1,0,0,0,0,1,0,0,0,0,0,0,0,0,0,0,0,0,0.0
Euryrhynchus burchelli,Não Informado,NE,LC,0,0.005485807813419127,1,0,0,0,0,0,0,1,0,0,0,0,1,0,0,0,0,0,0,0,0,0,0,0,0,0.0
Brasilocaenis renata,Efemérida,NE,LC,0,0.005485807813419127,1,0,0,0,0,0,0,1,0,0,0,0,1,0,0,0,0,0,0,0,0,0,0,0,0,0.0
Thraulodes rodrigoi,"efemérida, siriruia",NE,LC,0,0.005485807813419127,1,0,0,0,0,0,0,1,0,0,0,0,1,0,0,0,0,0,0,0,0,0,0,0,0,0.0
Agriogomphus sylvicola,"lava-bunda, lavadeira, Libélula",NE,LC,0,0.005485807813419127,1,0,0,0,0,0,0,1,0,0,0,0,1,0,0,0,0,0,0,0,0,0,0,0,0,0.0
Philogenia margarita,Libélula,NE,LC,0,0.005485807813419127,1,0,0,0,0,0,0,1,0,0,0,0,1,0,0,0,0,0,0,0,0,0,0,0,0,0.0
Phoenicagrion flavescens,Libélula,NE,LC,0,0.005485807813419127,1,0,0,0,0,0,0,1,0,0,0,0,1,0,0,0,0,0,0,0,0,0,0,0,0,0.0
Brasilocaenis puthzi,Efemérida,NE,LC,0,0.005485807813419127,1,0,0,0,0,0,0,1,0,0,0,0,1,0,0,0,0,0,0,0,0,0,0,0,0,0.0
Caenis candelata,Efemérida,NE,LC,0,0.005485807813419127,1,0,0,0,0,0,0,1,0,0,0,0,1,0,0,0,0,0,0,0,0,0,0,0,0,0.0
Phoenicagrion megalobos,Libélula,NE,LC,0,0.005485807813419127,1,0,0,0,0,0,0,1,0,0,0,0,1,0,0,0,0,0,0,0,0,0,0,0,0,0.0
Dicterias atrosanguinea,Libélula,NE,LC,0,0.005485807813419127,1,0,0,0,0,0,0,1,0,0,0,0,1,0,0,0,0,0,0,0,0,0,0,0,0,0.0
Diastatops maxima,Libélula,NE,LC,0,0.005485807813419127,1,0,0,0,0,0,0,1,0,0,0,0,1,0,0,0,0,0,0,0,0,0,0,0,0,0.0
Miroculis mocidade,Efemérida,NE,LC,0,0.005485807813419127,1,0,0,0,0,0,0,1,0,0,0,0,1,0,0,0,0,0,0,0,0,0,0,0,0,0.0
Tricorythopsis acara,"efemérida, siriruia",NE,LC,0,0.005485807813419127,1,0,0,0,0,0,0,1,0,0,0,0,1,0,0,0,0,0,0,0,0,0,0,0,0,0.0
Miroculis cohnhafti,Efemérida,NE,LC,0,0.005485807813419127,1,0,0,0,0,0,0,1,0,0,0,0,1,0,0,0,0,0,0,0,0,0,0,0,0,0.0
Miroculis eldorado,Efemérida,NE,LC,0,0.005485807813419127,1,0,0,0,0,0,0,1,0,0,0,0,1,0,0,0,0,0,0,0,0,0,0,0,0,0.0
Tricorythodes yapekuna,"efemérida, siriruia",NE,LC,0,0.005485807813419127,1,0,0,0,0,0,0,1,0,0,0,0,1,0,0,0,0,0,0,0,0,0,0,0,0,0.0
Pseudopalaemon nigramnis,Não Informado,NE,LC,0,0.005485807813419127,1,0,0,0,0,0,0,1,0,0,0,0,1,0,0,0,0,0,0,0,0,0,0,0,0,0.0
Homoeoneuria fittkaui,"efemérida, siriruia",NE,LC,0,0.005485807813419127,1,0,0,0,0,0,0,1,0,0,0,0,1,0,0,0,0,0,0,0,0,0,0,0,0,0.0
Progomphus fassli,Libélula,NE,DD,0,0.005485807813419127,1,0,0,0,0,0,0,1,0,0,0,0,1,0,0,0,0,0,0,0,0,0,0,0,0,0.0
Progomphus angeloi,Libélula,NE,LC,0,0.005485807813419127,1,0,0,0,0,0,0,1,0,0,0,0,1,0,0,0,0,0,0,0,0,0,0,0,0,0.0
Rhinatrema ron,Ron's Rhinatrema,NE,LC,0,0.005485807813419127,1,0,0,0,0,0,0,1,0,0,0,0,1,0,0,0,0,0,0,0,0,0,0,0,0,0.0
Kingsleya junki,Caranguejo-de-água-doce,NE,LC,0,0.005485807813419127,1,0,0,0,0,0,0,1,0,0,0,0,1,0,0,0,0,0,0,0,0,0,0,0,0,0.0
Kingsleya ytupora,Caranguejo-de-água-doce,NE,LC,0,0.005485807813419127,1,0,0,0,0,0,0,1,0,0,0,0,1,0,0,0,0,0,0,0,0,0,0,0,0,0.0
Caenis sigillata,Efemérida,NE,LC,0,0.005485807813419127,1,0,0,0,0,0,0,1,0,0,0,0,1,0,0,0,0,0,0,0,0,0,0,0,0,0.0
Caenis reissi,"efemérida, siriruia",NE,LC,0,0.005485807813419127,1,0,0,0,0,0,0,1,0,0,0,0,1,0,0,0,0,0,0,0,0,0,0,0,0,0.0
Caenis quatipuruica,Efemérida,NE,LC,0,0.005485807813419127,1,0,0,0,0,0,0,1,0,0,0,0,1,0,0,0,0,0,0,0,0,0,0,0,0,0.0
Callibaetis nigracyclus,Efemérida,NE,LC,0,0.005485807813419127,1,0,0,0,0,0,0,1,0,0,0,0,1,0,0,0,0,0,0,0,0,0,0,0,0,0.0
Fredius ykaa,Caranguejo-de-água-doce,NE,LC,0,0.005485807813419127,1,0,0,0,0,0,0,1,0,0,0,0,1,0,0,0,0,0,0,0,0,0,0,0,0,0.0
Allobates grillisimilis,Não Informado,NE,LC,0,0.005485807813419127,1,0,0,0,0,0,0,1,0,0,0,0,1,0,0,0,0,0,0,0,0,0,0,0,0,0.0
Allobates gasconi,Não Informado,NE,LC,0,0.005485807813419127,1,0,0,0,0,0,0,1,0,0,0,0,1,0,0,0,0,0,0,0,0,0,0,0,0,0.0
Allobates fuscellus,Não Informado,NE,LC,0,0.005485807813419127,1,0,0,0,0,0,0,1,0,0,0,0,1,0,0,0,0,0,0,0,0,0,0,0,0,0.0
Allobates caeruleodactylus,Não Informado,NE,LC,0,0.005485807813419127,1,0,0,0,0,0,0,1,0,0,0,0,1,0,0,0,0,0,0,0,0,0,0,0,0,0.0
Lumahyphes cocal,Efemérida,NE,LC,0,0.005485807813419127,1,0,0,0,0,0,0,1,0,0,0,0,1,0,0,0,0,0,0,0,0,0,0,0,0,0.0
Macrobrachium inpa,Não Informado,NE,LC,0,0.005485807813419127,1,0,0,0,0,0,0,1,0,0,0,0,1,0,0,0,0,0,0,0,0,0,0,0,0,0.0
Thermonectus batesi,Besouro mergulhador,NE,LC,0,0.005485807813419127,1,0,0,0,0,0,0,1,0,0,0,0,1,0,0,0,0,0,0,0,0,0,0,0,0,0.0
Aeschnosoma hamadae,"lava-bunda, lavadeira, Libélula",NE,LC,0,0.005485807813419127,1,0,0,0,0,0,0,1,0,0,0,0,1,0,0,0,0,0,0,0,0,0,0,0,0,0.0
Aeschnosoma louissiriusi,"lava-bunda, lavadeira, Libélula",NE,LC,0,0.005485807813419127,1,0,0,0,0,0,0,1,0,0,0,0,1,0,0,0,0,0,0,0,0,0,0,0,0,0.0
Rondophlebia rubra,Efemérida,NE,LC,0,0.005485807813419127,1,0,0,0,0,0,0,1,0,0,0,0,1,0,0,0,0,0,0,0,0,0,0,0,0,0.0
Scinax sateremawe,Não Informado,NE,LC,0,0.005485807813419127,1,0,0,0,0,0,0,1,0,0,0,0,1,0,0,0,0,0,0,0,0,0,0,0,0,0.0
Epipleoneura janirae,Libélula,NE,LC,0,0.005485807813419127,1,0,0,0,0,0,0,1,0,0,0,0,1,0,0,0,0,0,0,0,0,0,0,0,0,0.0
Apobaetis kethepiali,"efemérida, siriruia",NE,LC,0,0.005485807813419127,1,0,0,0,0,0,0,1,0,0,0,0,1,0,0,0,0,0,0,0,0,0,0,0,0,0.0
Paracloeodes aristotelesi,Efemérida,NE,LC,0,0.005485807813419127,1,0,0,0,0,0,0,1,0,0,0,0,1,0,0,0,0,0,0,0,0,0,0,0,0,0.0
Paracloeodes atroari,Efemérida,NE,LC,0,0.005485807813419127,1,0,0,0,0,0,0,1,0,0,0,0,1,0,0,0,0,0,0,0,0,0,0,0,0,0.0
Campylocia roraimense,Efemérida,NE,LC,0,0.005485807813419127,1,0,0,0,0,0,0,1,0,0,0,0,1,0,0,0,0,0,0,0,0,0,0,0,0,0.0
Campylocia araca,Efemérida,NE,LC,0,0.005485807813419127,1,0,0,0,0,0,0,1,0,0,0,0,1,0,0,0,0,0,0,0,0,0,0,0,0,0.0
Epipleoneura kaxuriana,Libélula,NE,LC,0,0.005485807813419127,1,0,0,0,0,0,0,1,0,0,0,0,1,0,0,0,0,0,0,0,0,0,0,0,0,0.0
Telebasis leptocyclia,Libélula,NE,DD,0,0.005485807813419127,1,0,0,0,0,0,0,1,0,0,0,0,1,0,0,0,0,0,0,0,0,0,0,0,0,0.0
Palaemnema brasiliensis,Libélula,NE,LC,0,0.005485807813419127,1,0,0,0,0,0,0,1,0,0,0,0,1,0,0,0,0,0,0,0,0,0,0,0,0,0.0
Neoneura schreiberi,Libélula,NE,LC,0,0.005485807813419127,1,0,0,0,0,0,0,1,0,0,0,0,1,0,0,0,0,0,0,0,0,0,0,0,0,0.0
Aphylla barbata,"lava-bunda, lavadeira, Libélula",NE,LC,0,0.005485807813419127,1,0,0,0,0,0,0,1,0,0,0,0,1,0,0,0,0,0,0,0,0,0,0,0,0,0.0
Peruviogomphus bellei,Libélula,NE,LC,0,0.005485807813419127,1,0,0,0,0,0,0,1,0,0,0,0,1,0,0,0,0,0,0,0,0,0,0,0,0,0.0
Aphylla exilis,"lava-bunda, lavadeira, Libélula",NE,LC,0,0.005485807813419127,1,0,0,0,0,0,0,1,0,0,0,0,1,0,0,0,0,0,0,0,0,0,0,0,0,0.0
Callibaetis calloventer,"efemérida, siriruia",NE,LC,0,0.005485807813419127,1,0,0,0,0,0,0,1,0,0,0,0,1,0,0,0,0,0,0,0,0,0,0,0,0,0.0
Callibaetis gelidus,Efemérida,NE,LC,0,0.005485807813419127,1,0,0,0,0,0,0,1,0,0,0,0,1,0,0,0,0,0,0,0,0,0,0,0,0,0.0
Callibaetis cruentus,Efemérida,NE,LC,0,0.005485807813419127,1,0,0,0,0,0,0,1,0,0,0,0,1,0,0,0,0,0,0,0,0,0,0,0,0,0.0
Allobates juami,Não Informado,NE,LC,0,0.005485807813419127,1,0,0,0,0,0,0,1,0,0,0,0,1,0,0,0,0,0,0,0,0,0,0,0,0,0.0
Spaniophlebia assimilis,"Efemérida, Siriruia",NE,LC,0,0.005485807813419127,1,0,0,0,0,0,0,1,0,0,0,0,1,0,0,0,0,0,0,0,0,0,0,0,0,0.0
Amazophrynella bokermanni,Não Informado,NE,LC,0,0.005485807813419127,1,0,0,0,0,0,0,1,0,0,0,0,1,0,0,0,0,0,0,0,0,0,0,0,0,0.0
Aphylla caudalis,"lava-bunda, lavadeira, Libélula",NE,LC,0,0.005485807813419127,1,0,0,0,0,0,0,1,0,0,0,0,1,0,0,0,0,0,0,0,0,0,0,0,0,0.0
Anomaloglossus stepheni,Não Informado,NE,LC,0,0.005485807813419127,1,0,0,0,0,0,0,1,0,0,0,0,1,0,0,0,0,0,0,0,0,0,0,0,0,0.0
Allobates subfolionidificans,Não Informado,NE,LC,0,0.005485807813419127,1,0,0,0,0,0,0,1,0,0,0,0,1,0,0,0,0,0,0,0,0,0,0,0,0,0.0
Allobates vanzolinius,Não Informado,NE,LC,0,0.005485807813419127,1,0,0,0,0,0,0,1,0,0,0,0,1,0,0,0,0,0,0,0,0,0,0,0,0,0.0
Stefania neblinae,Não Informado,NE,LC,0,0.005485807813419127,1,0,0,0,0,0,0,1,0,0,0,0,1,0,0,0,0,0,0,0,0,0,0,0,0,0.0
Simothraulopsis dominguezi,"Efemérida, Siriruia",NE,LC,0,0.005485807813419127,1,0,0,0,0,0,0,1,0,0,0,0,1,0,0,0,0,0,0,0,0,0,0,0,0,0.0
Simothraulopsis inaequalis,"Efemérida, Siriruia",NE,LC,0,0.005485807813419127,1,0,0,0,0,0,0,1,0,0,0,0,1,0,0,0,0,0,0,0,0,0,0,0,0,0.0
Ameerega pulchripecta,Não Informado,NE,LC,0,0.005485807813419127,1,0,0,0,0,0,0,1,0,0,0,0,1,0,0,0,0,0,0,0,0,0,0,0,0,0.0
Camelobaetidius labiosus,"efemérida, siriruia",NE,LC,0,0.005485807813419127,1,0,0,0,0,0,0,1,0,0,0,0,1,0,0,0,0,0,0,0,0,0,0,0,0,0.0
Campsurus demeni,Efemérida,NE,LC,0,0.005485807813419127,1,0,0,0,0,0,0,1,0,0,0,0,1,0,0,0,0,0,0,0,0,0,0,0,0,0.0
Oligoneuria anatina,Efemérida,NE,LC,0,0.005485807813419127,1,0,0,0,0,0,0,1,0,0,0,0,1,0,0,0,0,0,0,0,0,0,0,0,0,0.0
Oligoneuria truncata,"Efemérida, Siriruia",NE,LC,0,0.005485807813419127,1,0,0,0,0,0,0,1,0,0,0,0,1,0,0,0,0,0,0,0,0,0,0,0,0,0.0
Anchistropus ominosus,"Cladócero, pulga d’água ou cladócero (português); water flea or cladoceran (inglês), pulgas de água o cladóceros (espanhol); puces d'eau ou cladocères (francês).",NE,LC,0,0.005485807813419127,1,0,0,0,0,0,0,1,0,0,0,0,1,0,0,0,0,0,0,0,0,0,0,0,0,0.0
Osteocephalus vilarsi,Não Informado,NE,LC,0,0.005485807813419127,1,0,0,0,0,0,0,1,0,0,0,0,1,0,0,0,0,0,0,0,0,0,0,0,0,0.0
Osteocephalus camufatus,Não Informado,NE,LC,0,0.005485807813419127,1,0,0,0,0,0,0,1,0,0,0,0,1,0,0,0,0,0,0,0,0,0,0,0,0,0.0
Camelobaetidius thomasi,Efemérida,NE,LC,0,0.005485807813419127,1,0,0,0,0,0,0,1,0,0,0,0,1,0,0,0,0,0,0,0,0,0,0,0,0,0.0
Camelobaetidius tepequensis,Efemérida,NE,LC,0,0.005485807813419127,1,0,0,0,0,0,0,1,0,0,0,0,1,0,0,0,0,0,0,0,0,0,0,0,0,0.0
Metania fittkaui,Esponja,NE,LC,0,0.005485807813419127,1,0,0,0,0,0,0,1,0,0,0,0,1,0,0,0,0,0,0,0,0,0,0,0,0,0.0
Leptohyphes populus,Efemérida,NE,LC,0,0.005485807813419127,1,0,0,0,0,0,0,1,0,0,0,0,1,0,0,0,0,0,0,0,0,0,0,0,0,0.0
Scinax villasboasi,Não Informado,NE,LC,0,0.005485807813419127,1,0,0,0,0,0,0,1,0,0,0,0,1,0,0,0,0,0,0,0,0,0,0,0,0,0.0
Lestes demarcoi,Libélula,NE,LC,0,0.005485807813419127,1,0,0,0,0,0,0,1,0,0,0,0,1,0,0,0,0,0,0,0,0,0,0,0,0,0.0
Tubella amazonica,Geléia-d´água,NE,DD,0,0.005485807813419127,1,0,0,0,0,0,0,1,0,0,0,0,1,0,0,0,0,0,0,0,0,0,0,0,0,0.0
Tricorythopsis yusuaia,"efemérida, siriruia",NE,LC,0,0.005485807813419127,1,0,0,0,0,0,0,1,0,0,0,0,1,0,0,0,0,0,0,0,0,0,0,0,0,0.0
Tricorythopsis intercalatus,"efemérida, siriruia",NE,LC,0,0.005485807813419127,1,0,0,0,0,0,0,1,0,0,0,0,1,0,0,0,0,0,0,0,0,0,0,0,0,0.0
Acanthallagma luteum,Libélula,NE,LC,0,0.005485807813419127,1,0,0,0,0,0,0,1,0,0,0,0,1,0,0,0,0,0,0,0,0,0,0,0,0,0.0
Phyzelaphryne miriamae,Não Informado,NE,LC,0,0.005485807813419127,1,0,0,0,0,0,0,1,0,0,0,0,1,0,0,0,0,0,0,0,0,0,0,0,0,0.0
Mesoleptobasis cantralli,"agulhinha, donzelinha, lava-bunda, lavadeira, Libélula",NE,LC,0,0.005485807813419127,1,0,0,0,0,0,0,1,0,0,0,0,1,0,0,0,0,0,0,0,0,0,0,0,0,0.0
Metaleptobasis amazonica,Libélula,NE,LC,0,0.005485807813419127,1,0,0,0,0,0,0,1,0,0,0,0,1,0,0,0,0,0,0,0,0,0,0,0,0,0.0
Metaleptobasis tridentigera,Libélula,NE,LC,0,0.005485807813419127,1,0,0,0,0,0,0,1,0,0,0,0,1,0,0,0,0,0,0,0,0,0,0,0,0,0.0
Boana atlantica,Perereca,NE,LC,0,0.0052425833856365595,0,1,0,1,0,0,1,0,1,0,0,0,1,0,0,0,0,0,0,0,0,0,0,0,0,0.0
Gelliodes ramosa,Esponja,NE,DD,0,0.005225225225225225,0,0,0,0,0,0,1,0,1,0,0,0,0,0,0,0,0,0,0,0,1,0,0,0,0,0.0
Holothuria pseudofossor,Não Informado,NE,LC,0,0.005209959123002601,0,0,0,0,0,0,1,0,1,1,0,0,0,0,0,0,0,0,0,0,0,1,0,1,0,0.0
Apobaetis fiuzai,Efemérida,NE,LC,0,0.0048439739215379906,1,1,1,1,0,0,0,1,1,1,0,1,1,0,0,0,0,0,0,0,0,0,0,0,0,0.0
Tricorythopsis pseudogibbus,"efemérida, siriruia",NE,LC,0,0.0048439739215379906,1,1,0,1,0,0,0,1,1,1,0,0,1,0,0,0,0,0,0,0,0,0,0,0,0,0.0
Paracloeodes prismatobranchus,Efemérida,NE,LC,0,0.0048439739215379906,1,1,1,1,0,0,0,1,1,1,1,1,1,0,0,0,0,0,0,0,0,0,0,0,0,0.0
Corvomeyenia thumi,Esponja,NE,LC,0,0.0048439739215379906,1,1,1,1,0,0,0,1,1,1,0,1,1,0,0,0,0,0,0,0,0,0,0,0,0,0.0
Argia modesta,Libélula,NE,LC,0,0.0048439739215379906,1,1,1,1,1,0,0,1,1,1,1,1,1,0,0,0,0,0,0,0,0,0,0,0,0,0.0
Brasilocaenis elidioi,Efemérida,NE,LC,0,0.0048439739215379906,1,1,1,1,0,0,0,1,1,1,0,1,1,0,0,0,0,0,0,0,0,0,0,0,0,0.0
Caenis cuniana,Efemérida,NE,LC,0,0.0048439739215379906,1,1,1,1,0,0,0,1,1,1,0,1,1,0,0,0,0,0,0,0,0,0,0,0,0,0.0
Epipotoneura machadoi,Libélula,NE,LC,0,0.0048439739215379906,1,1,1,1,0,0,0,1,1,1,0,1,1,0,0,0,0,0,0,0,0,0,0,0,0,0.0
Caenis fittkaui,Efemérida,NE,LC,0,0.0048439739215379906,1,1,1,1,0,0,0,1,1,1,0,1,1,0,0,0,0,0,0,0,0,0,0,0,0,0.0
Zenithoptera anceps,Libélula,NE,LC,0,0.0048439739215379906,1,1,1,1,0,0,0,1,1,1,1,0,1,0,0,0,0,0,0,0,0,0,0,0,0,0.0
Fittkaulus cururuensis,Efemérida,NE,LC,0,0.0048439739215379906,1,1,1,1,0,0,0,1,1,1,0,1,1,0,0,0,0,0,0,0,0,0,0,0,0,0.0
Macrothemis absimilis,Libélula,NE,LC,0,0.0048439739215379906,1,1,1,1,0,0,0,1,1,1,0,1,1,0,0,0,0,0,0,0,0,0,0,0,0,0.0
Leptodactylus troglodytes,Não Informado,NE,LC,0,0.0048439739215379906,1,1,1,1,0,0,0,1,1,1,0,1,1,0,0,0,0,0,0,0,0,0,0,0,0,0.0
Amanahyphes bahiensis,"efemérida, siriruia",NE,LC,0,0.004694016803270277,0,0,1,0,0,0,0,1,1,0,0,0,1,0,0,0,0,0,0,0,0,0,0,0,0,0.0
Adenomera saci,Não Informado,NE,LC,0,0.004694016803270277,0,0,1,0,0,0,0,1,1,0,0,1,1,0,0,0,0,0,0,0,0,0,0,0,0,0.0
Siderastrea radians,"coral estrellita chica (Espanha), lesser starlet coral, petit corail starlette (França), rough starlet coral (EUA)",NE,DD,0,0.0045390070921985815,0,0,0,0,0,0,1,0,1,1,0,0,0,0,0,1,0,0,0,0,1,0,1,1,1,0.0
Oxyagrion machadoi,Libélula,NE,LC,0,0.004416103144227555,0,1,1,0,0,0,0,0,0,1,0,0,0,0,0,0,0,0,0,0,0,0,0,0,0,0.0
Tricorythopsis artigas,"efemérida, siriruia",NE,LC,0,0.004416103144227555,0,1,1,0,0,0,0,0,0,1,0,0,0,0,0,0,0,0,0,0,0,0,0,0,0,0.0
Argia chapadae,Libélula,NE,LC,0,0.0043605902357373855,1,1,1,1,0,0,0,1,1,0,0,1,1,0,0,0,0,0,0,0,0,0,0,0,0,0.0
Cyanallagma ferenigrum,Libélula,NE,LC,0,0.004161655999642182,1,0,1,0,0,0,0,1,1,1,0,1,1,0,0,0,0,0,0,0,0,0,0,0,0,0.0
Cyanallagma nigrinuchale,Libélula,NE,LC,0,0.003988752716877127,0,1,1,0,0,0,0,0,0,1,0,1,0,0,0,0,0,0,0,0,0,0,0,0,0,0.0
Brechmorhoga travassosi,Libélula,NE,LC,0,0.003988752716877127,0,1,1,0,0,0,0,0,0,1,0,1,0,0,0,0,0,0,0,0,0,0,0,0,0,0.0
Progomphus recticarinatus,Libélula,NE,LC,0,0.003988752716877127,0,1,1,0,0,0,0,0,0,1,0,1,0,0,0,0,0,0,0,0,0,0,0,0,0,0.0
Rhinella azarai,Não Informado,NE,LC,0,0.003988752716877127,0,1,1,0,0,0,0,0,0,0,0,1,0,0,0,0,0,0,0,0,0,0,0,0,0,0.0
Nephepeltia aequisetis,Libélula,NE,LC,0,0.003988752716877127,0,1,1,0,0,1,0,0,0,1,0,1,0,0,0,0,0,0,0,0,0,0,0,0,0,0.0
Leydigiopsis megalops,"Cladócero, Pulga d’água",NE,LC,0,0.003988752716877127,0,1,1,0,0,0,0,0,0,1,0,1,0,0,0,0,0,0,0,0,0,0,0,0,0,0.0
Dendropsophus jimi,Não Informado,NE,LC,0,0.003988752716877127,0,1,1,0,0,0,0,0,0,1,0,1,0,0,0,0,0,0,0,0,0,0,0,0,0,0.0
Micrathyria iheringi,Libélula,NE,LC,0,0.003988752716877127,0,1,1,0,0,1,0,0,0,1,0,1,0,0,0,0,0,0,0,0,0,0,0,0,0,0.0
Tricorythodes santarita,"efemérida, siriruia",NE,LC,0,0.003988752716877127,0,1,1,0,0,0,0,0,0,1,0,1,0,0,0,0,0,0,0,0,0,0,0,0,0,0.0
Rhinella scitula,Não Informado,NE,LC,0,0.003988752716877127,0,1,1,0,0,1,0,0,0,0,0,1,0,0,0,0,0,0,0,0,0,0,0,0,0,0.0
Macrothemis pseudimitans,"lava-bunda, lavadeira, Libélula",NE,LC,0,0.003988752716877127,0,1,1,0,0,0,0,0,0,1,0,1,0,0,0,0,0,0,0,0,0,0,0,0,0,0.0
Oceanapia hechteli,Não Informado,NE,LC,0,0.003961974865450153,0,0,0,0,0,0,1,0,1,0,0,0,1,0,0,0,0,0,0,0,0,0,0,0,0,0.0
Alpheus coralvivo,Não Informado,NE,LC,0,0.003961974865450153,0,0,0,0,0,0,1,0,1,0,0,0,1,0,0,0,0,0,0,0,0,0,0,0,0,0.0
Leucetta potiguar,Esponja,NE,LC,0,0.003961974865450153,0,0,0,0,0,0,1,0,1,0,0,0,1,0,0,0,0,0,0,0,0,0,0,0,0,0.0
Scolopes moseleyi,Esponja,NE,LC,0,0.003961974865450153,0,0,0,0,0,0,1,0,1,0,0,0,1,0,0,0,0,0,0,0,0,0,0,0,0,0.0
Amphimedon estelae,Esponja,NE,LC,0,0.003961974865450153,0,0,0,0,0,0,1,0,1,0,0,0,1,0,0,0,0,0,0,0,0,0,0,0,0,0.0
Amphoriscus synapta,Esponja,NE,LC,0,0.003961974865450153,0,0,0,0,0,0,1,0,1,0,1,0,1,0,0,0,0,0,0,0,0,0,0,0,0,0.0
Clathria achelata,Não Informado,NE,LC,0,0.003961974865450153,0,0,0,0,0,0,1,0,1,0,0,0,1,0,0,0,0,0,0,0,0,0,0,0,0,0.0
Clathria basiarenacea,Esponja,NE,LC,0,0.003961974865450153,0,0,0,0,0,0,1,0,1,0,0,0,1,0,0,0,0,0,0,0,0,0,0,0,0,0.0
Clathria calypso,Esponja,NE,LC,0,0.003961974865450153,0,0,0,0,0,0,1,0,1,0,0,0,1,0,0,0,0,0,0,0,0,0,0,0,0,0.0
Clathria crassitoxa,Não Informado,NE,LC,0,0.003961974865450153,0,0,0,0,0,0,1,0,1,0,0,0,1,0,0,0,0,0,0,0,0,0,0,0,0,0.0
Vosmaeropsis complanatispinifera,Não Informado,NE,LC,0,0.003961974865450153,0,0,0,0,0,0,1,0,1,0,0,0,1,0,0,0,0,0,0,0,0,0,0,0,0,0.0
Ciocalapata minuspiculifera,Esponja,NE,LC,0,0.003961974865450153,0,0,0,0,0,0,1,0,1,0,0,0,1,0,0,0,0,0,0,0,0,0,0,0,0,0.0
Pione enigmatica,Esponja perfurante enigmática,NE,LC,0,0.003961974865450153,0,0,0,0,0,0,1,0,1,0,0,0,1,0,0,0,0,0,0,0,0,0,0,0,0,0.0
Clathria moraesi,Não Informado,NE,LC,0,0.003961974865450153,0,0,0,0,0,0,1,0,1,0,0,0,1,0,0,0,0,0,0,0,0,0,0,0,0,0.0
Clathria nigra,Esponja,NE,LC,0,0.003961974865450153,0,0,0,0,0,0,1,0,1,0,0,0,1,0,0,0,0,0,0,0,0,0,0,0,0,0.0
Cladocroce caelum,Não Informado,NE,LC,0,0.003961974865450153,0,0,0,0,0,0,1,0,1,0,0,0,1,0,0,0,0,0,0,0,0,0,0,0,0,0.0
Biffarius botterae,Não Informado,NE,LC,0,0.003961974865450153,0,0,0,0,0,0,1,0,1,0,0,0,1,0,0,0,0,0,0,0,0,0,0,0,0,0.0
Clathria trairae,Não Informado,NE,LC,0,0.003961974865450153,0,0,0,0,0,0,1,0,1,0,0,0,1,0,0,0,0,0,0,0,0,0,0,0,0,0.0
Clathrina zelinhae,Não Informado,NE,LC,0,0.003961974865450153,0,0,0,0,0,0,1,0,1,0,0,0,1,0,0,0,0,0,0,0,0,0,0,0,0,0.0
Auletta akaroa,Não Informado,NE,LC,0,0.003961974865450153,0,0,0,0,0,0,1,0,1,0,0,0,1,0,0,0,0,0,0,0,0,0,0,0,0,0.0
Auletta laboreli,Não Informado,NE,LC,0,0.003961974865450153,0,0,0,0,0,0,1,0,1,0,0,0,1,0,0,0,0,0,0,0,0,0,0,0,0,0.0
Hymeniacidon upaonassu,Não Informado,NE,LC,0,0.003961974865450153,0,0,0,0,0,0,1,0,1,0,0,0,1,0,0,0,0,0,0,0,0,0,0,0,0,0.0
Hemimycale insularis,Esponja,NE,LC,0,0.003961974865450153,0,0,0,0,0,0,1,0,1,0,0,0,1,0,0,0,0,0,0,0,0,0,0,0,0,0.0
Sycon avus,Não Informado,NE,LC,0,0.003961974865450153,0,0,0,0,0,0,1,0,1,0,0,0,1,0,0,0,0,0,0,0,0,0,0,0,0,0.0
Neospongodes atlantica,Não Informado,NE,LC,0,0.003961974865450153,0,0,0,0,0,0,1,0,1,0,0,0,1,0,0,0,0,0,0,0,0,0,0,0,0,0.0
Paraleucilla incomposita,Esponja,NE,LC,0,0.003961974865450153,0,0,0,0,0,0,1,0,1,0,0,0,1,0,0,0,0,0,0,0,0,0,0,0,0,0.0
Callyspongia laboreli,Esponja,NE,LC,0,0.003961974865450153,0,0,0,0,0,0,1,0,1,0,0,0,1,0,0,0,0,0,0,0,0,0,0,0,0,0.0
Alectona mesatlantica,Esponja do mar,NE,LC,0,0.003961974865450153,0,0,0,0,0,0,1,0,1,0,0,0,1,0,0,0,0,0,0,0,0,0,0,0,0,0.0
Haliclona lernerae,Esponja,NE,DD,0,0.003961974865450153,0,0,0,0,0,0,1,0,1,0,0,0,1,0,0,0,0,0,0,0,0,0,0,0,0,0.0
Craniella carteri,Esponja,NE,LC,0,0.003961974865450153,0,0,0,0,0,0,1,0,1,0,0,0,1,0,0,0,0,0,0,0,0,0,0,0,0,0.0
Haliclona brassica,Não Informado,NE,LC,0,0.003961974865450153,0,0,0,0,0,0,1,0,1,0,0,0,1,0,0,0,0,0,0,0,0,0,0,0,0,0.0
Halichondria marianae,Não Informado,NE,LC,0,0.003961974865450153,0,0,0,0,0,0,1,0,1,0,0,0,1,0,0,0,0,0,0,0,0,0,0,0,0,0.0
Sycon bellum,Não Informado,NE,LC,0,0.003961974865450153,0,0,0,0,0,0,1,0,1,0,0,0,1,0,0,0,0,0,0,0,0,0,0,0,0,0.0
Leucilla sacculata,Esponja,NE,LC,0,0.003961974865450153,0,0,0,0,0,0,1,0,1,0,0,0,1,0,0,0,0,0,0,0,0,0,0,0,0,0.0
Cornulum tylotum,Esponja,NE,LC,0,0.003961974865450153,0,0,0,0,0,0,1,0,1,0,0,0,1,0,0,0,0,0,0,0,0,0,0,0,0,0.0
Haliclona dura,Não Informado,NE,LC,0,0.003961974865450153,0,0,0,0,0,0,1,0,1,0,0,0,1,0,0,0,0,0,0,0,0,0,0,0,0,0.0
Grantessa anisactina,Esponja,NE,LC,0,0.003961974865450153,0,0,0,0,0,0,1,0,1,0,0,0,1,0,0,0,0,0,0,0,0,0,0,0,0,0.0
Spongia lobosa,Esponja,NE,DD,0,0.003961974865450153,0,0,0,0,0,0,1,0,1,0,0,0,1,0,0,0,0,0,0,0,0,0,0,0,0,0.0
Aplysina muricyana,Esponja,NE,LC,0,0.003961974865450153,0,0,0,0,0,0,1,0,1,0,0,0,1,0,0,0,0,0,0,0,0,0,0,0,0,0.0
Aplysina orthoreticulata,Esponja,NE,LC,0,0.003961974865450153,0,0,0,0,0,0,1,0,1,0,0,0,1,0,0,0,0,0,0,0,0,0,0,0,0,0.0
Cacospongia amorpha,Esponja,NE,DD,0,0.003961974865450153,0,0,0,0,0,0,1,0,1,0,0,0,1,0,0,0,0,0,0,0,0,0,0,0,0,0.0
Aplysina pergamentacea,Esponja,NE,LC,0,0.003961974865450153,0,0,0,0,0,0,1,0,1,0,0,0,1,0,0,0,0,0,0,0,0,0,0,0,0,0.0
Chaceon linsi,Não Informado,NE,LC,0,0.003961974865450153,0,0,0,0,0,0,1,0,1,0,0,0,1,0,0,0,0,0,0,0,0,0,0,0,0,0.0
Forcepia trilabis,Esponja,NE,LC,0,0.003961974865450153,0,0,0,0,0,0,1,0,1,0,0,0,1,0,0,0,0,0,0,0,0,0,0,0,0,0.0
Aplysina lingua,Esponja,NE,LC,0,0.003961974865450153,0,0,0,0,0,0,1,0,1,0,0,0,1,0,0,0,0,0,0,0,0,0,0,0,0,0.0
Tethya nicolae,Esponja globular,NE,LC,0,0.003961974865450153,0,0,0,0,0,0,1,0,1,0,0,0,1,0,0,0,0,0,0,0,0,0,0,0,0,0.0
Aplysina cristagallus,Esponja,NE,LC,0,0.003961974865450153,0,0,0,0,0,0,1,0,1,0,0,0,1,0,0,0,0,0,0,0,0,0,0,0,0,0.0
Aplysina lactuca,Esponja,NE,LC,0,0.003961974865450153,0,0,0,0,0,0,1,0,1,0,0,0,1,0,0,0,0,0,0,0,0,0,0,0,0,0.0
Neocallichirus pinheiroi,Não Informado,NE,LC,0,0.003961974865450153,0,0,0,0,0,0,1,0,1,0,0,0,1,0,0,0,0,0,0,0,0,0,0,0,0,0.0
Paraleucilla oca,Esponja,NE,DD,0,0.003961974865450153,0,0,0,0,0,0,1,0,1,0,0,0,1,0,0,0,0,0,0,0,0,0,0,0,0,0.0
Arenosclera klausi,Não Informado,NE,LC,0,0.003961974865450153,0,0,0,0,0,0,1,0,1,0,0,0,1,0,0,0,0,0,0,0,0,0,0,0,0,0.0
Aaptos glutinans,Esponja-aglutinadora,NE,LC,0,0.003961974865450153,0,0,0,0,0,0,1,0,1,0,0,0,1,0,0,0,0,0,0,0,0,0,0,0,0,0.0
Acanthella stanleei,Não Informado,NE,LC,0,0.003961974865450153,0,0,0,0,0,0,1,0,1,0,0,0,1,0,0,0,0,0,0,0,0,0,0,0,0,0.0
Acanthotetilla rocasensis,Esponja,NE,LC,0,0.003961974865450153,0,0,0,0,0,0,1,0,1,0,0,0,1,0,0,0,0,0,0,0,0,0,0,0,0,0.0
Chrysogorgia tuberculata,Não Informado,NE,LC,0,0.003961974865450153,0,0,0,0,0,0,1,0,1,0,0,0,1,0,0,0,0,0,0,0,0,0,0,0,0,0.0
Erylus corneus,Esponja,NE,LC,0,0.003961974865450153,0,0,0,0,0,0,1,0,1,0,0,0,1,0,0,0,0,0,0,0,0,0,0,0,0,0.0
Monanchora megasigmifera,Não Informado,NE,LC,0,0.003961974865450153,0,0,0,0,0,0,1,0,1,0,0,0,1,0,0,0,0,0,0,0,0,0,0,0,0,0.0
Eurypon oxychaetum,Não Informado,NE,LC,0,0.003961974865450153,0,0,0,0,0,0,1,0,1,0,0,0,1,0,0,0,0,0,0,0,0,0,0,0,0,0.0
Eurypon distyli,Não Informado,NE,DD,0,0.003961974865450153,0,0,0,0,0,0,1,0,1,0,0,0,1,0,0,0,0,0,0,0,0,0,0,0,0,0.0
Aplysina solangeae,Esponja,NE,LC,0,0.003961974865450153,0,0,0,0,0,0,1,0,1,0,0,0,1,0,0,0,0,0,0,0,0,0,0,0,0,0.0
Psammoclema porosum,Esponja,NE,DD,0,0.003961974865450153,0,0,0,0,0,0,1,0,1,0,0,0,1,0,0,0,0,0,0,0,0,0,0,0,0,0.0
Holoxea violacea,Esponja,NE,LC,0,0.003961974865450153,0,0,0,0,0,0,1,0,1,0,0,0,1,0,0,0,0,0,0,0,0,0,0,0,0,0.0
Jaspis variaster,Não Informado,NE,LC,0,0.003961974865450153,0,0,0,0,0,0,1,0,1,0,0,0,1,0,0,0,0,0,0,0,0,0,0,0,0,0.0
Jaspis gigoxea,Não Informado,NE,LC,0,0.003961974865450153,0,0,0,0,0,0,1,0,1,0,0,0,1,0,0,0,0,0,0,0,0,0,0,0,0,0.0
Ernsta citrea,Não Informado,NE,LC,0,0.003961974865450153,0,0,0,0,0,0,1,0,1,0,0,0,1,0,0,0,0,0,0,0,0,0,0,0,0,0.0
Ernsta sanctipauli,Não Informado,NE,LC,0,0.003961974865450153,0,0,0,0,0,0,1,0,1,0,0,0,1,0,0,0,0,0,0,0,0,0,0,0,0,0.0
Ernsta multispiculata,Não Informado,NE,LC,0,0.003961974865450153,0,0,0,0,0,0,1,0,1,0,0,0,1,0,0,0,0,0,0,0,0,0,0,0,0,0.0
Ircinia repens,Esponja,NE,LC,0,0.003961974865450153,0,0,0,0,0,0,1,0,1,0,0,0,1,0,0,0,0,0,0,0,0,0,0,0,0,0.0
Jaspis atolensis,Não Informado,NE,LC,0,0.003961974865450153,0,0,0,0,0,0,1,0,1,0,0,0,1,0,0,0,0,0,0,0,0,0,0,0,0,0.0
Dercitus latex,Esponja,NE,LC,0,0.003961974865450153,0,0,0,0,0,0,1,0,1,0,0,0,1,0,0,0,0,0,0,0,0,0,0,0,0,0.0
Ircinia sergipana,Não Informado,NE,LC,0,0.003961974865450153,0,0,0,0,0,0,1,0,1,0,0,0,1,0,0,0,0,0,0,0,0,0,0,0,0,0.0
Lestes auritus,Libélula,NE,LC,0,0.003895269810894221,0,1,1,0,0,0,0,0,0,1,1,0,0,0,0,0,0,0,0,0,0,0,0,0,0,0.0
Vitreorana uranoscopa,"Humboldt's Glass Frog, Perereca-de-vidro, Rã-de-vidro",NE,LC,0,0.003895269810894221,0,1,1,0,0,0,0,0,0,1,1,0,0,0,0,0,0,0,0,0,0,0,0,0,0,0.0
Allopodagrion contortum,"Agulhinha, Donzelinha, Lava-bunda, Lavadeira, Libélula",NE,LC,0,0.003895269810894221,0,1,1,0,0,0,0,0,0,1,1,0,0,0,0,0,0,0,0,0,0,0,0,0,0,0.0
Luetkenotyphlus brasiliensis,Não Informado,NE,LC,0,0.003895269810894221,0,1,1,0,0,0,0,0,0,1,1,0,0,0,0,0,0,0,0,0,0,0,0,0,0,0.0
Tauriphila xiphea,Libélula,NE,LC,0,0.003895269810894221,0,1,1,0,1,0,0,0,0,1,1,0,0,0,0,0,0,0,0,0,0,0,0,0,0,0.0
Archaeogomphus densus,Libélula,NE,LC,0,0.003895269810894221,0,1,1,0,1,0,0,0,0,1,1,0,0,0,0,0,0,0,0,0,0,0,0,0,0,0.0
Scinax berthae,Não Informado,NE,LC,0,0.003895269810894221,0,1,1,0,1,0,0,0,0,1,1,0,0,0,0,0,0,0,0,0,0,0,0,0,0,0.0
Rhinella icterica,Sapo-cururu,NE,LC,0,0.003895269810894221,0,1,1,0,1,0,0,0,0,1,1,0,0,0,0,0,0,0,0,0,0,0,0,0,0,0.0
Rhinella ornata,Sapo-cururuzinho,NE,LC,0,0.003895269810894221,0,1,1,0,0,0,0,0,0,1,1,0,0,0,0,0,0,0,0,0,0,0,0,0,0,0.0
Rhionaeschna cornigera,Libélula,NE,LC,0,0.003895269810894221,0,1,1,0,1,0,0,0,0,1,1,0,0,0,0,0,0,0,0,0,0,0,0,0,0,0.0
Rhionaeschna pauloi,Libélula,NE,LC,0,0.003895269810894221,0,1,1,0,0,0,0,0,0,1,1,0,0,0,0,0,0,0,0,0,0,0,0,0,0,0.0
Dendropsophus sanborni,Não Informado,NE,LC,0,0.003895269810894221,0,1,1,0,1,0,0,0,0,1,1,0,0,0,0,0,0,0,0,0,0,0,0,0,0,0.0
Bergamina lineolata,"Cladócero, pulga d’água ou cladócero",NE,LC,0,0.003746862474986885,0,0,1,0,0,0,0,0,0,1,0,0,0,0,0,0,0,0,0,0,0,0,0,0,0,0.0
Campsurus evanidus,Efemérida,NE,LC,0,0.003746862474986885,0,0,1,0,0,0,0,0,0,1,0,0,0,0,0,0,0,0,0,0,0,0,0,0,0,0.0
Asthenopus guarani,efemérida,NE,LC,0,0.003746862474986885,0,0,1,0,0,0,0,0,0,1,0,0,0,0,0,0,0,0,0,0,0,0,0,0,0,0.0
Campsurus povilla,Efemérida,NE,LC,0,0.0035334964547800037,1,0,1,0,0,0,0,1,0,0,0,1,1,0,0,0,0,0,0,0,0,0,0,0,0,0.0
Boana caiapo,Não Informado,NE,LC,0,0.0035334964547800037,1,0,1,0,0,0,0,1,0,0,0,1,1,0,0,0,0,0,0,0,0,0,0,0,0,0.0
Campsurus nessimiani,Efemérida,NE,LC,0,0.0035334964547800037,1,0,0,0,0,0,0,1,0,0,0,1,1,0,0,0,0,0,0,0,0,0,0,0,0,0.0
Paramaka pearljam,Efemérida,NE,LC,0,0.0035334964547800037,1,0,0,0,0,0,0,1,0,0,0,1,1,0,0,0,0,0,0,0,0,0,0,0,0,0.0
Argia insipida,Libélula,NE,LC,0,0.0035334964547800037,1,0,1,0,0,0,0,1,0,0,0,1,1,0,0,0,0,0,0,0,0,0,0,0,0,0.0
Mnesarete williamsoni,Libélula,NE,LC,0,0.0035334964547800037,1,0,1,0,0,0,0,1,0,0,0,1,1,0,0,0,0,0,0,0,0,0,0,0,0,0.0
Phoenicagrion karaja,Libélula,NE,LC,0,0.0035334964547800037,1,0,1,0,0,0,0,1,0,0,0,1,1,0,0,0,0,0,0,0,0,0,0,0,0,0.0
Caenis pflugfelderi,Efemérida,NE,LC,0,0.0035334964547800037,1,0,1,0,0,0,0,1,0,0,0,1,1,0,0,0,0,0,0,0,0,0,0,0,0,0.0
Drulia ctenosclera,"Cupim-d´água, Esponja",NE,LC,0,0.0035334964547800037,1,0,1,0,0,0,0,1,0,0,0,1,1,0,0,0,0,0,0,0,0,0,0,0,0,0.0
Lysapsus caraya,Não Informado,NE,LC,0,0.0035334964547800037,1,0,1,0,0,0,0,1,0,0,0,1,1,0,0,0,0,0,0,0,0,0,0,0,0,0.0
Chalcopteryx radians,Libélula,NE,LC,0,0.0035334964547800037,1,0,0,0,0,0,0,1,0,0,0,1,1,0,0,0,0,0,0,0,0,0,0,0,0,0.0
Camelobaetidius carolinae,Efemérida,NE,LC,0,0.0035334964547800037,1,0,0,0,0,0,0,1,0,0,0,1,1,0,0,0,0,0,0,0,0,0,0,0,0,0.0
Argia botacudo,"agulhinha, donzelinha, lava-bunda, lavadeira, Libélula",NE,LC,0,0.0035334964547800037,1,0,1,0,0,0,0,1,0,0,0,1,1,0,0,0,0,0,0,0,0,0,0,0,0,0.0
Argia bicellulata,Libélula,NE,LC,0,0.0035334964547800037,1,0,1,0,0,0,0,1,0,0,0,1,1,0,0,0,0,0,0,0,0,0,0,0,0,0.0
Amazoneura ephippigera,"Agulhinha, Donzelinha, Lava-bunda, Lavadeira, Libélula",NE,LC,0,0.0035334964547800037,1,0,1,0,0,0,0,1,0,0,0,1,1,0,0,0,0,0,0,0,0,0,0,0,0,0.0
Adebrotus amazonicus,Efemérida,NE,LC,0,0.0035334964547800037,1,0,1,0,0,0,0,1,0,0,0,1,1,0,0,0,0,0,0,0,0,0,0,0,0,0.0
Spaniophlebia kayapo,"Efemérida, Siriruia",NE,LC,0,0.0035334964547800037,1,0,1,0,0,0,0,1,0,0,0,1,1,0,0,0,0,0,0,0,0,0,0,0,0,0.0
Aphylla brasiliensis,Libélula,NE,LC,0,0.0035334964547800037,1,0,1,0,0,0,0,1,0,0,0,1,1,0,0,0,0,0,0,0,0,0,0,0,0,0.0
Progomphus amazonicus,Libélula,NE,LC,0,0.0035334964547800037,1,0,1,0,0,0,0,1,0,0,0,1,1,0,0,0,0,0,0,0,0,0,0,0,0,0.0
Progomphus nigellus,Libélula,NE,LC,0,0.0035334964547800037,1,0,1,0,0,0,0,1,0,0,0,1,1,0,0,0,0,0,0,0,0,0,0,0,0,0.0
Argia thespis,Libélula,NE,LC,0,0.0035334964547800037,1,0,1,0,0,0,0,1,0,0,0,1,1,0,0,0,0,0,0,0,0,0,0,0,0,0.0
Aturbina maculata,"Efemérida, Siriruia",NE,LC,0,0.0035334964547800037,1,0,1,0,0,0,0,1,0,0,0,1,1,0,0,0,0,0,0,0,0,0,0,0,0,0.0
Aturbina nigra,Efemérida,NE,LC,0,0.0035334964547800037,1,0,1,0,0,0,0,1,0,0,0,1,1,0,0,0,0,0,0,0,0,0,0,0,0,0.0
Acanthagrion chararum,"Agulhinha, Donzelinha, Lava-bunda, Lavadeira, Libélula",NE,LC,0,0.0035334964547800037,1,0,1,0,0,0,0,1,0,0,0,1,1,0,0,0,0,0,0,0,0,0,0,0,0,0.0
Mnesarete smaragdina,Libélula,NE,LC,0,0.0035334964547800037,1,0,1,0,0,0,0,1,0,0,0,1,1,0,0,0,0,0,0,0,0,0,0,0,0,0.0
Mnesarete pudica,Libélula,NE,LC,0,0.003467919383543794,0,1,1,0,1,0,0,0,0,1,1,1,0,0,0,0,0,0,0,0,0,0,0,0,0,0.0
Gynothemis venipunctata,Libélula,NE,LC,0,0.003467919383543794,0,1,1,0,1,0,0,0,0,1,1,1,0,0,0,0,0,0,0,0,0,0,0,0,0,0.0
Oncosclera petricola,Esponja,NE,LC,0,0.003467919383543794,0,1,1,0,1,0,0,0,0,0,1,1,0,0,0,0,0,0,0,0,0,0,0,0,0,0.0
Odontophrynus americanus,Sapo-escavador,NE,LC,0,0.003467919383543794,0,1,1,0,1,0,0,0,0,1,1,1,0,0,0,0,0,0,0,0,0,0,0,0,0,0.0
Scinax squalirostris,Não Informado,NE,LC,0,0.003467919383543794,0,1,1,0,1,0,0,0,0,1,1,1,0,0,0,0,0,0,0,0,0,0,0,0,0,0.0
Oligoclada laetitia,Libélula,NE,LC,0,0.003467919383543794,0,1,1,0,1,1,0,0,0,1,1,1,0,0,0,0,0,0,0,0,0,0,0,0,0,0.0
Erythrodiplax melanorubra,Libélula,NE,LC,0,0.003467919383543794,0,1,1,0,1,0,0,0,0,1,1,1,0,0,0,0,0,0,0,0,0,0,0,0,0,0.0
Scinax nasicus,Não Informado,NE,LC,0,0.003467919383543794,0,1,1,0,1,1,0,0,0,1,1,1,0,0,0,0,0,0,0,0,0,0,0,0,0,0.0
Corvoheteromeyenia australis,Não Informado,NE,LC,0,0.003467919383543794,0,1,1,0,1,0,0,0,0,1,1,1,0,0,0,0,0,0,0,0,0,0,0,0,0,0.0
Acanthagrion lancea,"agulhinha, donzelinha, lava-bunda, lavadeira, Libélula",NE,LC,0,0.003467919383543794,0,1,1,0,1,0,0,0,0,1,1,1,0,0,0,0,0,0,0,0,0,0,0,0,0,0.0
Planiplax erythropyga,Libélula,NE,LC,0,0.003467919383543794,0,1,1,0,1,0,0,0,0,1,1,1,0,0,0,0,0,0,0,0,0,0,0,0,0,0.0
Physalaemus gracilis,Não Informado,NE,LC,0,0.003467919383543794,0,1,1,0,1,0,0,0,0,0,1,0,0,0,0,0,0,0,0,0,0,0,0,0,0,0.0
Leptodactylus gracilis,Rã-listrada,NE,LC,0,0.003467919383543794,0,1,1,0,1,0,0,0,0,1,1,1,0,0,0,0,0,0,0,0,0,0,0,0,0,0.0
Callibaetis fasciatus,"Efemérida, Miruim",NE,LC,0,0.003467919383543794,0,1,1,0,0,0,0,0,0,0,1,1,0,0,0,0,0,0,0,0,0,0,0,0,0,0.0
Macrothemis imitans,Libélula,NE,LC,0,0.003467919383543794,0,1,1,0,1,0,0,0,0,1,1,1,0,0,0,0,0,0,0,0,0,0,0,0,0,0.0
Heteragrion triangulare,Libélula,NE,LC,0,0.003467919383543794,0,1,1,0,1,0,0,0,0,1,1,1,0,0,0,0,0,0,0,0,0,0,0,0,0,0.0
Cyanogomphus waltheri,Libélula,NE,LC,0,0.003467919383543794,0,1,1,0,0,0,0,0,0,1,1,1,0,0,0,0,0,0,0,0,0,0,0,0,0,0.0
Phyllocycla viridipleuris,Libélula,NE,LC,0,0.003467919383543794,0,1,1,0,1,0,0,0,0,1,1,1,0,0,0,0,0,0,0,0,0,0,0,0,0,0.0
Argentagrion ambiguum,"agulhinha, donzelinha, lava-bunda, lavadeira, Libélula",NE,LC,0,0.003467919383543794,0,1,1,0,1,0,0,0,0,1,1,1,0,0,0,0,0,0,0,0,0,0,0,0,0,0.0
Lestes dichrostigma,Libélula,NE,LC,0,0.003467919383543794,0,1,1,0,0,0,0,0,0,1,1,1,0,0,0,0,0,0,0,0,0,0,0,0,0,0.0
Hetaerina mendezi,Libélula,NE,LC,0,0.003467919383543794,0,1,1,0,0,0,0,0,0,1,1,1,0,0,0,0,0,0,0,0,0,0,0,0,0,0.0
Lestes pictus,Libélula,NE,LC,0,0.003467919383543794,0,1,1,0,1,0,0,0,0,1,1,1,0,0,0,0,0,0,0,0,0,0,0,0,0,0.0
Lestes paulistus,Libélula,NE,LC,0,0.003467919383543794,0,1,1,0,1,0,0,0,0,1,1,1,0,0,0,0,0,0,0,0,0,0,0,0,0,0.0
Oxyagrion hempeli,Libélula,NE,LC,0,0.003467919383543794,0,1,1,0,1,0,0,0,0,1,1,1,0,0,0,0,0,0,0,0,0,0,0,0,0,0.0
Oxyagrion evanescens,Libélula,NE,LC,0,0.003467919383543794,0,1,1,0,0,0,0,0,0,1,1,1,0,0,0,0,0,0,0,0,0,0,0,0,0,0.0
Oxyagrion microstigma,Libélula,NE,LC,0,0.003467919383543794,0,1,1,0,0,0,0,0,0,1,1,1,0,0,0,0,0,0,0,0,0,0,0,0,0,0.0
Micrathyria hypodidyma,Libélula,NE,LC,0,0.003467919383543794,0,1,1,0,1,0,1,0,0,1,1,1,0,0,0,0,0,0,0,0,0,0,0,0,0,0.0
Leptohyphes cornutus,Efemérida,NE,LC,0,0.003467919383543794,0,1,1,0,0,0,0,0,0,1,1,1,0,0,0,0,0,0,0,0,0,0,0,0,0,0.0
Mnesarete pruinosa,Libélula,NE,LC,0,0.003467919383543794,0,1,1,0,1,0,0,0,0,1,1,1,0,0,0,0,0,0,0,0,0,0,0,0,0,0.0
Luidia ludwigi,estrela-do-mar,NE,LC,0,0.0034615384615384616,0,0,0,0,0,0,1,0,1,1,1,0,0,0,0,0,0,0,1,1,1,0,0,1,0,0.0
Luidia clathrata,estrela-do-mar,NE,LC,0,0.0034615384615384616,0,0,0,0,0,0,1,0,1,1,1,0,0,0,0,0,0,0,1,1,1,0,0,1,0,0.0
Tuberculobasis mammilaris,Libélula,NE,LC,0,0.003319512047636458,0,0,1,0,0,0,0,0,0,0,0,1,0,0,0,0,0,0,0,0,0,0,0,0,0,0.0
Melanophryniscus fulvoguttatus,Não Informado,NE,LC,0,0.003319512047636458,0,0,1,0,0,0,0,0,0,0,0,1,0,0,0,0,0,0,0,0,0,0,0,0,0,0.0
Tricorythodes quizeri,"efemérida, siriruia",NE,LC,0,0.003319512047636458,0,0,1,0,0,0,0,0,0,0,0,1,0,0,0,0,0,0,0,0,0,0,0,0,0,0.0
Enallagma coecum,"agulhinha, donzelinha, lava-bunda, lavadeira, Libélula",NE,LC,0,0.003319512047636458,0,0,1,0,0,0,0,0,0,1,0,1,0,0,0,0,0,0,0,0,0,0,0,0,0,0.0
Elachistocleis matogrosso,Não Informado,NE,LC,0,0.003319512047636458,0,0,1,0,0,1,0,0,0,0,0,1,0,0,0,0,0,0,0,0,0,0,0,0,0,0.0
Aphylla distinguenda,Libélula,NE,LC,0,0.003319512047636458,0,0,1,0,0,1,0,0,0,1,0,1,0,0,0,0,0,0,0,0,0,0,0,0,0,0.0
Odontophrynus lavillai,Não Informado,NE,LC,0,0.003319512047636458,0,0,1,0,0,1,0,0,0,0,0,1,0,0,0,0,0,0,0,0,0,0,0,0,0,0.0
Schistolobos boliviensis,Libélula,NE,LC,0,0.003319512047636458,0,0,1,0,0,0,0,0,0,0,0,1,0,0,0,0,0,0,0,0,0,0,0,0,0,0.0
Telebasis brevis,Libélula,NE,LC,0,0.003319512047636458,0,0,1,0,0,0,0,0,0,0,0,1,0,0,0,0,0,0,0,0,0,0,0,0,0,0.0
Scinax acuminatus,Não Informado,NE,LC,0,0.003319512047636458,0,0,1,0,0,1,0,0,0,0,0,1,0,0,0,0,0,0,0,0,0,0,0,0,0,0.0
Leptodactylus bufonius,Não Informado,NE,LC,0,0.003319512047636458,0,0,1,0,0,1,0,0,0,0,0,1,0,0,0,0,0,0,0,0,0,0,0,0,0,0.0
Agriogomphus ericae,Libélula,NE,LC,0,0.003319512047636458,0,0,1,0,0,0,0,0,0,0,0,1,0,0,0,0,0,0,0,0,0,0,0,0,0,0.0
Sylviocarcinus australis,Caranguejo-de-água-doce,NE,LC,0,0.003319512047636458,0,0,1,0,0,1,0,0,0,0,0,1,0,0,0,0,0,0,0,0,0,0,0,0,0,0.0
Pristimantis dundeei,Não Informado,NE,LC,0,0.003319512047636458,0,0,1,0,0,0,0,0,0,0,0,1,0,0,0,0,0,0,0,0,0,0,0,0,0,0.0
Rhinella bergi,Não Informado,NE,LC,0,0.003319512047636458,0,0,1,0,0,1,0,0,0,0,0,1,0,0,0,0,0,0,0,0,0,0,0,0,0,0.0
Ceratophrys cranwelli,Não Informado,NE,LC,0,0.003319512047636458,0,0,1,0,0,1,0,0,0,0,0,1,0,0,0,0,0,0,0,0,0,0,0,0,0,0.0
Adenomera diptyx,Não Informado,NE,LC,0,0.003319512047636458,0,0,1,0,0,1,0,0,0,0,0,1,0,0,0,0,0,0,0,0,0,0,0,0,0,0.0
Triacanthagyna obscuripennis,Libélula,NE,LC,0,0.003319512047636458,0,0,1,0,0,0,0,0,0,0,0,1,0,0,0,0,0,0,0,0,0,0,0,0,0,0.0
Leptodactylus elenae,Não Informado,NE,LC,0,0.003319512047636458,0,0,1,0,0,1,0,0,0,0,0,1,0,0,0,0,0,0,0,0,0,0,0,0,0,0.0
Peristicta forceps,Libélula,NE,LC,0,0.003319512047636458,0,0,1,0,0,0,0,0,0,1,0,1,0,0,0,0,0,0,0,0,0,0,0,0,0,0.0
Argia cupraurea,"agulhinha, donzelinha, lava-bunda, lavadeira, Libélula",NE,LC,0,0.003319512047636458,0,0,1,0,0,0,0,0,0,0,0,1,0,0,0,0,0,0,0,0,0,0,0,0,0,0.0
Pseudopaludicola ternetzi,Não Informado,NE,LC,0,0.003319512047636458,0,0,1,0,0,0,0,0,0,1,0,1,0,0,0,0,0,0,0,0,0,0,0,0,0,0.0
Metaleptobasis lillianae,Libélula,NE,LC,0,0.003319512047636458,0,0,1,0,0,0,0,0,0,0,0,1,0,0,0,0,0,0,0,0,0,0,0,0,0,0.0
Protoneura paucinervis,Libélula,NE,LC,0,0.003319512047636458,0,0,1,0,0,0,0,0,0,0,0,1,0,0,0,0,0,0,0,0,0,0,0,0,0,0.0
Phyllomedusa boliviana,Perereca-macaco-boliviana,NE,LC,0,0.003319512047636458,0,0,1,0,0,1,0,0,0,0,0,1,0,0,0,0,0,0,0,0,0,0,0,0,0,0.0
Acanthagrion marinae,Libélula,NE,LC,0,0.003319512047636458,0,0,1,0,0,0,0,0,0,0,0,1,0,0,0,0,0,0,0,0,0,0,0,0,0,0.0
Pithecopus palliatus,Não Informado,NE,LC,0,0.003286384976525822,1,0,0,0,0,0,0,1,0,0,0,0,0,0,0,0,0,0,0,0,0,1,0,0,0,0.0
Argyrodiaptomus macrochaetus,copépode,NE,LC,0,0.003226029141653552,0,0,1,0,1,0,0,0,0,1,1,0,0,0,0,0,0,0,0,0,0,0,0,0,0,0.0
Elachistocleis piauiensis,Sapo-guarda,NE,LC,0,0.003222487692585696,0,0,1,1,0,0,0,1,1,0,0,1,1,0,0,0,0,0,0,0,0,0,0,0,0,0.0
Callibaetis radiatus,Efemérida,NE,LC,0,0.0031488558304686126,0,1,1,0,0,0,0,0,1,1,0,0,0,0,0,0,0,0,0,0,0,0,0,0,0,0.0
Aceratobasis nathaliae,Libélula,NE,LC,0,0.0031488558304686126,0,1,1,0,0,0,0,0,1,1,0,0,0,0,0,0,0,0,0,0,0,0,0,0,0,0.0
Atya gabonensis,"Camarão-de-pedra, Camarão-negro, Coruca; Corururca; Cruca; Camarão-de-pedra (nomes regionais) Camarão-filtrador africano, Gabon shrimp (Inglês)., Lagosta filtradora (Português/Brasil)",NE,LC,0,0.0031488558304686126,0,1,1,1,0,0,0,0,1,1,0,0,0,0,0,0,0,0,0,0,0,0,0,0,0,0.0
Acanthagrion hildegarda,Libélula,NE,LC,0,0.00314697049116633,0,1,1,0,0,0,0,1,0,1,1,0,0,0,0,0,0,0,0,0,0,0,0,0,0,0.0
Apobaetis hamadae,efemérida,NE,LC,0,0.003079981715550979,1,0,1,0,0,0,0,1,1,0,0,1,1,0,0,0,0,0,0,0,0,0,0,0,0,0.0
Elachistocleis bumbameuboi,Não Informado,NE,LC,0,0.003079981715550979,1,0,1,0,0,0,0,1,1,0,0,0,1,0,0,0,0,0,0,0,0,0,0,0,0,0.0
Tricorythopsis bahiensis,"efemérida, siriruia",NE,LC,0,0.003079981715550979,1,0,1,0,0,0,0,1,1,0,0,1,1,0,0,0,0,0,0,0,0,0,0,0,0,0.0
Epipleoneura albuquerquei,Libélula,NE,LC,0,0.003079981715550979,1,0,1,0,0,0,0,1,1,0,0,0,1,0,0,0,0,0,0,0,0,0,0,0,0,0.0
Epipleoneura westfalli,Libélula,NE,LC,0,0.003079981715550979,1,0,1,0,0,0,0,1,1,0,0,1,1,0,0,0,0,0,0,0,0,0,0,0,0,0.0
Hermanellopsis arsia,Efemérida,NE,LC,0,0.003079981715550979,1,0,1,0,0,0,0,1,1,0,0,0,1,0,0,0,0,0,0,0,0,0,0,0,0,0.0
Farrodes xingu,Efemérida,NE,LC,0,0.003079981715550979,1,0,1,0,0,0,0,1,1,0,0,1,1,0,0,0,0,0,0,0,0,0,0,0,0,0.0
Elachistocleis carvalhoi,Não Informado,NE,LC,0,0.003079981715550979,1,0,1,0,0,0,0,1,1,0,0,1,1,0,0,0,0,0,0,0,0,0,0,0,0,0.0
Guajirolus rondoni,"efemérida, siriruia",NE,LC,0,0.003079981715550979,1,0,1,0,0,0,0,1,1,0,0,1,1,0,0,0,0,0,0,0,0,0,0,0,0,0.0
Physalaemus biligonigerus,Não Informado,NE,LC,0,0.0027986787143031242,0,0,1,0,1,1,0,0,0,0,1,1,0,0,0,0,0,0,0,0,0,0,0,0,0,0.0
Mnesarete lencionii,Libélula,NE,LC,0,0.0027986787143031242,0,0,1,0,1,0,0,0,0,1,1,1,0,0,0,0,0,0,0,0,0,0,0,0,0,0.0
Erythrodiplax minuscula,Libélula,NE,LC,0,0.0027986787143031242,0,0,1,0,1,1,0,0,0,0,1,1,0,0,0,0,0,0,0,0,0,0,0,0,0,0.0
Campsurus zunigae,Efemérida,NE,LC,0,0.002721505403118185,0,0,1,0,0,0,0,0,1,0,0,1,0,0,0,0,0,0,0,0,0,0,0,0,0,0.0
Cloeodes irvingi,efemérida,NE,LC,0,0.002721505403118185,0,1,1,1,0,0,0,0,1,1,0,1,0,0,0,0,0,0,0,0,0,0,0,0,0,0.0
Enallagma novaehispaniae,Libélula,NE,LC,0,0.002721505403118185,0,1,1,1,0,0,0,0,1,1,0,1,0,0,0,0,0,0,0,0,0,0,0,0,0,0.0
Camelobaetidius tuberosus,Efemérida,NE,LC,0,0.002721505403118185,0,0,1,1,0,0,0,0,1,1,0,1,0,0,0,0,0,0,0,0,0,0,0,0,0,0.0
Corvoheteromeyenia heterosclera,Esponja,NE,LC,0,0.002721505403118185,0,1,1,1,0,0,0,0,1,0,0,1,0,0,0,0,0,0,0,0,0,0,0,0,0,0.0
Tramea abdominalis,Libélula,NE,LC,0,0.002721505403118185,0,1,1,1,0,1,0,0,1,1,0,1,0,0,0,0,0,0,0,0,0,0,0,0,0,0.0
Cryptonympha dasilvai,Efemérida,NE,LC,0,0.002721505403118185,0,1,1,1,0,0,0,0,1,1,0,1,0,0,0,0,0,0,0,0,0,0,0,0,0,0.0
Dermatonotus muelleri,Não Informado,NE,LC,0,0.002721505403118185,0,1,1,1,0,1,0,0,1,1,0,1,0,0,0,0,0,0,0,0,0,0,0,0,0,0.0
Argia tamoyo,Libélula,NE,LC,0,0.002721505403118185,0,1,1,0,0,0,0,0,1,1,0,1,0,0,0,0,0,0,0,0,0,0,0,0,0,0.0
Micrathyria paruensis,Libélula,NE,LC,0,0.002721505403118185,0,0,1,0,0,0,0,0,1,0,0,0,0,0,0,0,0,0,0,0,0,0,0,0,0,0.0
Traverhyphes indicator,"efemérida, siriruia",NE,LC,0,0.002721505403118185,0,1,1,0,0,0,0,0,1,1,0,1,0,0,0,0,0,0,0,0,0,0,0,0,0,0.0
Micrathyria didyma,Libélula,NE,LC,0,0.002721505403118185,0,1,1,0,0,1,0,0,1,1,0,1,0,0,0,0,0,0,0,0,0,0,0,0,0,0.0
Tricorythopsis chiriguano,Não Informado,NE,LC,0,0.002721505403118185,0,1,1,0,0,0,0,0,1,0,0,1,0,0,0,0,0,0,0,0,0,0,0,0,0,0.0
Tricorythodes mirca,Efemérida,NE,LC,0,0.002721505403118185,0,1,1,1,0,0,0,0,1,1,0,1,0,0,0,0,0,0,0,0,0,0,0,0,0,0.0
Scinax similis,Não Informado,NE,LC,0,0.002721505403118185,0,1,1,0,0,0,0,0,1,1,0,1,0,0,0,0,0,0,0,0,0,0,0,0,0,0.0
Triacanthagyna caribbea,Libélula,NE,LC,0,0.0027204354034470316,0,1,0,0,0,0,0,0,0,1,0,0,0,0,0,0,0,0,0,0,0,0,0,0,0,0.0
Callibaetis zonalis,Efemérida,NE,LC,0,0.0027204354034470316,0,1,0,0,0,0,0,0,0,1,0,0,0,0,0,0,0,0,0,0,0,0,0,0,0,0.0
Trachycephalus imitatrix,Rio Golden-eyed Treefrog,NE,LC,0,0.0027204354034470316,0,1,0,0,0,0,0,0,0,1,0,0,0,0,0,0,0,0,0,0,0,0,0,0,0,0.0
Tricorythodes yura,Não Informado,NE,LC,0,0.0027204354034470316,0,1,0,0,0,0,0,0,0,1,0,0,0,0,0,0,0,0,0,0,0,0,0,0,0,0.0
Campylocia burmeisteri,Efemérida,NE,LC,0,0.0027204354034470316,0,1,0,0,0,0,0,0,0,1,0,0,0,0,0,0,0,0,0,0,0,0,0,0,0,0.0
Argentagrion silviae,"agulhinha, donzelinha, lava-bunda, lavadeira, Libélula",NE,LC,0,0.0027204354034470316,0,1,0,0,0,0,0,0,0,1,0,0,0,0,0,0,0,0,0,0,0,0,0,0,0,0.0
Oligoneuria anomala,Efemérida,NE,DD,0,0.0027204354034470316,0,1,0,0,0,0,0,0,0,1,0,0,0,0,0,0,0,0,0,0,0,0,0,0,0,0.0
Edonis helena,"lava-bunda, lavadeira, Libélula",NE,LC,0,0.0027204354034470316,0,1,0,0,0,0,0,0,0,1,0,0,0,0,0,0,0,0,0,0,0,0,0,0,0,0.0
Asthenopodes traverae,Efemérida,NE,LC,0,0.0027204354034470316,0,1,0,0,0,0,0,0,0,1,0,0,0,0,0,0,0,0,0,0,0,0,0,0,0,0.0
Mnesarete guttifera,Libélula,NE,LC,0,0.0027196200638159025,0,1,1,0,0,1,0,1,0,1,0,1,0,0,0,0,0,0,0,0,0,0,0,0,0,0.0
Macrothemis heteronycha,Libélula,NE,LC,0,0.0027196200638159025,0,1,1,0,1,0,0,1,0,1,1,1,0,0,0,0,0,0,0,0,0,0,0,0,0,0.0
Hetaerina longipes,Libélula,NE,LC,0,0.002628022497135279,0,1,1,0,1,0,0,0,1,1,1,0,0,0,0,0,0,0,0,0,0,0,0,0,0,0.0
Americabaetis labiosus,Efemérida,NE,LC,0,0.002628022497135279,0,1,1,0,0,0,0,0,1,1,1,0,0,0,0,0,0,0,0,0,0,0,0,0,0,0.0
Tricorythodes bullus,Efemérida,NE,LC,0,0.002628022497135279,0,1,1,0,0,0,0,0,1,1,1,0,0,0,0,0,0,0,0,0,0,0,0,0,0,0.0
Tricorythopsis minimus,"efemérida, siriruia",NE,LC,0,0.002628022497135279,0,1,1,0,1,0,0,0,1,1,1,0,0,0,0,0,0,0,0,0,0,0,0,0,0,0.0
Orthemis ambinigra,Libélula,NE,LC,0,0.002628022497135279,0,1,1,0,1,0,0,0,1,1,1,0,0,0,0,0,0,0,0,0,0,0,0,0,0,0.0
Hetaerina proxima,Libélula,NE,LC,0,0.002628022497135279,0,1,1,0,0,0,0,0,1,1,1,0,0,0,0,0,0,0,0,0,0,0,0,0,0,0.0
Phyllocycla argentina,Libélula,NE,LC,0,0.002628022497135279,0,1,1,1,1,0,0,0,1,1,1,0,0,0,0,0,0,0,0,0,0,0,0,0,0,0.0
Progomphus complicatus,Libélula,NE,LC,0,0.002628022497135279,0,1,1,1,1,0,1,0,1,1,1,0,0,0,0,0,0,0,0,0,0,0,0,0,0,0.0
Erythrodiplax anomala,Libélula,NE,LC,0,0.002628022497135279,0,1,1,1,0,0,0,0,1,1,1,0,0,0,0,0,0,0,0,0,0,0,0,0,0,0.0
Tricorythopsis gibbus,"efemérida, siriruia",NE,LC,0,0.002628022497135279,0,1,1,0,0,0,0,0,1,1,1,0,0,0,0,0,0,0,0,0,0,0,0,0,0,0.0
Dendropsophus elianeae,Não Informado,NE,LC,0,0.002443377651306223,1,1,1,0,0,1,0,0,0,1,0,1,0,0,0,0,0,0,0,0,0,0,0,0,0,0.0
Aphylla theodorina,Libélula,NE,LC,0,0.002200672069784852,0,1,1,0,1,0,0,0,1,1,1,1,0,0,0,0,0,0,0,0,0,0,0,0,0,0.0
Phyllogomphoides annectens,Libélula,NE,LC,0,0.002200672069784852,0,1,1,0,0,0,0,0,1,1,1,1,0,0,0,0,0,0,0,0,0,0,0,0,0,0.0
Leptohyphes plaumanni,Efemérida,NE,LC,0,0.002200672069784852,0,1,1,0,0,0,0,0,1,1,1,1,0,0,0,0,0,0,0,0,0,0,0,0,0,0.0
Neocordulia setifera,Libélula,NE,LC,0,0.002200672069784852,0,1,1,1,0,0,0,0,1,1,1,1,0,0,0,0,0,0,0,0,0,0,0,0,0,0.0
Erythrodiplax lygaea,Libélula,NE,LC,0,0.002200672069784852,0,1,1,0,1,0,0,0,1,1,1,1,0,0,0,0,0,0,0,0,0,0,0,0,0,0.0
Physalaemus marmoratus,Não Informado,NE,LC,0,0.002200672069784852,0,1,1,0,0,1,0,0,1,1,1,1,0,0,0,0,0,0,0,0,0,0,0,0,0,0.0
Homeoura chelifera,"agulhinha, donzelinha, lava-bunda, lavadeira, Libélula",NE,LC,0,0.002200672069784852,0,1,1,0,1,0,1,0,1,1,1,1,0,0,0,0,0,0,0,0,0,0,0,0,0,0.0
Macrothemis marmorata,Libélula,NE,LC,0,0.002200672069784852,0,1,1,0,1,0,0,0,1,1,1,1,0,0,0,0,0,0,0,0,0,0,0,0,0,0.0
Coryphaeschna perrensi,Libélula,NE,LC,0,0.002200672069784852,0,1,1,0,1,1,0,0,1,1,1,1,0,0,0,0,0,0,0,0,0,0,0,0,0,0.0
Needhamella ehrhardti,Efemérida,NE,LC,0,0.002200672069784852,0,1,1,1,1,1,0,0,1,1,1,1,0,0,0,0,0,0,0,0,0,0,0,0,0,0.0
Neoneura ethela,Libélula,NE,LC,0,0.002200672069784852,0,1,1,1,1,0,0,0,1,1,1,1,0,0,0,0,0,0,0,0,0,0,0,0,0,0.0
Oxyagrion basale,Libélula,NE,LC,0,0.002200672069784852,0,1,1,0,1,0,0,0,1,1,1,1,0,0,0,0,0,0,0,0,0,0,0,0,0,0.0
Orthemis schmidti,Libélula,NE,LC,0,0.002200672069784852,0,1,1,1,1,0,0,0,1,1,1,1,0,0,0,0,0,0,0,0,0,0,0,0,0,0.0
Dasythemis venosa,Libélula,NE,LC,0,0.002200672069784852,0,1,1,0,1,0,0,0,1,1,1,1,0,0,0,0,0,0,0,0,0,0,0,0,0,0.0
Peristicta aeneoviridis,Libélula,NE,LC,0,0.002200672069784852,0,1,1,0,1,0,0,0,1,1,1,1,0,0,0,0,0,0,0,0,0,0,0,0,0,0.0
Telebasis willinki,Libélula,NE,LC,0,0.002200672069784852,0,1,1,0,1,0,0,0,1,1,1,1,0,0,0,0,0,0,0,0,0,0,0,0,0,0.0
Eunapius fragilis,Esponja de água doce,NE,LC,0,0.002200672069784852,0,1,1,1,1,0,0,0,1,1,1,1,0,0,0,0,0,0,0,0,0,0,0,0,0,0.0
Forcepsioneura sancta,Libélula,NE,LC,0,0.002200672069784852,0,1,1,0,0,0,0,0,1,1,1,1,0,0,0,0,0,0,0,0,0,0,0,0,0,0.0
Phyllocycla propinqua,Libélula,NE,LC,0,0.0021996020701136984,0,1,0,0,0,0,0,0,0,1,1,0,0,0,0,0,0,0,0,0,0,0,0,0,0,0.0
Triacanthagyna nympha,Libélula,NE,LC,0,0.0021996020701136984,0,1,0,0,1,0,0,0,0,1,1,0,0,0,0,0,0,0,0,0,0,0,0,0,0,0.0
Rhionaeschna peralta,Libélula,NE,LC,0,0.0021996020701136984,0,1,0,0,0,0,0,0,0,1,1,0,0,0,0,0,0,0,0,0,0,0,0,0,0,0.0
Rhionaeschna bonariensis,Libélula,NE,LC,0,0.0021996020701136984,0,1,0,0,1,0,0,0,0,1,1,0,0,0,0,0,0,0,0,0,0,0,0,0,0,0.0
Scinax perereca,Perereca-de-banheiro,NE,LC,0,0.0021996020701136984,0,1,0,0,0,0,0,0,0,1,1,0,0,0,0,0,0,0,0,0,0,0,0,0,0,0.0
Erythrodiplax hyalina,Libélula,NE,LC,0,0.0021996020701136984,0,1,0,0,1,0,0,0,0,1,1,0,0,0,0,0,0,0,0,0,0,0,0,0,0,0.0
Castoraeschna castor,Libélula,NE,LC,0,0.0021996020701136984,0,1,0,0,0,0,1,0,0,1,1,0,0,0,0,0,0,0,0,0,0,0,0,0,0,0.0
Callibaetis sellacki,Efemérida,NE,LC,0,0.0021996020701136984,0,1,0,0,1,0,0,0,0,1,1,0,0,0,0,0,0,0,0,0,0,0,0,0,0,0.0
Paracloeodes ibicui,Efemérida,NE,LC,0,0.0021996020701136984,0,1,0,0,0,0,0,0,0,1,1,0,0,0,0,0,0,0,0,0,0,0,0,0,0,0.0
Rivudiva minantenna,Efemérida,NE,LC,0,0.0021996020701136984,0,1,0,0,1,0,0,0,0,1,1,0,0,0,0,0,0,0,0,0,0,0,0,0,0,0.0
Dasythemis mincki,Libélula,NE,LC,0,0.0021996020701136984,0,1,0,0,1,0,0,0,0,1,1,0,0,0,0,0,0,0,0,0,0,0,0,0,0,0.0
Erythrodiplax chromoptera,Libélula,NE,LC,0,0.0021996020701136984,0,1,0,0,1,0,0,0,0,1,1,0,0,0,0,0,0,0,0,0,0,0,0,0,0,0.0
Trichodactylus panoplus,Caranguejo-de-água-doce,NE,LC,0,0.0021996020701136984,0,1,0,0,1,0,0,0,0,1,1,0,0,0,0,0,0,0,0,0,0,0,0,0,0,0.0
Phyllocycla pallida,Libélula,NE,LC,0,0.0021996020701136984,0,1,0,0,0,0,0,0,0,1,1,0,0,0,0,0,0,0,0,0,0,0,0,0,0,0.0
Oxyagrion brevistigma,Libélula,NE,LC,0,0.0021996020701136984,0,1,0,0,1,0,0,0,0,1,1,0,0,0,0,0,0,0,0,0,0,0,0,0,0,0.0
Americabaetis titthion,Efemérida,NE,LC,0,0.0021996020701136984,0,1,0,0,0,0,0,0,0,1,1,0,0,0,0,0,0,0,0,0,0,0,0,0,0,0.0
Paracloeodes eurybranchus,Efemérida,NE,LC,0,0.0018797231774073879,0,1,1,0,1,0,0,1,1,1,1,0,0,0,0,0,0,0,0,0,0,0,0,0,0,0.0
Lolliguncula brevis,"lula, lula-branca, lula-caneta, mãe-do-camarão",NE,DD,0,0.0018797231774073879,0,1,1,0,0,0,1,1,1,1,1,0,0,0,0,0,0,0,0,0,0,0,0,0,0,0.0
Physalaemus albonotatus,Não Informado,NE,LC,0,0.0017741369820655536,1,0,1,0,0,1,0,0,0,0,0,1,0,0,0,0,0,0,0,0,0,0,0,0,0,0.0
Pseudopaludicola ameghini,Não Informado,NE,LC,0,0.0017741369820655536,1,0,1,0,0,1,0,0,0,0,0,1,0,0,0,0,0,0,0,0,0,0,0,0,0,0.0
Campsurus jorgenseni,Efemérida,NE,LC,0,0.0017741369820655536,1,1,1,1,0,0,0,0,1,0,0,1,0,0,0,0,0,0,0,0,0,0,0,0,0,0.0
Pseudopaludicola motorzinho,Não Informado,NE,LC,0,0.0017741369820655536,1,0,1,0,0,1,0,0,0,0,0,1,0,0,0,0,0,0,0,0,0,0,0,0,0,0.0
Microphlebia surinamenses,Não Informado,NE,LC,0,0.0017741369820655536,1,0,1,0,0,0,0,0,0,0,0,1,0,0,0,0,0,0,0,0,0,0,0,0,0,0.0
Valdivia camerani,Caranguejo de água doce,NE,LC,0,0.0017741369820655536,1,0,1,0,0,1,0,0,0,0,0,1,0,0,0,0,0,0,0,0,0,0,0,0,0,0.0
Ulmeritoides haarupi,"efemérida, siriruia",NE,LC,0,0.001772251642763271,0,1,0,0,0,0,0,0,0,0,1,0,0,0,0,0,0,0,0,0,0,0,0,0,0,0.0
Hermanella grandis,"Efemérida, siriruia",NE,LC,0,0.001772251642763271,0,1,0,0,0,0,0,0,0,0,1,0,0,0,0,0,0,0,0,0,0,0,0,0,0,0.0
Scinax granulatus,Não Informado,NE,LC,0,0.001772251642763271,0,1,0,0,1,0,0,0,0,0,1,0,0,0,0,0,0,0,0,0,0,0,0,0,0,0.0
Campsurus argentinus,Efemérida,NE,LC,0,0.001772251642763271,0,1,0,0,1,0,0,0,0,0,1,0,0,0,0,0,0,0,0,0,0,0,0,0,0,0.0
Argia albistigma,Libélula,NE,LC,0,0.001772251642763271,0,1,0,0,1,0,0,0,0,0,1,0,0,0,0,0,0,0,0,0,0,0,0,0,0,0.0
Ulmeritus balteatus,"efemérida, siriruia",NE,LC,0,0.001772251642763271,0,1,0,0,0,0,0,0,0,0,1,0,0,0,0,0,0,0,0,0,0,0,0,0,0,0.0
Lestes undulatus,Libélula,NE,LC,0,0.001772251642763271,0,1,0,0,1,0,0,0,0,0,1,0,0,0,0,0,0,0,0,0,0,0,0,0,0,0.0
Camelobaetidius phaedrus,Efemérida,NE,LC,0,0.001772251642763271,0,1,0,0,1,0,0,0,0,0,1,0,0,0,0,0,0,0,0,0,0,0,0,0,0,0.0
Camelobaetidius yacutinga,Efemérida,NE,LC,0,0.001772251642763271,0,1,0,0,0,0,0,0,0,0,1,0,0,0,0,0,0,0,0,0,0,0,0,0,0,0.0
Campsurus major,Efemérida,NE,LC,0,0.001772251642763271,0,1,0,0,1,0,0,0,0,0,1,0,0,0,0,0,0,0,0,0,0,0,0,0,0,0.0
Chthonerpeton indistinctum,"Cecília, Cobra-cega",NE,LC,0,0.001772251642763271,0,1,0,0,1,0,0,0,0,0,1,0,0,0,0,0,0,0,0,0,0,0,0,0,0,0.0
Limnomedusa macroglossa,Rãzinha-de-corredeira,NE,LC,0,0.001772251642763271,0,1,0,0,1,0,0,0,0,0,1,0,0,0,0,0,0,0,0,0,0,0,0,0,0,0.0
Aegla singularis,Egla,NE,DD,0,0.001772251642763271,0,1,0,0,0,0,0,0,0,0,1,0,0,0,0,0,0,0,0,0,0,0,0,0,0,0.0
Thermonectus alfredi,Besouro mergulhador,NE,DD,0,0.001772251642763271,0,1,0,0,0,0,0,0,0,0,1,0,0,0,0,0,0,0,0,0,0,0,0,0,0,0.0
Castoraeschna decurvata,Libélula,NE,DD,0,0.001772251642763271,0,1,0,0,1,0,0,0,0,0,1,0,0,0,0,0,0,0,0,0,0,0,0,0,0,0.0
Telebasis theodori,Libélula,NE,LC,0,0.001772251642763271,0,1,0,0,0,0,0,0,0,0,1,0,0,0,0,0,0,0,0,0,0,0,0,0,0,0.0
Caenis uruzu,Efemérida,NE,LC,0,0.001772251642763271,0,1,0,0,1,0,0,0,0,0,1,0,0,0,0,0,0,0,0,0,0,0,0,0,0,0.0
Progomphus basistictus,Libélula,NE,LC,0,0.001772251642763271,0,1,0,0,1,0,0,0,0,0,1,0,0,0,0,0,0,0,0,0,0,0,0,0,0,0.0
Lepidoteuthis grimaldii,lula,NE,LC,0,0.001772251642763271,0,1,0,0,0,0,1,0,0,0,0,0,0,0,0,0,0,0,0,0,0,0,0,0,0,0.0
Callibaetis willineri,Efemérida,NE,LC,0,0.001772251642763271,0,1,0,0,1,0,0,0,0,0,1,0,0,0,0,0,0,0,0,0,0,0,0,0,0,0.0
Callibaetis jocosus,Efemérida,NE,LC,0,0.001772251642763271,0,1,0,0,0,1,0,0,0,1,1,1,0,0,0,0,0,0,0,0,0,0,0,0,0,0.0
Palaemon argentinus,Camarão-fantasma-argentino,NE,LC,0,0.001772251642763271,0,1,0,0,1,0,1,0,0,0,1,0,0,0,0,0,0,0,0,0,0,0,0,0,0,0.0
Cloeodes opacus,Efemérida,NE,LC,0,0.001772251642763271,0,1,0,0,0,0,0,0,0,0,1,0,0,0,0,0,0,0,0,0,0,0,0,0,0,0.0
Leptohyphes peterseni,Efemérida,NE,LC,0,0.001772251642763271,0,1,0,0,0,0,0,0,0,0,1,0,0,0,0,0,0,0,0,0,0,0,0,0,0,0.0
Trichodactylus kensleyi,Caranguejo-de-água-doce,NE,LC,0,0.001772251642763271,0,1,0,0,0,0,0,0,0,0,1,0,0,0,0,0,0,0,0,0,0,0,0,0,0,0.0
Parastacus pilimanus,Lagostim,NE,LC,0,0.001772251642763271,0,1,0,0,1,0,0,0,0,0,1,0,0,0,0,0,0,0,0,0,0,0,0,0,0,0.0
Scinax aromothyella,"perereca-risonha, risadinha",NE,LC,0,0.001772251642763271,0,1,0,0,1,0,0,0,0,0,1,0,0,0,0,0,0,0,0,0,0,0,0,0,0,0.0
Tricorythodes barbus,"efemérida, siriruia",NE,LC,0,0.001772251642763271,0,1,0,0,0,0,0,0,0,0,1,0,0,0,0,0,0,0,0,0,0,0,0,0,0,0.0
Argia serva,Libélula,NE,LC,0,0.001772251642763271,0,1,0,0,0,0,0,0,0,0,1,0,0,0,0,0,0,0,0,0,0,0,0,0,0,0.0
Caenis plaumanni,Efemérida,NE,LC,0,0.001772251642763271,0,1,0,0,1,0,0,0,0,0,1,0,0,0,0,0,0,0,0,0,0,0,0,0,0,0.0
Pseudopaludicola falcipes,Hensel’s Swamp Frog,NE,LC,0,0.001772251642763271,0,1,0,0,1,0,0,0,0,0,1,0,0,0,0,0,0,0,0,0,0,0,0,0,0,0.0
Tibiagomphus uncatus,Libélula,NE,LC,0,0.001772251642763271,0,1,0,0,0,0,0,0,0,0,1,0,0,0,0,0,0,0,0,0,0,0,0,0,0,0.0
Leptodactylus latinasus,Não Informado,NE,LC,0,0.001772251642763271,0,1,0,0,1,0,0,0,0,0,1,0,0,0,0,0,0,0,0,0,0,0,0,0,0,0.0
Houssayella iguazuensis,Esponja,NE,LC,0,0.001772251642763271,0,1,0,0,1,0,0,0,0,0,1,0,0,0,0,0,0,0,0,0,0,0,0,0,0,0.0
Pseudis minuta,Não Informado,NE,LC,0,0.001772251642763271,0,1,0,0,1,0,0,0,0,0,1,0,0,0,0,0,0,0,0,0,0,0,0,0,0,0.0
Rhinella achavali,Não Informado,NE,LC,0,0.001772251642763271,0,1,0,0,1,0,0,0,0,0,1,0,0,0,0,0,0,0,0,0,0,0,0,0,0,0.0
Rhinella arenarum,Não Informado,NE,LC,0,0.001772251642763271,0,1,0,0,1,0,0,0,0,0,1,0,0,0,0,0,0,0,0,0,0,0,0,0,0,0.0
Caenis tenella,Não Informado,NE,LC,0,0.001772251642763271,0,1,0,0,1,0,0,0,0,0,1,0,0,0,0,0,0,0,0,0,0,0,0,0,0,0.0
Homothraulus misionensis,Efemérida,NE,LC,0,0.001772251642763271,0,1,0,0,1,0,0,0,0,0,1,0,0,0,0,0,0,0,0,0,0,0,0,0,0,0.0
Rhinella dorbignyi,Não Informado,NE,LC,0,0.001772251642763271,0,1,0,0,1,0,0,0,0,0,1,0,0,0,0,0,0,0,0,0,0,0,0,0,0,0.0
Boana pulchella,Não Informado,NE,LC,0,0.001772251642763271,0,1,0,0,1,0,0,0,0,0,1,0,0,0,0,0,0,0,0,0,0,0,0,0,0,0.0
Pleurodema bibroni,Não Informado,NE,LC,0,0.001772251642763271,0,1,0,0,0,0,0,0,0,0,1,0,0,0,0,0,0,0,0,0,0,0,0,0,0,0.0
Zonophora diversa,Libélula,NE,DD,0,0.001772251642763271,0,1,0,0,0,0,0,0,0,0,1,0,0,0,0,0,0,0,0,0,0,0,0,0,0,0.0
Progomphus lepidus,Libélula,NE,LC,0,0.001772251642763271,0,1,0,0,1,0,0,0,0,0,1,0,0,0,0,0,0,0,0,0,0,0,0,0,0,0.0
Melanophryniscus devincenzii,Sapinho-de-barriga-vermelha,NE,LC,0,0.001772251642763271,0,1,0,0,1,0,0,0,0,0,1,0,0,0,0,0,0,0,0,0,0,0,0,0,0,0.0
Melanophryniscus atroluteus,Sapinho-de-barriga-vermelha,NE,LC,0,0.001772251642763271,0,1,0,0,1,0,0,0,0,0,1,0,0,0,0,0,0,0,0,0,0,0,0,0,0,0.0
Leptodactylus plaumanni,Rãnzinha-assobiadora,NE,LC,0,0.001772251642763271,0,1,0,0,0,0,0,0,0,0,1,0,0,0,0,0,0,0,0,0,0,0,0,0,0,0.0
Tricorythodes hiemalis,Não Informado,NE,LC,0,0.0016950783315783317,1,1,0,0,0,0,0,0,0,1,0,1,0,0,0,0,0,0,0,0,0,0,0,0,0,0.0
Traverella bradleyi,Não Informado,NE,DD,0,0.0016238443068559347,0,0,0,0,0,1,0,0,0,0,0,1,0,0,0,0,0,0,0,0,0,0,0,0,0,0.0
Meridiorhantus orbignyi,Besouro mergulhador,NE,DD,0,0.0016238443068559347,0,0,0,0,0,0,0,0,0,0,0,0,0,0,0,0,0,0,0,0,0,0,0,0,0,0.0
Asthenopodes picteti,Efemérida,NE,DD,0,0.0016238443068559347,0,0,0,0,0,0,0,0,0,0,0,0,0,0,0,0,0,0,0,0,0,0,0,0,0,0.0
Lepidobatrachus asper,Paraguay Horned Frog,NE,LC,0,0.0016238443068559347,0,0,0,0,0,1,0,0,0,0,0,1,0,0,0,0,0,0,0,0,0,0,0,0,0,0.0
Callibaetis viviparus,Efemérida,NE,LC,0,0.0016238443068559347,0,0,0,0,0,1,0,0,0,0,0,1,0,0,0,0,0,0,0,0,0,0,0,0,0,0.0
Leptodactylus pustulatus,Não Informado,NE,LC,0,0.0016084526048663979,1,0,1,1,0,0,0,1,1,0,0,1,1,0,0,0,0,0,0,0,0,0,0,0,0,0.0
Campsurus amapaensis,Efemérida,NE,LC,0,0.0016084526048663979,1,0,1,1,0,0,0,1,1,0,0,1,1,0,0,0,0,0,0,0,0,0,0,0,0,0.0
Hydromastodon sallesi,Efemérida,NE,LC,0,0.0016084526048663979,1,0,1,1,0,0,0,1,1,0,0,1,1,0,0,0,0,0,0,0,0,0,0,0,0,0.0
Acanthagrion jessei,Libélula,NE,LC,0,0.0016084526048663979,1,0,1,1,0,0,0,1,1,0,0,1,1,0,0,0,0,0,0,0,0,0,0,0,0,0.0
Hetaerina indeprensa,Libélula,NE,LC,0,0.0016084526048663979,1,0,0,1,0,0,0,1,1,0,0,0,1,0,0,0,0,0,0,0,0,0,0,0,0,0.0
Javania cailleti,Não Informado,NE,LC,0,0.0015303614008730288,0,0,0,0,0,0,1,0,0,1,1,0,0,0,0,0,0,0,0,0,0,0,0,0,0,0.0
Clathrina cylindractina,Esponja,NE,LC,0,0.0015303614008730288,0,0,0,0,0,0,1,0,0,1,0,0,0,0,0,0,0,0,0,0,0,0,0,0,0,0.0
Parazoanthus swiftii,Não Informado,NE,LC,0,0.0015303614008730288,0,0,0,0,0,0,1,0,0,1,1,0,0,0,0,0,0,0,0,0,0,0,0,0,0,0.0
Hymenancora tenuissima,Esponja,NE,LC,0,0.0015303614008730288,0,0,0,0,0,0,1,0,0,1,0,0,0,0,0,0,0,0,0,0,0,0,0,0,0,0.0
Darwinella gardineri,Esponja,NE,LC,0,0.0015303614008730288,0,0,0,0,0,0,1,0,0,1,0,0,0,0,0,0,0,0,0,0,0,0,0,0,0,0.0
Darwinella australiensis,Esponja,NE,DD,0,0.0015303614008730288,0,0,0,0,0,0,1,0,0,1,0,0,0,0,0,0,0,0,0,0,0,0,0,0,0,0.0
Thouarella koellikeri,Não Informado,NE,LC,0,0.0015303614008730288,0,0,0,0,0,0,1,0,0,1,0,0,0,0,0,0,0,0,0,0,0,0,0,0,0,0.0
Characella pachastrelloides,Esponja,NE,LC,0,0.0015303614008730288,0,0,0,0,0,0,1,0,0,1,0,0,0,0,0,0,0,0,0,0,0,0,0,0,0,0.0
Thouarella diadema,Não Informado,NE,LC,0,0.0015303614008730288,0,0,0,0,0,0,1,0,0,1,0,0,0,0,0,0,0,0,0,0,0,0,0,0,0,0.0
Caryophyllia paucipalata,Não Informado,NE,LC,0,0.0015303614008730288,0,0,0,0,0,0,1,0,0,1,0,0,0,0,0,0,0,0,0,0,0,0,0,0,0,0.0
Tethytimea authia,Esponja,NE,DD,0,0.0015303614008730288,0,0,0,0,0,0,1,0,0,1,0,0,0,0,0,0,0,0,0,0,0,0,0,0,0,0.0
Peisos petrunkevitchi,Não Informado,NE,LC,0,0.0015303614008730288,0,0,0,0,0,0,1,0,0,1,1,0,0,0,0,0,0,0,0,0,0,0,0,0,0,0.0
Artemesia longinaris,Não Informado,NE,LC,0,0.0015303614008730288,0,0,0,0,0,0,1,0,0,1,1,0,0,0,0,0,0,0,0,0,0,0,0,0,0,0.0
Desmacella annexa,Esponja,NE,LC,0,0.0015303614008730288,0,0,0,0,0,0,1,0,0,1,0,0,0,0,0,0,0,0,0,0,0,0,0,0,0,0.0
Argonauta argo,Nautilus de papel,NE,LC,0,0.0015303614008730288,0,0,0,0,0,0,1,0,0,1,1,0,0,0,0,0,0,0,0,0,0,0,0,0,0,0.0
Pseudoboletia maculata,Não Informado,NE,LC,0,0.0015303614008730288,0,0,0,0,0,0,1,0,0,1,1,0,0,0,0,0,0,0,0,0,0,0,0,0,0,0.0
Caliacis nutans,Não Informado,NE,LC,0,0.0015303614008730288,0,0,0,0,0,0,1,0,0,1,0,0,0,0,0,0,0,0,0,0,0,0,0,0,0,0.0
Euryspongia rosea,Esponja,NE,LC,0,0.0015303614008730288,0,0,0,0,0,0,1,0,0,1,0,0,0,0,0,0,0,0,0,0,0,0,0,0,0,0.0
Arturia alcatraziensis,Esponja,NE,LC,0,0.0015303614008730288,0,0,0,0,0,0,1,0,0,1,0,0,0,0,0,0,0,0,0,0,0,0,0,0,0,0.0
Scyllarus depressus,Não Informado,NE,LC,0,0.0015303614008730288,0,0,0,0,0,0,1,1,0,1,0,0,0,0,0,0,0,0,0,0,0,0,0,0,0,0.0
Pleoticus muelleri,Não Informado,NE,LC,0,0.0015303614008730288,0,0,0,0,0,0,1,0,0,1,1,0,0,0,0,0,0,0,0,0,0,0,0,0,0,0.0
Illex argentinus,calamar-argentino,NE,DD,0,0.0015303614008730288,0,0,0,0,0,0,1,0,0,1,1,0,0,1,0,0,0,0,0,0,0,0,0,0,0,0.0
Vosmaeropsis sericata,Esponja,NE,LC,0,0.0015303614008730288,0,0,0,0,0,0,1,0,0,1,0,0,0,0,0,0,0,0,0,0,0,0,0,0,0,0.0
Villogorgia nigrescens,Não Informado,NE,LC,0,0.0015303614008730288,0,0,0,0,0,0,1,1,0,1,0,0,0,0,0,0,0,0,0,0,0,0,0,0,0,0.0
Virgularia presbytes,Não Informado,NE,LC,0,0.0015303614008730288,0,0,0,0,0,0,1,1,0,1,0,0,0,0,0,0,0,0,0,0,0,0,0,0,0,0.0
Vosmaeropsis levis,Esponja,NE,LC,0,0.0015303614008730288,0,0,0,0,0,0,1,0,0,1,0,0,0,0,0,0,0,0,0,0,0,0,0,0,0,0.0
Deltocyathus moseleyi,Não Informado,NE,LC,0,0.0015303614008730288,0,0,0,0,0,0,1,0,0,1,0,0,0,0,0,0,0,0,0,0,0,0,0,0,0,0.0
Lycoteuthis lorigera,lula,NE,LC,0,0.0015303614008730288,0,0,0,0,0,0,1,0,0,1,1,0,0,0,0,0,0,0,0,0,0,0,0,0,0,0.0
Tanacetipathes hirta,Não Informado,NE,LC,0,0.0015303614008730288,0,0,0,0,0,0,1,0,0,1,0,0,0,0,0,0,0,0,0,0,0,0,0,0,0,0.0
Dysidea avara,Esponja,NE,LC,0,0.0015303614008730288,0,0,0,0,0,0,1,0,0,1,0,0,0,0,0,0,0,0,0,0,0,0,0,0,0,0.0
Neohelice granulata,Não Informado,NE,LC,0,0.0015303614008730288,0,0,0,0,0,0,1,0,0,1,1,0,0,0,0,0,0,0,0,0,0,0,0,0,0,0.0
Calyptrophora microdentata,Não Informado,NE,LC,0,0.0015303614008730288,0,0,0,0,0,0,1,0,0,1,0,0,0,0,0,0,0,0,0,0,0,0,0,0,0,0.0
Nephropsis aculeata,Não Informado,NE,LC,0,0.0015303614008730288,0,0,0,0,0,0,1,1,0,1,1,0,0,0,0,0,0,0,0,0,0,0,0,0,0,0.0
Sycon ampulla,Esponja,NE,LC,0,0.0015303614008730288,0,0,0,0,0,0,1,0,0,1,1,0,0,0,0,0,0,0,0,0,0,0,0,0,0,0.0
Schizocyathus fissilis,Não Informado,NE,LC,0,0.0015303614008730288,0,0,0,0,0,0,1,0,0,1,0,0,0,0,0,0,0,0,0,0,0,0,0,0,0,0.0
Leptogorgia violacea,Não Informado,NE,LC,0,0.0015303614008730288,0,0,0,0,0,0,1,0,0,1,0,0,0,0,0,0,0,0,0,0,0,0,0,0,0,0.0
Caryophyllia antillarum,Não Informado,NE,LC,0,0.0015303614008730288,0,0,0,0,0,0,1,0,0,1,0,0,0,0,0,0,0,0,0,0,0,0,0,0,0,0.0
Ovalipes trimaculatus,Não Informado,NE,LC,0,0.0015303614008730288,0,0,0,0,0,0,1,0,0,1,1,0,0,0,0,0,0,0,0,0,0,0,0,0,0,0.0
Paguristes robustus,Não Informado,NE,LC,0,0.0015303614008730288,0,0,0,0,0,0,1,0,0,1,1,0,0,0,0,0,0,0,0,0,0,0,0,0,0,0.0
Primnoella delicatissima,Não Informado,NE,LC,0,0.0015303614008730288,0,0,0,0,0,0,1,1,0,1,0,0,0,0,0,0,0,0,0,0,0,0,0,0,0,0.0
Cliona viridis,Não Informado,NE,LC,0,0.0015303614008730288,0,0,0,0,0,0,1,0,0,1,0,0,0,0,0,0,0,0,0,0,0,0,0,0,0,0.0
Ascandra ascandroides,Esponja,NE,LC,0,0.0015303614008730288,0,0,0,0,0,0,1,1,0,1,1,0,0,0,0,0,0,0,0,0,0,0,0,0,0,0.0
Stylatula brasiliensis,Não Informado,NE,LC,0,0.0015303614008730288,0,0,0,0,0,0,1,1,0,1,0,0,0,0,0,0,0,0,0,0,0,0,0,0,0,0.0
Corymorpha januarii,Não Informado,NE,LC,0,0.0015303614008730288,0,0,0,0,0,0,1,0,0,1,1,0,0,0,0,0,0,0,0,0,0,0,0,0,0,0.0
Candidella imbricata,Não Informado,NE,LC,0,0.0015303614008730288,0,0,0,0,0,0,1,0,0,1,0,0,0,0,0,0,0,0,0,0,0,0,0,0,0,0.0
Leucosolenia arachnoides,Esponja,NE,LC,0,0.0015303614008730288,0,0,0,0,0,0,1,0,0,1,0,0,0,0,0,0,0,0,0,0,0,0,0,0,0,0.0
Tripedalia cystophora,Não Informado,NE,LC,0,0.0015303614008730288,0,0,0,0,0,0,1,1,0,1,0,0,0,0,0,0,0,0,0,0,0,0,0,0,0,0.0
Cladocora debilis,Não Informado,NE,LC,0,0.0015303614008730288,0,0,0,0,0,0,1,0,0,1,1,0,0,0,0,0,0,0,0,0,0,0,0,0,0,0.0
Metanephrops rubellus,Não Informado,NE,LC,0,0.0015303614008730288,0,0,0,0,0,0,1,0,0,1,1,0,0,0,0,0,0,0,0,0,0,0,0,0,0,0.0
Acarnus souriei,Esponja,NE,LC,0,0.0015303614008730288,0,0,0,0,0,0,1,0,0,1,0,0,0,0,0,0,0,0,0,0,0,0,0,0,0,0.0
Eledone gaucha,polvo,NE,LC,0,0.0015303614008730288,0,0,0,0,0,0,1,0,0,1,1,0,0,0,0,0,0,0,0,0,0,0,0,0,0,0.0
Hemicorallium niobe,Não Informado,NE,LC,0,0.0015303614008730288,0,0,0,0,0,0,1,0,0,1,0,0,0,0,0,0,0,0,0,0,0,0,0,0,0,0.0
Anthothela grandiflora,Não Informado,NE,LC,0,0.0015303614008730288,0,0,0,0,0,0,1,0,0,1,1,0,0,0,0,0,0,0,0,0,0,0,0,0,0,0.0
Anthomastus grandiflorus,Não Informado,NE,LC,0,0.0015303614008730288,0,0,0,0,0,0,1,0,0,1,0,0,0,0,0,0,0,0,0,0,0,0,0,0,0,0.0
Corallium medea,Coral vermelho,NE,LC,0,0.0015303614008730288,0,0,0,0,0,0,1,0,0,1,0,0,0,0,0,0,0,0,0,0,0,0,0,0,0,0.0
Coenophthalmus tridentatus,Não Informado,NE,LC,0,0.0015303614008730288,0,0,0,0,0,0,1,0,0,1,1,0,0,0,0,0,0,0,0,0,0,0,0,0,0,0.0
Octopus tehuelchus,polvo,NE,DD,0,0.0015303614008730288,0,0,0,0,0,0,1,0,0,1,1,0,0,0,0,0,0,0,0,0,0,0,0,0,0,0.0
Leucandra rudifera,Esponja,NE,LC,0,0.0015303614008730288,0,0,0,0,0,0,1,0,0,1,0,0,0,0,0,0,0,0,0,0,0,0,0,0,0,0.0
Scyllarides deceptor,Não Informado,NE,LC,0,0.0015303614008730288,0,0,0,0,0,0,1,0,0,1,1,0,0,0,1,0,0,0,0,0,0,0,0,0,0,0.0
Haliclona vansoesti,Não Informado,NE,LC,0,0.0015303614008730288,0,0,0,0,0,0,1,0,0,1,0,0,0,0,0,0,0,0,0,0,0,0,0,0,0,0.0
Aphrocallistes beatrix,Esponja,NE,LC,0,0.0015303614008730288,0,0,0,0,0,0,1,0,0,1,0,0,0,0,0,0,0,0,0,0,0,0,0,0,0,0.0
Antipathes furcata,Não Informado,NE,LC,0,0.0015303614008730288,0,0,0,0,0,0,1,1,0,1,0,0,0,0,0,0,0,0,0,0,0,0,0,0,0,0.0
Deltocyathus pourtalesi,Não Informado,NE,DD,0,0.0015303614008730288,0,0,0,0,0,0,1,0,0,1,0,0,0,0,0,0,0,0,0,0,0,0,0,0,0,0.0
Bebryce parastellata,Não Informado,NE,LC,0,0.0015303614008730288,0,0,0,0,0,0,1,1,0,1,0,0,0,0,0,0,0,0,0,0,0,0,0,0,0,0.0
Clathrina blanca,Esponja,NE,LC,0,0.0015303614008730288,0,0,0,0,0,0,1,0,0,1,1,0,0,0,0,0,0,0,0,0,0,0,0,0,0,0.0
Trochocyathus laboreli,Não Informado,NE,LC,0,0.0015303614008730288,0,0,0,0,0,0,1,0,0,1,1,0,0,0,0,0,0,0,0,0,0,0,0,0,0,0.0
Paracloeodes charrua,Efemérida,NE,LC,0,0.0014531880896880896,0,1,0,1,0,0,0,0,1,1,0,0,0,0,0,0,0,0,0,0,0,0,0,0,0,0.0
Progomphus dorsopallidus,Libélula,NE,LC,0,0.0014531880896880896,0,1,0,1,0,0,0,0,1,1,0,0,0,0,0,0,0,0,0,0,0,0,0,0,0,0.0
Perilestes fragilis,Libélula,NE,LC,0,0.0014531880896880896,0,1,0,0,0,0,0,0,1,1,0,0,0,0,0,0,0,0,0,0,0,0,0,0,0,0.0
Callibaetis guttatus,Efemérida,NE,LC,0,0.0014531880896880896,0,1,0,1,0,0,0,0,1,1,0,0,0,0,0,0,0,0,0,0,0,0,0,0,0,0.0
Macrothemis tenuis,Libélula,NE,LC,0,0.0014531880896880896,0,1,0,1,0,0,0,0,1,1,0,0,0,0,0,0,0,0,0,0,0,0,0,0,0,0.0
Hetaerina simplex,Libélula,NE,LC,0,0.0014523727500569605,0,1,1,0,0,0,0,1,1,1,0,1,0,0,0,0,0,0,0,0,0,0,0,0,0,0.0
Oxyagrion chapadense,Libélula,NE,LC,0,0.0014523727500569605,0,1,1,1,1,0,0,1,1,1,1,1,0,0,0,0,0,0,0,0,0,0,0,0,0,0.0
Oxyagrion impunctatum,Libélula,NE,LC,0,0.0014523727500569605,0,1,1,0,0,0,0,1,1,1,1,1,0,0,0,0,0,0,0,0,0,0,0,0,0,0.0
Traverhyphes edmundsi,Efemérida,NE,LC,0,0.0014523727500569605,0,1,1,0,1,0,0,1,1,1,1,1,0,0,0,0,0,0,0,0,0,0,0,0,0,0.0
Leptodactylus furnarius,Não Informado,NE,LC,0,0.0014523727500569605,0,1,1,1,1,0,0,1,1,1,1,1,0,0,0,0,0,0,0,0,0,0,0,0,0,0.0
Dendropsophus rubicundulus,Não Informado,NE,LC,0,0.0014523727500569605,0,0,1,1,0,0,0,1,1,1,0,1,0,0,0,0,0,0,0,0,0,0,0,0,0,0.0
Elasmothemis constricta,Libélula,NE,LC,0,0.0014523727500569605,0,1,1,1,0,0,0,1,1,1,0,1,0,0,0,0,0,0,0,0,0,0,0,0,0,0.0
Micrathyria ocellata,Libélula,NE,LC,0,0.0012533036487322202,1,1,1,0,1,1,1,0,1,1,1,1,0,0,0,0,0,0,0,0,0,0,0,0,0,0.0
Macrothemis hemichlora,Libélula,NE,LC,0,0.0012533036487322202,1,1,1,1,0,0,0,0,1,1,1,1,0,0,0,0,0,0,0,0,0,0,0,0,0,0.0
Leptodactylus mystacinus,Rã-assobiadora,NE,LC,0,0.0012533036487322202,1,1,1,1,1,1,0,0,1,1,1,1,0,0,0,0,0,0,0,0,0,0,0,0,0,0.0
Arbacia lixula,ouriço preto,NE,LC,0,0.0012013570718687,0,0,0,0,0,0,1,0,0,1,1,0,0,0,0,0,0,0,0,0,0,0,0,1,0,0.0
Uracis ovipositrix,Libélula,NE,LC,0,0.0011742449982449985,1,1,1,0,0,0,0,1,0,1,1,1,0,0,0,0,0,0,0,0,0,0,0,0,0,0.0
Dilocarcinus pagei,Caranguejo-de-água-doce,NE,LC,0,0.0011742449982449985,1,1,1,0,0,1,0,1,0,1,1,1,0,0,0,0,0,0,0,0,0,0,0,0,0,0.0
Acanthagrion phallicorne,Libélula,NE,LC,0,0.0011742449982449985,1,1,1,0,0,0,0,1,0,1,0,1,0,0,0,0,0,0,0,0,0,0,0,0,0,0.0
Erythrodiplax laurentia,"lava-bunda, lavadeira, Libélula",NE,LC,0,0.0011742449982449985,1,1,0,0,0,0,0,1,0,1,0,0,0,0,0,0,0,0,0,0,0,0,0,0,0,0.0
Mecistogaster linearis,Libélula,NE,LC,0,0.0011742449982449985,1,1,0,0,0,0,0,1,0,1,0,0,0,0,0,0,0,0,0,0,0,0,0,0,0,0.0
Latineosus sigillatus,efemérida,NE,LC,0,0.0011742449982449985,1,1,0,0,1,0,0,1,0,1,1,0,0,0,0,0,0,0,0,0,0,0,0,0,0,0.0
Asthenopodes chumuco,efemérida,NE,LC,0,0.0011742449982449985,1,1,0,0,0,0,0,1,0,1,0,0,0,0,0,0,0,0,0,0,0,0,0,0,0,0.0
Tricorythopsis rondoniensis,"efemérida, siriruia",NE,LC,0,0.0011742449982449985,1,1,0,0,0,0,0,1,0,1,0,1,0,0,0,0,0,0,0,0,0,0,0,0,0,0.0
Gynacantha gracilis,Libélula,NE,LC,0,0.0011742449982449985,1,1,0,0,0,0,0,1,0,1,0,0,0,0,0,0,0,0,0,0,0,0,0,0,0,0.0
Mecistogaster ornata,Libélula,NE,LC,0,0.0011742449982449985,1,1,1,0,0,0,0,1,0,0,1,1,0,0,0,0,0,0,0,0,0,0,0,0,0,0.0
Megapodagrion megalopus,Libélula,NE,LC,0,0.0011742449982449985,1,1,1,0,0,0,0,1,0,1,0,1,0,0,0,0,0,0,0,0,0,0,0,0,0,0.0
Triacanthagyna trifida,Libélula,NE,LC,0,0.0011742449982449985,1,1,1,0,0,0,0,1,0,1,0,1,0,0,0,0,0,0,0,0,0,0,0,0,0,0.0
Anheteromeyenia ornata,Geléia-d'água,NE,LC,0,0.0011742449982449985,1,1,0,0,1,0,0,1,0,0,1,0,0,0,0,0,0,0,0,0,0,0,0,0,0,0.0
Aphylla molossus,Libélula,NE,LC,0,0.0011742449982449985,1,1,1,0,1,0,0,1,0,1,1,1,0,0,0,0,0,0,0,0,0,0,0,0,0,0.0
Oncosclera tonollii,Esponja aglutinadora,NE,LC,0,0.0011742449982449985,1,1,0,0,0,0,0,1,0,0,1,0,0,0,0,0,0,0,0,0,0,0,0,0,0,0.0
Triacanthagyna septima,Libélula,NE,LC,0,0.0011742449982449985,1,1,1,0,0,0,0,1,0,1,0,1,0,0,0,0,0,0,0,0,0,0,0,0,0,0.0
Micrathyria laevigata,Libélula,NE,LC,0,0.0011742449982449985,1,1,1,0,0,1,0,1,0,1,0,1,0,0,0,0,0,0,0,0,0,0,0,0,0,0.0
Diastatops intensa,Libélula,NE,LC,0,0.0011742449982449985,1,1,1,0,1,0,0,1,0,1,1,1,0,0,0,0,0,0,0,0,0,0,0,0,0,0.0
Micrathyria stawiarskii,Libélula,NE,LC,0,0.0011742449982449985,1,1,1,0,1,0,0,1,0,1,1,1,0,0,0,0,0,0,0,0,0,0,0,0,0,0.0
Triacanthagyna ditzleri,Libélula,NE,LC,0,0.0011742449982449985,1,1,0,0,0,0,0,1,0,1,0,0,0,0,0,0,0,0,0,0,0,0,0,0,0,0.0
Brechmorhoga praedatrix,Libélula,NE,LC,0,0.0011742449982449985,1,1,1,0,0,0,0,1,0,1,0,1,0,0,0,0,0,0,0,0,0,0,0,0,0,0.0
Oligoclada amphinome,Libélula,NE,LC,0,0.0011742449982449985,1,1,1,0,0,0,0,1,0,1,0,0,0,0,0,0,0,0,0,0,0,0,0,0,0,0.0
Gynacantha mexicana,Libélula,NE,LC,0,0.0011742449982449985,1,1,0,0,0,0,0,1,0,1,0,0,0,0,0,0,0,0,0,0,0,0,0,0,0,0.0
Oncosclera schubarti,Esponja aglutinadora,NE,LC,0,0.0011742449982449985,1,1,1,0,1,0,0,1,0,0,1,1,0,0,0,0,0,0,0,0,0,0,0,0,0,0.0
Perilestes gracillimus,Libélula,NE,LC,0,0.0011742449982449985,1,1,0,0,0,0,0,1,0,1,0,0,0,0,0,0,0,0,0,0,0,0,0,0,0,0.0
Macrothemis extensa,"lava-bunda, lavadeira, Libélula",NE,LC,0,0.0011742449982449985,1,1,0,0,0,0,0,1,0,1,0,0,0,0,0,0,0,0,0,0,0,0,0,0,0,0.0
Campsurus latipennis,Efemérida,NE,LC,0,0.0011742449982449985,1,1,0,0,0,0,0,1,0,1,0,0,0,0,0,0,0,0,0,0,0,0,0,0,0,0.0
Campsurus litaninensis,Efemérida,NE,LC,0,0.0011742449982449985,1,1,0,0,0,0,0,1,0,1,0,1,0,0,0,0,0,0,0,0,0,0,0,0,0,0.0
Libellula herculea,Libélula,NE,LC,0,0.0011742449982449985,1,1,1,0,0,0,0,1,0,1,1,1,0,0,0,0,0,0,0,0,0,0,0,0,0,0.0
Macrothemis flavescens,Libélula,NE,LC,0,0.0011742449982449985,1,1,1,0,0,0,0,1,0,0,1,1,0,0,0,0,0,0,0,0,0,0,0,0,0,0.0
Erythrodiplax parvimaculata,"lava-bunda, lavadeira, Libélula",NE,LC,0,0.0011742449982449985,1,1,1,0,0,0,0,1,0,1,0,1,0,0,0,0,0,0,0,0,0,0,0,0,0,0.0
Anax concolor,Libélula,NE,LC,0,0.0011742449982449985,1,1,1,0,1,0,0,1,0,1,1,1,0,0,0,0,0,0,0,0,0,0,0,0,0,0.0
Acanthagrion ascendens,"Agulhinha, Donzelinha, Lava-bunda, Lavadeira, Libélula",NE,LC,0,0.0011742449982449985,1,1,1,0,1,1,0,1,0,1,1,1,0,0,0,0,0,0,0,0,0,0,0,0,0,0.0
Erythrodiplax atroterminata,Libélula,NE,LC,0,0.0011742449982449985,1,1,0,0,1,0,0,1,0,1,1,0,0,0,0,0,0,0,0,0,0,0,0,0,0,0.0
Boana albopunctata,Não Informado,NE,LC,0,0.0011742449982449985,1,1,1,0,1,0,0,1,0,1,1,1,0,0,0,0,0,0,0,0,0,0,0,0,0,0.0
Erythrodiplax clitella,"lava-bunda, lavadeira, Libélula",NE,LC,0,0.0011742449982449985,1,1,0,0,0,0,0,1,0,1,0,0,0,0,0,0,0,0,0,0,0,0,0,0,0,0.0
Neuraeschna costalis,Libélula,NE,LC,0,0.0011742449982449985,1,1,1,0,0,0,0,1,0,1,0,1,0,0,0,0,0,0,0,0,0,0,0,0,0,0.0
Acanthagrion viridescens,Libélula,NE,LC,0,0.0011742449982449985,1,1,1,0,0,0,0,1,0,1,0,0,0,0,0,0,0,0,0,0,0,0,0,0,0,0.0
Campsurus albifilum,Efemérida,NE,LC,0,0.0011742449982449985,1,1,0,0,0,0,0,1,0,1,0,1,0,0,0,0,0,0,0,0,0,0,0,0,0,0.0
Elachistocleis bicolor,Sapo-guarda-de-duas-cores,NE,LC,0,0.0011742449982449985,1,1,1,0,1,1,0,1,0,1,1,1,0,0,0,0,0,0,0,0,0,0,0,0,0,0.0
Neoneura bilinearis,Libélula,NE,LC,0,0.0011742449982449985,1,1,1,0,0,0,0,1,0,1,0,1,0,0,0,0,0,0,0,0,0,0,0,0,0,0.0
Rhodopygia cardinalis,Libélula,NE,LC,0,0.0011742449982449985,1,1,1,0,0,0,0,1,0,1,0,1,0,0,0,0,0,0,0,0,0,0,0,0,0,0.0
Perithemis electra,Libélula,NE,LC,0,0.0011742449982449985,1,1,1,0,0,0,0,1,0,1,0,1,0,0,0,0,0,0,0,0,0,0,0,0,0,0.0
Perithemis icteroptera,Libélula,NE,LC,0,0.0011742449982449985,1,1,1,0,1,0,0,1,0,1,1,1,0,0,0,0,0,0,0,0,0,0,0,0,0,0.0
Tortopus igaranus,Efemérida,NE,LC,0,0.0011742449982449985,1,1,0,0,0,0,0,1,0,1,0,0,0,0,0,0,0,0,0,0,0,0,0,0,0,0.0
Hetaerina hebe,"Agulhinha, Donzelinha, Lava-bunda, Lavadeira, Libélula",NE,LC,0,0.0011742449982449985,1,1,0,0,0,0,0,1,0,1,1,0,0,0,0,0,0,0,0,0,0,0,0,0,0,0.0
Staurophlebia reticulata,Libélula,NE,LC,0,0.0011742449982449985,1,1,1,0,1,0,0,1,0,1,1,1,0,0,0,0,0,0,0,0,0,0,0,0,0,0.0
Camelobaetidius anubis,Efemérida,NE,LC,0,0.0011742449982449985,1,1,1,0,0,0,0,1,0,1,1,1,0,0,0,0,0,0,0,0,0,0,0,0,0,0.0
Tramea rustica,Libélula,NE,LC,0,0.0011742449982449985,1,1,1,0,0,0,0,1,0,1,0,1,0,0,0,0,0,0,0,0,0,0,0,0,0,0.0
Chiasmocleis albopunctata,Não Informado,NE,LC,0,0.0011742449982449985,1,1,1,0,0,1,0,1,0,1,1,1,0,0,0,0,0,0,0,0,0,0,0,0,0,0.0
Drulia uruguayensis,Esponja,NE,LC,0,0.0011742449982449985,1,1,1,0,0,0,0,1,0,1,0,1,0,0,0,0,0,0,0,0,0,0,0,0,0,0.0
Lysapsus limellum,Não Informado,NE,LC,0,0.0011742449982449985,1,1,1,0,0,1,0,1,0,0,1,1,0,0,0,0,0,0,0,0,0,0,0,0,0,0.0
Thermonectus simulator,Besouro mergulhador,NE,LC,0,0.0011742449982449985,1,1,1,0,1,0,0,1,0,1,1,1,0,0,0,0,0,0,0,0,0,0,0,0,0,0.0
Acanthagrion apicale,"Agulhinha, Donzelinha, Lava-bunda, Lavadeira, Libélula",NE,LC,0,0.0011742449982449985,1,1,1,0,0,0,0,1,0,1,1,1,0,0,0,0,0,0,0,0,0,0,0,0,0,0.0
Planiplax arachne,Libélula,NE,LC,0,0.0011742449982449985,1,1,1,0,0,0,0,1,0,1,0,0,0,0,0,0,0,0,0,0,0,0,0,0,0,0.0
Erythrodiplax attenuata,Libélula,NE,LC,0,0.0011742449982449985,1,1,1,0,0,0,0,1,0,1,0,1,0,0,0,0,0,0,0,0,0,0,0,0,0,0.0
Hexagenia albivitta,"Efemérida, sarará",NE,LC,0,0.0011742449982449985,1,1,1,0,1,0,0,1,0,1,1,1,0,0,0,0,0,0,0,0,0,0,0,0,0,0.0
Rhodopygia hollandi,Libélula,NE,LC,0,0.0011742449982449985,1,1,1,0,0,0,0,1,0,1,0,1,0,0,0,0,0,0,0,0,0,0,0,0,0,0.0
Rhionaeschna planaltica,Libélula,NE,LC,0,0.0011742449982449985,1,1,0,0,1,0,0,1,0,1,1,0,0,0,0,0,0,0,0,0,0,0,0,0,0,0.0
Telebasis carminita,Libélula,NE,LC,0,0.0011742449982449985,1,1,1,0,0,0,0,1,0,0,0,1,0,0,0,0,0,0,0,0,0,0,0,0,0,0.0
Telebasis carmesina,Libélula,NE,LC,0,0.0011742449982449985,1,1,1,0,0,0,0,1,0,1,1,1,0,0,0,0,0,0,0,0,0,0,0,0,0,0.0
Rhinella major,Não Informado,NE,LC,0,0.0011742449982449985,1,1,1,0,0,1,0,1,0,0,1,1,0,0,0,0,0,0,0,0,0,0,0,0,0,0.0
Homeoura nepos,"agulhinha, donzelinha, lava-bunda, lavadeira, Libélula",NE,LC,0,0.0011742449982449985,1,1,1,0,0,0,0,1,0,1,0,1,0,0,0,0,0,0,0,0,0,0,0,0,0,0.0
Dasystenella acanthina,Não Informado,NE,LC,0,0.0011030109735226015,0,0,0,0,0,0,1,0,0,0,1,0,0,0,0,0,0,0,0,0,0,0,0,0,0,0.0
Tricorythodes arequita,"efemérida, siriruia",NE,LC,0,0.0011030109735226015,0,0,0,0,1,0,0,0,0,0,1,0,0,0,0,0,0,0,0,0,0,0,0,0,0,0.0
Lepidoctopus joaquini,polvo,NE,DD,0,0.0011030109735226015,0,0,0,0,0,0,1,1,0,0,0,0,0,0,0,0,0,0,0,0,0,0,0,0,0,0.0
Iciligorgia schrammi,Não Informado,NE,LC,0,0.0011030109735226015,0,0,0,0,0,0,1,1,0,0,0,0,0,0,0,0,0,0,0,0,0,0,0,0,0,0.0
Coelosphaera biclavata,Esponja,NE,LC,0,0.0011030109735226015,0,0,0,0,0,0,1,1,0,0,0,0,0,0,0,0,0,0,0,0,0,0,0,0,0,0.0
Madrepora carolina,Não Informado,NE,LC,0,0.0011030109735226015,0,0,0,0,0,0,1,0,0,0,0,0,0,0,0,0,0,0,0,0,0,0,0,0,0,0.0
Oceanapia stalagmitica,Não Informado,NE,LC,0,0.0011030109735226015,0,0,0,0,0,0,1,1,0,0,0,0,0,0,0,0,0,0,0,0,0,0,0,0,0,0.0
Clathria echinata,Não Informado,NE,LC,0,0.0011030109735226015,0,0,0,0,0,0,1,1,0,0,0,0,0,0,0,0,0,0,0,0,0,0,0,0,0,0.0
Cladopsammia manuelensis,Não Informado,NE,LC,0,0.0011030109735226015,0,0,0,0,0,0,1,0,0,0,1,0,0,0,0,0,0,0,0,0,0,0,0,0,0,0.0
Macrobrachium borellii,Não Informado,NE,LC,0,0.0011030109735226015,0,0,0,0,0,0,1,0,0,0,1,0,0,0,0,0,0,0,0,0,0,0,0,0,0,0.0
Nidalia occidentalis,Não Informado,NE,LC,0,0.0011030109735226015,0,0,0,0,0,0,1,1,0,0,0,0,0,0,0,0,0,0,0,0,0,0,0,0,0,0.0
Niphates alba,Esponja,NE,LC,0,0.0011030109735226015,0,0,0,0,0,0,1,1,0,0,0,0,0,0,0,0,0,0,0,0,0,0,0,0,0,0.0
Todarodes filippovae,lula-voadora-da-antártica,NE,LC,0,0.0011030109735226015,0,0,0,0,0,0,1,0,0,0,1,0,0,0,0,0,0,0,0,0,0,0,0,0,0,0.0
Monohedotrochus capitolii,Não Informado,NE,LC,0,0.0011030109735226015,0,0,0,0,0,0,1,0,0,0,1,0,0,0,0,0,0,0,0,0,0,0,0,0,0,0.0
Callibaetis stictogaster,Efemérida,NE,LC,0,0.0011030109735226015,0,0,0,0,1,0,0,0,0,0,1,0,0,0,0,0,0,0,0,0,0,0,0,0,0,0.0
Muriceides hirtus,Não Informado,NE,LC,0,0.0011030109735226015,0,0,0,0,0,0,1,1,0,0,0,0,0,0,0,0,0,0,0,0,0,0,0,0,0,0.0
Gastrophanella implexa,Esponja,NE,LC,0,0.0011030109735226015,0,0,0,0,0,0,1,0,0,0,1,0,0,0,0,0,0,0,0,0,0,0,0,0,0,0.0
Muricea midas,Não Informado,NE,LC,0,0.0011030109735226015,0,0,0,0,0,0,1,1,0,0,1,0,0,0,0,0,0,0,0,0,0,0,0,0,0,0.0
Chaceon notialis,Não Informado,NE,LC,0,0.0011030109735226015,0,0,0,0,0,0,1,0,0,0,1,0,0,0,0,0,0,0,0,0,0,0,0,0,0,0.0
Chalinula zeae,Esponja,NE,LC,0,0.0011030109735226015,0,0,0,0,0,0,1,0,0,0,1,0,0,0,0,0,0,0,0,0,0,0,0,0,0,0.0
Thesea antiope,Não Informado,NE,LC,0,0.0011030109735226015,0,0,0,0,0,0,1,1,0,0,0,0,0,0,0,0,0,0,0,0,0,0,0,0,0,0.0
Palinustus truncatus,Não Informado,NE,LC,0,0.0011030109735226015,0,0,0,0,0,0,1,1,0,0,0,0,0,0,0,0,0,0,0,0,0,0,0,0,0,0.0
Rimapenaeus similis,Não Informado,NE,LC,0,0.0011030109735226015,0,0,0,0,0,0,1,1,0,0,0,0,0,0,0,0,0,0,0,0,0,0,0,0,0,0.0
Oxyagrion rubidum,Libélula,NE,LC,0,0.0011030109735226015,0,0,0,0,1,0,0,0,0,0,1,0,0,0,0,0,0,0,0,0,0,0,0,0,0,0.0
Caryophyllia scobinosa,Não Informado,NE,LC,0,0.0011030109735226015,0,0,0,0,0,0,1,0,0,0,1,0,0,0,0,0,0,0,0,0,0,0,0,0,0,0.0
Leptogorgia euryale,Não Informado,NE,LC,0,0.0011030109735226015,0,0,0,0,0,0,1,1,0,0,0,0,0,0,0,0,0,0,0,0,0,0,0,0,0,0.0
Caryophyllia crypta,Não Informado,NE,LC,0,0.0011030109735226015,0,0,0,0,0,0,1,0,0,0,0,0,0,0,0,0,0,0,0,0,0,0,0,0,0,0.0
Leptogorgia stheno,Não Informado,NE,LC,0,0.0011030109735226015,0,0,0,0,0,0,1,1,0,0,0,0,0,0,0,0,0,0,0,0,0,0,0,0,0,0.0
Plakortis halichondrioides,Esponja,NE,LC,0,0.0011030109735226015,0,0,0,0,0,0,1,1,0,0,0,0,0,0,0,0,0,0,0,0,0,0,0,0,0,0.0
Eguchipsammia gaditana,Não Informado,NE,LC,0,0.0011030109735226015,0,0,0,0,0,0,1,0,0,0,0,0,0,0,0,0,0,0,0,0,0,0,0,0,0,0.0
Isodictya grandis,Esponja,NE,LC,0,0.0011030109735226015,0,0,0,0,0,0,1,1,0,0,0,0,0,0,0,0,0,0,0,0,0,0,0,0,0,0.0
Plakinastrella onkodes,Esponja,NE,LC,0,0.0011030109735226015,0,0,0,0,0,0,1,1,0,0,0,0,0,0,0,0,0,0,0,0,0,0,0,0,0,0.0
Xiphopenaeus baueri,Não Informado,NE,LC,0,0.0011030109735226015,0,0,0,0,0,0,1,1,0,0,0,0,0,0,0,0,0,0,0,0,0,0,0,0,0,0.0
Melanophryniscus pachyrhynus,Sapinho-de-barriga-vermelha-marmoreada,NE,LC,0,0.0011030109735226015,0,0,0,0,1,0,0,0,0,0,1,0,0,0,0,0,0,0,0,0,0,0,0,0,0,0.0
Thermonectus depictus,Besouro mergulhador,NE,LC,0,0.0010258376623376623,0,0,0,1,0,0,0,0,1,0,0,0,0,0,0,0,0,0,0,0,0,0,0,0,0,0.0
Macrothemis inacuta,"lava-bunda, lavadeira, Libélula",NE,LC,0,0.0010258376623376623,0,0,0,1,0,0,0,0,1,0,0,0,0,0,0,0,0,0,0,0,0,0,0,0,0,0.0
Campsurus vulturorum,Efemérida,NE,LC,0,0.0010258376623376623,0,1,0,0,0,0,0,0,1,0,0,0,0,0,0,0,0,0,0,0,0,0,0,0,0,0.0
Phyllocycla malkini,Libélula,NE,DD,0,0.0010258376623376623,0,0,0,1,0,0,0,0,1,0,0,0,0,0,0,0,0,0,0,0,0,0,0,0,0,0.0
Thraulodes cochunaensis,"efeméria, siriruia",NE,LC,0,0.0010258376623376623,1,0,0,0,0,0,0,0,0,0,0,1,0,0,0,0,0,0,0,0,0,0,0,0,0,0.0
Isocheles sawayai,Não Informado,NE,LC,0,0.0009323547563547563,0,0,0,0,0,0,1,0,1,1,1,0,0,0,0,0,0,0,0,0,0,0,0,0,0,0.0
Vosseledone charrua,Não Informado,NE,LC,0,0.0009323547563547563,0,0,0,0,0,0,1,0,1,1,1,0,0,0,0,0,0,0,0,0,0,0,0,0,0,0.0
Uca maracoani,Não Informado,NE,LC,0,0.0009323547563547563,0,0,0,0,0,0,1,1,1,1,1,0,0,0,0,0,0,0,0,0,0,0,0,0,0,0.0
Acarnus nicoleae,Esponja,NE,LC,0,0.0009323547563547563,0,0,0,0,0,0,1,0,1,1,0,0,0,0,0,0,0,0,0,0,0,0,0,0,0,0.0
Clathria venosa,Esponja,NE,LC,0,0.0009323547563547563,0,0,0,0,0,0,1,0,1,1,0,0,0,0,0,0,0,0,0,0,0,0,0,0,0,0.0
Bathynomus giganteus,Não Informado,NE,LC,0,0.0009323547563547563,0,0,0,0,0,0,1,1,1,1,1,0,0,0,0,0,0,0,0,0,0,0,0,0,0,0.0
Illex coindetii,calamar,NE,LC,0,0.0009323547563547563,0,0,0,0,0,0,1,1,1,1,0,0,0,0,0,0,0,0,0,0,0,0,0,0,0,0.0
Deltocyathus calcar,Não Informado,NE,LC,0,0.0009323547563547563,0,0,0,0,0,0,1,0,1,1,1,0,0,0,0,0,0,0,0,0,0,0,0,0,0,0.0
Deltocyathus eccentricus,Não Informado,NE,LC,0,0.0009323547563547563,0,0,0,0,0,0,1,0,1,1,1,0,0,0,0,0,0,0,0,0,0,0,0,0,0,0.0
Deltocyathus italicus,Não Informado,NE,LC,0,0.0009323547563547563,0,0,0,0,0,0,1,0,1,1,1,0,0,0,0,0,0,0,0,0,0,0,0,0,0,0.0
Polymyces fragilis,Não Informado,NE,LC,0,0.0009323547563547563,0,0,0,0,0,0,1,0,1,1,1,0,0,0,0,0,0,0,0,0,0,0,0,0,0,0.0
Halichondria magniconulosa,Esponja,NE,LC,0,0.0009323547563547563,0,0,0,0,0,0,1,0,1,1,0,0,0,0,0,0,0,0,0,0,0,0,0,0,0,0.0
Pachygrapsus gracilis,Não Informado,NE,LC,0,0.0009323547563547563,0,0,0,0,0,0,1,1,1,1,1,0,0,0,0,0,0,0,0,0,0,0,0,0,0,0.0
Pachygrapsus transversus,Não Informado,NE,LC,0,0.0009323547563547563,0,0,0,0,0,0,1,0,1,1,1,0,0,0,0,0,0,0,0,0,0,0,0,0,0,0.0
Stomolophus fritillarius,Não Informado,NE,LC,0,0.0009323547563547563,0,0,0,0,0,0,1,1,1,1,1,0,0,0,0,0,0,0,0,0,0,0,0,0,0,0.0
Swiftia exserta,Não Informado,NE,LC,0,0.0009323547563547563,0,0,0,0,0,0,1,1,1,1,0,0,0,0,0,0,0,0,0,0,0,0,0,0,0,0.0
Sycon vigilans,Esponja,NE,LC,0,0.0009323547563547563,0,0,0,0,0,0,1,0,1,1,1,0,0,0,0,0,0,0,0,0,0,0,0,0,0,0.0
Fungiacyathus crispus,Não Informado,NE,LC,0,0.0009323547563547563,0,0,0,0,0,0,1,0,1,1,0,0,0,0,0,0,0,0,0,0,0,0,0,0,0,0.0
Fungiacyathus symmetricus,Não Informado,NE,LC,0,0.0009323547563547563,0,0,0,0,0,0,1,0,1,1,1,0,0,0,0,0,0,0,0,0,0,0,0,0,0,0.0
Neopetrosia carbonaria,Esponja,NE,LC,0,0.0009323547563547563,0,0,0,0,0,0,1,0,1,1,0,0,0,0,0,0,0,0,0,0,0,0,0,0,0,0.0
Nephropsis agassizii,lagostim,NE,LC,0,0.0009323547563547563,0,0,0,0,0,0,1,0,1,1,0,0,0,0,0,0,0,0,0,0,0,0,0,0,0,0.0
Nephropsis rosea,Não Informado,NE,LC,0,0.0009323547563547563,0,0,0,0,0,0,1,1,1,1,1,0,0,0,0,0,0,0,0,0,0,0,0,0,0,0.0
Nicella guadalupensis,Não Informado,NE,LC,0,0.0009323547563547563,0,0,0,0,0,0,1,1,1,1,0,0,0,0,0,0,0,0,0,0,0,0,0,0,0,0.0
Geodia papyracea,Esponja,NE,LC,0,0.0009323547563547563,0,0,0,0,0,0,1,0,1,1,0,0,0,0,0,0,0,0,0,0,0,0,0,0,0,0.0
Geodia tylastra,Esponja,NE,LC,0,0.0009323547563547563,0,0,0,0,0,0,1,1,1,1,1,0,0,0,0,0,0,0,0,0,0,0,0,0,0,0.0
Synalpheus longicarpus,Não Informado,NE,LC,0,0.0009323547563547563,0,0,0,0,0,0,1,0,1,1,0,0,0,0,0,0,0,0,0,0,0,0,0,0,0,0.0
Synalpheus minus,Não Informado,NE,LC,0,0.0009323547563547563,0,0,0,0,0,0,1,0,1,1,0,0,0,0,0,0,0,0,0,0,0,0,0,0,0,0.0
Synalpheus townsendi,Não Informado,NE,LC,0,0.0009323547563547563,0,0,0,0,0,0,1,0,1,1,0,0,0,0,0,0,0,0,0,0,0,0,0,0,0,0.0
Caryophyllia ambrosia,Não Informado,NE,LC,0,0.0009323547563547563,0,0,0,0,0,0,1,0,1,1,1,0,0,0,0,0,0,0,0,0,0,0,0,0,0,0.0
Caryophyllia barbadensis,Não Informado,NE,LC,0,0.0009323547563547563,0,0,0,0,0,0,1,0,1,1,0,0,0,0,0,0,0,0,0,0,0,0,0,0,0,0.0
Caryophyllia berteriana,Não Informado,NE,LC,0,0.0009323547563547563,0,0,0,0,0,0,1,0,1,1,1,0,0,0,0,0,0,0,0,0,0,0,0,0,0,0.0
Tanacetipathes tanacetum,Não Informado,NE,LC,0,0.0009323547563547563,0,0,0,0,0,0,1,1,1,1,0,0,0,0,0,0,0,0,0,0,0,0,0,0,0,0.0
Tanacetipathes thamnea,Não Informado,NE,LC,0,0.0009323547563547563,0,0,0,0,0,0,1,0,1,1,0,0,0,0,0,0,0,0,0,0,0,0,0,0,0,0.0
Bebryce cinerea,Não Informado,NE,LC,0,0.0009323547563547563,0,0,0,0,0,0,1,0,1,1,1,0,0,0,0,0,0,0,0,0,0,0,0,0,0,0.0
Clathrina aurea,Esponja,NE,LC,0,0.0009323547563547563,0,0,0,0,0,0,1,0,1,1,1,0,0,0,0,0,0,0,0,0,0,0,0,0,0,0.0
Vampyroteuthis infernalis,lula-vampiro-do-inferno,NE,LC,0,0.0009323547563547563,0,0,0,0,0,0,1,0,1,1,1,0,0,0,0,0,0,0,0,0,0,0,0,0,0,0.0
Menippe nodifrons,Não Informado,NE,LC,0,0.0009323547563547563,0,0,0,0,0,0,1,1,1,1,1,0,0,0,0,0,0,0,0,0,0,0,0,0,0,0.0
Callyspongia pallida,Esponja,NE,LC,0,0.0009323547563547563,0,0,0,0,0,0,1,0,1,1,0,0,0,0,0,0,0,0,0,0,0,0,0,0,0,0.0
Panulirus echinatus,Não Informado,NE,LC,0,0.0009323547563547563,0,0,0,0,0,0,1,0,1,1,0,0,0,0,0,0,0,0,0,0,0,0,0,0,0,0.0
Carpilius corallinus,Não Informado,NE,LC,0,0.0009323547563547563,0,0,0,0,0,0,1,1,1,1,0,0,0,0,0,0,0,0,0,0,0,0,0,0,0,0.0
Nematopalaemon schmitti,Não Informado,NE,LC,0,0.0009323547563547563,0,0,0,0,0,0,1,1,1,1,1,0,0,0,0,0,0,0,0,0,0,0,0,0,0,0.0
Agelas clathrodes,Esponja do mar,NE,LC,0,0.0009323547563547563,0,0,0,0,0,0,1,1,1,1,0,0,0,0,0,0,0,0,0,0,0,0,0,0,0,0.0
Agelas conifera,Esponja do mar,NE,LC,0,0.0009323547563547563,0,0,0,0,0,0,1,0,1,1,0,0,0,0,0,0,0,0,0,0,0,0,0,0,0,0.0
Paracyathus pulchellus,Não Informado,NE,LC,0,0.0009323547563547563,0,0,0,0,0,0,1,0,1,1,1,0,0,0,0,0,0,0,0,0,0,0,0,0,0,0.0
Epigomphus paludosus,Libélula,NE,LC,0,0.0009323547563547563,0,1,0,1,0,0,1,0,1,1,0,0,0,0,0,0,0,0,0,0,0,0,0,0,0,0.0
Dysidea etheria,Esponja,NE,LC,0,0.0009323547563547563,0,0,0,0,0,0,1,0,1,1,0,0,0,0,0,0,0,0,0,0,0,0,0,0,0,0.0
Agelas dispar,Esponja do mar,NE,LC,0,0.0009323547563547563,0,0,0,0,0,0,1,1,1,1,0,0,0,0,0,0,0,0,0,0,0,0,0,0,0,0.0
Macrobrachium heterochirus,Pitu,NE,LC,0,0.0009323547563547563,0,1,0,0,0,0,0,0,1,1,1,0,0,0,0,0,0,0,0,0,0,0,0,0,0,0.0
Rimapenaeus constrictus,Não Informado,NE,LC,0,0.0009323547563547563,0,0,0,0,0,0,1,1,1,1,1,0,0,0,0,0,0,0,0,0,0,0,0,0,0,0.0
Rossia tortugaensis,Não Informado,NE,LC,0,0.0009323547563547563,0,0,0,0,0,0,1,0,1,1,0,0,0,0,0,0,0,0,0,0,0,0,0,0,0,0.0
Scaeurgus unicirrhus,Não Informado,NE,LC,0,0.0009323547563547563,0,0,0,0,0,0,1,1,1,1,1,0,0,0,0,0,0,0,0,0,0,0,0,0,0,0.0
Aplysina lacunosa,Esponja,NE,LC,0,0.0009323547563547563,0,0,0,0,0,0,1,1,1,1,0,0,0,0,0,0,0,0,0,0,0,0,0,0,0,0.0
Callinectes bocourti,Não Informado,NE,LC,0,0.0009323547563547563,0,0,0,0,0,0,1,1,1,1,1,0,0,0,0,0,0,0,0,0,0,0,0,0,0,0.0
Pachycheles laevidactylus,Não Informado,NE,LC,0,0.0009323547563547563,0,0,0,0,0,0,1,0,1,1,1,0,0,0,0,0,0,0,0,0,0,0,0,0,0,0.0
Aratus pisonii,Aratu,NE,LC,0,0.0009323547563547563,0,0,0,0,0,0,1,1,1,1,1,0,0,0,0,0,0,0,0,0,0,0,0,0,0,0.0
Nicella toeplitzae,Não Informado,NE,LC,0,0.0009323547563547563,0,0,0,0,0,0,1,0,1,1,0,0,0,0,0,0,0,0,0,0,0,0,0,0,0,0.0
Panopeus americanus,Não Informado,NE,LC,0,0.0009323547563547563,0,0,0,0,0,0,1,1,1,1,1,0,0,0,0,0,0,0,0,0,0,0,0,0,0,0.0
Panopeus occidentalis,Não Informado,NE,LC,0,0.0009323547563547563,0,0,0,0,0,0,1,0,1,1,0,0,0,0,0,0,0,0,0,0,0,0,0,0,0,0.0
Panopeus rugosus,Não Informado,NE,LC,0,0.0009323547563547563,0,0,0,0,0,0,1,0,1,1,1,0,0,0,0,0,0,0,0,0,0,0,0,0,0,0.0
Pachycheles monilifer,Não Informado,NE,LC,0,0.0009323547563547563,0,0,0,0,0,0,1,1,1,1,1,0,0,0,0,0,0,0,0,0,0,0,0,0,0,0.0
Nausithoe maculata,Não Informado,NE,LC,0,0.0009323547563547563,0,0,0,0,0,0,1,1,1,1,1,0,0,0,0,0,0,0,0,0,0,0,0,0,0,0.0
Nausithoe punctata,Não Informado,NE,DD,0,0.0009323547563547563,0,0,0,0,0,0,1,1,1,1,1,0,0,0,0,0,0,0,0,0,0,0,0,0,0,0.0
Agelas schmidtii,Não Informado,NE,LC,0,0.0009323547563547563,0,0,0,0,0,0,1,0,1,1,0,0,0,0,0,0,0,0,0,0,0,0,0,0,0,0.0
Aiolochroia crassa,Esponja,NE,LC,0,0.0009323547563547563,0,0,0,0,0,0,1,1,1,1,0,0,0,0,0,0,0,0,0,0,0,0,0,0,0,0.0
Archilestes exoletus,Libélula,NE,LC,0,0.0009323547563547563,0,1,0,0,0,0,0,0,1,1,1,0,0,0,0,0,0,0,0,0,0,0,0,0,0,0.0
Architeuthis dux,lula-gigante,NE,LC,0,0.0009323547563547563,0,0,0,0,0,0,1,0,1,1,1,0,0,0,0,0,0,0,0,0,0,0,0,0,0,0.0
Arenaeus cribrarius,Não Informado,NE,LC,0,0.0009323547563547563,0,0,0,0,0,0,1,0,1,1,1,0,0,0,0,0,0,0,0,0,0,0,0,0,0,0.0
Dragmacidon reticulatum,Esponja,NE,LC,0,0.0009323547563547563,0,0,0,0,0,0,1,1,1,1,1,0,0,0,0,0,0,0,0,0,0,0,0,0,0,0.0
Ectyoplasia ferox,Esponja,NE,LC,0,0.0009323547563547563,0,0,0,0,0,0,1,0,1,1,0,0,0,0,0,0,0,0,0,0,0,0,0,0,0,0.0
Callinectes exasperatus,Não Informado,NE,LC,0,0.0009323547563547563,0,0,0,0,0,0,1,1,1,1,1,0,0,0,0,0,0,0,0,0,0,0,0,0,0,0.0
Callinectes ornatus,Não Informado,NE,LC,0,0.0009323547563547563,0,0,0,0,0,0,1,1,1,1,1,0,0,0,0,0,0,0,0,0,0,0,0,0,0,0.0
Telestula kuekenthali,Não Informado,NE,LC,0,0.0009323547563547563,0,0,0,0,0,0,1,0,1,1,0,0,0,0,0,0,0,0,0,0,0,0,0,0,0,0.0
Paramuricea placomus,Não Informado,NE,LC,0,0.0009323547563547563,0,0,0,0,0,0,1,0,1,1,0,0,0,0,0,0,0,0,0,0,0,0,0,0,0,0.0
Clypeaster subdepressus,bolacha-do-mar,NE,LC,0,0.0009323547563547563,0,0,0,0,0,0,1,0,1,1,1,0,0,0,0,0,0,0,0,0,0,0,0,0,0,0.0
Parribacus antarcticus,Não Informado,NE,LC,0,0.0009323547563547563,0,0,0,0,0,0,1,0,1,1,0,0,0,0,0,0,0,0,0,0,0,0,0,0,0,0.0
Doryteuthis pleii,lula,NE,DD,0,0.0009323547563547563,0,0,0,0,0,0,1,1,1,1,1,0,0,0,0,0,0,0,0,0,0,0,0,0,0,0.0
Doryteuthis sanpaulensis,São Paulo squid,NE,LC,0,0.0009323547563547563,0,0,0,0,0,0,1,0,1,1,1,0,0,0,0,0,0,0,0,0,0,0,0,0,0,0.0
Histioteuthis corona,"lula, lula-morango",NE,LC,0,0.0009323547563547563,0,0,0,0,0,0,1,0,1,1,1,0,0,0,0,0,0,0,0,0,0,0,0,0,0,0.0
Holothuria manningi,Não Informado,NE,LC,0,0.0009323547563547563,0,0,0,0,0,0,1,0,1,1,0,0,0,0,0,0,0,0,0,0,0,0,0,0,0,0.0
Chelonaplysilla americana,Não Informado,NE,LC,0,0.0009323547563547563,0,0,0,0,0,0,1,0,1,1,0,0,0,0,0,0,0,0,0,0,0,0,0,0,0,0.0
Chelonaplysilla erecta,Esponja,NE,LC,0,0.0009323547563547563,0,0,0,0,0,0,1,0,1,1,0,0,0,0,0,0,0,0,0,0,0,0,0,0,0,0.0
Linuche unguiculata,Não Informado,NE,LC,0,0.0009323547563547563,0,0,0,0,0,0,1,0,1,1,1,0,0,0,0,0,0,0,0,0,0,0,0,0,0,0.0
Goniopsis cruentata,Não Informado,NE,LC,0,0.0009323547563547563,0,0,0,0,0,0,1,1,1,1,1,0,0,0,0,0,0,0,0,0,0,0,0,0,0,0.0
Stenorhynchus seticornis,caranguejo aranha,NE,LC,0,0.0009323547563547563,0,0,0,0,0,0,1,1,1,1,1,0,0,0,0,0,0,0,0,0,0,0,0,0,0,0.0
Stephanocyathus diadema,Não Informado,NE,LC,0,0.0009323547563547563,0,0,0,0,0,0,1,0,1,1,0,0,0,0,0,0,0,0,0,0,0,0,0,0,0,0.0
Aplysilla rosea,Esponja,NE,LC,0,0.0009323547563547563,0,0,0,0,0,0,1,0,1,1,0,0,0,0,0,0,0,0,0,0,0,0,0,0,0,0.0
Aplysina cauliformis,Esponja,NE,LC,0,0.0009323547563547563,0,0,0,0,0,0,1,1,1,1,0,0,0,0,0,0,0,0,0,0,0,0,0,0,0,0.0
Aplysina fulva,Esponja,NE,LC,0,0.0009323547563547563,0,0,0,0,0,0,1,1,1,1,0,0,0,0,0,0,0,0,0,0,0,0,0,0,0,0.0
Leptuca cumulanta,Não Informado,NE,LC,0,0.0009323547563547563,0,0,0,0,0,0,1,1,1,1,0,0,0,0,0,0,0,0,0,0,0,0,0,0,0,0.0
Leptuca leptodactyla,Não Informado,NE,LC,0,0.0009323547563547563,0,0,0,0,0,0,1,0,1,1,1,0,0,0,0,0,0,0,0,0,0,0,0,0,0,0.0
Leptuca thayeri,Não Informado,NE,LC,0,0.0009323547563547563,0,0,0,0,0,0,1,1,1,1,1,0,0,0,0,0,0,0,0,0,0,0,0,0,0,0.0
Geodia corticostylifera,Esponja,NE,LC,0,0.0009323547563547563,0,0,0,0,0,0,1,1,1,1,0,0,0,0,0,0,0,0,0,0,0,0,0,0,0,0.0
Paguristes tortugae,Não Informado,NE,LC,0,0.0009323547563547563,0,0,0,0,0,0,1,1,1,1,1,0,0,0,0,0,0,0,0,0,0,0,0,0,0,0.0
Muriceopsis sulphurea,Não Informado,NE,LC,0,0.0009323547563547563,0,0,0,0,0,0,1,0,1,1,0,0,0,0,0,0,0,0,0,0,0,0,0,0,0,0.0
Flabellum apertum,Não Informado,NE,LC,0,0.0009323547563547563,0,0,0,0,0,0,1,0,1,1,1,0,0,0,0,0,0,0,0,0,0,0,0,0,0,0.0
Heteroteuthis dispar,Não Informado,NE,LC,0,0.0009323547563547563,0,0,0,0,0,0,1,0,1,1,1,0,0,0,0,0,0,0,0,0,0,0,0,0,0,0.0
Diplastrella megastellata,Esponja,NE,LC,0,0.0009323547563547563,0,0,0,0,0,0,1,0,1,1,0,0,0,0,0,0,0,0,0,0,0,0,0,0,0,0.0
Palaemon northropi,Não Informado,NE,LC,0,0.0009323547563547563,0,0,0,0,0,0,1,0,1,1,1,0,0,0,0,0,0,0,0,0,0,0,0,0,0,0.0
Palaemon pandaliformes,Potitinga,NE,LC,0,0.0009323547563547563,0,1,0,0,1,0,0,0,1,1,1,0,0,0,0,0,0,0,0,0,0,0,0,0,0,0.0
Callinectes sapidus,Não Informado,NE,LC,0,0.0009323547563547563,0,0,0,0,0,0,1,0,1,1,1,0,0,0,0,0,0,0,0,0,0,0,0,0,0,0.0
Xiphopenaeus dincao,Não Informado,NE,LC,0,0.0009323547563547563,0,0,0,0,0,0,1,1,1,1,0,0,0,0,0,0,0,0,0,0,0,0,0,0,0,0.0
Penaeus subtilis,Não Informado,NE,LC,0,0.0009323547563547563,0,0,0,0,0,0,1,1,1,1,0,0,0,0,0,0,0,0,0,0,0,0,0,0,0,0.0
Penaeus paulensis,Não Informado,NE,LC,0,0.0009323547563547563,0,0,0,0,0,0,1,0,1,1,1,0,0,0,0,0,0,0,0,0,0,0,0,0,0,0.0
Penaeus brasiliensis,Não Informado,NE,LC,0,0.0009323547563547563,0,0,0,0,0,0,1,1,1,1,1,0,0,0,1,0,0,0,0,0,0,0,0,0,0,0.0
Pelagia noctiluca,Não Informado,NE,LC,0,0.0009323547563547563,0,0,0,0,0,0,1,0,1,1,1,0,0,0,0,0,0,0,0,0,0,0,0,0,0,0.0
Erylus formosus,Esponja,NE,LC,0,0.0009323547563547563,0,0,0,0,0,0,1,0,1,1,1,0,0,0,0,0,0,0,0,0,0,0,0,0,0,0.0
Euplectella suberea,Esponja de vidro,NE,LC,0,0.0009323547563547563,0,0,0,0,0,0,1,0,1,1,0,0,0,0,0,0,0,0,0,0,0,0,0,0,0,0.0
Monanchora coccinea,Não Informado,NE,LC,0,0.0009323547563547563,0,0,0,0,0,0,1,0,1,1,0,0,0,0,0,0,0,0,0,0,0,0,0,0,0,0.0
Thysanoteuthis rhombus,lula-diamante,NE,LC,0,0.0009323547563547563,0,0,0,0,0,0,1,0,1,1,1,0,0,0,0,0,0,0,0,0,0,0,0,0,0,0.0
Ptilella bellissima,Não Informado,NE,LC,0,0.0009323547563547563,0,0,0,0,0,0,1,0,1,1,0,0,0,0,0,0,0,0,0,0,0,0,0,0,0,0.0
Periphylla periphylla,Não Informado,NE,LC,0,0.0009323547563547563,0,0,0,0,0,0,1,0,1,1,0,0,0,0,0,0,0,0,0,0,0,0,0,0,0,0.0
Renilla reniformis,Não Informado,NE,LC,0,0.0009323547563547563,0,0,0,0,0,0,1,1,1,1,1,0,0,0,0,0,0,0,0,0,0,0,0,0,0,0.0
Calcinus tibicen,Não Informado,NE,LC,0,0.0009323547563547563,0,0,0,0,0,0,1,0,1,1,1,0,0,1,0,0,0,0,0,0,0,0,0,0,0,0.0
Thesea bicolor,Não Informado,NE,LC,0,0.0009323547563547563,0,0,0,0,0,0,1,1,1,1,0,0,0,0,0,0,0,0,0,0,0,0,0,0,0,0.0
Eurytium limosum,Não Informado,NE,LC,0,0.0009323547563547563,0,0,0,0,0,0,1,1,1,1,1,0,0,0,0,0,0,0,0,0,0,0,0,0,0,0.0
Exhippolysmata oplophoroides,Não Informado,NE,LC,0,0.0009323547563547563,0,0,0,0,0,0,1,1,1,1,1,0,0,0,1,0,0,0,0,0,0,0,0,0,0,0.0
Paragorgia johnsoni,Não Informado,NE,LC,0,0.0009323547563547563,0,0,0,0,0,0,1,0,1,1,0,0,0,0,0,0,0,0,0,0,0,0,0,0,0,0.0
Oceanapia nodosa,Esponja,NE,LC,0,0.0009323547563547563,0,0,0,0,0,0,1,0,1,1,0,0,0,0,0,0,0,0,0,0,0,0,0,0,0,0.0
Sphenotrochus auritus,Não Informado,NE,LC,0,0.0009323547563547563,0,0,0,0,0,0,1,1,1,1,0,0,0,0,0,0,0,0,0,0,0,0,0,0,0,0.0
Geograpsus lividus,Não Informado,NE,LC,0,0.0009323547563547563,0,0,0,0,0,0,1,0,1,1,1,0,0,0,0,0,0,0,0,0,0,0,0,0,0,0.0
Ellisella elongata,Não Informado,NE,LC,0,0.0009323547563547563,0,0,0,0,0,0,1,1,1,1,1,0,0,0,0,0,0,0,0,0,0,0,0,0,0,0.0
Antipathes atlantica,Não Informado,NE,LC,0,0.0009323547563547563,0,0,0,0,0,0,1,0,1,1,0,0,0,0,0,0,0,0,0,0,0,0,0,0,0,0.0
Sicyonia parri,Não Informado,NE,LC,0,0.0009323547563547563,0,0,0,0,0,0,1,0,1,1,0,0,0,0,0,0,0,0,0,0,0,0,0,0,0,0.0
Sicyonia typica,Não Informado,NE,LC,0,0.0009323547563547563,0,0,0,0,0,0,1,1,1,1,1,0,0,0,0,0,0,0,0,0,0,0,0,0,0,0.0
Siphonodictyon coralliphagum,Esponja,NE,LC,0,0.0009323547563547563,0,0,0,0,0,0,1,0,1,1,0,0,0,0,0,0,0,0,0,0,0,0,0,0,0,0.0
Grapsus grapsus,Não Informado,NE,LC,0,0.0009323547563547563,0,0,0,0,0,0,1,0,1,1,0,0,0,0,0,0,0,0,0,0,0,0,0,0,0,0.0
Leucilla uter,Esponja,NE,LC,0,0.0009323547563547563,0,0,0,0,0,0,1,0,1,1,0,0,0,0,0,0,0,0,0,0,0,0,0,0,0,0.0
Macrobrachium olfersii,Pitu,NE,LC,0,0.0009323547563547563,0,1,0,0,0,0,0,1,1,1,1,0,0,0,0,0,0,0,0,0,0,0,0,0,0,0.0
Madracis asperula,Não Informado,NE,LC,0,0.0009323547563547563,0,0,0,0,0,0,1,0,1,1,0,0,0,0,0,0,0,0,0,0,0,0,0,0,0,0.0
Hoplometopus antillensis,Não Informado,NE,LC,0,0.0009323547563547563,0,0,0,0,0,0,1,0,1,1,0,0,0,0,0,0,0,0,0,0,0,0,0,0,0,0.0
Petrochirus diogenes,Não Informado,NE,LC,0,0.0009323547563547563,0,0,0,0,0,0,1,1,1,1,1,0,0,0,0,0,0,0,0,0,0,0,0,0,0,0.0
Petrolisthes armatus,Não Informado,NE,LC,0,0.0009323547563547563,0,0,0,0,0,0,1,1,1,1,1,0,0,0,0,0,0,0,0,0,0,0,0,0,0,0.0
Thrombus kittoni,Esponja,NE,LC,0,0.0009323547563547563,0,0,0,0,0,0,1,0,1,1,0,0,0,0,0,0,0,0,0,0,0,0,0,0,0,0.0
Phyllamphion gundlachi,Não Informado,NE,LC,0,0.0009323547563547563,0,0,0,0,0,0,1,0,1,1,0,0,0,0,0,0,0,0,0,0,0,0,0,0,0,0.0
Phyllangia americana,Coral-de-água-turva,NE,LC,0,0.0009323547563547563,0,0,0,0,0,0,1,1,1,1,1,0,0,0,0,0,0,0,0,0,0,0,0,0,0,0.0
Clibanarius sclopetarius,Não Informado,NE,LC,0,0.0009323547563547563,0,0,0,0,0,0,1,0,1,1,1,0,0,0,0,0,0,0,0,0,0,0,0,0,0,0.0
Clibanarius antillensis,Não Informado,NE,LC,0,0.0009323547563547563,0,0,0,0,0,0,1,0,1,1,1,0,0,0,0,0,0,0,0,0,0,0,0,0,0,0.0
Chonelasma choanoides,Esponja,NE,LC,0,0.0009323547563547563,0,0,0,0,0,0,1,0,1,1,0,0,0,0,0,0,0,0,0,0,0,0,0,0,0,0.0
Chrysogorgia elegans,Não Informado,NE,LC,0,0.0009323547563547563,0,0,0,0,0,0,1,0,1,1,0,0,0,0,0,0,0,0,0,0,0,0,0,0,0,0.0
Minuca panema,Não Informado,NE,LC,0,0.0009323547563547563,0,0,0,0,0,0,1,0,1,1,1,0,0,0,0,0,0,0,0,0,0,0,0,0,0,0.0
Clibanarius symmetricus,Não Informado,NE,LC,0,0.0009323547563547563,0,0,0,0,0,0,1,1,1,1,1,0,0,0,0,0,0,0,0,0,0,0,0,0,0,0.0
Minuca vocator,Não Informado,NE,LC,0,0.0009323547563547563,0,0,0,0,0,0,1,1,1,1,1,0,0,0,0,0,0,0,0,0,0,0,0,0,0,0.0
Minyocerus angustus,Não Informado,NE,LC,0,0.0009323547563547563,0,0,0,0,0,0,1,1,1,1,1,0,0,0,0,0,0,0,0,0,0,0,0,0,0,0.0
Eriphia gonagra,Não Informado,NE,LC,0,0.0009323547563547563,0,0,0,0,0,0,1,0,1,1,1,0,0,0,0,0,0,0,0,0,0,0,0,0,0,0.0
Tremoctopus violaceus,"polvo, polvo-véu",NE,LC,0,0.0009323547563547563,0,1,0,0,0,0,1,0,1,1,1,0,0,0,0,0,0,0,0,0,0,0,0,0,0,0.0
Cyamon agnani,Esponja,NE,LC,0,0.0009323547563547563,0,0,0,0,0,0,1,0,1,1,0,0,0,0,0,0,0,0,0,0,0,0,0,0,0,0.0
Argonauta nodosus,Nautilus de papel,NE,LC,0,0.0009323547563547563,0,0,0,0,0,0,1,0,1,1,1,0,0,0,0,0,0,0,0,0,0,0,0,0,0,0.0
Ascandra atlantica,Esponja,NE,LC,0,0.0009323547563547563,0,0,0,0,0,0,1,0,1,1,0,0,0,0,0,0,0,0,0,0,0,0,0,0,0,0.0
Minuca rapax,Não Informado,NE,LC,0,0.0009323547563547563,0,0,0,0,0,0,1,1,1,1,1,0,0,0,0,0,0,0,0,0,0,0,0,0,0,0.0
Asteropus brasiliensis,Esponja,NE,LC,0,0.0009323547563547563,0,0,0,0,0,0,1,0,1,1,0,0,0,0,0,0,0,0,0,0,0,0,0,0,0,0.0
Desmapsamma anchorata,Esponja,NE,LC,0,0.0009323547563547563,0,0,0,0,0,0,1,0,1,1,0,0,0,0,0,0,0,0,0,0,0,0,0,0,0,0.0
Leander paulensis,Não Informado,NE,LC,0,0.0009323547563547563,0,0,0,0,0,0,1,0,1,1,1,0,0,0,0,0,0,0,0,0,0,0,0,0,0,0.0
Aristaeomorpha foliacea,Não Informado,NE,LC,0,0.0009323547563547563,0,0,0,0,0,0,1,0,1,1,1,0,0,0,0,0,0,0,0,0,0,0,0,0,0,0.0
Aristaeopsis edwardsiana,Não Informado,NE,LC,0,0.0009323547563547563,0,0,0,0,0,0,1,1,1,1,1,0,0,0,0,0,0,0,0,0,0,0,0,0,0,0.0
Aristeus antillensis,Não Informado,NE,LC,0,0.0009323547563547563,0,0,0,0,0,0,1,1,1,1,1,0,0,0,0,0,0,0,0,0,0,0,0,0,0,0.0
Armases angustipes,Não Informado,NE,LC,0,0.0009323547563547563,0,0,0,0,0,0,1,1,1,1,1,0,0,0,0,0,0,0,0,0,0,0,0,0,0,0.0
Armases rubripes,"caranguejo-do-mangue, caranguejo-do-marisma",NE,LC,0,0.0009323547563547563,0,0,0,0,0,0,1,1,1,1,1,0,0,0,0,0,0,0,0,0,0,0,0,0,0,0.0
Cyamon vickersii,Não Informado,NE,LC,0,0.0009323547563547563,0,0,0,0,0,0,1,0,1,1,0,0,0,0,0,0,0,0,0,0,0,0,0,0,0,0.0
Cronius ruber,Não Informado,NE,LC,0,0.0009323547563547563,0,0,0,0,0,0,1,1,1,1,1,0,0,0,0,0,0,0,0,0,0,0,0,0,0,0.0
Pholidoteuthis adami,lula,NE,LC,0,0.0009323547563547563,0,0,0,0,0,0,1,0,1,1,1,0,0,0,0,0,0,0,0,0,0,0,0,0,0,0.0
Darwinella rosacea,Esponja,NE,LC,0,0.0009323547563547563,0,0,0,0,0,0,1,0,1,1,0,0,0,0,0,0,0,0,0,0,0,0,0,0,0,0.0
Dasmosmilia lymani,Não Informado,NE,LC,0,0.0009323547563547563,0,0,0,0,0,0,1,0,1,1,1,0,0,0,0,0,0,0,0,0,0,0,0,0,0,0.0
Dasmosmilia variegata,Não Informado,NE,LC,0,0.0009323547563547563,0,0,0,0,0,0,1,0,1,1,1,0,0,0,0,0,0,0,0,0,0,0,0,0,0,0.0
Alpheus formosus,Não Informado,NE,LC,0,0.0009323547563547563,0,0,0,0,0,0,1,0,1,1,1,0,0,0,0,0,0,0,0,0,0,0,0,0,0,0.0
Litopenaeus schmitti,Não Informado,NE,LC,0,0.0009323547563547563,0,0,0,0,0,0,1,1,1,1,1,0,0,0,1,0,0,0,0,0,0,0,0,0,0,0.0
Coenocyathus parvulus,Não Informado,NE,LC,0,0.0009323547563547563,0,0,0,0,0,0,1,0,1,1,1,0,0,0,0,0,0,0,0,0,0,0,0,0,0,0.0
Onychoteuthis banksii,lula,NE,LC,0,0.0009323547563547563,0,1,0,0,0,0,1,0,1,1,1,0,0,0,0,0,0,0,0,0,0,0,0,0,0,0.0
Sesarma rectum,Não Informado,NE,LC,0,0.0009323547563547563,0,0,0,0,0,0,1,1,1,1,1,0,0,0,0,0,0,0,0,0,0,0,0,0,0,0.0
Opecarcinus hypostegus,Não Informado,NE,LC,0,0.0009323547563547563,0,0,0,0,0,0,1,0,1,1,0,0,0,0,0,0,0,0,0,0,0,0,0,0,0,0.0
Dysidea janiae,Esponja,NE,LC,0,0.0009323547563547563,0,0,0,0,0,0,1,0,1,1,0,0,0,0,0,0,0,0,0,0,0,0,0,0,0,0.0
Alpheus peasei,Não Informado,NE,LC,0,0.0009323547563547563,0,0,0,0,0,0,1,0,1,1,0,0,0,0,0,0,0,0,0,0,0,0,0,0,0,0.0
Liocranchia reinhardtii,lula,NE,LC,0,0.0009323547563547563,0,0,0,0,0,0,1,0,1,1,1,0,0,1,0,0,0,0,0,0,0,0,0,0,0,0.0
Amphimedon viridis,Esponja,NE,LC,0,0.0009323547563547563,0,0,0,0,0,0,1,0,1,1,0,0,0,0,0,0,0,0,0,0,0,0,0,0,0,0.0
Minuca mordax,Não Informado,NE,LC,0,0.0009323547563547563,0,0,0,0,0,0,1,0,1,1,1,0,0,0,0,0,0,0,0,0,0,0,0,0,0,0.0
Chiridota rotifera,Não Informado,NE,LC,0,0.0009323547563547563,0,0,0,0,0,0,1,0,1,1,0,0,0,0,0,0,0,0,0,0,0,0,0,0,0,0.0
Chiroteuthis veranii,lula,NE,LC,0,0.0009323547563547563,0,0,0,0,0,0,1,0,1,1,1,0,0,0,0,0,0,0,0,0,0,0,0,0,0,0.0
Chondrilla caribensis,Esponja,NE,LC,0,0.0009323547563547563,0,0,0,0,0,0,1,0,1,1,1,0,0,0,0,0,0,0,0,0,0,0,0,0,0,0.0
Chondrosia collectrix,Esponja,NE,LC,0,0.0009323547563547563,0,0,0,0,0,0,1,0,1,1,0,0,0,0,0,0,0,0,0,0,0,0,0,0,0,0.0
Macrotritopus defilippi,Não Informado,NE,LC,0,0.0009323547563547563,0,1,0,0,0,0,1,1,1,1,1,0,0,0,0,0,0,0,0,0,0,0,0,0,0,0.0
Kroppcarcinus siderastreicola,Não Informado,NE,LC,0,0.0009323547563547563,0,0,0,0,0,0,1,0,1,1,0,0,0,0,0,0,0,0,0,0,0,0,0,0,0,0.0
Ascaltis reticulum,Esponja,NE,LC,0,0.0009323547563547563,0,0,0,0,0,0,1,1,1,1,0,0,0,0,0,0,0,0,0,0,0,0,0,0,0,0.0
Astrangia rathbuni,Não Informado,NE,LC,0,0.0009323547563547563,0,0,0,0,0,0,1,1,1,1,1,0,0,0,0,0,0,0,0,0,0,0,0,0,0,0.0
Acetes americanus,Não Informado,NE,LC,0,0.0009323547563547563,0,0,0,0,0,0,1,1,1,1,1,0,0,0,0,0,0,0,0,0,0,0,0,0,0,0.0
Achelous ordwayi,Não Informado,NE,LC,0,0.0009323547563547563,0,0,0,0,0,0,1,1,1,1,1,0,0,0,0,0,0,0,0,0,0,0,0,0,0,0.0
Achelous rufiremus,Não Informado,NE,LC,0,0.0009323547563547563,0,0,0,0,0,0,1,1,1,1,0,0,0,0,0,0,0,0,0,0,0,0,0,0,0,0.0
Achelous spinicarpus,Não Informado,NE,LC,0,0.0009323547563547563,0,0,0,0,0,0,1,1,1,1,1,0,0,0,0,0,0,0,0,0,0,0,0,0,0,0.0
Achelous spinimanus,Não Informado,NE,LC,0,0.0009323547563547563,0,0,0,0,0,0,1,1,1,1,1,0,0,0,0,0,0,0,0,0,0,0,0,0,0,0.0
Achelous tumidulus,Não Informado,NE,LC,0,0.0009323547563547563,0,0,0,0,0,0,1,1,1,1,0,0,0,0,0,0,0,0,0,0,0,0,0,0,0,0.0
Actinopyga agassizii,Não Informado,NE,LC,0,0.0009323547563547563,0,0,0,0,0,0,1,0,1,1,0,0,0,0,0,0,0,0,0,0,0,0,0,0,0,0.0
Astrangia solitaria,Não Informado,NE,LC,0,0.0009323547563547563,0,0,0,0,0,0,1,1,1,1,0,0,0,0,0,0,0,0,0,0,0,0,0,0,0,0.0
Dactylocalyx pumiceus,Esponja,NE,LC,0,0.0009323547563547563,0,0,0,0,0,0,1,1,1,1,1,0,0,0,0,0,0,0,0,0,0,0,0,0,0,0.0
Dardanus insignis,Não Informado,NE,LC,0,0.0009323547563547563,0,0,0,0,0,0,1,1,1,1,1,0,0,0,0,0,0,0,0,0,0,0,0,0,0,0.0
Tricorythopsis undulatus,"efemérida, siriruia",NE,LC,0,0.0009323547563547563,0,1,0,0,0,0,0,0,1,1,1,0,0,0,0,0,0,0,0,0,0,0,0,0,0,0.0
Tricorythopsis yacutinga,"efemérida, siriruia",NE,LC,0,0.0009323547563547563,0,1,0,0,0,0,0,0,1,1,1,0,0,0,0,0,0,0,0,0,0,0,0,0,0,0.0
Tripalea clavaria,Não Informado,NE,LC,0,0.0009323547563547563,0,0,0,0,0,0,1,0,1,1,1,0,0,0,0,0,0,0,0,0,0,0,0,0,0,0.0
Acanthogorgia aspera,Não Informado,NE,LC,0,0.0009323547563547563,0,0,0,0,0,0,1,1,1,1,0,0,0,0,0,0,0,0,0,0,0,0,0,0,0,0.0
Laleonectes vocans,Não Informado,NE,LC,0,0.0009323547563547563,0,0,0,0,0,0,1,0,1,1,0,0,0,0,0,0,0,0,0,0,0,0,0,0,0,0.0
Acanthogorgia schrammi,Não Informado,NE,LC,0,0.0009323547563547563,0,0,0,0,0,0,1,1,1,1,0,0,0,0,0,0,0,0,0,0,0,0,0,0,0,0.0
Acantholobulus bermudensis,Não Informado,NE,LC,0,0.0009323547563547563,0,0,0,0,0,0,1,1,1,1,1,0,0,0,0,0,0,0,0,0,0,0,0,0,0,0.0
Atya scabra,"Camacuto, Camarão-cavalo, Curuca",NE,LC,0,0.0009323547563547563,0,1,0,1,0,0,1,0,1,1,1,0,0,0,1,0,0,0,0,0,0,0,0,0,0,0.0
Justitia longimana,Não Informado,NE,LC,0,0.0009323547563547563,0,0,0,0,0,0,1,0,1,1,0,0,0,0,0,0,0,0,0,0,0,0,0,0,0,0.0
Axianassa australis,Não Informado,NE,LC,0,0.0009323547563547563,0,0,0,0,0,0,1,0,1,1,1,0,0,0,0,0,0,0,0,0,0,0,0,0,0,0.0
Axinella corrugata,Esponja,NE,LC,0,0.0009323547563547563,0,0,0,0,0,0,1,0,1,1,1,0,0,0,0,0,0,0,0,0,0,0,0,0,0,0.0
Porcellana sayana,Não Informado,NE,LC,0,0.0009323547563547563,0,0,0,0,0,0,1,1,1,1,1,0,0,0,0,0,0,0,0,0,0,0,0,0,0,0.0
Audacallichirus mirim,Não Informado,NE,LC,0,0.0009323547563547563,0,0,0,0,0,0,1,0,1,1,1,0,0,0,0,0,0,0,0,0,0,0,0,0,0,0.0
Portunus anceps,Não Informado,NE,LC,0,0.0009323547563547563,0,0,0,0,0,0,1,1,1,1,0,0,0,0,0,0,0,0,0,0,0,0,0,0,0,0.0
Portunus ventralis,Não Informado,NE,LC,0,0.0009323547563547563,0,0,0,0,0,0,1,0,1,1,0,0,0,0,0,0,0,0,0,0,0,0,0,0,0,0.0
Clathria minuta,Esponja,NE,LC,0,0.0009323547563547563,0,0,0,0,0,0,1,0,1,1,0,0,0,0,0,0,0,0,0,0,0,0,0,0,0,0.0
Ocythoe tuberculata,polvo,NE,LC,0,0.0009323547563547563,0,0,0,0,0,0,1,0,1,1,1,0,0,0,0,0,0,0,0,0,0,0,0,0,0,0.0
Cliona dioryssa,Esponja,NE,LC,0,0.0009323547563547563,0,0,0,0,0,0,1,0,1,1,0,0,0,0,0,0,0,0,0,0,0,0,0,0,0,0.0
Madracis brueggemanni,Não Informado,NE,LC,0,0.0009323547563547563,0,0,0,0,0,0,1,0,1,1,0,0,0,0,0,0,0,0,0,0,0,0,0,0,0,0.0
Potimirim potimirim,Não Informado,NE,LC,0,0.0009323547563547563,0,1,0,0,0,0,1,0,1,1,1,0,0,0,1,0,0,0,0,0,0,0,0,0,0,0.0
Pourtalosmilia conferta,Não Informado,NE,LC,0,0.0009323547563547563,0,0,0,0,0,0,1,0,1,1,1,0,0,0,0,0,0,0,0,0,0,0,0,0,0,0.0
Premocyathus cornuformis,Não Informado,NE,LC,0,0.0009323547563547563,0,0,0,0,0,0,1,1,1,1,1,0,0,0,0,0,0,0,0,0,0,0,0,0,0,0.0
Primnoella polita,Não Informado,NE,LC,0,0.0009323547563547563,0,0,0,0,0,0,1,0,1,1,0,0,0,0,0,0,0,0,0,0,0,0,0,0,0,0.0
Abralia veranyi,lula,NE,LC,0,0.0009323547563547563,0,0,0,0,0,0,1,0,1,1,1,0,0,0,0,0,0,0,0,0,0,0,0,0,0,0.0
Xiphopenaeus kroyeri,Não Informado,NE,LC,0,0.0009323547563547563,0,0,0,0,0,0,1,1,1,1,1,0,0,0,1,0,0,0,0,0,0,0,0,0,0,0.0
Upogebia omissa,Não Informado,NE,LC,0,0.0009323547563547563,0,0,0,0,0,0,1,0,1,1,1,0,0,0,0,0,0,0,0,0,0,0,0,0,0,0.0
Sicyonia dorsalis,Não Informado,NE,LC,0,0.0009323547563547563,0,0,0,0,0,0,1,1,1,1,1,0,0,0,0,0,0,0,0,0,0,0,0,0,0,0.0
Sicyonia laevigata,Não Informado,NE,LC,0,0.0009323547563547563,0,0,0,0,0,0,1,1,1,1,1,0,0,0,0,0,0,0,0,0,0,0,0,0,0,0.0
Scleracis guadalupensis,Não Informado,NE,LC,0,0.0009323547563547563,0,0,0,0,0,0,1,1,1,1,0,0,0,0,0,0,0,0,0,0,0,0,0,0,0,0.0
Scopalina ruetzleri,Esponja,NE,LC,0,0.0009323547563547563,0,0,0,0,0,0,1,0,1,1,1,0,0,0,0,0,0,0,0,0,0,0,0,0,0,0.0
Scyllarides aequinoctialis,Não Informado,NE,LC,0,0.0009323547563547563,0,0,0,0,0,0,1,0,1,1,0,0,0,0,0,0,0,0,0,0,0,0,0,0,0,0.0
Scyllarides brasiliensis,Não Informado,NE,LC,0,0.0009323547563547563,0,0,0,0,0,0,1,1,1,1,1,0,0,0,0,0,0,0,0,0,0,0,0,0,0,0.0
Leucandra armata,Esponja,NE,LC,0,0.0009323547563547563,0,0,0,0,0,0,1,1,1,1,0,0,0,0,0,0,0,0,0,0,0,0,0,0,0,0.0
Leucandra barbata,Esponja,NE,LC,0,0.0009323547563547563,0,0,0,0,0,0,1,0,1,1,0,0,0,0,0,0,0,0,0,0,0,0,0,0,0,0.0
Semirossia tenera,Não Informado,NE,LC,0,0.0009323547563547563,0,0,0,0,0,0,1,0,1,1,1,0,0,0,0,0,0,0,0,0,0,0,0,0,0,0.0
Sepioteuthis sepioidea,Choco (BA),NE,LC,0,0.0009323547563547563,0,0,0,0,0,0,1,0,1,1,0,0,0,0,0,0,0,0,0,0,0,0,0,0,0,0.0
Abralia redfieldi,lula,NE,LC,0,0.0009323547563547563,0,0,0,0,0,0,1,0,1,1,1,0,0,0,0,0,0,0,0,0,0,0,0,0,0,0.0
Uracis imbuta,Libélula,NE,LC,0,0.000505004329004329,1,1,1,1,0,0,0,1,1,1,1,1,0,0,0,0,0,0,0,0,0,0,0,0,0,0.0
Uracis fastigiata,Libélula,NE,LC,0,0.000505004329004329,1,1,1,1,0,0,0,1,1,0,0,1,0,0,0,0,0,0,0,0,0,0,0,0,0,0.0
Clathria procera,Não Informado,NE,LC,0,0.000505004329004329,0,0,0,0,0,0,1,0,1,0,0,0,0,0,0,0,0,0,0,0,0,0,0,0,0,0.0
Metaleptobasis falcifera,Libélula,NE,LC,0,0.000505004329004329,1,0,0,0,0,0,0,1,0,0,0,0,0,0,0,0,0,0,0,0,0,0,0,0,0,0.0
Metaleptobasis diceras,Libélula,NE,LC,0,0.000505004329004329,1,1,1,0,0,0,0,1,1,0,0,1,0,0,0,0,0,0,0,0,0,0,0,0,0,0.0
Metaleptobasis brysonima,Libélula,NE,LC,0,0.000505004329004329,1,0,0,0,0,0,0,1,0,0,0,0,0,0,0,0,0,0,0,0,0,0,0,0,0,0.0
Metaleptobasis bicornis,Libélula,NE,LC,0,0.000505004329004329,1,1,0,1,0,0,0,1,1,0,0,0,0,0,0,0,0,0,0,0,0,0,0,0,0,0.0
Mesoleptobasis incus,Libélula,NE,LC,0,0.000505004329004329,1,0,0,0,0,0,0,1,0,0,0,0,0,0,0,0,0,0,0,0,0,0,0,0,0,0.0
Mesoleptobasis elongata,"agulhinha, donzelinha, lava-bunda, lavadeira, Libélula",NE,LC,0,0.000505004329004329,1,0,0,0,0,0,0,1,0,0,0,0,0,0,0,0,0,0,0,0,0,0,0,0,0,0.0
Waltzoyphius roberti,"efemérida, siriruia",NE,LC,0,0.000505004329004329,1,1,1,0,0,0,0,1,1,0,0,1,0,0,0,0,0,0,0,0,0,0,0,0,0,0.0
Waltzoyphius fasciatus,"efemérida, siriruia",NE,LC,0,0.000505004329004329,1,1,1,1,0,0,0,1,1,1,0,1,0,0,0,0,0,0,0,0,0,0,0,0,0,0.0
Ulmeritoides uruguayensis,"efemérida, siriruia",NE,LC,0,0.000505004329004329,1,1,1,0,0,0,0,1,1,1,1,0,0,0,0,0,0,0,0,0,0,0,0,0,0,0.0
Ulmeritoides flavopedes,Efemérida,NE,LC,0,0.000505004329004329,1,1,1,1,0,0,0,1,1,0,0,1,0,0,0,0,0,0,0,0,0,0,0,0,0,0.0
Typhlonectes compressicauda,"Cayenne Caecilian, Cunha's Caecilian",NE,LC,0,0.000505004329004329,1,0,0,0,0,0,0,1,0,0,0,0,0,0,0,0,0,0,0,0,0,0,0,0,0,0.0
Acarnus innominatus,Esponja,NE,LC,0,0.000505004329004329,0,0,0,0,0,0,1,0,1,0,0,0,0,0,0,0,0,0,0,0,0,0,0,0,0,0.0
Erythrodiplax fusca,Libélula,NE,LC,0,0.000505004329004329,1,1,1,1,1,1,0,1,1,1,1,1,0,0,0,0,0,0,0,0,0,0,0,0,0,0.0
Dendropsophus microcephalus,Não Informado,NE,LC,0,0.000505004329004329,1,1,1,1,0,0,0,1,1,1,0,1,0,0,0,0,0,0,0,0,0,0,0,0,0,0.0
Dendropsophus melanargyreus,Não Informado,NE,LC,0,0.000505004329004329,1,0,1,0,0,1,0,1,1,1,0,1,0,0,0,0,0,0,0,0,0,0,0,0,0,0.0
Dendropsophus marmoratus,"Marbled Toad, Marbled Treefrog",NE,LC,0,0.000505004329004329,1,0,0,0,0,0,0,1,0,0,0,1,0,0,0,0,0,0,0,0,0,0,0,0,0,0.0
Bergia catenularis,Não Informado,NE,DD,0,0.000505004329004329,0,0,0,0,0,0,1,0,1,0,0,0,0,0,0,0,0,0,0,0,0,0,0,0,0,0.0
Pipa snethlageae,Não Informado,NE,LC,0,0.000505004329004329,1,0,0,0,0,0,0,1,0,0,0,0,0,0,0,0,0,0,0,0,0,0,0,0,0,0.0
Pipa pipa,Não Informado,NE,LC,0,0.000505004329004329,1,0,1,0,0,0,0,1,0,0,0,1,0,0,0,0,0,0,0,0,0,0,0,0,0,0.0
Pipa arrabali,Não Informado,NE,LC,0,0.000505004329004329,1,0,1,0,0,0,0,1,0,0,0,1,0,0,0,0,0,0,0,0,0,0,0,0,0,0.0
Dasythemis essequiba,"lava-bunda, lavadeira, Libélula",NE,LC,0,0.000505004329004329,1,1,0,0,0,0,0,1,1,1,0,0,0,0,0,0,0,0,0,0,0,0,0,0,0,0.0
Dasythemis esmeralda,Libélula,NE,LC,0,0.000505004329004329,1,1,1,1,0,0,0,1,1,1,0,1,0,0,0,0,0,0,0,0,0,0,0,0,0,0.0
Dendropsophus bokermanni,Bokermann's Tarauaca Treefrog,NE,LC,0,0.000505004329004329,1,0,0,0,0,0,0,1,0,0,0,0,0,0,0,0,0,0,0,0,0,0,0,0,0,0.0
Acanthagrion gracile,"agulhinha, donzelinha, lava-bunda, lavadeira, Libélula",NE,LC,0,0.000505004329004329,1,1,1,1,1,0,1,1,1,1,1,1,0,0,0,0,0,0,0,0,0,0,0,0,0,0.0
Acanthagrion cuyabae,"Agulhinha, Donzelinha, Lava-bunda, Lavadeira, Libélula",NE,LC,0,0.000505004329004329,1,1,1,0,1,1,0,1,1,1,1,1,0,0,0,0,0,0,0,0,0,0,0,0,0,0.0
Vitreorana ritae,"Headwater Cochran Frog, Rita's Cochran Frog, Zidok Cochran Frog",NE,LC,0,0.000505004329004329,1,0,0,0,0,0,0,1,1,0,0,0,0,0,0,0,0,0,0,0,0,0,0,0,0,0.0
Valdivia serrata,Caranguejo de água doce,NE,LC,0,0.000505004329004329,1,0,1,0,0,0,0,1,1,0,0,0,0,0,0,0,0,0,0,0,0,0,0,0,0,0.0
Erythrodiplax abjecta,Libélula,NE,LC,0,0.000505004329004329,1,1,1,0,0,0,0,1,1,0,0,1,0,0,0,0,0,0,0,0,0,0,0,0,0,0.0
Erythemis vesiculosa,Libélula,NE,LC,0,0.000505004329004329,1,1,1,1,1,1,1,1,1,1,1,1,0,0,0,0,0,0,0,0,0,0,0,0,0,0.0
Dendropsophus miyatai,Hosteria La Selva Treefrog,NE,LC,0,0.000505004329004329,1,0,0,0,0,0,0,1,0,0,0,0,0,0,0,0,0,0,0,0,0,0,0,0,0,0.0
Dendropsophus minutus,Pererequinha-do-brejo,NE,LC,0,0.000505004329004329,1,1,1,1,1,1,0,1,1,1,1,1,0,0,0,0,0,0,0,0,0,0,0,0,0,0.0
Dendropsophus bifurcus,"Rana Payaso, Upper Amazon Treefrog",NE,LC,0,0.000505004329004329,1,0,0,0,0,0,0,1,0,0,0,0,0,0,0,0,0,0,0,0,0,0,0,0,0,0.0
Dendropsophus acreanus,Acre Treefrog,NE,LC,0,0.000505004329004329,1,0,0,0,0,0,0,1,0,0,0,0,0,0,0,0,0,0,0,0,0,0,0,0,0,0.0
Dendropsophus haraldschultzi,Harald's Treefrog,NE,LC,0,0.000505004329004329,1,0,0,0,0,0,0,1,0,0,0,0,0,0,0,0,0,0,0,0,0,0,0,0,0,0.0
Physalaemus nattereri,Sapo-de-quatro-olhos,NE,LC,0,0.000505004329004329,1,1,1,0,0,1,0,1,1,1,1,1,0,0,0,0,0,0,0,0,0,0,0,0,0,0.0
Boana diabolica,Não Informado,NE,LC,0,0.000505004329004329,1,0,0,0,0,0,0,1,0,0,0,0,0,0,0,0,0,0,0,0,0,0,0,0,0,0.0
Boana dentei,Não Informado,NE,LC,0,0.000505004329004329,1,0,0,0,0,0,0,1,0,0,0,0,0,0,0,0,0,0,0,0,0,0,0,0,0,0.0
Boana cinerascens,Não Informado,NE,LC,0,0.000505004329004329,1,0,0,0,0,0,0,1,0,0,0,1,0,0,0,0,0,0,0,0,0,0,0,0,0,0.0
Boana calcarata,"Rana Arborea De Espolones, Troschel's Treefrog",NE,LC,0,0.000505004329004329,1,0,0,0,0,0,0,1,0,0,0,1,0,0,0,0,0,0,0,0,0,0,0,0,0,0.0
Boana multifasciata,Não Informado,NE,LC,0,0.000505004329004329,1,0,1,0,0,0,0,1,1,0,0,0,0,0,0,0,0,0,0,0,0,0,0,0,0,0.0
Boana microderma,Não Informado,NE,LC,0,0.000505004329004329,1,0,0,0,0,0,0,1,0,0,0,0,0,0,0,0,0,0,0,0,0,0,0,0,0,0.0
Boana maculateralis,Não Informado,NE,LC,0,0.000505004329004329,1,0,0,0,0,0,0,1,0,0,0,0,0,0,0,0,0,0,0,0,0,0,0,0,0,0.0
Boana lanciformis,Basin Treefrog,NE,LC,0,0.000505004329004329,1,0,0,0,0,0,0,1,0,0,0,1,0,0,0,0,0,0,0,0,0,0,0,0,0,0.0
Isidella longiflora,Não Informado,NE,LC,0,0.000505004329004329,0,0,0,0,0,0,1,0,1,0,0,0,0,0,0,0,0,0,0,0,0,0,0,0,0,0.0
Dendropsophus minusculus,Não Informado,NE,LC,0,0.000505004329004329,1,1,1,1,0,0,0,1,1,0,0,0,0,0,0,0,0,0,0,0,0,0,0,0,0,0.0
Ircinia campana,Esponja,NE,LC,0,0.000505004329004329,0,0,0,0,0,0,1,0,1,0,0,0,0,0,0,0,0,0,0,0,0,0,0,0,0,0.0
Inpabasis rosea,Libélula,NE,LC,0,0.000505004329004329,1,0,0,0,0,0,0,1,0,0,0,0,0,0,0,0,0,0,0,0,0,0,0,0,0,0.0
Inpabasis machadoi,Libélula,NE,LC,0,0.000505004329004329,1,0,0,0,0,0,0,1,0,0,0,0,0,0,0,0,0,0,0,0,0,0,0,0,0,0.0
Idiataphe longipes,Libélula,NE,LC,0,0.000505004329004329,1,1,1,0,1,0,0,1,1,1,1,1,0,0,0,0,0,0,0,0,0,0,0,0,0,0.0
Idiataphe batesi,Libélula,NE,LC,0,0.000505004329004329,1,0,1,0,0,0,0,1,1,0,0,1,0,0,0,0,0,0,0,0,0,0,0,0,0,0.0
Planiplax phoenicura,Libélula,NE,LC,0,0.000505004329004329,1,1,1,0,0,1,0,1,1,1,0,1,0,0,0,0,0,0,0,0,0,0,0,0,0,0.0
Plakortis insularis,Esponja,NE,LC,0,0.000505004329004329,0,0,0,0,0,0,1,0,1,0,0,0,0,0,0,0,0,0,0,0,0,0,0,0,0,0.0
Plakina trilopha,Esponja,NE,LC,0,0.000505004329004329,0,0,0,0,0,0,1,0,1,0,0,0,0,0,0,0,0,0,0,0,0,0,0,0,0,0.0
Placotrochides frustum,Não Informado,NE,LC,0,0.000505004329004329,0,0,0,0,0,0,1,0,1,0,0,0,0,0,0,0,0,0,0,0,0,0,0,0,0,0.0
Placospongia cristata,Esponja,NE,LC,0,0.000505004329004329,0,0,0,0,0,0,1,0,1,0,0,0,0,0,0,0,0,0,0,0,0,0,0,0,0,0.0
Placogorgia atlantica,Não Informado,NE,LC,0,0.000505004329004329,0,0,0,0,0,0,1,1,1,0,0,0,0,0,0,0,0,0,0,0,0,0,0,0,0,0.0
Boana boans,Não Informado,NE,LC,0,0.000505004329004329,1,0,1,0,0,0,0,1,1,0,0,1,0,0,0,0,0,0,0,0,0,0,0,0,0,0.0
Boana benitezi,Não Informado,NE,LC,0,0.000505004329004329,1,0,0,0,0,0,0,1,0,0,0,0,0,0,0,0,0,0,0,0,0,0,0,0,0,0.0
Dendropsophus gaucheri,Não Informado,NE,LC,0,0.000505004329004329,1,0,0,0,0,0,0,1,0,0,0,0,0,0,0,0,0,0,0,0,0,0,0,0,0,0.0
Dendropsophus counani,Não Informado,NE,LC,0,0.000505004329004329,1,0,0,0,0,0,0,1,0,0,0,0,0,0,0,0,0,0,0,0,0,0,0,0,0,0.0
Dendropsophus brevifrons,Crump Treefrog,NE,LC,0,0.000505004329004329,1,0,0,0,0,0,0,1,0,0,0,0,0,0,0,0,0,0,0,0,0,0,0,0,0,0.0
Polythore aurora,Libélula,NE,LC,0,0.000505004329004329,1,0,0,0,0,0,0,1,0,0,0,0,0,0,0,0,0,0,0,0,0,0,0,0,0,0.0
Polycyathus senegalensis,Não Informado,NE,LC,0,0.000505004329004329,0,0,0,0,0,0,1,0,1,0,0,0,0,0,0,0,0,0,0,0,0,0,0,0,0,0.0
Pleurodema brachyops,Não Informado,NE,LC,0,0.000505004329004329,1,0,0,0,0,0,0,1,0,0,0,0,0,0,0,0,0,0,0,0,0,0,0,0,0,0.0
Dendropsophus leucophyllatus,Não Informado,NE,LC,0,0.000505004329004329,1,0,1,0,0,0,0,1,1,0,0,0,0,0,0,0,0,0,0,0,0,0,0,0,0,0.0
Dendropsophus leali,Não Informado,NE,LC,0,0.000505004329004329,1,0,0,0,0,0,0,1,0,0,0,0,0,0,0,0,0,0,0,0,0,0,0,0,0,0.0
Dendropsophus koechlini,Koechlin's Treefrog,NE,LC,0,0.000505004329004329,1,0,0,0,0,0,0,1,0,0,0,0,0,0,0,0,0,0,0,0,0,0,0,0,0,0.0
Ischnura fluviatilis,"Agulhinha, Donzelinha, Lava-bunda, Lavadeira, Libélula",NE,LC,0,0.000505004329004329,1,1,1,1,1,1,1,1,1,1,1,1,0,0,0,0,0,0,0,0,0,0,0,0,0,0.0
Ischnura capreolus,Libélula,NE,LC,0,0.000505004329004329,1,1,1,1,1,0,1,1,1,1,1,1,0,0,0,0,0,0,0,0,0,0,0,0,0,0.0
Dendrobates tinctorius,"Blue Poison-arrow Frog, Blue Poison Frog, Dyeing Poison Frog, Giant Poison Frog",NE,LC,0,0.000505004329004329,1,0,0,0,0,0,0,1,0,0,0,0,0,0,0,0,0,0,0,0,0,0,0,0,0,0.0
Dendrobates leucomelas,Não Informado,NE,LC,0,0.000505004329004329,1,0,0,0,0,0,0,1,0,0,0,0,0,0,0,0,0,0,0,0,0,0,0,0,0,0.0
Deltocyathoides stimpsonii,Não Informado,NE,LC,0,0.000505004329004329,0,0,0,0,0,0,1,0,1,0,0,0,0,0,0,0,0,0,0,0,0,0,0,0,0,0.0
Boana geographica,Não Informado,NE,LC,0,0.000505004329004329,1,0,0,0,0,0,0,1,0,0,0,0,0,0,0,0,0,0,0,0,0,0,0,0,0,0.0
Boana fasciata,Não Informado,NE,LC,0,0.000505004329004329,1,0,0,0,0,0,0,1,0,0,0,1,0,0,0,0,0,0,0,0,0,0,0,0,0,0.0
Physalaemus ephippifer,Não Informado,NE,LC,0,0.000505004329004329,1,0,0,0,0,0,0,1,0,0,0,0,0,0,0,0,0,0,0,0,0,0,0,0,0,0.0
Physalaemus cuvieri,Rã-cachorro,NE,LC,0,0.000505004329004329,1,1,1,1,1,1,0,1,1,1,1,1,0,0,0,0,0,0,0,0,0,0,0,0,0,0.0
Isaurus tuberculatus,Não Informado,NE,LC,0,0.000505004329004329,0,0,0,0,0,0,1,0,1,0,0,0,0,0,0,0,0,0,0,0,0,0,0,0,0,0.0
Boana raniceps,Não Informado,NE,LC,0,0.000505004329004329,1,1,1,1,0,1,0,1,1,1,1,1,0,0,0,0,0,0,0,0,0,0,0,0,0,0.0
Boana punctata,Não Informado,NE,LC,0,0.000505004329004329,1,1,1,0,0,1,0,1,1,1,1,1,0,0,0,0,0,0,0,0,0,0,0,0,0,0.0
Boana ornatissima,Não Informado,NE,LC,0,0.000505004329004329,1,0,0,0,0,0,0,1,0,0,0,0,0,0,0,0,0,0,0,0,0,0,0,0,0,0.0
Boana nympha,Não Informado,NE,LC,0,0.000505004329004329,1,0,0,0,0,0,0,1,0,0,0,0,0,0,0,0,0,0,0,0,0,0,0,0,0,0.0
Kingsleya siolii,Caranguejo-de-água-doce,NE,LC,0,0.000505004329004329,1,0,0,0,0,0,0,1,0,0,0,0,0,0,0,0,0,0,0,0,0,0,0,0,0,0.0
Kingsleya latifrons,Caranguejo-de-água-doce,NE,LC,0,0.000505004329004329,1,0,0,0,0,0,0,1,0,0,0,0,0,0,0,0,0,0,0,0,0,0,0,0,0,0.0
Phyllomedusa bicolor,"Kambô, Kampô, Sapo macaco gigante",NE,LC,0,0.000505004329004329,1,0,0,0,0,0,0,1,0,0,0,0,0,0,0,0,0,0,0,0,0,0,0,0,0,0.0
Aturbina beatrixae,Efemérida,NE,LC,0,0.000505004329004329,1,1,1,1,0,0,0,1,1,1,1,1,0,0,0,0,0,0,0,0,0,0,0,0,0,0.0
Atolla wyvillei,Não Informado,NE,LC,0,0.000505004329004329,0,0,0,0,0,0,1,0,1,0,0,0,0,0,0,0,0,0,0,0,0,0,0,0,0,0.0
Poppiana dentata,Caranguejo-de-água-doce,NE,LC,0,0.000505004329004329,1,0,0,0,0,0,0,1,0,0,0,0,0,0,0,0,0,0,0,0,0,0,0,0,0,0.0
Poppiana bulbifer,Caranguejo-de-água-doce,NE,LC,0,0.000505004329004329,1,0,0,0,0,0,0,1,0,0,0,0,0,0,0,0,0,0,0,0,0,0,0,0,0,0.0
Poppiana argentiniana,Caranguejo-de-água-doce,NE,LC,0,0.000505004329004329,1,0,0,0,0,1,0,1,0,0,0,1,0,0,0,0,0,0,0,0,0,0,0,0,0,0.0
Polythore vittata,Libélula,NE,LC,0,0.000505004329004329,1,0,0,0,0,0,0,1,0,0,0,0,0,0,0,0,0,0,0,0,0,0,0,0,0,0.0
Polythore picta,Libélula,NE,LC,0,0.000505004329004329,1,0,0,0,0,0,0,1,0,0,0,0,0,0,0,0,0,0,0,0,0,0,0,0,0,0.0
Polythore beata,Libélula,NE,LC,0,0.000505004329004329,1,0,0,0,0,0,0,1,0,0,0,0,0,0,0,0,0,0,0,0,0,0,0,0,0,0.0
Polythore batesi,Libélula,NE,LC,0,0.000505004329004329,1,0,0,0,0,0,0,1,0,0,0,0,0,0,0,0,0,0,0,0,0,0,0,0,0,0.0
Pristimantis chiastonotus,Não Informado,NE,LC,0,0.000505004329004329,1,0,0,0,0,0,0,1,0,0,0,0,0,0,0,0,0,0,0,0,0,0,0,0,0,0.0
Pristimantis carvalhoi,Não Informado,NE,LC,0,0.000505004329004329,1,0,0,0,0,0,0,1,0,0,0,0,0,0,0,0,0,0,0,0,0,0,0,0,0,0.0
Pristimantis buccinator,Não Informado,NE,LC,0,0.000505004329004329,1,0,0,0,0,0,0,1,0,0,0,0,0,0,0,0,0,0,0,0,0,0,0,0,0,0.0
Pristimantis aureolineatus,Não Informado,NE,LC,0,0.000505004329004329,1,0,0,0,0,0,0,1,0,0,0,0,0,0,0,0,0,0,0,0,0,0,0,0,0,0.0
Pristimantis altamazonicus,Não Informado,NE,LC,0,0.000505004329004329,1,0,0,0,0,0,0,1,0,0,0,0,0,0,0,0,0,0,0,0,0,0,0,0,0,0.0
Pristimantis acuminatus,Não Informado,NE,LC,0,0.000505004329004329,1,0,0,0,0,0,0,1,0,0,0,0,0,0,0,0,0,0,0,0,0,0,0,0,0,0.0
Pristimantis academicus,Não Informado,NE,LC,0,0.000505004329004329,1,0,0,0,0,0,0,1,0,0,0,0,0,0,0,0,0,0,0,0,0,0,0,0,0,0.0
Prionothelphusa eliasi,Caranguejo-de-água-doce,NE,LC,0,0.000505004329004329,1,0,0,0,0,0,0,1,0,0,0,0,0,0,0,0,0,0,0,0,0,0,0,0,0,0.0
Priasthenopus gilliesi,Efemérida,NE,LC,0,0.000505004329004329,1,0,0,0,0,0,0,1,0,0,0,0,0,0,0,0,0,0,0,0,0,0,0,0,0,0.0
Pottsiela spoliata,Esponja,NE,LC,0,0.000505004329004329,1,0,0,0,0,0,0,1,0,0,0,1,0,0,0,0,0,0,0,0,0,0,0,0,0,0.0
Pottsiela pesae,Esponja,NE,LC,0,0.000505004329004329,1,0,1,0,0,0,0,1,0,0,0,1,0,0,0,0,0,0,0,0,0,0,0,0,0,0.0
Potomotyphlus kaupii,Não Informado,NE,LC,0,0.000505004329004329,1,0,1,0,0,0,0,1,1,0,0,1,0,0,0,0,0,0,0,0,0,0,0,0,0,0.0
Aturbina georgei,Efemérida,NE,LC,0,0.000505004329004329,1,1,1,1,0,0,0,1,1,1,0,1,0,0,0,0,0,0,0,0,0,0,0,0,0,0.0
Physalaemus centralis,Não Informado,NE,LC,0,0.000505004329004329,1,1,1,1,0,1,0,1,1,1,0,1,0,0,0,0,0,0,0,0,0,0,0,0,0,0.0
Phyllomedusa vaillantii,Não Informado,NE,LC,0,0.000505004329004329,1,0,1,0,0,0,0,1,0,0,0,1,0,0,0,0,0,0,0,0,0,0,0,0,0,0.0
Phyllomedusa camba,Não Informado,NE,LC,0,0.000505004329004329,1,0,1,0,0,0,0,1,0,0,0,1,0,0,0,0,0,0,0,0,0,0,0,0,0,0.0
Asthenopus angelae,efemérida,NE,LC,0,0.000505004329004329,1,0,0,0,0,1,0,1,0,0,0,1,0,0,0,0,0,0,0,0,0,0,0,0,0,0.0
Asteropus niger,Esponja,NE,LC,0,0.000505004329004329,0,0,0,0,0,0,1,0,1,0,0,0,0,0,0,0,0,0,0,0,0,0,0,0,0,0.0
Pristimantis skydmainos,Não Informado,NE,LC,0,0.000505004329004329,1,0,0,0,0,0,0,1,0,0,0,0,0,0,0,0,0,0,0,0,0,0,0,0,0,0.0
Pristimantis reichlei,Não Informado,NE,LC,0,0.000505004329004329,1,0,0,0,0,0,0,1,0,0,0,0,0,0,0,0,0,0,0,0,0,0,0,0,0,0.0
Pristimantis memorans,Não Informado,NE,LC,0,0.000505004329004329,1,0,0,0,0,0,0,1,0,0,0,0,0,0,0,0,0,0,0,0,0,0,0,0,0,0.0
Pristimantis malkini,Não Informado,NE,LC,0,0.000505004329004329,1,0,0,0,0,0,0,1,0,0,0,0,0,0,0,0,0,0,0,0,0,0,0,0,0,0.0
Pristimantis luscombei,Não Informado,NE,LC,0,0.000505004329004329,1,0,0,0,0,0,0,1,0,0,0,0,0,0,0,0,0,0,0,0,0,0,0,0,0,0.0
Pristimantis lanthanites,Não Informado,NE,LC,0,0.000505004329004329,1,0,0,0,0,0,0,1,0,0,0,0,0,0,0,0,0,0,0,0,0,0,0,0,0,0.0
Pristimantis lacrimosus,Não Informado,NE,LC,0,0.000505004329004329,1,0,0,0,0,0,0,1,0,0,0,0,0,0,0,0,0,0,0,0,0,0,0,0,0,0.0
Pristimantis inguinalis,Não Informado,NE,LC,0,0.000505004329004329,1,0,0,0,0,0,0,1,0,0,0,0,0,0,0,0,0,0,0,0,0,0,0,0,0,0.0
Pristimantis gutturalis,Não Informado,NE,LC,0,0.000505004329004329,1,0,0,0,0,0,0,1,0,0,0,0,0,0,0,0,0,0,0,0,0,0,0,0,0,0.0
Pristimantis fenestratus,Rio Mamore Robber Frog,NE,LC,0,0.000505004329004329,1,0,0,0,0,0,0,1,0,0,0,0,0,0,0,0,0,0,0,0,0,0,0,0,0,0.0
Pristimantis eurydactylus,Não Informado,NE,LC,0,0.000505004329004329,1,0,0,0,0,0,0,1,0,0,0,0,0,0,0,0,0,0,0,0,0,0,0,0,0,0.0
Pristimantis diadematus,Não Informado,NE,LC,0,0.000505004329004329,1,0,0,0,0,0,0,1,0,0,0,0,0,0,0,0,0,0,0,0,0,0,0,0,0,0.0
Pristimantis delius,Não Informado,NE,LC,0,0.000505004329004329,1,0,0,0,0,0,0,1,0,0,0,0,0,0,0,0,0,0,0,0,0,0,0,0,0,0.0
Pristimantis conspicillatus,Não Informado,NE,LC,0,0.000505004329004329,1,0,0,0,0,0,0,1,0,0,0,0,0,0,0,0,0,0,0,0,0,0,0,0,0,0.0
Pristimantis variabilis,Não Informado,NE,LC,0,0.000505004329004329,1,0,0,0,0,0,0,1,0,0,0,0,0,0,0,0,0,0,0,0,0,0,0,0,0,0.0
Pristimantis toftae,Não Informado,NE,LC,0,0.000505004329004329,1,0,0,0,0,0,0,1,0,0,0,0,0,0,0,0,0,0,0,0,0,0,0,0,0,0.0
Atelopus hoogmoedi,Não Informado,NE,LC,0,0.000505004329004329,1,0,0,0,0,0,0,1,0,0,0,0,0,0,0,0,0,0,0,0,0,0,0,0,0,0.0
Atelopus franciscus,Não Informado,NE,DD,0,0.000505004329004329,1,0,0,0,0,0,0,1,0,0,0,0,0,0,0,0,0,0,0,0,0,0,0,0,0,0.0
Asthenopus curtus,efemérida,NE,LC,0,0.000505004329004329,1,0,0,0,0,0,0,1,0,0,0,0,0,0,0,0,0,0,0,0,0,0,0,0,0,0.0
Phyllogomphoides pseudangularis,Libélula,NE,LC,0,0.000505004329004329,1,0,0,0,0,0,0,1,0,0,0,0,0,0,0,0,0,0,0,0,0,0,0,0,0,0.0
Phyllogomphoides pedunculus,Libélula,NE,LC,0,0.000505004329004329,1,0,0,0,0,0,0,1,0,0,0,0,0,0,0,0,0,0,0,0,0,0,0,0,0,0.0
Phyllogomphoides major,Libélula,NE,LC,0,0.000505004329004329,1,0,0,0,0,0,0,1,0,0,0,0,0,0,0,0,0,0,0,0,0,0,0,0,0,0.0
Phyllogomphoides fuliginosus,Libélula,NE,LC,0,0.000505004329004329,1,0,0,0,0,0,0,1,0,0,0,0,0,0,0,0,0,0,0,0,0,0,0,0,0,0.0
Boana xerophylla,Não Informado,NE,LC,0,0.000505004329004329,1,0,0,0,0,0,0,1,0,0,0,0,0,0,0,0,0,0,0,0,0,0,0,0,0,0.0
Boana wavrini,Não Informado,NE,LC,0,0.000505004329004329,1,0,0,0,0,0,0,1,0,0,0,1,0,0,0,0,0,0,0,0,0,0,0,0,0,0.0
Boana tepuiana,Não Informado,NE,,0,0.000505004329004329,1,0,0,0,0,0,0,1,0,0,0,0,0,0,0,0,0,0,0,0,0,0,0,0,0,0.0
Phyllogomphoides audax,Libélula,NE,DD,0,0.000505004329004329,1,0,0,0,0,0,0,1,0,0,0,0,0,0,0,0,0,0,0,0,0,0,0,0,0,0.0
Phyllogomphoides atlanticus,Libélula,NE,LC,0,0.000505004329004329,1,0,0,0,0,0,0,1,0,0,0,0,0,0,0,0,0,0,0,0,0,0,0,0,0,0.0
Phyllogomphoides andromeda,Libélula,NE,LC,0,0.000505004329004329,1,0,1,0,0,0,0,1,0,0,0,1,0,0,0,0,0,0,0,0,0,0,0,0,0,0.0
Latineosus colombianus,Efemérida,NE,LC,0,0.000505004329004329,1,0,0,0,0,0,0,1,0,0,0,0,0,0,0,0,0,0,0,0,0,0,0,0,0,0.0
Pristimantis zeuctotylus,Não Informado,NE,LC,0,0.000505004329004329,1,0,0,0,0,0,0,1,0,0,0,0,0,0,0,0,0,0,0,0,0,0,0,0,0,0.0
Idiataphe amazonica,Libélula,NE,LC,0,0.000505004329004329,1,1,1,0,0,0,0,1,1,1,0,1,0,0,0,0,0,0,0,0,0,0,0,0,0,0.0
Hymeniacidon perlevis,Não Informado,NE,LC,0,0.000505004329004329,0,0,0,0,0,0,1,0,1,0,0,0,0,0,0,0,0,0,0,0,0,0,0,0,0,0.0
Hyloxalus chlorocraspedus,Não Informado,NE,LC,0,0.000505004329004329,1,0,0,0,0,0,0,1,0,0,0,0,0,0,0,0,0,0,0,0,0,0,0,0,0,0.0
Borojevia tenuispinata,Não Informado,NE,LC,0,0.000505004329004329,0,0,0,0,0,0,1,0,1,0,0,0,0,0,0,0,0,0,0,0,0,0,0,0,0,0.0
Bolitoglossa altamazonica,Salamandra,NE,LC,0,0.000505004329004329,1,0,0,0,0,0,0,1,0,0,0,0,0,0,0,0,0,0,0,0,0,0,0,0,0,0.0
Phyllocycla pegasus,Libélula,NE,LC,0,0.000505004329004329,1,0,1,0,0,0,0,1,0,0,0,1,0,0,0,0,0,0,0,0,0,0,0,0,0,0.0
Cryptonympha copiosa,Efemérida,NE,LC,0,0.000505004329004329,1,1,1,1,1,0,0,1,1,0,1,1,0,0,0,0,0,0,0,0,0,0,0,0,0,0.0
Leptodactylus bolivianus,Não Informado,NE,LC,0,0.000505004329004329,1,0,0,0,0,0,0,1,0,0,0,0,0,0,0,0,0,0,0,0,0,0,0,0,0,0.0
Dendropsophus rossalleni,Ross Allen's Treefrog,NE,LC,0,0.000505004329004329,1,0,0,0,0,0,0,1,0,0,0,0,0,0,0,0,0,0,0,0,0,0,0,0,0,0.0
Dendropsophus riveroi,Rivero's Amazon Treefrog,NE,LC,0,0.000505004329004329,1,0,0,0,0,0,0,1,0,0,0,0,0,0,0,0,0,0,0,0,0,0,0,0,0,0.0
Dendropsophus rhodopeplus,Red-skirted Treefrog,NE,LC,0,0.000505004329004329,1,0,0,0,0,0,0,1,0,0,0,0,0,0,0,0,0,0,0,0,0,0,0,0,0,0.0
Dendropsophus reticulatus,"Ranita reticulada, Reticulate Treefrog",NE,LC,0,0.000505004329004329,1,0,0,0,0,0,0,1,0,0,0,0,0,0,0,0,0,0,0,0,0,0,0,0,0,0.0
Dendropsophus parviceps,Sarayacu Treefrog,NE,LC,0,0.000505004329004329,1,0,0,0,0,0,0,1,0,0,0,0,0,0,0,0,0,0,0,0,0,0,0,0,0,0.0
Dendropsophus nanus,Não Informado,NE,LC,0,0.000505004329004329,1,1,1,1,0,1,0,1,1,1,1,1,0,0,0,0,0,0,0,0,0,0,0,0,0,0.0
Pristimantis vilarsi,Não Informado,NE,LC,0,0.000505004329004329,1,0,0,0,0,0,0,1,0,0,0,0,0,0,0,0,0,0,0,0,0,0,0,0,0,0.0
Dendropsophus timbeba,Cardoso's Treefrog,NE,LC,0,0.000505004329004329,1,0,0,0,0,0,0,1,0,0,0,0,0,0,0,0,0,0,0,0,0,0,0,0,0,0.0
Leiodermatium pfeifferae,Esponja,NE,LC,0,0.000505004329004329,0,0,0,0,0,0,1,0,1,0,0,0,0,0,0,0,0,0,0,0,0,0,0,0,0,0.0
Leentvaaria palpalis,Efemérida,NE,LC,0,0.000505004329004329,1,1,1,1,0,0,0,1,1,1,0,1,0,0,0,0,0,0,0,0,0,0,0,0,0,0.0
Phyllocycla ophis,Libélula,NE,LC,0,0.000505004329004329,1,0,0,0,0,0,0,1,0,0,0,0,0,0,0,0,0,0,0,0,0,0,0,0,0,0.0
Phyllocycla neotropica,Libélula,NE,LC,0,0.000505004329004329,1,0,0,0,0,0,0,1,0,0,0,0,0,0,0,0,0,0,0,0,0,0,0,0,0,0.0
Phyllocycla modesta,Libélula,NE,LC,0,0.000505004329004329,1,0,0,0,0,0,0,1,0,0,0,0,0,0,0,0,0,0,0,0,0,0,0,0,0,0.0
Brachymesia herbida,"lava-bunda, lavadeira, Libélula",NE,LC,0,0.000505004329004329,1,1,1,1,0,1,0,1,1,1,0,1,0,0,0,0,0,0,0,0,0,0,0,0,0,0.0
Brachymesia furcata,"lava-bunda, lavadeira, Libélula",NE,LC,0,0.000505004329004329,1,1,1,1,1,0,0,1,1,1,1,1,0,0,0,0,0,0,0,0,0,0,0,0,0,0.0
Brechmorhoga praecox,"lava-bunda, lavadeira, Libélula",NE,LC,0,0.000505004329004329,1,0,0,1,0,0,0,1,1,0,0,0,0,0,0,0,0,0,0,0,0,0,0,0,0,0.0
Brechmorhoga nubecula,Libélula,NE,LC,0,0.000505004329004329,1,1,1,1,1,0,0,1,1,1,1,1,0,0,0,0,0,0,0,0,0,0,0,0,0,0.0
Brasilocaenis septentrionalis,Efemérida,NE,LC,0,0.000505004329004329,1,1,0,0,0,0,0,1,1,0,0,0,0,0,0,0,0,0,0,0,0,0,0,0,0,0.0
Diastatops estherae,Libélula,NE,LC,0,0.000505004329004329,1,0,0,0,0,0,0,1,0,0,0,0,0,0,0,0,0,0,0,0,0,0,0,0,0,0.0
Diastatops dimidiata,Libélula,NE,LC,0,0.000505004329004329,1,0,0,0,0,0,0,1,0,0,0,0,0,0,0,0,0,0,0,0,0,0,0,0,0,0.0
Diaphlebia angustipennis,Libélula,NE,LC,0,0.000505004329004329,1,0,1,0,0,0,0,1,0,0,0,1,0,0,0,0,0,0,0,0,0,0,0,0,0,0.0
Desmogomphus tigrivensis,Libélula,NE,LC,0,0.000505004329004329,1,0,0,0,0,0,0,1,0,0,0,0,0,0,0,0,0,0,0,0,0,0,0,0,0,0.0
Askola emmerichi,Efemérida,NE,LC,0,0.000505004329004329,1,1,1,0,0,0,0,1,1,0,0,0,0,0,0,0,0,0,0,0,0,0,0,0,0,0.0
Progomphus boliviensis,Libélula,NE,LC,0,0.000505004329004329,1,0,0,0,0,0,0,1,0,0,0,0,0,0,0,0,0,0,0,0,0,0,0,0,0,0.0
Progomphus approximatus,Libélula,NE,LC,0,0.000505004329004329,1,0,0,0,0,0,0,1,0,0,0,0,0,0,0,0,0,0,0,0,0,0,0,0,0,0.0
Dercitus luteus,Esponja,NE,LC,0,0.000505004329004329,0,0,0,0,0,0,1,0,1,0,0,0,0,0,0,0,0,0,0,0,0,0,0,0,0,0.0
Brasilocaenis mendesi,efemérida,NE,LC,0,0.000505004329004329,1,0,0,0,0,1,0,1,0,0,0,1,0,0,0,0,0,0,0,0,0,0,0,0,0,0.0
Brasilocaenis irmleri,Efemérida,NE,LC,0,0.000505004329004329,1,0,0,1,0,0,0,1,1,0,0,1,0,0,0,0,0,0,0,0,0,0,0,0,0,0.0
Leptodactylus fuscus,Rã-assobiadora,NE,LC,0,0.000505004329004329,1,1,1,1,1,1,0,1,1,1,1,1,0,0,0,0,0,0,0,0,0,0,0,0,0,0.0
Leptodactylus discodactylus,Vanzolini's Amazon Frog,NE,LC,0,0.000505004329004329,1,0,0,0,0,0,0,1,0,0,0,0,0,0,0,0,0,0,0,0,0,0,0,0,0,0.0
Leptodactylus diedrus,Não Informado,NE,LC,0,0.000505004329004329,1,0,0,0,0,0,0,1,0,0,0,0,0,0,0,0,0,0,0,0,0,0,0,0,0,0.0
Leptodactylus didymus,Não Informado,NE,LC,0,0.000505004329004329,1,0,0,0,0,0,0,1,0,0,0,0,0,0,0,0,0,0,0,0,0,0,0,0,0,0.0
Hydrosmilodon gilliesae,Efemérida,NE,LC,0,0.000505004329004329,1,1,1,1,0,0,0,1,1,1,0,1,0,0,0,0,0,0,0,0,0,0,0,0,0,0.0
Hydrolaetare schmidti,Não Informado,NE,LC,0,0.000505004329004329,1,0,0,0,0,0,0,1,0,0,0,0,0,0,0,0,0,0,0,0,0,0,0,0,0,0.0
Hyalonema schmidti,Esponja-de-vidro,NE,LC,0,0.000505004329004329,0,0,0,0,0,0,1,0,1,0,0,0,0,0,0,0,0,0,0,0,0,0,0,0,0,0.0
Hyalinobatrachium munozorum,Não Informado,NE,LC,0,0.000505004329004329,1,0,0,0,0,0,0,1,0,0,0,0,0,0,0,0,0,0,0,0,0,0,0,0,0,0.0
Argyrothemis argentea,Libélula,NE,LC,0,0.000505004329004329,1,0,0,0,0,0,0,1,1,0,0,1,0,0,0,0,0,0,0,0,0,0,0,0,0,0.0
Denticulobasis garrisoni,"agulhinha, donzelinha, lava-bunda, lavadeira, Libélula",NE,LC,0,0.000505004329004329,1,0,0,0,0,0,0,1,0,0,0,0,0,0,0,0,0,0,0,0,0,0,0,0,0,0.0
Dendropsophus triangulum,Triangle Treefrog,NE,LC,0,0.000505004329004329,1,0,0,0,0,0,0,1,0,0,0,0,0,0,0,0,0,0,0,0,0,0,0,0,0,0.0
Argia smithiana,Libélula,NE,LC,0,0.000505004329004329,1,1,1,1,0,0,0,1,1,1,0,1,0,0,0,0,0,0,0,0,0,0,0,0,0,0.0
Argia reclusa,Libélula,NE,LC,0,0.000505004329004329,1,1,1,1,1,1,0,1,1,1,1,1,0,0,0,0,0,0,0,0,0,0,0,0,0,0.0
Argia pulla,Libélula,NE,LC,0,0.000505004329004329,1,0,0,0,0,0,0,1,0,0,0,0,0,0,0,0,0,0,0,0,0,0,0,0,0,0.0
Argia oculata,"lava-bunda, lavadeira, Libélula",NE,LC,0,0.000505004329004329,1,0,1,0,0,0,0,1,0,0,0,1,0,0,0,0,0,0,0,0,0,0,0,0,0,0.0
Argia mollis,Libélula,NE,LC,0,0.000505004329004329,1,1,1,0,0,1,0,1,1,1,0,1,0,0,0,0,0,0,0,0,0,0,0,0,0,0.0
Protoneura scintilla,Libélula,NE,LC,0,0.000505004329004329,1,0,0,0,0,0,0,1,0,0,0,0,0,0,0,0,0,0,0,0,0,0,0,0,0,0.0
Protoneura amatoria,Libélula,NE,LC,0,0.000505004329004329,1,0,0,0,0,0,0,1,0,0,0,0,0,0,0,0,0,0,0,0,0,0,0,0,0,0.0
Progomphus tibialis,Libélula,NE,LC,0,0.000505004329004329,1,0,0,0,0,0,0,1,0,0,0,0,0,0,0,0,0,0,0,0,0,0,0,0,0,0.0
Progomphus pygmaeus,Libélula,NE,LC,0,0.000505004329004329,1,0,1,0,0,0,0,1,0,0,0,1,0,0,0,0,0,0,0,0,0,0,0,0,0,0.0
Progomphus pijpersi,Libélula,NE,LC,0,0.000505004329004329,1,0,0,0,0,0,0,1,0,0,0,0,0,0,0,0,0,0,0,0,0,0,0,0,0,0.0
Progomphus phyllochromus,Libélula,NE,LC,0,0.000505004329004329,1,0,0,0,0,0,0,1,0,0,0,0,0,0,0,0,0,0,0,0,0,0,0,0,0,0.0
Progomphus maculatus,Libélula,NE,LC,0,0.000505004329004329,1,0,0,0,0,0,0,1,0,0,0,0,0,0,0,0,0,0,0,0,0,0,0,0,0,0.0
Progomphus intricatus,Libélula,NE,LC,0,0.000505004329004329,1,1,1,0,1,0,1,1,1,1,1,1,0,0,0,0,0,0,0,0,0,0,0,0,0,0.0
Progomphus guyanensis,Libélula,NE,LC,0,0.000505004329004329,1,0,0,1,0,0,0,1,1,0,0,0,0,0,0,0,0,0,0,0,0,0,0,0,0,0.0
Progomphus geijskesi,Libélula,NE,DD,0,0.000505004329004329,1,0,1,0,0,0,0,1,0,0,0,1,0,0,0,0,0,0,0,0,0,0,0,0,0,0.0
Progomphus delicatus,Libélula,NE,LC,0,0.000505004329004329,1,0,0,0,0,0,0,1,0,0,0,0,0,0,0,0,0,0,0,0,0,0,0,0,0,0.0
Psaironeura bifurcata,Libélula,NE,LC,0,0.000505004329004329,1,0,0,0,0,0,0,1,0,0,0,0,0,0,0,0,0,0,0,0,0,0,0,0,0,0.0
Protoneura tenuis,Libélula,NE,LC,0,0.000505004329004329,1,1,1,0,0,0,0,1,1,1,0,1,0,0,0,0,0,0,0,0,0,0,0,0,0,0.0
Argia translata,"agulhinha, donzelinha, lava-bunda, lavadeira, Libélula",NE,LC,0,0.000505004329004329,1,0,1,0,0,0,0,1,0,0,0,1,0,0,0,0,0,0,0,0,0,0,0,0,0,0.0
Argia tinctipennis,Libélula,NE,LC,0,0.000505004329004329,1,0,1,1,0,0,0,1,1,1,0,1,0,0,0,0,0,0,0,0,0,0,0,0,0,0.0
Ctenophryne geayi,Não Informado,NE,LC,0,0.000505004329004329,1,0,1,0,0,0,0,1,1,0,0,1,0,0,0,0,0,0,0,0,0,0,0,0,0,0.0
Caenis chamie,Efemérida,NE,LC,0,0.000505004329004329,1,1,1,1,0,0,0,1,1,0,0,1,0,0,0,0,0,0,0,0,0,0,0,0,0,0.0
Caecilia tentaculata,Cecilia de Tentaculos,NE,LC,0,0.000505004329004329,1,0,1,0,0,0,0,1,1,0,0,1,0,0,0,0,0,0,0,0,0,0,0,0,0,0.0
Caecilia marcusi,Não Informado,NE,LC,0,0.000505004329004329,1,0,1,0,0,0,0,1,0,0,0,1,0,0,0,0,0,0,0,0,0,0,0,0,0,0.0
Caecilia gracilis,Cecília,NE,LC,0,0.000505004329004329,1,0,1,0,0,0,0,1,1,0,0,0,0,0,0,0,0,0,0,0,0,0,0,0,0,0.0
Cacoides latro,"Lava-bunda, Lavadeira, Libélula",NE,LC,0,0.000505004329004329,1,1,1,0,0,0,0,1,1,1,0,1,0,0,0,0,0,0,0,0,0,0,0,0,0,0.0
Phoenicagrion flammeum,Libélula,NE,LC,0,0.000505004329004329,1,0,1,1,0,0,0,1,1,0,0,1,0,0,0,0,0,0,0,0,0,0,0,0,0,0.0
Pheronema carpenteri,Esponja,NE,LC,0,0.000505004329004329,0,0,0,0,0,0,1,0,1,0,0,0,0,0,0,0,0,0,0,0,0,0,0,0,0,0.0
Phasmoneura exigua,Libélula,NE,LC,0,0.000505004329004329,1,0,0,0,0,0,0,1,0,0,0,1,0,0,0,0,0,0,0,0,0,0,0,0,0,0.0
Phakellia connexiva,Esponja,NE,LC,0,0.000505004329004329,0,0,0,0,0,0,1,0,1,0,0,0,0,0,0,0,0,0,0,0,0,0,0,0,0,0.0
Leptodactylus podicipinus,Não Informado,NE,LC,0,0.000505004329004329,1,1,1,1,0,1,0,1,1,1,1,1,0,0,0,0,0,0,0,0,0,0,0,0,0,0.0
Argia subapicalis,Libélula,NE,LC,0,0.000505004329004329,1,1,1,1,0,0,0,1,1,0,0,1,0,0,0,0,0,0,0,0,0,0,0,0,0,0.0
Perithemis lais,Libélula,NE,LC,0,0.000505004329004329,1,1,1,1,0,1,0,1,1,1,1,1,0,0,0,0,0,0,0,0,0,0,0,0,0,0.0
Pseudopaludicola mystacalis,Não Informado,NE,LC,0,0.000505004329004329,1,1,1,1,1,1,0,1,1,1,1,1,0,0,0,0,0,0,0,0,0,0,0,0,0,0.0
Pseudopaludicola ceratophyes,Não Informado,NE,LC,0,0.000505004329004329,1,0,0,0,0,0,0,1,0,0,0,0,0,0,0,0,0,0,0,0,0,0,0,0,0,0.0
Pseudopaludicola boliviana,Não Informado,NE,LC,0,0.000505004329004329,1,0,0,0,0,0,0,1,0,0,0,0,0,0,0,0,0,0,0,0,0,0,0,0,0,0.0
Pseudopalaemon gouldingi,Não Informado,NE,LC,0,0.000505004329004329,1,0,0,0,0,0,0,1,0,0,0,0,0,0,0,0,0,0,0,0,0,0,0,0,0,0.0
Pseudopalaemon chryseus,Não Informado,NE,LC,0,0.000505004329004329,1,0,0,0,0,0,0,1,0,0,0,0,0,0,0,0,0,0,0,0,0,0,0,0,0,0.0
Hyalinobatrachium mondolfii,Perereca-de-vidro,NE,LC,0,0.000505004329004329,1,0,0,0,0,0,0,1,0,0,0,0,0,0,0,0,0,0,0,0,0,0,0,0,0,0.0
Hyalinobatrachium iaspidiense,Rã-de-vidro,NE,LC,0,0.000505004329004329,1,0,0,0,0,0,0,1,0,0,0,1,0,0,0,0,0,0,0,0,0,0,0,0,0,0.0
Hubbardipes crenulatus,"Efemérida, Siriruia",NE,LC,0,0.000505004329004329,1,0,0,0,0,0,0,1,0,0,0,0,0,0,0,0,0,0,0,0,0,0,0,0,0,0.0
Dimeragrion percubitale,"agulhinha, donzelinha, lava-bunda, lavadeira, Libélula",NE,LC,0,0.000505004329004329,1,0,0,0,0,0,0,1,0,0,0,0,0,0,0,0,0,0,0,0,0,0,0,0,0,0.0
Dilocarcinus septemdentatus,Caranguejo-de-água-doce,NE,LC,0,0.000505004329004329,1,0,1,0,0,0,0,1,1,0,0,0,0,0,0,0,0,0,0,0,0,0,0,0,0,0.0
Diastatops pullata,Libélula,NE,LC,0,0.000505004329004329,1,0,1,0,0,0,0,1,1,0,0,1,0,0,0,0,0,0,0,0,0,0,0,0,0,0.0
Diastatops obscura,Libélula,NE,LC,0,0.000505004329004329,1,1,1,1,1,1,0,1,1,1,1,1,0,0,0,0,0,0,0,0,0,0,0,0,0,0.0
Diastatops nigra,Libélula,NE,LC,0,0.000505004329004329,1,0,0,0,0,0,0,1,0,0,0,0,0,0,0,0,0,0,0,0,0,0,0,0,0,0.0
Pseudis paradoxa,Rã-paradoxal,NE,LC,0,0.000505004329004329,1,1,1,0,0,1,0,1,1,1,0,1,0,0,0,0,0,0,0,0,0,0,0,0,0,0.0
Psaironeura tenuissima,Libélula,NE,LC,0,0.000505004329004329,1,0,0,0,0,1,0,1,0,0,0,1,0,0,0,0,0,0,0,0,0,0,0,0,0,0.0
Argia collata,Libélula,NE,LC,0,0.000505004329004329,1,0,0,0,0,0,0,1,1,0,0,1,0,0,0,0,0,0,0,0,0,0,0,0,0,0.0
Raspailia tenuis,Esponja,NE,LC,0,0.000505004329004329,0,0,0,0,0,0,1,0,1,0,0,0,0,0,0,0,0,0,0,0,0,0,0,0,0,0.0
Ranitomeya vanzolinii,Não Informado,NE,LC,0,0.000505004329004329,1,0,0,0,0,0,0,1,0,0,0,0,0,0,0,0,0,0,0,0,0,0,0,0,0,0.0
Ranitomeya toraro,Não Informado,NE,LC,0,0.000505004329004329,1,0,0,0,0,0,0,1,0,0,0,0,0,0,0,0,0,0,0,0,0,0,0,0,0,0.0
Ranitomeya sirensis,"Bamboo Poison Frog, Biolat Poison Frog, Pasco Poison Frog, Sira Poison Frog",NE,LC,0,0.000505004329004329,1,0,0,0,0,0,0,1,0,0,0,0,0,0,0,0,0,0,0,0,0,0,0,0,0,0.0
Ranitomeya amazonica,Não Informado,NE,LC,0,0.000505004329004329,1,0,0,0,0,0,0,1,0,0,0,0,0,0,0,0,0,0,0,0,0,0,0,0,0,0.0
Leptodactylus petersii,Não Informado,NE,LC,0,0.000505004329004329,1,0,1,0,0,0,0,1,1,0,0,1,0,0,0,0,0,0,0,0,0,0,0,0,0,0.0
Leptodactylus pentadactylus,Não Informado,NE,LC,0,0.000505004329004329,1,0,1,0,0,0,0,1,1,0,0,1,0,0,0,0,0,0,0,0,0,0,0,0,0,0.0
Leptodactylus mystaceus,Rã-marrom,NE,LC,0,0.000505004329004329,1,1,1,0,0,0,0,1,1,1,1,1,0,0,0,0,0,0,0,0,0,0,0,0,0,0.0
Leptodactylus macrosternum,"Rã-manteiga, Rã-manteiga-da-savana",NE,LC,0,0.000505004329004329,1,1,1,1,1,1,0,1,1,1,1,1,0,0,0,0,0,0,0,0,0,0,0,0,0,0.0
Leptodactylus longirostris,Não Informado,NE,LC,0,0.000505004329004329,1,0,0,0,0,0,0,1,0,0,0,0,0,0,0,0,0,0,0,0,0,0,0,0,0,0.0
Leptodactylus leptodactyloides,Não Informado,NE,LC,0,0.000505004329004329,1,0,1,0,0,0,0,1,0,0,0,1,0,0,0,0,0,0,0,0,0,0,0,0,0,0.0
Leptodactylus knudseni,Não Informado,NE,LC,0,0.000505004329004329,1,0,0,0,0,0,0,1,0,0,0,1,0,0,0,0,0,0,0,0,0,0,0,0,0,0.0
Leptodactylus guianensis,Não Informado,NE,LC,0,0.000505004329004329,1,0,0,0,0,0,0,1,0,0,0,0,0,0,0,0,0,0,0,0,0,0,0,0,0,0.0
Phacelocyathus flos,Não Informado,NE,LC,0,0.000505004329004329,0,0,0,0,0,0,1,0,1,0,0,0,0,0,0,0,0,0,0,0,0,0,0,0,0,0.0
Perithemis thais,Libélula,NE,LC,0,0.000505004329004329,1,1,1,0,0,1,0,1,1,1,0,1,0,0,0,0,0,0,0,0,0,0,0,0,0,0.0
Rhaebo guttatus,Andersson's Toad,NE,LC,0,0.000505004329004329,1,0,1,0,0,0,0,1,1,0,0,1,0,0,0,0,0,0,0,0,0,0,0,0,0,0.0
Rhaebo ceratophrys,Horned Toad,NE,LC,0,0.000505004329004329,1,0,0,0,0,0,0,1,0,0,0,0,0,0,0,0,0,0,0,0,0,0,0,0,0,0.0
Remartinia luteipennis,Libélula,NE,LC,0,0.000505004329004329,1,1,1,0,1,0,0,1,1,1,1,1,0,0,0,0,0,0,0,0,0,0,0,0,0,0.0
Argia lilacina,Libélula,NE,LC,0,0.000505004329004329,1,1,1,1,1,0,0,1,1,1,1,1,0,0,0,0,0,0,0,0,0,0,0,0,0,0.0
Callibaetis gonzalezi,Efemérida,NE,LC,0,0.000505004329004329,1,1,0,0,0,0,0,1,1,0,0,0,0,0,0,0,0,0,0,0,0,0,0,0,0,0.0
Caenis teipunensis,Efemérida,NE,LC,0,0.000505004329004329,1,0,0,0,0,0,0,1,0,0,0,0,0,0,0,0,0,0,0,0,0,0,0,0,0,0.0
Perithemis bella,Libélula,NE,LC,0,0.000505004329004329,1,0,0,0,0,0,0,1,0,0,0,0,0,0,0,0,0,0,0,0,0,0,0,0,0,0.0
Perissolestes flinti,Libélula,NE,LC,0,0.000505004329004329,1,0,0,0,0,0,0,1,0,0,0,0,0,0,0,0,0,0,0,0,0,0,0,0,0,0.0
Perissolestes cornutus,Libélula,NE,LC,0,0.000505004329004329,1,0,0,0,0,0,0,1,0,0,0,0,0,0,0,0,0,0,0,0,0,0,0,0,0,0.0
Perilestes solutus,Libélula,NE,LC,0,0.000505004329004329,1,0,1,1,0,0,0,1,1,0,0,1,0,0,0,0,0,0,0,0,0,0,0,0,0,0.0
Argia infumata,Libélula,NE,LC,0,0.000505004329004329,1,0,0,0,0,0,0,1,0,0,0,1,0,0,0,0,0,0,0,0,0,0,0,0,0,0.0
Argia indicatrix,Libélula,NE,LC,0,0.000505004329004329,1,0,0,0,0,0,0,1,1,0,0,1,0,0,0,0,0,0,0,0,0,0,0,0,0,0.0
Argia hasemani,Libélula,NE,LC,0,0.000505004329004329,1,1,1,1,0,0,0,1,1,1,0,1,0,0,0,0,0,0,0,0,0,0,0,0,0,0.0
Argia fumigata,Libélula,NE,LC,0,0.000505004329004329,1,0,0,0,0,0,0,1,0,0,0,1,0,0,0,0,0,0,0,0,0,0,0,0,0,0.0
Argia euphorbia,Libélula,NE,LC,0,0.000505004329004329,1,0,0,0,0,0,0,1,0,0,0,0,0,0,0,0,0,0,0,0,0,0,0,0,0,0.0
Argia croceipennis,Libélula,NE,LC,0,0.000505004329004329,1,1,1,1,1,0,0,1,1,1,1,1,0,0,0,0,0,0,0,0,0,0,0,0,0,0.0
Callibaetis pollens,Efemérida,NE,LC,0,0.000505004329004329,1,1,1,1,0,1,0,1,1,1,0,1,0,0,0,0,0,0,0,0,0,0,0,0,0,0.0
Paramaka incognita,Efemérida,NE,LC,0,0.000505004329004329,1,0,0,0,0,0,0,1,0,0,0,0,0,0,0,0,0,0,0,0,0,0,0,0,0,0.0
Paramaka convexa,Efemérida,NE,LC,0,0.000505004329004329,1,1,1,1,0,0,0,1,1,1,0,1,0,0,0,0,0,0,0,0,0,0,0,0,0,0.0
Callyspongia scutica,Não Informado,NE,LC,0,0.000505004329004329,0,0,0,0,0,0,1,0,1,0,0,0,0,0,0,0,0,0,0,0,0,0,0,0,0,0.0
Perilestes kahli,Libélula,NE,LC,0,0.000505004329004329,1,0,0,0,0,0,0,1,0,0,0,0,0,0,0,0,0,0,0,0,0,0,0,0,0,0.0
Perilestes attenuatus,Libélula,NE,LC,0,0.000505004329004329,1,0,0,0,0,0,0,1,0,0,0,0,0,0,0,0,0,0,0,0,0,0,0,0,0,0.0
Percnon gibbesi,Não Informado,NE,LC,0,0.000505004329004329,0,0,0,0,0,0,1,0,1,0,0,0,0,0,0,0,0,0,0,0,0,0,0,0,0,0.0
Penares chelotropa,Esponja,NE,LC,0,0.000505004329004329,0,0,0,0,0,0,1,0,1,0,0,0,0,0,0,0,0,0,0,0,0,0,0,0,0,0.0
Penaeus isabelae,Não Informado,NE,LC,0,0.000505004329004329,0,0,0,0,0,0,1,1,1,0,0,0,0,0,0,0,0,0,0,0,0,0,0,0,0,0.0
Callimedusa tomopterna,Não Informado,NE,LC,0,0.000505004329004329,1,0,1,0,0,0,0,1,0,0,0,1,0,0,0,0,0,0,0,0,0,0,0,0,0,0.0
Callimedusa atelopoides,Não Informado,NE,LC,0,0.000505004329004329,1,0,0,0,0,0,0,1,0,0,0,0,0,0,0,0,0,0,0,0,0,0,0,0,0,0.0
Discodermia dissoluta,Esponja,NE,LC,0,0.000505004329004329,0,0,0,0,0,0,1,0,1,0,0,0,0,0,0,0,0,0,0,0,0,0,0,0,0,0.0
Diplastrella bistellata,Não Informado,NE,DD,0,0.000505004329004329,0,0,0,0,0,0,1,0,1,0,0,0,0,0,0,0,0,0,0,0,0,0,0,0,0,0.0
Hippospongia lachne,Esponja,NE,LC,0,0.000505004329004329,0,0,0,0,0,0,1,0,1,0,0,0,0,0,0,0,0,0,0,0,0,0,0,0,0,0.0
Rhinella acutirostris,Não Informado,NE,LC,0,0.000505004329004329,1,0,0,0,0,0,0,1,0,0,0,0,0,0,0,0,0,0,0,0,0,0,0,0,0,0.0
Rhinatrema bivittatum,"Two Banded Caecilia, Two-lined Caecilian",NE,LC,0,0.000505004329004329,1,0,0,0,0,0,0,1,0,0,0,0,0,0,0,0,0,0,0,0,0,0,0,0,0,0.0
Drulia conifera,"Cupim d'água, Esponja",NE,LC,0,0.000505004329004329,1,0,0,0,0,0,0,1,0,0,0,0,0,0,0,0,0,0,0,0,0,0,0,0,0,0.0
Drulia brownii,Esponja,NE,LC,0,0.000505004329004329,1,1,1,0,1,0,0,1,1,0,1,1,0,0,0,0,0,0,0,0,0,0,0,0,0,0.0
Heteragrion inca,Libélula,NE,LC,0,0.000505004329004329,1,0,0,0,0,0,0,1,0,0,0,0,0,0,0,0,0,0,0,0,0,0,0,0,0,0.0
Archaeogomphus nanus,Libélula,NE,LC,0,0.000505004329004329,1,0,1,0,0,0,0,1,0,0,0,0,0,0,0,0,0,0,0,0,0,0,0,0,0,0.0
Rhinella proboscidea,Não Informado,NE,LC,0,0.000505004329004329,1,0,0,0,0,0,0,1,0,0,0,0,0,0,0,0,0,0,0,0,0,0,0,0,0,0.0
Rhinella poeppigii,Não Informado,NE,LC,0,0.000505004329004329,1,0,0,0,0,0,0,1,0,0,0,0,0,0,0,0,0,0,0,0,0,0,0,0,0,0.0
Rhinella nattereri,Não Informado,NE,LC,0,0.000505004329004329,1,0,0,0,0,0,0,1,0,0,0,0,0,0,0,0,0,0,0,0,0,0,0,0,0,0.0
Rhinella mirandaribeiroi,Não Informado,NE,LC,0,0.000505004329004329,1,1,1,1,0,1,0,1,1,1,0,1,0,0,0,0,0,0,0,0,0,0,0,0,0,0.0
Rhinella merianae,Não Informado,NE,LC,0,0.000505004329004329,1,0,0,0,0,0,0,1,0,0,0,0,0,0,0,0,0,0,0,0,0,0,0,0,0,0.0
Rhinella marina,Não Informado,NE,LC,0,0.000505004329004329,1,0,1,0,0,0,0,1,1,0,0,1,0,0,0,0,0,0,0,0,0,0,0,0,0,0.0
Rhinella margaritifera,Sapo-da-mata,NE,LC,0,0.000505004329004329,1,0,1,0,0,0,0,1,1,0,0,1,0,0,0,0,0,0,0,0,0,0,0,0,0,0.0
Rhinella diptycha,Cururu,NE,LC,0,0.000505004329004329,1,1,1,1,1,1,0,1,1,1,1,1,0,0,0,0,0,0,0,0,0,0,0,0,0,0.0
Rhinella dapsilis,Bom Jardim Toad,NE,LC,0,0.000505004329004329,1,0,0,0,0,0,0,1,0,0,0,0,0,0,0,0,0,0,0,0,0,0,0,0,0,0.0
Rhinella castaneotica,Para Toad,NE,LC,0,0.000505004329004329,1,0,0,0,0,0,0,1,0,0,0,1,0,0,0,0,0,0,0,0,0,0,0,0,0,0.0
Homeoura obrieni,"agulhinha, donzelinha, lava-bunda, lavadeira, Libélula",NE,LC,0,0.000505004329004329,1,0,0,0,0,0,0,1,0,0,0,0,0,0,0,0,0,0,0,0,0,0,0,0,0,0.0
Doryteuthis surinamensis,lula,NE,LC,0,0.000505004329004329,0,0,0,0,0,0,1,1,1,0,0,0,0,0,0,0,0,0,0,0,0,0,0,0,0,0.0
Paracloeodes waimiri,Efemérida,NE,LC,0,0.000505004329004329,1,1,1,1,0,0,0,1,1,1,0,1,0,0,0,0,0,0,0,0,0,0,0,0,0,0.0
Paracloeodes pacawara,Efemérida,NE,LC,0,0.000505004329004329,1,1,1,1,0,0,0,1,1,0,0,1,0,0,0,0,0,0,0,0,0,0,0,0,0,0.0
Paracloeodes leptobranchus,Efemérida,NE,LC,0,0.000505004329004329,1,1,1,0,1,0,0,1,1,1,1,1,0,0,0,0,0,0,0,0,0,0,0,0,0,0.0
Paracloeodes binodulus,Efemérida,NE,LC,0,0.000505004329004329,1,0,1,0,0,0,0,1,1,0,0,1,0,0,0,0,0,0,0,0,0,0,0,0,0,0.0
Pantala flavescens,Libélula,NE,LC,0,0.000505004329004329,1,1,1,1,1,0,1,1,1,1,1,1,0,0,0,0,0,0,0,0,0,0,0,0,0,0.0
Callyspongia pergamentacea,Esponja,NE,LC,0,0.000505004329004329,0,0,0,0,0,0,1,1,1,0,0,0,0,0,0,0,0,0,0,0,0,0,0,0,0,0.0
Callyspongia fibrosa,Esponja,NE,LC,0,0.000505004329004329,0,0,0,0,0,0,1,0,1,0,0,0,0,0,0,0,0,0,0,0,0,0,0,0,0,0.0
Callyspongia aculeata,Esponja,NE,LC,0,0.000505004329004329,0,0,0,0,0,0,1,1,1,0,0,0,0,0,0,0,0,0,0,0,0,0,0,0,0,0.0
Callogorgia arawak,Não Informado,NE,LC,0,0.000505004329004329,0,0,0,0,0,0,1,0,1,0,0,0,0,0,0,0,0,0,0,0,0,0,0,0,0,0.0
Callogorgia americana,Não Informado,NE,LC,0,0.000505004329004329,0,0,0,0,0,0,1,0,1,0,0,0,0,0,0,0,0,0,0,0,0,0,0,0,0,0.0
Coryphaeschna viriditas,Libélula,NE,LC,0,0.000505004329004329,1,1,1,0,0,0,0,1,1,1,0,1,0,0,0,0,0,0,0,0,0,0,0,0,0,0.0
Coryphaeschna amazonica,Libélula,NE,LC,0,0.000505004329004329,1,0,0,0,1,0,0,1,0,0,1,0,0,0,0,0,0,0,0,0,0,0,0,0,0,0.0
Coryphaeschna adnexa,Libélula,NE,LC,0,0.000505004329004329,1,1,1,0,0,1,0,1,1,1,0,1,0,0,0,0,0,0,0,0,0,0,0,0,0,0.0
Corvospongilla seckti,Pó-de-mico,NE,LC,0,0.000505004329004329,1,1,1,1,1,0,0,1,1,1,1,1,0,0,0,0,0,0,0,0,0,0,0,0,0,0.0
Leptodactylus vastus,Não Informado,NE,LC,0,0.000505004329004329,1,1,1,1,0,0,0,1,1,0,0,1,0,0,0,0,0,0,0,0,0,0,0,0,0,0.0
Drulia cristata,"Cupim d'água, Esponja",NE,LC,0,0.000505004329004329,1,0,0,1,0,0,0,1,1,0,0,0,0,0,0,0,0,0,0,0,0,0,0,0,0,0.0
Palaemon ivonicus,Não Informado,NE,LC,0,0.000505004329004329,1,0,0,0,0,0,0,1,0,0,0,1,0,0,0,0,0,0,0,0,0,0,0,0,0,0.0
Palaemon carteri,Não Informado,NE,LC,0,0.000505004329004329,1,0,0,0,0,0,0,1,0,0,0,0,0,0,0,0,0,0,0,0,0,0,0,0,0,0.0
Pacifigorgia elegans,Não Informado,NE,LC,0,0.000505004329004329,0,0,0,0,0,0,1,0,1,0,0,0,0,0,0,0,0,0,0,0,0,0,0,0,0,0.0
Palaemon mercedae,Não Informado,NE,LC,0,0.000505004329004329,1,0,0,0,0,0,0,1,0,0,0,0,0,0,0,0,0,0,0,0,0,0,0,0,0,0.0
Camelobaetidius janae,Efemérida,NE,LC,0,0.000505004329004329,1,1,1,1,0,0,0,1,1,1,0,1,0,0,0,0,0,0,0,0,0,0,0,0,0,0.0
Camelobaetidius cayumba,Efemérida,NE,LC,0,0.000505004329004329,1,1,1,1,0,0,0,1,1,1,0,1,0,0,0,0,0,0,0,0,0,0,0,0,0,0.0
Leptogorgia miniata,Não Informado,NE,LC,0,0.000505004329004329,0,0,0,0,0,0,1,1,1,0,0,0,0,0,0,0,0,0,0,0,0,0,0,0,0,0.0
Riisea paniculata,Não Informado,NE,LC,0,0.000505004329004329,0,0,0,0,0,0,1,0,1,0,0,0,0,0,0,0,0,0,0,0,0,0,0,0,0,0.0
Rhodopygia geijskesi,Libélula,NE,LC,0,0.000505004329004329,1,0,1,0,0,0,0,1,0,0,0,1,0,0,0,0,0,0,0,0,0,0,0,0,0,0.0
Heteragrion silvarum,Libélula,NE,LC,0,0.000505004329004329,1,0,0,0,0,0,0,1,0,0,0,0,0,0,0,0,0,0,0,0,0,0,0,0,0,0.0
Leptodactylus validus,Não Informado,NE,LC,0,0.000505004329004329,1,0,0,0,0,0,0,1,0,0,0,0,0,0,0,0,0,0,0,0,0,0,0,0,0,0.0
Leptodactylus syphax,Não Informado,NE,LC,0,0.000505004329004329,1,1,1,1,0,1,0,1,1,1,0,1,0,0,0,0,0,0,0,0,0,0,0,0,0,0.0
Leptodactylus stenodema,Não Informado,NE,LC,0,0.000505004329004329,1,0,0,0,0,0,0,1,0,0,0,0,0,0,0,0,0,0,0,0,0,0,0,0,0,0.0
Leptodactylus sabanensis,Não Informado,NE,LC,0,0.000505004329004329,1,0,0,0,0,0,0,1,0,0,0,0,0,0,0,0,0,0,0,0,0,0,0,0,0,0.0
Leptodactylus rhodonotus,Não Informado,NE,LC,0,0.000505004329004329,1,0,0,0,0,0,0,1,0,0,0,0,0,0,0,0,0,0,0,0,0,0,0,0,0,0.0
Heteragrion angustipenne,"agulhinha, donzelinha, lava-bunda, lavadeira, Libélula",NE,LC,0,0.000505004329004329,1,0,0,0,0,0,0,1,0,0,0,0,0,0,0,0,0,0,0,0,0,0,0,0,0,0.0
Hetaerina westfalli,Libélula,NE,LC,0,0.000505004329004329,1,1,1,0,0,0,0,1,1,0,0,1,0,0,0,0,0,0,0,0,0,0,0,0,0,0.0
Eguchipsammia cornucopia,Não Informado,NE,LC,0,0.000505004329004329,0,0,0,0,0,0,1,0,1,0,0,0,0,0,0,0,0,0,0,0,0,0,0,0,0,0.0
Oxystigma petiolatum,Libélula,NE,LC,0,0.000505004329004329,1,0,0,0,0,0,0,1,1,0,0,0,0,0,0,0,0,0,0,0,0,0,0,0,0,0.0
Oxystigma cyanofrons,Libélula,NE,LC,0,0.000505004329004329,1,0,0,0,0,0,0,1,0,0,0,0,0,0,0,0,0,0,0,0,0,0,0,0,0,0.0
Lestes minutus,Libélula,NE,LC,0,0.000505004329004329,1,1,1,0,1,0,0,1,1,1,1,1,0,0,0,0,0,0,0,0,0,0,0,0,0,0.0
Lestes jurzitzai,Libélula,NE,LC,0,0.000505004329004329,1,0,1,0,0,0,0,1,0,0,0,1,0,0,0,0,0,0,0,0,0,0,0,0,0,0.0
Edalorhina perezi,Perez’s Snouted Frog,NE,LC,0,0.000505004329004329,1,0,0,0,0,0,0,1,0,0,0,0,0,0,0,0,0,0,0,0,0,0,0,0,0,0.0
Dythemis sterilis,Libélula,NE,LC,0,0.000505004329004329,1,1,1,0,0,0,0,1,1,1,0,1,0,0,0,0,0,0,0,0,0,0,0,0,0,0.0
Dythemis nigra,Libélula,NE,LC,0,0.000505004329004329,1,1,1,1,1,0,0,1,1,1,1,1,0,0,0,0,0,0,0,0,0,0,0,0,0,0.0
Scarthyla goinorum,Não Informado,NE,LC,0,0.000505004329004329,1,0,0,0,0,0,0,1,0,0,0,0,0,0,0,0,0,0,0,0,0,0,0,0,0,0.0
Rotundovaldivia latidens,Caranguejo-de-água-doce,NE,LC,0,0.000505004329004329,1,0,0,0,0,0,0,1,0,0,0,0,0,0,0,0,0,0,0,0,0,0,0,0,0,0.0
Leptodactylus wagneri,Não Informado,NE,LC,0,0.000505004329004329,1,0,0,0,0,0,0,1,0,0,0,0,0,0,0,0,0,0,0,0,0,0,0,0,0,0.0
Craniella cranium,Esponja,NE,LC,0,0.000505004329004329,0,0,0,0,0,0,1,0,1,0,0,0,0,0,0,0,0,0,0,0,0,0,0,0,0,0.0
Coryphorus aquilus,Efemérida,NE,LC,0,0.000505004329004329,1,0,1,0,0,0,0,1,0,0,0,1,0,0,0,0,0,0,0,0,0,0,0,0,0,0.0
Camelobaetidius billi,Efemérida,NE,LC,0,0.000505004329004329,1,1,1,1,0,0,0,1,1,1,1,0,0,0,0,0,0,0,0,0,0,0,0,0,0,0.0
Hetaerina rosea,Libélula,NE,LC,0,0.000505004329004329,1,1,1,1,1,1,0,1,1,1,1,1,0,0,0,0,0,0,0,0,0,0,0,0,0,0.0
Hetaerina occisa,Libélula,NE,LC,0,0.000505004329004329,1,0,0,0,0,0,0,1,0,0,0,0,0,0,0,0,0,0,0,0,0,0,0,0,0,0.0
Hetaerina mortua,Libélula,NE,LC,0,0.000505004329004329,1,0,1,0,0,1,0,1,0,0,0,1,0,0,0,0,0,0,0,0,0,0,0,0,0,0.0
Hetaerina moribunda,Libélula,NE,LC,0,0.000505004329004329,1,0,1,0,0,0,0,1,1,0,0,1,0,0,0,0,0,0,0,0,0,0,0,0,0,0.0
Hetaerina medinai,"agulhinha, donzelinha, lava-bunda, lavadeira, Libélula",NE,LC,0,0.000505004329004329,1,0,0,0,0,0,0,1,0,0,0,0,0,0,0,0,0,0,0,0,0,0,0,0,0,0.0
Hetaerina laesa,Libélula,NE,LC,0,0.000505004329004329,1,0,1,0,0,0,0,1,1,0,0,1,0,0,0,0,0,0,0,0,0,0,0,0,0,0.0
Hetaerina curvicauda,Libélula,NE,LC,0,0.000505004329004329,1,1,1,0,0,0,0,1,1,1,0,1,0,0,0,0,0,0,0,0,0,0,0,0,0,0.0
Scinax cruentomma,Manaus Snouted Treefrog,NE,LC,0,0.000505004329004329,1,0,0,0,0,0,0,1,0,0,0,0,0,0,0,0,0,0,0,0,0,0,0,0,0,0.0
Aplysina insularis,Esponja,NE,LC,0,0.000505004329004329,0,0,0,0,0,0,1,0,1,0,0,0,0,0,0,0,0,0,0,0,0,0,0,0,0,0.0
Aplysina fistularis,Esponja,NE,LC,0,0.000505004329004329,0,0,0,0,0,0,1,1,1,0,0,0,0,0,0,0,0,0,0,0,0,0,0,0,0,0.0
Scinax boesemani,Não Informado,NE,LC,0,0.000505004329004329,1,0,1,0,0,0,0,1,0,0,0,1,0,0,0,0,0,0,0,0,0,0,0,0,0,0.0
Apobaetis signifer,"efemérida, siriruia",NE,LC,0,0.000505004329004329,1,0,0,0,0,0,0,1,0,0,0,0,0,0,0,0,0,0,0,0,0,0,0,0,0,0.0
Heteragrion icterops,Libélula,NE,LC,0,0.000505004329004329,1,0,1,0,0,0,0,1,0,0,0,1,0,0,0,0,0,0,0,0,0,0,0,0,0,0.0
Heteragrion ictericum,Libélula,NE,LC,0,0.000505004329004329,1,0,0,0,0,0,0,1,0,0,0,0,0,0,0,0,0,0,0,0,0,0,0,0,0,0.0
Heteragrion bariai,Libélula,NE,LC,0,0.000505004329004329,1,0,0,0,0,0,0,1,0,0,0,0,0,0,0,0,0,0,0,0,0,0,0,0,0,0.0
Heteragrion aurantiacum,Libélula,NE,LC,0,0.000505004329004329,1,1,1,0,0,0,0,1,1,1,0,1,0,0,0,0,0,0,0,0,0,0,0,0,0,0.0
Aphylla producta,"lava-bunda, lavadeira, Libélula",NE,LC,0,0.000505004329004329,1,1,1,0,1,0,0,1,1,1,1,1,0,0,0,0,0,0,0,0,0,0,0,0,0,0.0
Aphylla edentata,"lava-bunda, lavadeira, Libélula",NE,LC,0,0.000505004329004329,1,0,0,0,0,0,0,1,0,0,0,0,0,0,0,0,0,0,0,0,0,0,0,0,0,0.0
Scinax exiguus,Não Informado,NE,LC,0,0.000505004329004329,1,0,0,0,0,0,0,1,0,0,0,0,0,0,0,0,0,0,0,0,0,0,0,0,0,0.0
Dysidea fragilis,Esponja,NE,LC,0,0.000505004329004329,0,0,0,0,0,0,1,0,1,0,0,0,0,0,0,0,0,0,0,0,0,0,0,0,0,0.0
Hetaerina sanguinea,Libélula,NE,LC,0,0.000505004329004329,1,0,1,0,0,0,0,1,1,0,0,0,0,0,0,0,0,0,0,0,0,0,0,0,0,0.0
Lestes forficula,"Agulhinha, Donzelinha, Lava-bunda, Lavadeira, Libélula",NE,LC,0,0.000505004329004329,1,1,1,1,0,1,0,1,1,1,1,1,0,0,0,0,0,0,0,0,0,0,0,0,0,0.0
Lestes falcifer,"agulhinha, donzelinha, lava-bunda, lavadeira, Libélula",NE,LC,0,0.000505004329004329,1,0,0,0,0,0,0,1,0,0,0,0,0,0,0,0,0,0,0,0,0,0,0,0,0,0.0
Lestes bipupillatus,Libélula,NE,LC,0,0.000505004329004329,1,1,1,0,1,0,0,1,1,1,1,1,0,0,0,0,0,0,0,0,0,0,0,0,0,0.0
Otophryne pyburni,Não Informado,NE,LC,0,0.000505004329004329,1,0,0,0,0,0,0,1,0,0,0,0,0,0,0,0,0,0,0,0,0,0,0,0,0,0.0
Osteocephalus taurinus,Não Informado,NE,LC,0,0.000505004329004329,1,0,1,0,0,0,0,1,0,0,0,1,0,0,0,0,0,0,0,0,0,0,0,0,0,0.0
Osteocephalus subtilis,Não Informado,NE,LC,0,0.000505004329004329,1,0,0,0,0,0,0,1,0,0,0,0,0,0,0,0,0,0,0,0,0,0,0,0,0,0.0
Osteocephalus oophagus,Não Informado,NE,LC,0,0.000505004329004329,1,0,0,0,0,0,0,1,0,0,0,0,0,0,0,0,0,0,0,0,0,0,0,0,0,0.0
Osteocephalus leprieurii,Não Informado,NE,LC,0,0.000505004329004329,1,0,0,0,0,0,0,1,0,0,0,1,0,0,0,0,0,0,0,0,0,0,0,0,0,0.0
Osteocephalus helenae,Não Informado,NE,LC,0,0.000505004329004329,1,0,0,0,0,0,0,1,0,0,0,0,0,0,0,0,0,0,0,0,0,0,0,0,0,0.0
Osteocephalus castaneicola,Não Informado,NE,LC,0,0.000505004329004329,1,0,0,0,0,0,0,1,0,0,0,0,0,0,0,0,0,0,0,0,0,0,0,0,0,0.0
Osteocephalus cabrerai,Não Informado,NE,LC,0,0.000505004329004329,1,0,0,0,0,0,0,1,0,0,0,0,0,0,0,0,0,0,0,0,0,0,0,0,0,0.0
Antidythemis trameiformis,"lava-bunda, lavadeira, Libélula",NE,LC,0,0.000505004329004329,1,0,1,0,0,0,0,1,0,0,0,1,0,0,0,0,0,0,0,0,0,0,0,0,0,0.0
Anomaloglossus tamacuarensis,Não Informado,NE,LC,0,0.000505004329004329,1,0,0,0,0,0,0,1,0,0,0,0,0,0,0,0,0,0,0,0,0,0,0,0,0,0.0
Scinax nebulosus,Não Informado,NE,LC,0,0.000505004329004329,1,1,1,1,0,0,0,1,1,0,0,1,0,0,0,0,0,0,0,0,0,0,0,0,0,0.0
Scinax lindsayi,Não Informado,NE,LC,0,0.000505004329004329,1,0,0,0,0,0,0,1,0,0,0,0,0,0,0,0,0,0,0,0,0,0,0,0,0,0.0
Scinax iquitorum,Não Informado,NE,LC,0,0.000505004329004329,1,0,0,0,0,0,0,1,0,0,0,0,0,0,0,0,0,0,0,0,0,0,0,0,0,0.0
Scinax ictericus,Não Informado,NE,LC,0,0.000505004329004329,1,0,0,0,0,0,0,1,0,0,0,0,0,0,0,0,0,0,0,0,0,0,0,0,0,0.0
Hetaerina amazonica,Libélula,NE,LC,0,0.000505004329004329,1,1,1,0,0,0,0,1,1,0,0,1,0,0,0,0,0,0,0,0,0,0,0,0,0,0.0
Hermanellopsis incertans,siriruia,NE,LC,0,0.000505004329004329,1,0,0,0,0,0,0,1,0,0,0,0,0,0,0,0,0,0,0,0,0,0,0,0,0,0.0
Hermanella maculipennis,"Efemérida, siriruia",NE,LC,0,0.000505004329004329,0,1,0,0,0,0,0,0,1,0,1,0,0,0,0,0,0,0,0,0,0,0,0,0,0,0.0
Hemiphractus scutatus,Spix's Horned Treefrog,NE,LC,0,0.000505004329004329,1,0,0,0,0,0,0,1,0,0,0,0,0,0,0,0,0,0,0,0,0,0,0,0,0,0.0
Heliocharis amazona,Libélula,NE,LC,0,0.000505004329004329,1,1,1,0,0,1,0,1,1,1,0,1,0,0,0,0,0,0,0,0,0,0,0,0,0,0.0
Harpagobaetis gulosus,Efemérida,NE,LC,0,0.000505004329004329,1,1,1,0,0,0,0,1,1,1,0,1,0,0,0,0,0,0,0,0,0,0,0,0,0,0.0
Scinax garbei,Não Informado,NE,LC,0,0.000505004329004329,1,0,0,0,0,0,0,1,0,0,0,1,0,0,0,0,0,0,0,0,0,0,0,0,0,0.0
Scinax fuscovarius,Perereca-de-banheiro,NE,LC,0,0.000505004329004329,1,1,1,1,1,1,0,1,1,1,1,1,0,0,0,0,0,0,0,0,0,0,0,0,0,0.0
Scinax fuscomarginatus,Pererequinha-do-brejo,NE,LC,0,0.000505004329004329,1,1,1,1,0,1,0,1,1,1,1,1,0,0,0,0,0,0,0,0,0,0,0,0,0,0.0
Scinax funereus,Moyobamba Snouted Treefrog,NE,LC,0,0.000505004329004329,1,0,0,0,0,0,0,1,0,0,0,0,0,0,0,0,0,0,0,0,0,0,0,0,0,0.0
Scinax proboscideus,Não Informado,NE,LC,0,0.000505004329004329,1,0,0,0,0,0,0,1,0,0,0,0,0,0,0,0,0,0,0,0,0,0,0,0,0,0.0
Scinax pedromedinae,Henle's Snouted Treefrog,NE,LC,0,0.000505004329004329,1,0,0,0,0,0,0,1,0,0,0,0,0,0,0,0,0,0,0,0,0,0,0,0,0,0.0
Anomaloglossus baeobatrachus,Não Informado,NE,LC,0,0.000505004329004329,1,0,0,0,0,0,0,1,0,0,0,0,0,0,0,0,0,0,0,0,0,0,0,0,0,0.0
Aphylla dentata,"lava-bunda, lavadeira, Libélula",NE,LC,0,0.000505004329004329,1,0,0,0,0,0,0,1,0,0,0,1,0,0,0,0,0,0,0,0,0,0,0,0,0,0.0
Camelobaetidius ortizi,Efemérida,NE,LC,0,0.000505004329004329,1,0,0,0,0,0,0,1,0,0,0,0,0,0,0,0,0,0,0,0,0,0,0,0,0,0.0
Camelobaetidius matilei,Efemérida,NE,LC,0,0.000505004329004329,1,0,0,0,0,0,0,1,0,0,0,0,0,0,0,0,0,0,0,0,0,0,0,0,0,0.0
Camelobaetidius leentvaari,Efemérida,NE,LC,0,0.000505004329004329,1,0,0,0,0,0,0,1,0,0,0,0,0,0,0,0,0,0,0,0,0,0,0,0,0,0.0
Orthemis regalis,Libélula,NE,LC,0,0.000505004329004329,1,0,0,0,0,0,0,1,0,0,0,0,0,0,0,0,0,0,0,0,0,0,0,0,0,0.0
Orthemis ferruginea,Libélula,NE,LC,0,0.000505004329004329,1,1,1,1,1,0,0,1,1,1,1,1,0,0,0,0,0,0,0,0,0,0,0,0,0,0.0
Orthemis discolor,Libélula,NE,LC,0,0.000505004329004329,1,1,1,1,1,0,0,1,1,1,1,1,0,0,0,0,0,0,0,0,0,0,0,0,0,0.0
Orthemis cultriformis,Libélula,NE,LC,0,0.000505004329004329,1,1,1,0,0,0,0,1,1,1,0,1,0,0,0,0,0,0,0,0,0,0,0,0,0,0.0
Orthemis coracina,Libélula,NE,LC,0,0.000505004329004329,1,0,0,0,0,0,0,1,0,0,0,0,0,0,0,0,0,0,0,0,0,0,0,0,0,0.0
Orthemis concolor,Libélula,NE,LC,0,0.000505004329004329,1,0,1,0,0,0,0,1,0,0,0,1,0,0,0,0,0,0,0,0,0,0,0,0,0,0.0
Orthemis biolleyi,Libélula,NE,LC,0,0.000505004329004329,1,0,1,0,0,0,0,1,1,0,0,1,0,0,0,0,0,0,0,0,0,0,0,0,0,0.0
Orthemis attenuata,Libélula,NE,LC,0,0.000505004329004329,1,1,1,0,1,0,0,1,1,1,1,1,0,0,0,0,0,0,0,0,0,0,0,0,0,0.0
Orthemis ambirufa,Libélula,NE,LC,0,0.000505004329004329,1,0,1,0,0,0,0,1,0,0,0,1,0,0,0,0,0,0,0,0,0,0,0,0,0,0.0
Scinax x-signatus,Não Informado,NE,LC,0,0.000505004329004329,1,1,1,1,1,0,0,1,1,1,1,1,0,0,0,0,0,0,0,0,0,0,0,0,0,0.0
Scinax ruberoculatus,Não Informado,NE,LC,0,0.000505004329004329,1,0,0,0,0,0,0,1,0,0,0,0,0,0,0,0,0,0,0,0,0,0,0,0,0,0.0
Hamptophryne boliviana,Bolivian Bleating Frog,NE,LC,0,0.000505004329004329,1,0,0,0,0,0,0,1,0,0,0,1,0,0,0,0,0,0,0,0,0,0,0,0,0,0.0
Halisarca caerulea,Esponja,NE,LC,0,0.000505004329004329,0,0,0,0,0,0,1,0,1,0,0,0,0,0,0,0,0,0,0,0,0,0,0,0,0,0.0
Elasmothemis cannacrioides,Libélula,NE,LC,0,0.000505004329004329,1,1,1,1,0,0,0,1,1,1,0,1,0,0,0,0,0,0,0,0,0,0,0,0,0,0.0
Orthemis aequilibris,Libélula,NE,LC,0,0.000505004329004329,1,1,1,1,0,0,0,1,1,1,0,1,0,0,0,0,0,0,0,0,0,0,0,0,0,0.0
Orthemis aciculata,Libélula,NE,LC,0,0.000505004329004329,1,0,0,0,0,0,0,1,0,0,0,0,0,0,0,0,0,0,0,0,0,0,0,0,0,0.0
Oreophrynella quelchii,Não Informado,NE,LC,0,0.000505004329004329,1,0,0,0,0,0,0,1,0,0,0,0,0,0,0,0,0,0,0,0,0,0,0,0,0,0.0
Oreobates quixensis,Não Informado,NE,LC,0,0.000505004329004329,1,0,0,0,0,0,0,1,0,0,0,0,0,0,0,0,0,0,0,0,0,0,0,0,0,0.0
Oncosclera spinifera,Esponja,NE,LC,0,0.000505004329004329,1,0,1,0,0,0,0,1,0,0,0,1,0,0,0,0,0,0,0,0,0,0,0,0,0,0.0
Oncosclera navicella,Esponja,NE,LC,0,0.000505004329004329,1,1,1,1,1,1,0,1,1,1,1,1,0,0,0,0,0,0,0,0,0,0,0,0,0,0.0
Oncosclera intermedia,Feltro-de-água,NE,LC,0,0.000505004329004329,1,0,0,0,0,0,0,1,0,0,0,0,0,0,0,0,0,0,0,0,0,0,0,0,0,0.0
Coelosphaera barbadensis,Esponja,NE,LC,0,0.000505004329004329,0,0,0,0,0,0,1,0,1,0,0,0,0,0,0,0,0,0,0,0,0,0,0,0,0,0.0
Elachistocleis helianneae,Não Informado,NE,LC,0,0.000505004329004329,1,0,0,0,0,0,0,1,0,0,0,0,0,0,0,0,0,0,0,0,0,0,0,0,0,0.0
Scinax ruber,Não Informado,NE,LC,0,0.000505004329004329,1,0,1,1,0,0,0,1,1,0,0,1,0,0,0,0,0,0,0,0,0,0,0,0,0,0.0
Scinax rostratus,Não Informado,NE,LC,0,0.000505004329004329,1,0,0,0,0,0,0,1,0,0,0,0,0,0,0,0,0,0,0,0,0,0,0,0,0,0.0
Amphioctopus burryi,polvo,NE,LC,0,0.000505004329004329,0,0,0,0,0,0,1,1,1,0,0,0,0,0,0,0,0,0,0,0,0,0,0,0,0,0.0
Americabaetis longetron,Efemérida,NE,LC,0,0.000505004329004329,1,1,1,0,1,0,0,1,1,1,1,1,0,0,0,0,0,0,0,0,0,0,0,0,0,0.0
Scyllarus chacei,Não Informado,NE,LC,0,0.000505004329004329,0,0,0,0,0,0,1,1,1,0,0,0,0,0,0,0,0,0,0,0,0,0,0,0,0,0.0
Scyllarus americanus,Não Informado,NE,LC,0,0.000505004329004329,0,0,0,0,0,0,1,1,1,0,0,0,0,0,0,0,0,0,0,0,0,0,0,0,0,0.0
Leucetta floridana,Esponja,NE,LC,0,0.000505004329004329,0,0,0,0,0,0,1,1,1,0,0,0,0,0,0,0,0,0,0,0,0,0,0,0,0,0.0
Leucandra hentschelii,Esponja,NE,LC,0,0.000505004329004329,0,0,0,0,0,0,1,0,1,0,0,0,0,0,0,0,0,0,0,0,0,0,0,0,0,0.0
Leucandra crosslandi,Esponja,NE,LC,0,0.000505004329004329,0,0,0,0,0,0,1,0,1,0,0,0,0,0,0,0,0,0,0,0,0,0,0,0,0,0.0
Lestes tricolor,Libélula,NE,LC,0,0.000505004329004329,1,1,0,0,1,0,0,1,1,1,1,0,0,0,0,0,0,0,0,0,0,0,0,0,0,0.0
Oligoneuria mitra,"Efemérida, Siriruia",NE,LC,0,0.000505004329004329,1,0,0,0,0,0,0,1,0,0,0,0,0,0,0,0,0,0,0,0,0,0,0,0,0,0.0
Oligoneuria amazonica,Efemérida,NE,LC,0,0.000505004329004329,1,0,1,0,0,0,0,1,1,0,0,1,0,0,0,0,0,0,0,0,0,0,0,0,0,0.0
Campsurus inusitatus,Efemérida,NE,LC,0,0.000505004329004329,1,0,0,0,0,0,0,1,0,0,0,1,0,0,0,0,0,0,0,0,0,0,0,0,0,0.0
Campsurus indivisus,Efemérida,NE,LC,0,0.000505004329004329,1,1,0,0,1,0,0,1,1,1,1,1,0,0,0,0,0,0,0,0,0,0,0,0,0,0.0
Campsurus homaulos,Efemérida,NE,LC,0,0.000505004329004329,1,0,0,0,0,0,0,1,0,0,0,0,0,0,0,0,0,0,0,0,0,0,0,0,0,0.0
Campsurus gracilipenis,Efemérida,NE,LC,0,0.000505004329004329,1,0,0,0,0,0,0,1,0,0,0,0,0,0,0,0,0,0,0,0,0,0,0,0,0,0.0
Campsurus fuliginatus,Efemérida,NE,LC,0,0.000505004329004329,1,0,0,0,0,0,0,1,0,0,0,0,0,0,0,0,0,0,0,0,0,0,0,0,0,0.0
Scyllarides delfosi,Não Informado,NE,LC,0,0.000505004329004329,0,0,0,0,0,0,1,1,1,0,1,0,0,0,0,0,0,0,0,0,0,0,0,0,0,0.0
Anatya guttata,Libélula,NE,LC,0,0.000505004329004329,1,1,1,0,0,0,0,1,1,1,0,1,0,0,0,0,0,0,0,0,0,0,0,0,0,0.0
Haliclona curacaoensis,Não Informado,NE,LC,0,0.000505004329004329,0,0,0,0,0,0,1,0,1,0,0,0,0,0,0,0,0,0,0,0,0,0,0,0,0,0.0
Campsurus essequibo,Efemérida,NE,LC,0,0.000505004329004329,1,0,0,0,0,0,0,1,0,0,0,0,0,0,0,0,0,0,0,0,0,0,0,0,0,0.0
Campsurus dasilvai,Efemérida,NE,LC,0,0.000505004329004329,1,0,0,0,0,0,0,1,0,0,0,0,0,0,0,0,0,0,0,0,0,0,0,0,0,0.0
Campsurus cuyuniensis,Efemérida,NE,LC,0,0.000505004329004329,1,0,0,0,0,0,0,1,0,0,0,0,0,0,0,0,0,0,0,0,0,0,0,0,0,0.0
Caminus sphaeroconia,Esponja,NE,LC,0,0.000505004329004329,0,0,0,0,0,0,1,0,1,0,0,0,0,0,0,0,0,0,0,0,0,0,0,0,0,0.0
Oligoclada xanthopleura,Libélula,NE,LC,0,0.000505004329004329,1,0,1,0,0,0,0,1,0,0,0,1,0,0,0,0,0,0,0,0,0,0,0,0,0,0.0
Oligoclada walkeri,Libélula,NE,LC,0,0.000505004329004329,1,0,1,0,0,0,0,1,0,0,0,1,0,0,0,0,0,0,0,0,0,0,0,0,0,0.0
Oligoclada sylvia,Libélula,NE,LC,0,0.000505004329004329,1,0,0,0,0,0,0,1,0,0,0,0,0,0,0,0,0,0,0,0,0,0,0,0,0,0.0
Oligoclada stenoptera,Libélula,NE,LC,0,0.000505004329004329,1,0,1,0,0,0,0,1,0,1,0,0,0,0,0,0,0,0,0,0,0,0,0,0,0,0.0
Oligoclada risi,Libélula,NE,LC,0,0.000505004329004329,1,0,0,0,0,0,0,1,0,0,0,0,0,0,0,0,0,0,0,0,0,0,0,0,0,0.0
Oligoclada pachystigma,Libélula,NE,LC,0,0.000505004329004329,1,0,1,0,0,0,0,1,0,1,0,1,0,0,0,0,0,0,0,0,0,0,0,0,0,0.0
Oligoclada monosticha,Libélula,NE,LC,0,0.000505004329004329,1,0,0,0,0,0,0,1,0,0,0,0,0,0,0,0,0,0,0,0,0,0,0,0,0,0.0
Halichondria melanadocia,Não Informado,NE,LC,0,0.000505004329004329,0,0,0,0,0,0,1,0,1,0,0,0,0,0,0,0,0,0,0,0,0,0,0,0,0,0.0
Hagenulopsis minuta,Efemérida,NE,LC,0,0.000505004329004329,1,1,1,1,0,0,0,1,1,1,0,1,0,0,0,0,0,0,0,0,0,0,0,0,0,0.0
Hagenulopsis diptera,Efemérida,NE,LC,0,0.000505004329004329,1,1,1,0,0,0,0,1,1,1,1,0,0,0,0,0,0,0,0,0,0,0,0,0,0,0.0
Gynacantha dryadula,Libélula,NE,LC,0,0.000505004329004329,1,0,0,0,0,0,0,1,0,0,0,0,0,0,0,0,0,0,0,0,0,0,0,0,0,0.0
Gynacantha bifida,Libélula,NE,LC,0,0.000505004329004329,1,1,0,0,1,0,0,1,1,1,1,0,0,0,0,0,0,0,0,0,0,0,0,0,0,0.0
Gynacantha auricularis,Libélula,NE,LC,0,0.000505004329004329,1,0,0,0,0,0,0,1,0,0,0,0,0,0,0,0,0,0,0,0,0,0,0,0,0,0.0
Grantia kempfi,Esponja,NE,LC,0,0.000505004329004329,0,0,0,0,0,0,1,1,1,0,0,0,0,0,0,0,0,0,0,0,0,0,0,0,0,0.0
Siphonops annulatus,Cecília,NE,LC,0,0.000505004329004329,1,1,1,1,1,0,0,1,1,1,1,1,0,0,0,0,0,0,0,0,0,0,0,0,0,0.0
Simothraulopsis sabalo,"Efemérida, Siriruia",NE,LC,0,0.000505004329004329,1,1,1,0,0,0,0,1,1,0,0,0,0,0,0,0,0,0,0,0,0,0,0,0,0,0.0
Simothraulopsis plesius,"Efemérida, Siriruia",NE,LC,0,0.000505004329004329,1,1,0,0,0,0,0,1,1,1,0,0,0,0,0,0,0,0,0,0,0,0,0,0,0,0.0
Americabaetis alphus,"Efemérida, Sarará",NE,LC,0,0.000505004329004329,1,1,1,1,0,0,0,1,1,1,1,1,0,0,0,0,0,0,0,0,0,0,0,0,0,0.0
Ameerega picta,Não Informado,NE,LC,0,0.000505004329004329,1,0,1,0,0,1,0,1,0,0,0,1,0,0,0,0,0,0,0,0,0,0,0,0,0,0.0
Ameerega petersi,Não Informado,NE,LC,0,0.000505004329004329,1,0,0,0,0,0,0,1,0,0,0,0,0,0,0,0,0,0,0,0,0,0,0,0,0,0.0
Ameerega hahneli,Não Informado,NE,LC,0,0.000505004329004329,1,0,0,0,0,0,0,1,0,0,0,0,0,0,0,0,0,0,0,0,0,0,0,0,0,0.0
Amazophrynella teko,Não Informado,NE,LC,0,0.000505004329004329,1,0,0,0,0,0,0,1,0,0,0,0,0,0,0,0,0,0,0,0,0,0,0,0,0,0.0
Amazophrynella moisesii,Não Informado,NE,LC,0,0.000505004329004329,1,0,0,0,0,0,0,1,0,0,0,0,0,0,0,0,0,0,0,0,0,0,0,0,0,0.0
Amazophrynella minuta,"Amazonian Tiny Tree Toad, Tiny Tree Toad",NE,LC,0,0.000505004329004329,1,0,0,0,0,0,0,1,0,0,0,0,0,0,0,0,0,0,0,0,0,0,0,0,0,0.0
Simothraulopsis demerara,Efemérida,NE,LC,0,0.000505004329004329,1,1,1,1,0,0,0,1,1,1,1,1,0,0,0,0,0,0,0,0,0,0,0,0,0,0.0
Anax amazili,"lava-bunda, lavadeira, Libélula",NE,LC,0,0.000505004329004329,1,1,1,0,1,0,0,1,1,1,1,1,0,0,0,0,0,0,0,0,0,0,0,0,0,0.0
Siphonops paulensis,Cecília,NE,LC,0,0.000505004329004329,1,1,1,1,1,1,0,1,1,1,1,1,0,0,0,0,0,0,0,0,0,0,0,0,0,0.0
Gynothemis pumila,Libélula,NE,LC,0,0.000505004329004329,1,0,1,0,0,0,0,1,0,0,0,1,0,0,0,0,0,0,0,0,0,0,0,0,0,0.0
Gynacantha tenuis,"lava-bunda, lavadeira, Libélula",NE,LC,0,0.000505004329004329,1,0,0,0,0,0,0,1,0,0,0,0,0,0,0,0,0,0,0,0,0,0,0,0,0,0.0
Gynacantha nervosa,Libélula,NE,LC,0,0.000505004329004329,1,1,1,1,0,0,0,1,1,1,0,1,0,0,0,0,0,0,0,0,0,0,0,0,0,0.0
Gynacantha membranalis,Libélula,NE,LC,0,0.000505004329004329,1,0,0,0,0,0,0,1,0,0,0,1,0,0,0,0,0,0,0,0,0,0,0,0,0,0.0
Oligoclada crocogaster,Libélula,NE,LC,0,0.000505004329004329,1,0,1,0,0,0,0,1,0,1,0,1,0,0,0,0,0,0,0,0,0,0,0,0,0,0.0
Oligoclada abbreviata,Libélula,NE,LC,0,0.000505004329004329,1,1,1,1,0,0,0,1,1,1,0,1,0,0,0,0,0,0,0,0,0,0,0,0,0,0.0
Octopoteuthis megaptera,Não Informado,NE,LC,0,0.000505004329004329,0,0,0,0,0,0,1,0,1,0,1,0,0,0,0,0,0,0,0,0,0,0,0,0,0,0.0
Campsurus yavari,Efemérida,NE,LC,0,0.000505004329004329,1,0,0,0,0,0,0,1,0,0,0,0,0,0,0,0,0,0,0,0,0,0,0,0,0,0.0
Campsurus violaceus,Efemérida,NE,LC,0,0.000505004329004329,1,1,1,1,1,1,0,1,1,1,1,1,0,0,0,0,0,0,0,0,0,0,0,0,0,0.0
Campsurus truncatus,Efemérida,NE,LC,0,0.000505004329004329,1,1,1,1,0,0,0,1,1,1,0,1,0,0,0,0,0,0,0,0,0,0,0,0,0,0.0
Campsurus segnis,Efemérida,NE,LC,0,0.000505004329004329,1,0,0,0,0,0,0,1,0,0,0,0,0,0,0,0,0,0,0,0,0,0,0,0,0,0.0
Campsurus pereirae,Efemérida,NE,LC,0,0.000505004329004329,1,0,1,0,0,0,0,1,0,0,0,1,0,0,0,0,0,0,0,0,0,0,0,0,0,0.0
Gynacantha litoralis,"lava-bunda, lavadeira, Libélula",NE,LC,0,0.000505004329004329,1,0,0,0,0,0,0,1,0,0,0,0,0,0,0,0,0,0,0,0,0,0,0,0,0,0.0
Gynacantha klagesi,"lava-bunda, lavadeira, Libélula",NE,LC,0,0.000505004329004329,1,0,0,0,0,0,0,1,0,0,0,0,0,0,0,0,0,0,0,0,0,0,0,0,0,0.0
Gynacantha interioris,"lava-bunda, lavadeira, Libélula",NE,LC,0,0.000505004329004329,1,0,1,0,0,0,0,1,0,0,0,1,0,0,0,0,0,0,0,0,0,0,0,0,0,0.0
Sphaenorhynchus carneus,Napo Lime Treefrog,NE,LC,0,0.000505004329004329,1,0,0,0,0,0,0,1,0,0,0,0,0,0,0,0,0,0,0,0,0,0,0,0,0,0.0
Spaniophlebia trailiae,"efemérida, siriruia",NE,LC,0,0.000505004329004329,1,0,1,0,0,0,0,1,0,1,0,1,0,0,0,0,0,0,0,0,0,0,0,0,0,0.0
Campsurus lucidus,Efemérida,NE,LC,0,0.000505004329004329,1,1,1,0,0,0,0,1,1,0,0,1,0,0,0,0,0,0,0,0,0,0,0,0,0,0.0
Campsurus janae,Efemérida,NE,LC,0,0.000505004329004329,1,0,0,0,0,0,0,1,0,0,0,0,0,0,0,0,0,0,0,0,0,0,0,0,0,0.0
Oceanapia peltata,Esponja,NE,LC,0,0.000505004329004329,0,0,0,0,0,0,1,0,1,0,0,0,0,0,0,0,0,0,0,0,0,0,0,0,0,0.0
Oceanapia oleracea,Esponja,NE,LC,0,0.000505004329004329,0,0,0,0,0,0,1,0,1,0,0,0,0,0,0,0,0,0,0,0,0,0,0,0,0,0.0
Oceanapia bartschi,Esponja,NE,LC,0,0.000505004329004329,0,0,0,0,0,0,1,1,1,0,0,0,0,0,0,0,0,0,0,0,0,0,0,0,0,0.0
Oceanapia ascidia,Esponja,NE,LC,0,0.000505004329004329,0,0,0,0,0,0,1,0,1,0,0,0,0,0,0,0,0,0,0,0,0,0,0,0,0,0.0
Lithodytes lineatus,Não Informado,NE,LC,0,0.000505004329004329,1,0,1,0,0,0,0,1,1,0,0,1,0,0,0,0,0,0,0,0,0,0,0,0,0,0.0
Lithobates palmipes,Não Informado,NE,LC,0,0.000505004329004329,1,1,1,0,0,0,0,1,1,0,0,1,0,0,0,0,0,0,0,0,0,0,0,0,0,0.0
Amanahyphes saguassu,efemérida,NE,LC,0,0.000505004329004329,1,0,1,0,0,0,0,1,0,0,0,1,0,0,0,0,0,0,0,0,0,0,0,0,0,0.0
Alpheus cristulifrons,Não Informado,NE,LC,0,0.000505004329004329,0,0,0,0,0,0,1,0,1,0,0,0,0,0,0,0,0,0,0,0,0,0,0,0,0,0.0
Alloretochus peruanicus,efemérida,NE,LC,0,0.000505004329004329,1,0,0,0,0,0,0,1,0,0,0,0,0,0,0,0,0,0,0,0,0,0,0,0,0,0.0
Allophryne ruthveni,Não Informado,NE,LC,0,0.000505004329004329,1,0,0,0,0,0,0,1,0,0,0,1,0,0,0,0,0,0,0,0,0,0,0,0,0,0.0
Solanderia gracilis,Não Informado,NE,LC,0,0.000505004329004329,0,0,0,0,0,0,1,0,1,0,0,0,0,0,0,0,0,0,0,0,0,0,0,0,0,0.0
Sipunculus lomonossovi,Não Informado,NE,DD,0,0.000505004329004329,0,0,0,0,0,0,1,0,1,0,0,0,0,0,0,0,0,0,0,0,0,0,0,0,0,0.0
Engystomops petersi,Peters’ Dwarf Frog,NE,LC,0,0.000505004329004329,1,0,0,0,0,0,0,1,0,0,0,0,0,0,0,0,0,0,0,0,0,0,0,0,0,0.0
Engystomops freibergi,Freiberg's Dwarf Frog,NE,LC,0,0.000505004329004329,1,0,0,0,0,0,0,1,0,0,0,0,0,0,0,0,0,0,0,0,0,0,0,0,0,0.0
Corallistes typus,Esponja,NE,LC,0,0.000505004329004329,0,0,0,0,0,0,1,0,1,0,1,0,0,0,0,0,0,0,0,0,0,0,0,0,0,0.0
Notodiaptomus maracaibensis,"copépode, Copépode",NE,LC,0,0.000505004329004329,1,0,0,0,0,0,0,1,0,0,0,0,0,0,0,0,0,0,0,0,0,0,0,0,0,0.0
Noblella myrmecoides,Loreto Leaf Frog,NE,LC,0,0.000505004329004329,1,0,0,0,0,0,0,1,0,0,0,0,0,0,0,0,0,0,0,0,0,0,0,0,0,0.0
Niphates lutea,Esponja,NE,LC,0,0.000505004329004329,0,0,0,0,0,0,1,0,1,0,0,0,0,0,0,0,0,0,0,0,0,0,0,0,0,0.0
Nicola tetela,Esponja,NE,LC,0,0.000505004329004329,0,0,0,0,0,0,1,0,1,0,0,0,0,0,0,0,0,0,0,0,0,0,0,0,0,0.0
Elga leptostyla,Libélula,NE,LC,0,0.000505004329004329,1,1,1,0,0,0,0,1,1,1,0,1,0,0,0,0,0,0,0,0,0,0,0,0,0,0.0
Elasmothemis williamsoni,Libélula,NE,LC,0,0.000505004329004329,1,0,1,0,0,0,0,1,0,1,0,1,0,0,0,0,0,0,0,0,0,0,0,0,0,0.0
Sphaenorhynchus lacteus,"Orange Frog, Orinoco Lime Treefrog",NE,LC,0,0.000505004329004329,1,0,0,1,0,0,0,1,1,0,0,0,0,0,0,0,0,0,0,0,0,0,0,0,0,0.0
Sphaenorhynchus dorisae,Doris' Lime Treefrog,NE,LC,0,0.000505004329004329,1,0,0,0,0,0,0,1,0,0,0,0,0,0,0,0,0,0,0,0,0,0,0,0,0,0.0
Allophryne resplendens,Resplendent Frog,NE,LC,0,0.000505004329004329,1,0,0,0,0,0,0,1,0,0,0,0,0,0,0,0,0,0,0,0,0,0,0,0,0,0.0
Allobates trilineatus,Não Informado,NE,LC,0,0.000505004329004329,1,0,0,0,0,0,0,1,0,0,0,0,0,0,0,0,0,0,0,0,0,0,0,0,0,0.0
Allobates paleovarzensis,Não Informado,NE,LC,0,0.000505004329004329,1,0,0,0,0,0,0,1,0,0,0,0,0,0,0,0,0,0,0,0,0,0,0,0,0,0.0
Allobates myersi,Não Informado,NE,LC,0,0.000505004329004329,1,0,0,0,0,0,0,1,0,0,0,0,0,0,0,0,0,0,0,0,0,0,0,0,0,0.0
Allobates marchesianus,Dull Rocket Frog,NE,LC,0,0.000505004329004329,1,0,0,0,0,0,0,1,0,0,0,0,0,0,0,0,0,0,0,0,0,0,0,0,0,0.0
Fylgia amazonica,Libélula,NE,LC,0,0.000505004329004329,1,0,1,0,0,0,0,1,1,0,0,1,0,0,0,0,0,0,0,0,0,0,0,0,0,0.0
Sylviocarcinus devillei,Caranguejo-de-água-doce,NE,LC,0,0.000505004329004329,1,0,1,0,0,0,0,1,0,0,0,1,0,0,0,0,0,0,0,0,0,0,0,0,0,0.0
Sycettusa flamma,Esponja,NE,LC,0,0.000505004329004329,0,0,0,0,0,0,1,1,1,0,0,0,0,0,0,0,0,0,0,0,0,0,0,0,0,0.0
Stylaster roseus,Não Informado,NE,LC,0,0.000505004329004329,0,0,0,0,0,0,1,0,1,0,0,0,0,0,0,0,0,0,0,0,0,0,0,0,0,0.0
Strabomantis sulcatus,Não Informado,NE,LC,0,0.000505004329004329,1,0,0,0,0,0,0,1,0,0,0,0,0,0,0,0,0,0,0,0,0,0,0,0,0,0.0
Stichopathes occidentalis,Não Informado,NE,LC,0,0.000505004329004329,0,0,0,0,0,0,1,0,1,0,0,0,0,0,0,0,0,0,0,0,0,0,0,0,0,0.0
Stephanocyathus paliferus,Não Informado,NE,LC,0,0.000505004329004329,0,0,0,0,0,0,1,0,1,0,0,0,0,0,0,0,0,0,0,0,0,0,0,0,0,0.0
Stephanocyathus laevifundus,Não Informado,NE,LC,0,0.000505004329004329,0,0,0,0,0,0,1,0,1,0,0,0,0,0,0,0,0,0,0,0,0,0,0,0,0,0.0
Stephanocyathus coronatus,Não Informado,NE,LC,0,0.000505004329004329,0,0,0,0,0,0,1,0,1,0,0,0,0,0,0,0,0,0,0,0,0,0,0,0,0,0.0
Stenocyathus vermiformis,Não Informado,NE,LC,0,0.000505004329004329,0,0,0,0,0,0,1,0,1,0,0,0,0,0,0,0,0,0,0,0,0,0,0,0,0,0.0
Stelletta kallitetilla,Esponja,NE,LC,0,0.000505004329004329,0,0,0,0,0,0,1,0,1,0,0,0,0,0,0,0,0,0,0,0,0,0,0,0,0,0.0
Stefania tamacuarina,Não Informado,NE,LC,0,0.000505004329004329,1,0,0,0,0,0,0,1,0,0,0,0,0,0,0,0,0,0,0,0,0,0,0,0,0,0.0
Staurophlebia wayana,Libélula,NE,LC,0,0.000505004329004329,1,0,1,0,0,0,0,1,0,0,0,1,0,0,0,0,0,0,0,0,0,0,0,0,0,0.0
Spiritiops silvudus,Efemérida,NE,LC,0,0.000505004329004329,1,1,1,1,0,0,0,1,1,0,0,1,0,0,0,0,0,0,0,0,0,0,0,0,0,0.0
Goyazana rotundicauda,Caranguejo-de-água-doce,NE,LC,0,0.000505004329004329,1,0,0,0,0,0,0,1,0,0,0,0,0,0,0,0,0,0,0,0,0,0,0,0,0,0.0
Goyazana castelnaui,Caranguejo-de-água-doce,NE,LC,0,0.000505004329004329,1,0,1,1,0,0,1,1,1,0,0,1,0,0,0,0,0,0,0,0,0,0,0,0,0,0.0
Synalpheus hemphilli,Não Informado,NE,LC,0,0.000505004329004329,0,0,0,0,0,0,1,0,1,0,0,0,0,0,0,0,0,0,0,0,0,0,0,0,0,0.0
Sympetrum roraimae,Libélula,NE,LC,0,0.000505004329004329,1,0,0,0,0,0,0,1,0,0,0,0,0,0,0,0,0,0,0,0,0,0,0,0,0,0.0
Sylviocarcinus pictus,Caranguejo-de-água-doce,NE,LC,0,0.000505004329004329,1,0,1,1,0,0,0,1,1,0,0,0,0,0,0,0,0,0,0,0,0,0,0,0,0,0.0
Sylviocarcinus maldonadoensis,Caranguejo-de-água-doce,NE,LC,0,0.000505004329004329,1,0,0,0,0,0,0,1,0,0,0,0,0,0,0,0,0,0,0,0,0,0,0,0,0,0.0
Geodia neptuni,Esponja,NE,LC,0,0.000505004329004329,0,0,0,0,0,0,1,1,1,0,0,0,0,0,0,0,0,0,0,0,0,0,0,0,0,0.0
Nicella gracilis,Não Informado,NE,LC,0,0.000505004329004329,0,0,0,0,0,0,1,0,1,0,0,0,0,0,0,0,0,0,0,0,0,0,0,0,0,0.0
Nicella goreaui,Não Informado,NE,LC,0,0.000505004329004329,0,0,0,0,0,0,1,0,1,0,0,0,0,0,0,0,0,0,0,0,0,0,0,0,0,0.0
Nicella americana,Não Informado,NE,LC,0,0.000505004329004329,0,0,0,0,0,0,1,0,1,0,0,0,0,0,0,0,0,0,0,0,0,0,0,0,0,0.0
Neuraeschna harpya,Libélula,NE,LC,0,0.000505004329004329,1,0,0,0,0,0,0,1,0,0,0,0,0,0,0,0,0,0,0,0,0,0,0,0,0,0.0
Neuraeschna dentigera,Libélula,NE,LC,0,0.000505004329004329,1,0,0,0,0,0,0,1,0,0,0,0,0,0,0,0,0,0,0,0,0,0,0,0,0,0.0
Neuraeschna claviforcipata,Libélula,NE,LC,0,0.000505004329004329,1,0,1,0,0,0,0,1,0,1,0,0,0,0,0,0,0,0,0,0,0,0,0,0,0,0.0
Neuraeschna calverti,Libélula,NE,LC,0,0.000505004329004329,1,0,0,0,0,0,0,1,0,0,0,0,0,0,0,0,0,0,0,0,0,0,0,0,0,0.0
Nephepeltia phryne,Libélula,NE,LC,0,0.000505004329004329,1,1,1,0,0,1,1,1,1,1,1,1,0,0,0,0,0,0,0,0,0,0,0,0,0,0.0
Nephepeltia flavipennis,Libélula,NE,LC,0,0.000505004329004329,1,0,0,0,0,0,0,1,0,0,0,0,0,0,0,0,0,0,0,0,0,0,0,0,0,0.0
Nephepeltia flavifrons,Libélula,NE,LC,0,0.000505004329004329,1,1,1,0,1,0,0,1,1,1,1,1,0,0,0,0,0,0,0,0,0,0,0,0,0,0.0
Gastrophanella cavernicola,Esponja,NE,LC,0,0.000505004329004329,0,0,0,0,0,0,1,0,1,0,0,0,0,0,0,0,0,0,0,0,0,0,0,0,0,0.0
Allobates flaviventris,Yellow-bellied Stream Frog,NE,LC,0,0.000505004329004329,1,0,0,0,0,0,0,1,0,0,0,0,0,0,0,0,0,0,0,0,0,0,0,0,0,0.0
Allobates femoralis,Não Informado,NE,LC,0,0.000505004329004329,1,0,0,0,0,0,0,1,0,0,0,1,0,0,0,0,0,0,0,0,0,0,0,0,0,0.0
Allobates conspicuus,Não Informado,NE,LC,0,0.000505004329004329,1,0,0,0,0,0,0,1,0,0,0,0,0,0,0,0,0,0,0,0,0,0,0,0,0,0.0
Alatina alata,Não Informado,NE,LC,0,0.000505004329004329,0,0,0,0,0,0,1,0,1,0,0,0,0,0,0,0,0,0,0,0,0,0,0,0,0,0.0
Neoneura sylvatica,Libélula,NE,LC,0,0.000505004329004329,1,1,1,1,0,0,0,1,1,1,0,1,0,0,0,0,0,0,0,0,0,0,0,0,0,0.0
Neoneura rufithorax,Libélula,NE,LC,0,0.000505004329004329,1,0,0,0,0,0,0,1,0,0,0,0,0,0,0,0,0,0,0,0,0,0,0,0,0,0.0
Neoneura rubriventris,Libélula,NE,LC,0,0.000505004329004329,1,0,1,0,0,0,0,1,0,0,0,1,0,0,0,0,0,0,0,0,0,0,0,0,0,0.0
Neoneura myrthea,Libélula,NE,LC,0,0.000505004329004329,1,0,0,0,0,0,0,1,0,0,0,0,0,0,0,0,0,0,0,0,0,0,0,0,0,0.0
Neoneura luzmarina,Libélula,NE,LC,0,0.000505004329004329,1,0,0,0,0,0,0,1,1,0,0,1,0,0,0,0,0,0,0,0,0,0,0,0,0,0.0
Neoneura joana,Libélula,NE,LC,0,0.000505004329004329,1,0,0,0,0,0,0,1,0,0,0,0,0,0,0,0,0,0,0,0,0,0,0,0,0,0.0
Neoneura fulvicollis,Libélula,NE,LC,0,0.000505004329004329,1,1,1,0,0,1,0,1,1,1,0,1,0,0,0,0,0,0,0,0,0,0,0,0,0,0.0
Neoneura desana,Libélula,NE,LC,0,0.000505004329004329,1,0,0,0,0,0,0,1,0,0,0,0,0,0,0,0,0,0,0,0,0,0,0,0,0,0.0
Neoneura denticulata,Libélula,NE,LC,0,0.000505004329004329,1,0,1,0,0,0,0,1,0,0,0,1,0,0,0,0,0,0,0,0,0,0,0,0,0,0.0
Synapturanus salseri,Timbo Disc Frog,NE,LC,0,0.000505004329004329,1,0,0,0,0,0,0,1,0,0,0,0,0,0,0,0,0,0,0,0,0,0,0,0,0,0.0
Synapturanus mirandaribeiroi,Miranda's Disc Frog,NE,LC,0,0.000505004329004329,1,0,0,0,0,0,0,1,0,0,0,0,0,0,0,0,0,0,0,0,0,0,0,0,0,0.0
Synalpheus sanctithomae,Não Informado,NE,LC,0,0.000505004329004329,0,0,0,0,0,0,1,0,1,0,0,0,0,0,0,0,0,0,0,0,0,0,0,0,0,0.0
Epipleoneura fuscaenea,"agulhinha, donzelinha, lava-bunda, lavadeira, Libélula",NE,LC,0,0.000505004329004329,1,0,0,0,0,0,0,1,0,0,0,0,0,0,0,0,0,0,0,0,0,0,0,0,0,0.0
Epipleoneura demarmelsi,"agulhinha, donzelinha, lava-bunda, lavadeira, Libélula",NE,LC,0,0.000505004329004329,1,0,0,0,0,0,0,1,0,0,0,0,0,0,0,0,0,0,0,0,0,0,0,0,0,0.0
Epipleoneura capilliformis,Libélula,NE,LC,0,0.000505004329004329,1,0,1,0,0,0,0,1,0,0,0,1,0,0,0,0,0,0,0,0,0,0,0,0,0,0.0
Campylocia demoulini,Efemérida,NE,LC,0,0.000505004329004329,1,0,1,0,0,0,0,1,0,0,0,0,0,0,0,0,0,0,0,0,0,0,0,0,0,0.0
Neocordulia batesi,Libélula,NE,LC,0,0.000505004329004329,1,0,0,0,0,0,0,1,0,0,0,0,0,0,0,0,0,0,0,0,0,0,0,0,0,0.0
Neocallichirus maryae,Não Informado,NE,LC,0,0.000505004329004329,0,0,0,0,0,0,1,0,1,0,0,0,0,0,0,0,0,0,0,0,0,0,0,0,0,0.0
Cloeodes hydation,Efemérida,NE,LC,0,0.000505004329004329,1,1,1,0,0,1,0,1,1,1,0,1,0,0,0,0,0,0,0,0,0,0,0,0,0,0.0
Lysapsus laevis,Rã-paradoxal,NE,LC,0,0.000505004329004329,1,0,0,0,0,0,0,1,0,0,0,0,0,0,0,0,0,0,0,0,0,0,0,0,0,0.0
Lysapsus bolivianus,Não Informado,NE,LC,0,0.000505004329004329,1,0,0,0,0,0,0,1,0,0,0,0,0,0,0,0,0,0,0,0,0,0,0,0,0,0.0
Epigomphus hylaeus,Libélula,NE,LC,0,0.000505004329004329,1,0,1,0,0,0,0,1,0,0,0,1,0,0,0,0,0,0,0,0,0,0,0,0,0,0.0
Ephydatia facunda,Esponja de água doce,NE,LC,0,0.000505004329004329,0,1,0,0,1,0,0,0,1,0,1,0,0,0,0,0,0,0,0,0,0,0,0,0,0,0.0
Fredyagrion aculeatum,"Agulhinha, Donzelinha, Donzelinha das bromélias, Lava-bunda, Lavadeira, Libélula, Libélula das bromélias",NE,LC,0,0.000505004329004329,1,0,0,0,0,0,0,1,0,0,0,0,0,0,0,0,0,0,0,0,0,0,0,0,0,0.0
Telebasis coccinea,Libélula,NE,LC,0,0.000505004329004329,1,0,1,0,0,0,0,1,1,1,0,1,0,0,0,0,0,0,0,0,0,0,0,0,0,0.0
Tauriphila risi,Libélula,NE,LC,0,0.000505004329004329,1,0,0,0,1,0,0,1,0,0,1,0,0,0,0,0,0,0,0,0,0,0,0,0,0,0.0
Tauriphila australis,Libélula,NE,LC,0,0.000505004329004329,1,1,1,1,0,1,0,1,1,0,0,1,0,0,0,0,0,0,0,0,0,0,0,0,0,0.0
Tauriphila argo,Libélula,NE,LC,0,0.000505004329004329,1,1,1,0,1,0,0,1,1,1,1,1,0,0,0,0,0,0,0,0,0,0,0,0,0,0.0
Telebasis rubricauda,Libélula,NE,LC,0,0.000505004329004329,1,0,0,0,0,0,0,1,0,0,0,0,0,0,0,0,0,0,0,0,0,0,0,0,0,0.0
Agelas wiedenmayeri,Não Informado,NE,LC,0,0.000505004329004329,0,0,0,0,0,0,1,0,1,0,0,0,0,0,0,0,0,0,0,0,0,0,0,0,0,0.0
Agelas tubulata,Esponja-do-mar,NE,LC,0,0.000505004329004329,0,0,0,0,0,0,1,0,1,0,0,0,0,0,0,0,0,0,0,0,0,0,0,0,0,0.0
Lophocalyx reiswigi,Esponja,NE,LC,0,0.000505004329004329,0,0,0,0,0,0,1,0,1,0,0,0,0,0,0,0,0,0,0,0,0,0,0,0,0,0.0
Nectoteuthis pourtalesi,Não Informado,NE,LC,0,0.000505004329004329,0,0,0,0,0,0,1,0,1,0,0,0,0,0,0,0,0,0,0,0,0,0,0,0,0,0.0
Nectocaecilia petersii,Upper Amazon Caecilian,NE,LC,0,0.000505004329004329,1,0,0,0,0,0,0,1,0,0,0,0,0,0,0,0,0,0,0,0,0,0,0,0,0,0.0
Macrobrachium jelski,"Agar River Prawn, Camarão Algueiro (português), Camarão Fantasma, Camarão-sossego, Camarão Sossego, Ghost Shrimp (inglês)., Glass Shrimp",NE,LC,0,0.000505004329004329,1,1,1,0,0,0,0,1,1,1,1,1,0,0,0,0,0,0,0,0,0,0,0,0,0,0.0
Macrobrachium ferreirai,Não Informado,NE,LC,0,0.000505004329004329,1,0,0,0,0,0,0,1,0,0,0,1,0,0,0,0,0,0,0,0,0,0,0,0,0,0.0
Telebasis racenisi,Libélula,NE,LC,0,0.000505004329004329,1,0,1,0,0,0,0,1,0,0,0,1,0,0,0,0,0,0,0,0,0,0,0,0,0,0.0
Telebasis inalata,Libélula,NE,LC,0,0.000505004329004329,1,0,0,0,0,0,0,1,0,0,0,0,0,0,0,0,0,0,0,0,0,0,0,0,0,0.0
Telebasis griffinii,Libélula,NE,LC,0,0.000505004329004329,1,1,1,0,0,0,0,1,1,1,0,1,0,0,0,0,0,0,0,0,0,0,0,0,0,0.0
Telebasis filiola,Libélula,NE,LC,0,0.000505004329004329,1,1,1,0,0,0,1,1,1,1,1,0,0,0,0,0,0,0,0,0,0,0,0,0,0,0.0
Telebasis demarara,Libélula,NE,LC,0,0.000505004329004329,1,0,1,0,0,0,0,1,1,0,0,0,0,0,0,0,0,0,0,0,0,0,0,0,0,0.0
Telebasis corbeti,Libélula,NE,LC,0,0.000505004329004329,1,0,0,0,0,0,0,1,0,0,0,0,0,0,0,0,0,0,0,0,0,0,0,0,0,0.0
Telebasis corallina,"Agulhinha, Donzelinha, Lava-bunda, Lavadeira, Libélula",NE,LC,0,0.000505004329004329,1,1,1,0,1,0,0,1,1,1,1,1,0,0,0,0,0,0,0,0,0,0,0,0,0,0.0
Epipleoneura humeralis,"agulhinha, donzelinha, lava-bunda, lavadeira, Libélula",NE,LC,0,0.000505004329004329,1,0,0,0,0,0,0,1,0,0,0,0,0,0,0,0,0,0,0,0,0,0,0,0,0,0.0
Aeschnosoma auripennis,"Lava-bunda, Lavadeira, Libélula",NE,LC,0,0.000505004329004329,1,0,1,0,0,0,0,1,0,0,0,1,0,0,0,0,0,0,0,0,0,0,0,0,0,0.0
Macrobrachium carcinus,Pitu,NE,LC,0,0.000505004329004329,1,1,1,1,0,0,1,1,1,1,1,0,0,0,0,0,0,0,0,0,0,0,0,0,0,0.0
Macrobrachium brasiliense,Não Informado,NE,LC,0,0.000505004329004329,1,0,0,0,0,0,0,1,0,0,1,1,0,0,0,0,0,0,0,0,0,0,0,0,0,0.0
Macrobrachium amazonicum,"Camarão-canela, Camarão cascudo, Camarão da Amazônia, Camarão Fantasma, Camarão sossego (Pará) (Português).",NE,LC,0,0.000505004329004329,1,0,1,0,0,0,0,1,1,0,0,0,0,0,0,0,0,0,0,0,0,0,0,0,0,0.0
Macrobrachium acanthurus,Camarão-canela,NE,LC,0,0.000505004329004329,1,1,1,1,0,0,1,1,1,1,1,0,0,0,0,0,0,0,0,0,0,0,0,0,0,0.0
Chalcopteryx seabrai,"donzelinha, lava-bunda, lavadeira, Libélula",NE,LC,0,0.000505004329004329,1,0,0,0,0,0,0,1,0,0,0,0,0,0,0,0,0,0,0,0,0,0,0,0,0,0.0
Chalcopteryx scintillans,Libélula,NE,LC,0,0.000505004329004329,1,0,0,0,0,0,0,1,0,0,0,1,0,0,0,0,0,0,0,0,0,0,0,0,0,0.0
Chalcopteryx rutilans,"Lava-bunda, Lavadeira, Libélula",NE,LC,0,0.000505004329004329,1,0,1,0,0,0,0,1,0,0,0,1,0,0,0,0,0,0,0,0,0,0,0,0,0,0.0
Ceuthomantis cavernibardus,Não Informado,NE,LC,0,0.000505004329004329,1,0,0,0,0,0,0,1,0,0,0,0,0,0,0,0,0,0,0,0,0,0,0,0,0,0.0
Cervicornia cuspidifera,Esponja,NE,LC,0,0.000505004329004329,0,0,0,0,0,0,1,0,1,0,0,0,0,0,0,0,0,0,0,0,0,0,0,0,0,0.0
Aeolagrion dorsale,"agulhinha, donzelinha, lava-bunda, lavadeira, Libélula",NE,LC,0,0.000505004329004329,1,0,1,0,0,0,0,1,0,0,0,1,0,0,0,0,0,0,0,0,0,0,0,0,0,0.0
Terpides guyanensis,"efemérida, siriruia",NE,LC,0,0.000505004329004329,1,0,0,0,0,0,0,1,0,0,0,0,0,0,0,0,0,0,0,0,0,0,0,0,0,0.0
Teratohyla midas,Santa Cecilia Cochran Frog,NE,LC,0,0.000505004329004329,1,0,0,0,0,0,0,1,1,0,0,0,0,0,0,0,0,0,0,0,0,0,0,0,0,0.0
Teratohyla adenocheira,Perereca-de-vidro,NE,LC,0,0.000505004329004329,1,0,0,0,0,0,0,1,0,0,0,1,0,0,0,0,0,0,0,0,0,0,0,0,0,0.0
Telebasis simulata,Libélula,NE,LC,0,0.000505004329004329,1,0,0,0,0,0,0,1,0,0,0,0,0,0,0,0,0,0,0,0,0,0,0,0,0,0.0
Telebasis sanguinalis,Libélula,NE,LC,0,0.000505004329004329,1,0,1,0,0,0,0,1,1,0,0,1,0,0,0,0,0,0,0,0,0,0,0,0,0,0.0
Adenomera andreae,Não Informado,NE,LC,0,0.000505004329004329,1,0,1,1,0,0,0,1,1,0,0,1,0,0,0,0,0,0,0,0,0,0,0,0,0,0.0
Thraulodes marreroi,"Efemérida, Siriruia",NE,LC,0,0.000505004329004329,1,0,1,0,0,0,0,1,1,0,0,0,0,0,0,0,0,0,0,0,0,0,0,0,0,0.0
Tholymis citrina,Libélula,NE,LC,0,0.000505004329004329,1,1,1,0,0,0,0,1,1,1,0,1,0,0,0,0,0,0,0,0,0,0,0,0,0,0.0
Fredius stenolobus,Caranguejo-de-água-doce,NE,LC,0,0.000505004329004329,1,0,0,0,0,0,0,1,0,0,0,0,0,0,0,0,0,0,0,0,0,0,0,0,0,0.0
Fredius reflexifrons,Caranguejo-de-água-doce,NE,LC,0,0.000505004329004329,1,0,0,1,0,0,0,1,1,0,0,0,0,0,0,0,0,0,0,0,0,0,0,0,0,0.0
Fredius platyacanthus,Caranguejo-de-água-doce,NE,LC,0,0.000505004329004329,1,0,0,0,0,0,0,1,0,0,0,0,0,0,0,0,0,0,0,0,0,0,0,0,0,0.0
Fredius fittkaui,Não Informado,NE,LC,0,0.000505004329004329,1,0,0,0,0,0,0,1,0,0,0,0,0,0,0,0,0,0,0,0,0,0,0,0,0,0.0
Fredius estevisi,Caranguejo-de-água-doce,NE,LC,0,0.000505004329004329,1,0,0,0,0,0,0,1,0,0,0,0,0,0,0,0,0,0,0,0,0,0,0,0,0,0.0
Fredius denticulatus,Caranguejo-de-água-doce,NE,LC,0,0.000505004329004329,1,0,0,0,0,0,0,1,0,0,0,0,0,0,0,0,0,0,0,0,0,0,0,0,0,0.0
Fredilocarcinus apyratii,"Caranguejo-de-água-doce, Caranguejo de água doce (Português)",NE,LC,0,0.000505004329004329,1,0,0,0,0,0,0,1,0,0,0,0,0,0,0,0,0,0,0,0,0,0,0,0,0,0.0
Epipleoneura venezuelensis,Libélula,NE,LC,0,0.000505004329004329,1,1,1,0,0,0,0,1,1,1,1,1,0,0,0,0,0,0,0,0,0,0,0,0,0,0.0
Epipleoneura uncinata,"agulhinha, donzelinha, lava-bunda, lavadeira, Libélula",NE,LC,0,0.000505004329004329,1,0,0,0,0,0,0,1,0,0,0,0,0,0,0,0,0,0,0,0,0,0,0,0,0,0.0
Epipleoneura tariana,Libélula,NE,LC,0,0.000505004329004329,1,0,0,0,0,0,0,1,0,0,0,0,0,0,0,0,0,0,0,0,0,0,0,0,0,0.0
Epipleoneura spatulata,"agulhinha, donzelinha, lava-bunda, lavadeira, Libélula",NE,LC,0,0.000505004329004329,1,0,0,0,0,0,0,1,0,0,0,0,0,0,0,0,0,0,0,0,0,0,0,0,0,0.0
Thelogorgia studeri,Não Informado,NE,LC,0,0.000505004329004329,0,0,0,0,0,0,1,1,1,0,0,0,0,0,0,0,0,0,0,0,0,0,0,0,0,0.0
Aeschnosoma forcipula,"Lava-bunda, Lavadeira, Libélula",NE,LC,0,0.000505004329004329,1,0,0,0,0,0,0,1,0,0,0,1,0,0,0,0,0,0,0,0,0,0,0,0,0,0.0
Epipleoneura pereirai,Libélula,NE,LC,0,0.000505004329004329,1,0,0,0,0,0,0,1,0,0,0,0,0,0,0,0,0,0,0,0,0,0,0,0,0,0.0
Epipleoneura metallica,Libélula,NE,LC,0,0.000505004329004329,1,1,1,0,0,0,0,1,1,1,0,1,0,0,0,0,0,0,0,0,0,0,0,0,0,0.0
Epipleoneura manauensis,Libélula,NE,LC,0,0.000505004329004329,1,0,0,0,0,0,0,1,0,0,0,0,0,0,0,0,0,0,0,0,0,0,0,0,0,0.0
Epipleoneura lamina,Libélula,NE,LC,0,0.000505004329004329,1,0,0,0,0,0,0,1,0,0,0,0,0,0,0,0,0,0,0,0,0,0,0,0,0,0.0
Fittkauneuria adusta,"efemérida, siriruia",NE,LC,0,0.000505004329004329,1,0,0,0,0,0,0,1,0,0,0,0,0,0,0,0,0,0,0,0,0,0,0,0,0,0.0
Fittkaulus maculatus,Efemérida,NE,LC,0,0.000505004329004329,1,0,0,0,0,0,0,1,0,0,0,0,0,0,0,0,0,0,0,0,0,0,0,0,0,0.0
Ceratophrys cornuta,"Bell's Ceratophrys, Horned Frog, Horned Toad, Rana Cornuda, Sapo Cuaima Cornudo, Surinam Horned Frog",NE,LC,0,0.000505004329004329,1,0,0,0,0,0,0,1,0,0,0,1,0,0,0,0,0,0,0,0,0,0,0,0,0,0.0
Muriceopsis petila,Não Informado,NE,LC,0,0.000505004329004329,0,0,0,0,0,0,1,0,1,0,1,0,0,0,0,0,0,0,0,0,0,0,0,0,0,0.0
Muriceopsis flavida,Não Informado,NE,LC,0,0.000505004329004329,0,0,0,0,0,0,1,0,1,0,0,0,0,0,0,0,0,0,0,0,0,0,0,0,0,0.0
Muriceopsis bayeriana,Não Informado,NE,DD,0,0.000505004329004329,0,0,0,0,0,0,1,0,1,0,0,0,0,0,0,0,0,0,0,0,0,0,0,0,0,0.0
Moreirocarcinus laevifrons,Caranguejo-de-água-doce,NE,LC,0,0.000505004329004329,1,0,0,0,0,0,0,1,0,0,0,0,0,0,0,0,0,0,0,0,0,0,0,0,0,0.0
Moreirocarcinus emarginatus,Caranguejo-de-água-doce,NE,LC,0,0.000505004329004329,1,0,0,0,0,0,0,1,0,0,0,0,0,0,0,0,0,0,0,0,0,0,0,0,0,0.0
Chiasmocleis bassleri,Não Informado,NE,LC,0,0.000505004329004329,1,0,0,0,0,0,0,1,0,0,0,1,0,0,0,0,0,0,0,0,0,0,0,0,0,0.0
Chiasmocleis antenori,Não Informado,NE,LC,0,0.000505004329004329,1,0,0,0,0,0,0,1,0,0,0,0,0,0,0,0,0,0,0,0,0,0,0,0,0,0.0
Fasciospongia caliculata,Esponja,NE,DD,0,0.000505004329004329,0,0,0,0,0,0,1,0,1,0,0,0,0,0,0,0,0,0,0,0,0,0,0,0,0,0.0
Farrodes tepui,Efemérida,NE,LC,0,0.000505004329004329,1,1,1,1,0,0,0,1,1,0,0,0,0,0,0,0,0,0,0,0,0,0,0,0,0,0.0
Tortopsis spatula,Efemérida,NE,LC,0,0.000505004329004329,1,0,0,0,0,0,0,1,0,0,0,0,0,0,0,0,0,0,0,0,0,0,0,0,0,0.0
Tortopsis limoncocha,Efemérida,NE,LC,0,0.000505004329004329,1,0,0,0,0,0,0,1,0,0,0,0,0,0,0,0,0,0,0,0,0,0,0,0,0,0.0
Tikuna bilineata,Efemérida,NE,LC,0,0.000505004329004329,1,1,1,0,0,0,0,1,1,1,0,1,0,0,0,0,0,0,0,0,0,0,0,0,0,0.0
Tigriagrion aurantinigrum,Libélula,NE,LC,0,0.000505004329004329,1,1,1,0,0,0,0,1,1,1,1,1,0,0,0,0,0,0,0,0,0,0,0,0,0,0.0
Euryrhynchus wrzesniowskii,Não Informado,NE,LC,0,0.000505004329004329,1,0,0,0,0,0,0,1,0,0,0,0,0,0,0,0,0,0,0,0,0,0,0,0,0,0.0
Euryrhynchus amazoniensis,"Blue Banded Shrimp (Inglês)., Camarão de água doce, Camarão-de-água-doce, Camarão de rio (Português); Amazon Zebra Shrimp, Peru Zebra Shrimp",NE,LC,0,0.000505004329004329,1,0,0,0,0,0,0,1,0,0,0,0,0,0,0,0,0,0,0,0,0,0,0,0,0,0.0
Characella aspera,Esponja,NE,LC,0,0.000505004329004329,0,0,0,0,0,0,1,0,1,0,0,0,0,0,0,0,0,0,0,0,0,0,0,0,0,0.0
Chane baure,Efemérida,NE,LC,0,0.000505004329004329,1,0,0,0,0,0,0,1,0,0,0,0,0,0,0,0,0,0,0,0,0,0,0,0,0,0.0
Mnesarete loutoni,Libélula,NE,LC,0,0.000505004329004329,1,0,0,0,0,0,0,1,0,0,0,0,0,0,0,0,0,0,0,0,0,0,0,0,0,0.0
Macrothemis ludia,Libélula,NE,LC,0,0.000505004329004329,1,0,0,0,0,0,0,1,0,0,0,0,0,0,0,0,0,0,0,0,0,0,0,0,0,0.0
Macrothemis idalia,"lava-bunda, lavadeira, Libélula",NE,LC,0,0.000505004329004329,1,0,0,0,0,0,0,1,0,0,0,0,0,0,0,0,0,0,0,0,0,0,0,0,0,0.0
Thraulodes schlingeri,Efemérida,NE,LC,0,0.000505004329004329,1,0,1,0,0,0,0,1,0,1,0,0,0,0,0,0,0,0,0,0,0,0,0,0,0,0.0
Adelphobates quinquevittatus,"Amazonian Poison-arrow Frog, Rio Madeira Poison Frog",NE,LC,0,0.000505004329004329,1,0,0,0,0,0,0,1,0,0,0,0,0,0,0,0,0,0,0,0,0,0,0,0,0,0.0
Adelophryne adiastola,Não Informado,NE,LC,0,0.000505004329004329,1,0,0,0,0,0,0,1,0,0,0,0,0,0,0,0,0,0,0,0,0,0,0,0,0,0.0
Adelastes hylonomos,Não Informado,NE,LC,0,0.000505004329004329,1,0,0,0,0,0,0,1,0,0,0,0,0,0,0,0,0,0,0,0,0,0,0,0,0,0.0
Adenomera heyeri,Não Informado,NE,LC,0,0.000505004329004329,1,0,1,0,0,0,0,1,1,1,0,1,0,0,0,0,0,0,0,0,0,0,0,0,0,0.0
Chiasmocleis haddadi,Não Informado,NE,LC,0,0.000505004329004329,1,0,0,0,0,0,0,1,0,0,0,0,0,0,0,0,0,0,0,0,0,0,0,0,0,0.0
Miroculis marauiae,Efemérida,NE,LC,0,0.000505004329004329,1,0,1,0,0,0,0,1,0,0,0,0,0,0,0,0,0,0,0,0,0,0,0,0,0,0.0
Erythrodiplax venusta,Libélula,NE,LC,0,0.000505004329004329,1,0,1,0,0,0,0,1,0,1,0,1,0,0,0,0,0,0,0,0,0,0,0,0,0,0.0
Erythrodiplax unimaculata,Libélula,NE,LC,0,0.000505004329004329,1,1,1,0,0,1,0,1,1,1,0,1,0,0,0,0,0,0,0,0,0,0,0,0,0,0.0
Erythrodiplax umbrata,Libélula,NE,LC,0,0.000505004329004329,1,1,1,1,1,1,0,1,1,1,1,1,0,0,0,0,0,0,0,0,0,0,0,0,0,0.0
Erythrodiplax solimaea,"lava-bunda, lavadeira, Libélula",NE,LC,0,0.000505004329004329,1,0,0,0,0,0,0,1,0,0,0,0,0,0,0,0,0,0,0,0,0,0,0,0,0,0.0
Tramea minuta,Libélula,NE,LC,0,0.000505004329004329,1,0,1,0,0,0,0,1,0,0,0,1,0,0,0,0,0,0,0,0,0,0,0,0,0,0.0
Tramea darwini,Libélula,NE,LC,0,0.000505004329004329,1,1,1,1,1,1,0,1,1,1,1,1,0,0,0,0,0,0,0,0,0,0,0,0,0,0.0
Tramea cophysa,Libélula,NE,LC,0,0.000505004329004329,1,1,1,1,1,1,1,1,1,1,1,1,0,0,0,0,0,0,0,0,0,0,0,0,0,0.0
Tramea binotata,Libélula,NE,LC,0,0.000505004329004329,1,1,1,0,0,0,0,1,1,1,1,1,0,0,0,0,0,0,0,0,0,0,0,0,0,0.0
Trachycephalus venezolanus,Venezuela Casque-headed Frog,NE,LC,0,0.000505004329004329,1,0,0,0,0,0,0,1,0,0,0,0,0,0,0,0,0,0,0,0,0,0,0,0,0,0.0
Trachycephalus typhonius,Não Informado,NE,LC,0,0.000505004329004329,1,1,1,0,0,1,0,1,1,1,1,1,0,0,0,0,0,0,0,0,0,0,0,0,0,0.0
Trachycephalus resinifictrix,Perereca-de-leite,NE,LC,0,0.000505004329004329,1,0,0,0,0,0,0,1,0,0,0,1,0,0,0,0,0,0,0,0,0,0,0,0,0,0.0
Trachycephalus hadroceps,New River Treefrog,NE,LC,0,0.000505004329004329,1,0,0,0,0,0,0,1,0,0,0,0,0,0,0,0,0,0,0,0,0,0,0,0,0,0.0
Trachycephalus cunauaru,Não Informado,NE,LC,0,0.000505004329004329,1,0,0,0,0,0,0,1,0,0,0,1,0,0,0,0,0,0,0,0,0,0,0,0,0,0.0
Trachycephalus coriaceus,Surinam Golden-eyed Treefrog,NE,LC,0,0.000505004329004329,1,0,0,0,0,0,0,1,0,0,0,1,0,0,0,0,0,0,0,0,0,0,0,0,0,0.0
Miroculis fittkaui,Efemérida,NE,LC,0,0.000505004329004329,1,1,0,0,0,0,0,1,1,1,0,0,0,0,0,0,0,0,0,0,0,0,0,0,0,0.0
Chrysogorgia multiflora,Não Informado,NE,LC,0,0.000505004329004329,0,0,0,0,0,0,1,1,1,0,0,0,0,0,0,0,0,0,0,0,0,0,0,0,0,0.0
Chrysogorgia fewkesi,Não Informado,NE,LC,0,0.000505004329004329,0,0,0,0,0,0,1,0,1,0,0,0,0,0,0,0,0,0,0,0,0,0,0,0,0,0.0
Cliona delitrix,Esponja,NE,LC,0,0.000505004329004329,0,0,0,0,0,0,1,0,1,0,0,0,0,0,0,0,0,0,0,0,0,0,0,0,0,0.0
Cliona carteri,Esponja,NE,LC,0,0.000505004329004329,0,0,0,0,0,0,1,0,1,0,0,0,0,0,0,0,0,0,0,0,0,0,0,0,0,0.0
Macunahyphes australis,Efemérida,NE,LC,0,0.000505004329004329,1,1,0,1,0,1,0,1,1,1,1,1,0,0,0,0,0,0,0,0,0,0,0,0,0,0.0
Macrothemis brevidens,"lava-bunda, lavadeira, Libélula",NE,LC,0,0.000505004329004329,1,0,0,0,0,0,0,1,0,0,0,0,0,0,0,0,0,0,0,0,0,0,0,0,0,0.0
Macrobrachium surinamicum,Mãe-do-camarão,NE,LC,0,0.000505004329004329,1,0,0,0,0,0,0,1,0,0,0,0,0,0,0,0,0,0,0,0,0,0,0,0,0,0.0
Macrobrachium nattereri,Não Informado,NE,LC,0,0.000505004329004329,1,0,0,0,0,0,0,1,0,0,0,0,0,0,0,0,0,0,0,0,0,0,0,0,0,0.0
Mnesarete cupraea,Libélula,NE,LC,0,0.000505004329004329,1,0,1,0,0,0,0,1,1,0,0,1,0,0,0,0,0,0,0,0,0,0,0,0,0,0.0
Mnesarete astrape,Libélula,NE,LC,0,0.000505004329004329,1,0,0,0,0,0,0,1,0,0,0,0,0,0,0,0,0,0,0,0,0,0,0,0,0,0.0
Mnesarete aenea,Libélula,NE,LC,0,0.000505004329004329,1,0,0,0,0,0,0,1,0,0,0,1,0,0,0,0,0,0,0,0,0,0,0,0,0,0.0
Misagria parana,Libélula,NE,LC,0,0.000505004329004329,1,0,0,0,0,0,0,1,0,0,0,0,0,0,0,0,0,0,0,0,0,0,0,0,0,0.0
Misagria divergens,Libélula,NE,LC,0,0.000505004329004329,1,0,0,0,0,0,0,1,0,0,0,0,0,0,0,0,0,0,0,0,0,0,0,0,0,0.0
Misagria calverti,Libélula,NE,LC,0,0.000505004329004329,1,0,0,0,0,0,0,1,0,0,0,0,0,0,0,0,0,0,0,0,0,0,0,0,0,0.0
Miroculis tepequensis,Efemérida,NE,LC,0,0.000505004329004329,1,0,0,0,0,0,0,1,0,0,0,0,0,0,0,0,0,0,0,0,0,0,0,0,0,0.0
Micrathyria pseudeximia,Libélula,NE,LC,0,0.000505004329004329,1,1,1,0,1,0,0,1,1,1,1,1,0,0,0,0,0,0,0,0,0,0,0,0,0,0.0
Mecistogaster lucretia,Libélula,NE,LC,0,0.000505004329004329,1,0,0,0,0,0,0,1,0,0,0,1,0,0,0,0,0,0,0,0,0,0,0,0,0,0.0
Macrothemis taurepan,"lava-bunda, lavadeira, Libélula",NE,LC,0,0.000505004329004329,1,0,0,0,0,0,0,1,0,0,0,0,0,0,0,0,0,0,0,0,0,0,0,0,0,0.0
Macrothemis rupicola,"lava-bunda, lavadeira, Libélula",NE,LC,0,0.000505004329004329,1,1,1,1,0,0,0,1,1,1,0,0,0,0,0,0,0,0,0,0,0,0,0,0,0,0.0
Macrothemis musiva,Libélula,NE,LC,0,0.000505004329004329,1,1,1,0,0,0,0,1,1,1,1,1,0,0,0,0,0,0,0,0,0,0,0,0,0,0.0
Chondropsis arenifera,Não Informado,NE,LC,0,0.000505004329004329,0,0,0,0,0,0,1,0,1,0,0,0,0,0,0,0,0,0,0,0,0,0,0,0,0,0.0
Chiasmocleis ventrimaculata,dotted-humming-frog,NE,LC,0,0.000505004329004329,1,0,0,0,0,0,0,1,0,0,0,0,0,0,0,0,0,0,0,0,0,0,0,0,0,0.0
Chiasmocleis tridactyla,Não Informado,NE,LC,0,0.000505004329004329,1,0,0,0,0,0,0,1,0,0,0,0,0,0,0,0,0,0,0,0,0,0,0,0,0,0.0
Chiasmocleis shudikarensis,Não Informado,NE,LC,0,0.000505004329004329,1,0,0,0,0,0,0,1,0,0,0,0,0,0,0,0,0,0,0,0,0,0,0,0,0,0.0
Microstigma rotundatum,Libélula,NE,LC,0,0.000505004329004329,1,0,0,0,0,0,0,1,0,0,0,0,0,0,0,0,0,0,0,0,0,0,0,0,0,0.0
Trichodactylus borellianus,Caranguejo-de-água-doce,NE,LC,0,0.000505004329004329,1,0,1,0,0,0,0,1,0,0,0,1,0,0,0,0,0,0,0,0,0,0,0,0,0,0.0
Triacanthagyna satyrus,Libélula,NE,LC,0,0.000505004329004329,1,0,0,0,0,0,0,1,0,0,0,0,0,0,0,0,0,0,0,0,0,0,0,0,0,0.0
Triacanthagyna dentata,Libélula,NE,LC,0,0.000505004329004329,1,0,0,0,0,0,0,1,0,0,0,0,0,0,0,0,0,0,0,0,0,0,0,0,0,0.0
Traverhyphes yuati,Efemérida,NE,LC,0,0.000505004329004329,1,1,1,1,0,0,0,1,1,1,0,1,0,0,0,0,0,0,0,0,0,0,0,0,0,0.0
Erylus alleni,Esponja,NE,LC,0,0.000505004329004329,0,0,0,0,0,0,1,0,1,0,1,0,0,0,0,0,0,0,0,0,0,0,0,0,0,0.0
Ernsta rocasensis,Não Informado,NE,LC,0,0.000505004329004329,0,0,0,0,0,0,1,0,1,0,0,0,0,0,0,0,0,0,0,0,0,0,0,0,0,0.0
Erythrodiplax maculosa,Libélula,NE,LC,0,0.000505004329004329,1,1,1,0,0,0,0,1,1,1,0,1,0,0,0,0,0,0,0,0,0,0,0,0,0,0.0
Erythrodiplax longitudinalis,Libélula,NE,LC,0,0.000505004329004329,1,0,1,0,0,0,0,1,0,0,0,1,0,0,0,0,0,0,0,0,0,0,0,0,0,0.0
Erythrodiplax lativittata,Libélula,NE,LC,0,0.000505004329004329,1,0,1,0,0,1,0,1,0,0,0,1,0,0,0,0,0,0,0,0,0,0,0,0,0,0.0
Erythrodiplax latimaculata,Libélula,NE,LC,0,0.000505004329004329,1,1,1,1,1,0,0,1,1,1,1,1,0,0,0,0,0,0,0,0,0,0,0,0,0,0.0
Erythrodiplax juliana,Libélula,NE,LC,0,0.000505004329004329,1,1,1,0,1,0,0,1,1,1,1,1,0,0,0,0,0,0,0,0,0,0,0,0,0,0.0
Tricorythodes pemonensis,Efemérida,NE,LC,0,0.000505004329004329,1,0,0,0,0,0,0,1,0,0,0,0,0,0,0,0,0,0,0,0,0,0,0,0,0,0.0
Tricorythodes faeculopsis,"efemérida, siriruia",NE,LC,0,0.000505004329004329,1,0,0,0,0,0,0,1,0,0,0,0,0,0,0,0,0,0,0,0,0,0,0,0,0,0.0
Trichodactylus faxoni,Caranguejo-de-água-doce,NE,LC,0,0.000505004329004329,1,0,0,0,0,0,0,1,0,0,0,0,0,0,0,0,0,0,0,0,0,0,0,0,0,0.0
Microstigma maculatum,Libélula,NE,LC,0,0.000505004329004329,1,0,0,0,0,0,0,1,0,0,0,0,0,0,0,0,0,0,0,0,0,0,0,0,0,0.0
Microstigma anomalum,Libélula,NE,LC,0,0.000505004329004329,1,0,0,0,0,0,0,1,0,0,0,0,0,0,0,0,0,0,0,0,0,0,0,0,0,0.0
Micrathyria venezuelae,"lava-bunda, lavadeira, Libélula",NE,LC,0,0.000505004329004329,1,0,0,0,0,0,0,1,0,0,0,0,0,0,0,0,0,0,0,0,0,0,0,0,0,0.0
Micrathyria ungulata,Libélula,NE,LC,0,0.000505004329004329,1,1,1,0,0,0,0,1,1,1,1,1,0,0,0,0,0,0,0,0,0,0,0,0,0,0.0
Micrathyria tibialis,Libélula,NE,LC,0,0.000505004329004329,1,1,1,0,1,1,0,1,1,1,1,1,0,0,0,0,0,0,0,0,0,0,0,0,0,0.0
Micrathyria spuria,Libélula,NE,LC,0,0.000505004329004329,1,1,1,1,1,1,0,1,1,1,1,1,0,0,0,0,0,0,0,0,0,0,0,0,0,0.0
Micrathyria spinifera,Libélula,NE,LC,0,0.000505004329004329,1,1,1,0,0,0,0,1,1,1,0,1,0,0,0,0,0,0,0,0,0,0,0,0,0,0.0
Micrathyria romani,Libélula,NE,LC,0,0.000505004329004329,1,0,0,0,0,0,0,1,1,0,0,0,0,0,0,0,0,0,0,0,0,0,0,0,0,0.0
Micrathyria artemis,Libélula,NE,LC,0,0.000505004329004329,1,1,1,0,0,0,0,1,1,1,1,1,0,0,0,0,0,0,0,0,0,0,0,0,0,0.0
Miathyria simplex,Libélula,NE,LC,0,0.000505004329004329,1,1,1,0,0,1,0,1,1,1,0,1,0,0,0,0,0,0,0,0,0,0,0,0,0,0.0
Miathyria marcella,Libélula,NE,LC,0,0.000505004329004329,1,1,1,1,1,1,0,1,1,1,1,1,0,0,0,0,0,0,0,0,0,0,0,0,0,0.0
Clathria curacaoensis,Esponja,NE,LC,0,0.000505004329004329,0,0,0,0,0,0,1,0,1,0,0,0,0,0,0,0,0,0,0,0,0,0,0,0,0,0.0
Clathria calla,Esponja,NE,LC,0,0.000505004329004329,0,0,0,0,0,0,1,0,1,0,0,0,0,0,0,0,0,0,0,0,0,0,0,0,0,0.0
Mecistogaster amalia,Libélula,NE,LC,0,0.000505004329004329,1,1,0,0,0,0,0,1,1,1,1,0,0,0,0,0,0,0,0,0,0,0,0,0,0,0.0
Magnospina dentifera,"cladócero, pulga d’água",NE,LC,0,0.000505004329004329,1,1,1,1,0,1,0,1,1,1,1,1,0,0,0,0,0,0,0,0,0,0,0,0,0,0.0
Cloeodes auwe,Efemérida,NE,LC,0,0.000505004329004329,1,0,1,0,0,0,0,1,1,0,0,1,0,0,0,0,0,0,0,0,0,0,0,0,0,0.0
Cliona schmidtii,Esponja,NE,LC,0,0.000505004329004329,0,0,0,0,0,0,1,0,1,0,0,0,0,0,0,0,0,0,0,0,0,0,0,0,0,0.0
Micrathyria mengeri,Libélula,NE,LC,0,0.000505004329004329,1,1,1,0,0,0,0,1,1,1,0,1,0,0,0,0,0,0,0,0,0,0,0,0,0,0.0
Micrathyria longifasciata,Libélula,NE,LC,0,0.000505004329004329,1,0,1,0,1,1,0,1,0,1,1,1,0,0,0,0,0,0,0,0,0,0,0,0,0,0.0
Micrathyria hippolyte,"lava-bunda, lavadeira, Libélula",NE,LC,0,0.000505004329004329,1,1,1,0,0,0,0,1,1,0,0,1,0,0,0,0,0,0,0,0,0,0,0,0,0,0.0
Micrathyria hesperis,Libélula,NE,LC,0,0.000505004329004329,1,1,1,1,1,0,0,1,1,1,1,1,0,0,0,0,0,0,0,0,0,0,0,0,0,0.0
Micrathyria eximia,Libélula,NE,LC,0,0.000505004329004329,1,1,1,0,0,0,0,1,1,1,0,1,0,0,0,0,0,0,0,0,0,0,0,0,0,0.0
Erythrodiplax melanica,Libélula,NE,LC,0,0.000505004329004329,1,1,1,0,0,0,0,1,1,1,0,0,0,0,0,0,0,0,0,0,0,0,0,0,0,0.0
Erythrodiplax media,Libélula,NE,LC,0,0.000505004329004329,1,1,1,0,1,0,0,1,1,1,1,1,0,0,0,0,0,0,0,0,0,0,0,0,0,0.0
Erythrodiplax amazonica,Libélula,NE,LC,0,0.000505004329004329,1,1,1,0,0,0,0,1,1,0,0,1,0,0,0,0,0,0,0,0,0,0,0,0,0,0.0
Acanthallagma strohmi,Libélula,NE,LC,0,0.000505004329004329,1,0,0,0,0,0,0,1,0,0,0,0,0,0,0,0,0,0,0,0,0,0,0,0,0,0.0
Tuberculobasis inversa,Libélula,NE,LC,0,0.000505004329004329,1,0,1,0,0,0,0,1,0,0,0,1,0,0,0,0,0,0,0,0,0,0,0,0,0,0.0
Tubella delicata,Esponja,NE,LC,0,0.000505004329004329,1,1,1,0,1,0,0,1,1,0,1,1,0,0,0,0,0,0,0,0,0,0,0,0,0,0.0
Troglocarcinus corallicola,Não Informado,NE,LC,0,0.000505004329004329,0,0,0,0,0,0,1,0,1,0,0,0,0,0,0,0,0,0,0,0,0,0,0,0,0,0.0
Trochocyathus rawsonii,Não Informado,NE,LC,0,0.000505004329004329,0,0,0,0,0,0,1,0,1,0,0,0,0,0,0,0,0,0,0,0,0,0,0,0,0,0.0
Tricorythopsis yucupe,Efemérida,NE,LC,0,0.000505004329004329,1,0,0,0,0,0,0,1,0,0,0,0,0,0,0,0,0,0,0,0,0,0,0,0,0,0.0
Tricorythodes zagaia,"efemérida, siriruia",NE,LC,0,0.000505004329004329,1,0,0,0,0,0,0,1,0,0,0,0,0,0,0,0,0,0,0,0,0,0,0,0,0,0.0
Erythrodiplax paraguayensis,Libélula,NE,LC,0,0.000505004329004329,1,1,1,1,1,1,0,1,1,1,1,1,0,0,0,0,0,0,0,0,0,0,0,0,0,0.0
Erythrodiplax ochracea,Libélula,NE,LC,0,0.000505004329004329,1,1,1,1,1,1,0,1,1,1,1,1,0,0,0,0,0,0,0,0,0,0,0,0,0,0.0
Erythrodiplax nigricans,Libélula,NE,LC,0,0.000505004329004329,1,1,0,0,1,0,0,1,1,1,1,0,0,0,0,0,0,0,0,0,0,0,0,0,0,0.0
Micrathyria dunklei,"lava-bunda, lavadeira, Libélula",NE,LC,0,0.000505004329004329,1,0,0,0,0,0,0,1,0,0,0,0,0,0,0,0,0,0,0,0,0,0,0,0,0,0.0
Cinachyrella apion,Esponja,NE,LC,0,0.000505004329004329,0,0,0,0,0,0,1,0,1,0,0,0,0,0,0,0,0,0,0,0,0,0,0,0,0,0.0
Micrathyria catenata,Libélula,NE,LC,0,0.000505004329004329,1,1,1,0,1,0,1,1,1,1,1,1,0,0,0,0,0,0,0,0,0,0,0,0,0,0.0
Micrathyria atra,Libélula,NE,LC,0,0.000505004329004329,1,1,1,0,0,0,0,1,1,1,0,1,0,0,0,0,0,0,0,0,0,0,0,0,0,0.0
Erythrodiplax fervida,"lava-bunda, lavadeira, Libélula",NE,LC,0,0.000505004329004329,1,0,1,0,0,0,0,1,0,0,0,1,0,0,0,0,0,0,0,0,0,0,0,0,0,0.0
Erythrodiplax famula,Libélula,NE,LC,0,0.000505004329004329,1,1,1,1,0,0,0,1,1,1,0,1,0,0,0,0,0,0,0,0,0,0,0,0,0,0.0
Metaleptobasis spatulata,Libélula,NE,LC,0,0.000505004329004329,1,1,0,0,0,0,0,1,1,0,0,0,0,0,0,0,0,0,0,0,0,0,0,0,0,0.0
Metaleptobasis selysi,"Agulhinha, Donzelinha, Lava-bunda, Lavadeira, Libélula",NE,LC,0,0.000505004329004329,1,1,1,0,0,0,1,1,1,1,0,1,0,0,0,0,0,0,0,0,0,0,0,0,0,0.0
Metaleptobasis paludicola,"agulhinha, donzelinha, lava-bunda, lavadeira, Libélula",NE,LC,0,0.000505004329004329,1,0,0,0,0,0,0,1,0,0,0,0,0,0,0,0,0,0,0,0,0,0,0,0,0,0.0
Metaleptobasis minteri,Libélula,NE,LC,0,0.000505004329004329,1,0,0,0,0,0,0,1,0,0,0,0,0,0,0,0,0,0,0,0,0,0,0,0,0,0.0
Metaleptobasis leniloba,Libélula,NE,LC,0,0.000505004329004329,1,0,0,0,0,0,0,1,0,0,0,0,0,0,0,0,0,0,0,0,0,0,0,0,0,0.0
Metaleptobasis inermis,Libélula,NE,LC,0,0.000505004329004329,1,0,0,0,0,0,0,1,0,0,0,0,0,0,0,0,0,0,0,0,0,0,0,0,0,0.0
Melanocacus mungo,"lava-bunda, lavadeira, Libélula",NE,LC,0,0.000505004329004329,1,0,1,0,0,0,0,1,0,0,0,1,0,0,0,0,0,0,0,0,0,0,0,0,0,0.0
Clathrina mutabilis,Não Informado,NE,LC,0,0.000505004329004329,0,0,0,0,0,0,1,0,1,0,0,0,0,0,0,0,0,0,0,0,0,0,0,0,0,0.0
Clathrina lutea,Não Informado,NE,LC,0,0.000505004329004329,0,0,0,0,0,0,1,0,1,0,0,0,0,0,0,0,0,0,0,0,0,0,0,0,0,0.0
Clathrina insularis,Não Informado,NE,LC,0,0.000505004329004329,0,0,0,0,0,0,1,0,1,0,0,0,0,0,0,0,0,0,0,0,0,0,0,0,0,0.0
Erythrodiplax castanea,Libélula,NE,LC,0,0.000505004329004329,1,1,1,1,0,0,0,1,1,1,1,1,0,0,0,0,0,0,0,0,0,0,0,0,0,0.0
Erythrodiplax basalis,Libélula,NE,LC,0,0.000505004329004329,1,1,1,1,1,1,0,1,1,1,1,1,0,0,0,0,0,0,0,0,0,0,0,0,0,0.0
Erythrodiplax avittata,Libélula,NE,LC,0,0.000505004329004329,1,1,1,0,1,0,0,1,1,1,1,1,0,0,0,0,0,0,0,0,0,0,0,0,0,0.0
Erythrodiplax angustipennis,"lava-bunda, lavadeira, Libélula",NE,LC,0,0.000505004329004329,1,0,0,0,0,0,0,1,0,0,0,0,0,0,0,0,0,0,0,0,0,0,0,0,0,0.0
Acanthacaris caeca,Não Informado,NE,LC,0,0.000505004329004329,0,0,0,0,0,0,1,1,1,0,0,0,0,0,0,0,0,0,0,0,0,0,0,0,0,0.0
Acanthagrion abunae,"agulinha, Donzelinha, lava-a-bunda, libélula, Libélula",NE,LC,0,0.000505004329004329,1,0,1,0,0,0,0,1,0,0,0,1,0,0,0,0,0,0,0,0,0,0,0,0,0,0.0
Acalle recurvata,Esponja,NE,LC,0,0.000505004329004329,1,0,1,0,0,0,0,1,0,0,0,1,0,0,0,0,0,0,0,0,0,0,0,0,0,0.0
Acanthagrion adustum,"Agulhinha, Donzelinha, Lava-bunda, Lavadeira, Libélula",NE,LC,0,0.000505004329004329,1,0,1,0,0,0,0,1,0,0,0,1,0,0,0,0,0,0,0,0,0,0,0,0,0,0.0
Acanthagrion aepiolum,"Agulhinha, Donzelinha, Lava-bunda, Lavadeira, Libélula",NE,LC,0,0.000505004329004329,1,1,1,1,0,0,0,1,1,1,0,1,0,0,0,0,0,0,0,0,0,0,0,0,0,0.0
Acanthagrion kennedii,Libélula,NE,LC,0,0.000505004329004329,1,0,1,0,0,0,0,1,1,0,0,0,0,0,0,0,0,0,0,0,0,0,0,0,0,0.0
Acanthagrion chacoense,"Agulhinha, Donzelinha, Lava-bunda, Lavadeira, Libélula",NE,LC,0,0.000505004329004329,1,0,1,0,0,1,0,1,0,1,0,1,0,0,0,0,0,0,0,0,0,0,0,0,0,0.0
Erythemis credula,Libélula,NE,LC,0,0.000505004329004329,1,1,1,0,1,1,1,1,1,1,1,1,0,0,0,0,0,0,0,0,0,0,0,0,0,0.0
Erythemis carmelita,Libélula,NE,LC,0,0.000505004329004329,1,1,1,0,0,0,0,1,1,1,0,1,0,0,0,0,0,0,0,0,0,0,0,0,0,0.0
Erythemis attala,Libélula,NE,LC,0,0.000505004329004329,1,1,1,0,1,0,0,1,1,1,1,1,0,0,0,0,0,0,0,0,0,0,0,0,0,0.0
Zonophora surinamensis,Libélula,NE,LC,0,0.000505004329004329,1,0,0,0,0,0,0,1,0,0,0,0,0,0,0,0,0,0,0,0,0,0,0,0,0,0.0
Zonophora supratriangularis,Libélula,NE,LC,0,0.000505004329004329,1,0,0,0,0,0,0,1,0,0,0,0,0,0,0,0,0,0,0,0,0,0,0,0,0,0.0
Zonophora nobilis,Libélula,NE,LC,0,0.000505004329004329,1,0,0,0,0,0,0,1,0,0,0,0,0,0,0,0,0,0,0,0,0,0,0,0,0,0.0
Uracis siemensi,Libélula,NE,LC,0,0.000505004329004329,1,1,1,0,0,0,0,1,1,1,0,1,0,0,0,0,0,0,0,0,0,0,0,0,0,0.0
Uracis reducta,Libélula,NE,LC,0,0.000505004329004329,1,0,1,0,0,0,0,1,0,0,0,1,0,0,0,0,0,0,0,0,0,0,0,0,0,0.0
Uracis infumata,Libélula,NE,LC,0,0.000505004329004329,1,0,0,0,0,0,0,1,0,0,0,1,0,0,0,0,0,0,0,0,0,0,0,0,0,0.0
Erythemis plebeja,Libélula,NE,LC,0,0.000505004329004329,1,1,1,1,1,1,0,1,1,1,1,1,0,0,0,0,0,0,0,0,0,0,0,0,0,0.0
Erythemis peruviana,Libélula,NE,LC,0,0.000505004329004329,1,1,1,1,1,1,0,1,1,1,1,1,0,0,0,0,0,0,0,0,0,0,0,0,0,0.0
Erythemis mithroides,Libélula,NE,LC,0,0.000505004329004329,1,1,1,1,0,0,0,1,1,1,0,1,0,0,0,0,0,0,0,0,0,0,0,0,0,0.0
Erythemis haematogastra,Libélula,NE,LC,0,0.000505004329004329,1,1,1,0,0,1,0,1,1,1,0,1,0,0,0,0,0,0,0,0,0,0,0,0,0,0.0
Acanthagrion truncatum,Libélula,NE,LC,0,0.000505004329004329,1,1,1,1,0,0,0,1,1,1,0,1,0,0,0,0,0,0,0,0,0,0,0,0,0,0.0
Acanthagrion tepuiense,"agulhinha, donzelinha, lava-bunda, lavadeira, Libélula",NE,LC,0,0.000505004329004329,1,0,0,0,0,0,0,1,0,0,0,0,0,0,0,0,0,0,0,0,0,0,0,0,0,0.0
Acanthagrion temporale,Libélula,NE,LC,0,0.000505004329004329,1,1,1,1,0,0,0,1,1,1,0,1,0,0,0,0,0,0,0,0,0,0,0,0,0,0.0
Acanthagrion rubrifrons,Libélula,NE,LC,0,0.000505004329004329,1,0,0,0,0,0,0,1,0,0,0,0,0,0,0,0,0,0,0,0,0,0,0,0,0,0.0
Acanthagrion minutum,"agulhinha, donzelinha, lava-bunda, lavadeira, Libélula",NE,LC,0,0.000505004329004329,1,1,1,0,0,0,0,1,1,1,0,1,0,0,0,0,0,0,0,0,0,0,0,0,0,0.0
Acanthagrion longispinosum,Libélula,NE,LC,0,0.000505004329004329,1,1,0,0,0,0,0,1,1,0,0,1,0,0,0,0,0,0,0,0,0,0,0,0,0,0.0
Zonophora calippus,Libélula,NE,LC,0,0.000505004329004329,1,1,1,1,0,0,0,1,1,1,0,0,0,0,0,0,0,0,0,0,0,0,0,0,0,0.0
Zonophora batesi,Libélula,NE,LC,0,0.000505004329004329,1,0,0,1,0,0,0,1,1,0,0,0,0,0,0,0,0,0,0,0,0,0,0,0,0,0.0
Zilchiopsis oronensis,Não Informado,NE,LC,0,0.000505004329004329,1,0,0,0,0,1,0,1,0,0,0,1,0,0,0,0,0,0,0,0,0,0,0,0,0,0.0
Zenithoptera viola,Libélula,NE,LC,0,0.000505004329004329,1,1,1,0,0,0,0,1,1,1,0,1,0,0,0,0,0,0,0,0,0,0,0,0,0,0.0
Zenithoptera lanei,Libélula,NE,LC,0,0.000505004329004329,1,1,1,0,0,1,0,1,1,1,1,1,0,0,0,0,0,0,0,0,0,0,0,0,0,0.0
Zenithoptera fasciata,Libélula,NE,LC,0,0.000505004329004329,1,1,1,0,0,1,0,1,1,0,0,1,0,0,0,0,0,0,0,0,0,0,0,0,0,0.0
Heterogorgia uatumani,Não Informado,NE,LC,0,0.0004273504273504273,0,0,0,0,0,0,1,1,1,1,1,0,0,0,0,0,0,0,0,0,0,0,1,1,0,0.0
Tropiometra carinata,"Crinóide, Lírio-do-mar",NE,LC,0,0.0,0,0,0,0,0,0,1,0,1,1,1,0,0,0,0,0,0,0,0,0,1,1,0,1,0,0.0
