especie,nome_comum,status_2014,status_2026,is_cr,proba_extincao,bioma_amazonia,bioma_mata_atlantica,bioma_cerrado,bioma_caatinga,bioma_pampa,bioma_pantanal,bioma_sistema_costeiro_marinho,regiao_norte,regiao_nordeste,regiao_sudeste,regiao_sul,regiao_centro_oeste,is_endemica,is_migratoria,tendencia_declinando,ameaca_expansao_urbana,ameaca_agropecuaria,ameaca_energia_mineracao,ameaca_transporte,ameaca_uso_recursos,ameaca_perturbacao_humana,ameaca_modificacoes_sistema,ameaca_invasoras,ameaca_poluicao,ameaca_mudancas_climaticas,risco_inicial_2014
Diomedea dabbenena,albatroz-de-tristão,CR,CR,1,0.9899111087934653,0,1,0,0,1,0,1,0,0,1,1,0,0,1,1,1,1,0,1,1,1,0,1,0,0,3.0
Diomedea exulans,"albatroz-errante, albatroz-gigante",CR,CR,1,0.9899111087934653,0,1,0,0,1,0,1,0,0,1,1,0,0,1,1,1,1,0,1,1,1,0,1,0,0,3.0
Fregata minor,tesourão-grande,CR,CR,1,0.9895976959765441,0,1,0,0,0,0,1,0,0,1,0,0,0,0,1,1,1,1,1,1,0,1,1,0,0,3.0
Fregata trinitatis,tesourão-pequeno,CR,CR,1,0.9875266681692785,0,1,0,0,0,0,1,0,0,1,0,0,0,0,1,0,1,1,1,1,0,1,0,0,0,3.0
Gubernatrix cristata,cardeal-amarelo,CR,CR,1,0.9841690352248855,0,0,0,0,1,0,0,0,0,0,1,0,0,0,1,1,1,1,1,1,0,0,1,0,0,3.0
Columbina cyanopis,rolinha-do-planalto,CR,CR,1,0.9835380174537829,0,1,1,0,0,0,0,0,0,1,0,1,1,0,0,1,1,1,1,0,0,1,0,0,0,3.0
Formicivora paludicola,bicudinho-do-brejo-paulista,CR,CR,1,0.9824323651589947,0,1,0,0,0,0,0,0,0,1,0,0,1,0,1,1,1,1,0,0,0,1,1,0,0,3.0
Nemosia rourei,saíra-apunhalada,CR,CR,1,0.9823918872932209,0,1,0,0,0,0,0,0,0,1,0,0,1,0,1,1,1,1,1,1,0,0,0,0,0,3.0
Formicivora erythronotos,formigueiro-de-cabeça-negra,CR,CR,1,0.9819495270007642,0,1,0,0,0,0,0,0,0,1,0,0,1,0,1,1,1,1,1,0,1,0,0,0,0,3.0
Leptasthenura platensis,rabudinho,CR,CR,1,0.9807791618340739,0,0,0,0,1,0,0,0,0,0,1,0,0,0,1,1,1,1,1,1,0,1,0,0,0,3.0
Ortalis remota,"aracuã, aracuan",CR,CR,1,0.979297816572446,0,1,1,0,0,0,0,0,0,1,0,1,1,0,1,1,1,1,1,0,0,0,0,0,0,3.0
Pterodroma arminjoniana,grazina-de-trindade,CR,CR,1,0.9787037719073112,0,1,0,0,0,0,1,0,1,1,0,0,0,1,1,1,1,1,0,0,0,1,1,0,0,3.0
Merulaxis stresemanni,Entufado-baiano,CR,CR,1,0.9773048238526346,0,1,0,0,0,0,0,0,1,1,0,0,1,0,1,1,1,1,1,1,0,1,1,0,0,3.0
Mergus octosetaceus,pato-mergulhão,CR,CR,1,0.9747111776810129,0,1,1,0,0,0,0,1,1,1,1,1,0,0,1,1,1,1,1,0,1,0,0,1,0,3.0
Calyptura cristata,tietê-de-coroa,CR,CR,1,0.972839811766488,0,1,0,0,0,0,0,0,0,1,0,0,1,0,0,1,1,1,1,0,0,0,0,0,0,3.0
Cyanopsitta spixii,ararinha-azul,CR,CR,1,0.9635007766481245,0,0,0,1,0,0,0,0,1,0,0,0,1,0,0,1,1,1,1,1,0,1,1,0,1,3.0
Myrmotherula fluminensis,choquinha-fluminense,CR,CR,1,0.9605084565175234,0,1,0,0,0,0,0,0,0,1,0,0,1,0,0,1,0,1,0,0,0,0,0,0,0,3.0
Sporophila maximiliani,bicudo,CR,CR,1,0.9600824053250517,1,1,1,1,0,1,0,1,1,1,0,1,0,0,1,1,1,0,0,1,0,0,0,0,0,3.0
Myrmotherula snowi,choquinha-de-alagoas,CR,CR,1,0.9564290072677246,0,1,0,1,0,0,0,0,1,0,0,0,1,0,1,1,1,1,1,1,0,0,0,0,0,3.0
Paraclaravis geoffroyi,pararu-espelho,CR,CR,1,0.9372800301643461,0,1,1,0,0,0,0,0,1,1,1,0,0,0,0,0,0,1,0,1,0,0,0,0,0,3.0
Sclerurus caudacutus,vira-folha-pardo,NE,CR,1,0.9032020408123115,0,1,0,0,0,0,0,0,1,0,0,0,1,0,1,1,1,0,0,0,0,1,0,0,0,0.0
Monasa morphoeus,chora-chuva-de-cara-branca,NE,EN,0,0.8837221019769138,0,1,0,0,0,0,0,0,1,1,0,0,1,0,1,1,1,1,1,1,0,1,0,0,0,0.0
Celeus flavus,pica-pau-amarelo,NE,CR,1,0.8837221019769138,0,1,0,0,0,0,0,0,1,1,0,0,1,0,1,1,1,1,1,1,0,1,0,0,0,0.0
Trogon muriciensis,surucuá-de-murici,NE,CR,1,0.8828352375823714,0,1,0,0,0,0,0,0,1,0,0,0,1,0,1,1,1,1,0,1,0,1,0,0,0,0.0
Pulsatrix perspicillata,murucututu,NE,CR,1,0.8601922711710401,0,1,0,0,0,0,0,0,1,1,1,0,1,0,1,1,1,1,1,0,0,0,0,0,0,0.0
Megascops alagoensis,corujinha-de-alagoas,NE,EN,0,0.8551146561409221,0,1,0,0,0,0,0,0,1,0,0,0,1,0,1,1,1,1,1,1,0,1,0,0,0,0.0
Attila spadiceus,capitão-de-saíra-amarelo,NE,EN,0,0.8310685792337523,0,1,0,0,0,0,0,0,1,1,0,0,1,0,1,1,1,1,1,0,0,0,0,0,0,0.0
Trogon collaris,surucuá-de-coleira,NE,EN,0,0.8310685792337523,0,1,0,0,0,0,0,0,1,1,0,0,1,0,1,1,1,1,1,0,0,0,0,0,0,0.0
Discosura langsdorffi,rabo-de-espinho,NE,EN,0,0.8095782068198455,0,1,0,0,0,0,0,0,1,1,0,0,1,0,1,1,1,1,1,1,0,0,0,0,0,0.0
Coryphistera alaudina,corredor-crestudo,CR,CR,1,0.8031707415320292,0,0,0,0,1,0,0,0,0,0,1,0,0,0,0,1,1,1,1,1,0,0,0,0,0,3.0
Terenura sicki,zidedê-do-nordeste,CR,EN,0,0.7442559705837576,0,1,0,1,0,0,0,0,1,0,0,0,1,0,1,1,1,1,1,1,0,1,0,0,0,3.0
Philydor novaesi,limpa-folha-do-nordeste,EX,EX,0,0.7405911956049357,0,1,0,0,0,0,0,0,1,0,0,0,1,0,1,1,1,1,0,1,0,0,0,0,0,0.0
Piculus polyzonus,pica-pau-dourado-grande,EN,EN,0,0.7148130911163006,0,1,0,0,0,0,0,0,1,1,0,0,1,0,1,1,1,1,1,0,0,1,0,0,0,2.0
Pionus reichenowi,maitaca-de-barriga-azul,VU,VU,0,0.714607325568396,0,1,0,0,0,0,0,0,1,1,0,0,1,0,1,1,1,1,1,1,0,1,0,0,0,1.0
Acrobatornis fonsecai,acrobata,VU,VU,0,0.7013726716179166,0,1,0,0,0,0,0,0,1,1,0,0,1,0,1,1,1,1,1,0,0,0,0,0,0,1.0
Scytalopus gonzagai,tapaculo-preto-baiano,EN,EN,0,0.6975377433788623,0,1,0,0,0,0,0,0,1,0,0,0,1,0,1,1,1,1,1,1,0,1,0,0,0,2.0
Myrmotherula urosticta,choquinha-de-rabo-cintado,VU,VU,0,0.6798822992040098,0,1,0,0,0,0,0,0,1,1,0,0,1,0,1,1,1,1,1,1,0,0,0,0,0,1.0
Touit melanonotus,apuim-de-costas-pretas,VU,VU,0,0.6795077458399438,0,1,0,0,0,0,0,0,1,1,1,0,1,0,1,1,1,1,1,1,0,0,0,0,0,1.0
Tangara cyanocephala,saíra-militar,NE,VU,0,0.6749650734224069,0,1,0,1,0,0,0,0,1,0,0,0,1,0,1,1,1,1,1,1,0,1,0,0,0,0.0
Glaucis dohrnii,balança-rabo-canela,VU,VU,0,0.6742401491490659,0,1,0,0,0,0,0,0,1,1,0,0,1,0,1,1,1,1,1,1,1,1,0,0,0,1.0
Crax blumenbachii,"mutum-de-bico-vermelho, mutum-do-sudeste",EN,EN,0,0.6686366943268215,0,1,0,0,0,0,0,0,1,1,0,0,1,0,1,1,1,1,1,1,0,1,1,0,0,2.0
Eleoscytalopus psychopompus,macuquinho-baiano,EN,EN,0,0.6626657489910425,0,1,0,0,0,0,0,0,1,0,0,0,1,0,1,1,1,1,1,0,0,0,0,0,0,2.0
Automolus lammi,barranqueiro-do-nordeste,EN,EN,0,0.6626657489910425,0,1,0,0,0,0,0,0,1,0,0,0,1,0,1,1,1,1,1,0,0,0,0,0,0,2.0
Cotinga maculata,crejoá,EN,EN,0,0.6614576433481651,0,1,0,0,0,0,1,0,1,1,0,0,1,0,1,1,1,1,0,1,0,1,0,0,0,2.0
Schiffornis turdina,flautim-marrom,NE,EN,0,0.6612086396840001,0,1,0,1,0,0,0,0,1,0,0,0,1,0,1,1,1,1,1,1,0,0,0,0,0,0.0
Puffinus lherminieri,pardela-de-asa-larga,CR,CR,1,0.65355900654712,0,1,0,0,0,0,1,0,1,1,0,0,0,1,0,1,1,0,0,0,1,0,1,0,0,3.0
Synallaxis cinerea,joão-baiano,NE,LC,0,0.6364772084891034,0,1,0,1,0,0,0,0,1,1,0,0,1,0,1,1,1,1,1,0,0,0,0,0,0,0.0
Momotus momota,udu-de-coroa-azul-do-nordeste,NE,EN,0,0.6346134441129164,0,1,0,1,0,0,0,0,1,0,0,0,1,0,1,1,1,1,1,0,0,1,0,0,0,0.0
Platyrinchus mystaceus,patinho-do-nordeste,NE,VU,0,0.6346134441129164,0,1,0,1,0,0,0,0,1,0,0,0,1,0,1,1,1,1,1,0,0,1,0,0,0,0.0
Crex crex,codornizão,NE,,0,0.6329983702924854,0,1,0,0,0,0,0,0,1,0,0,0,0,0,1,1,1,1,0,0,0,1,0,0,0,0.0
Pyrrhura leucotis,tiriba-de-orelha-branca,VU,VU,0,0.6272810265911517,0,1,0,0,0,0,0,0,1,1,0,0,1,0,1,1,1,1,0,1,0,0,0,0,0,1.0
Amazona rhodocorytha,chauá,VU,VU,0,0.6272810265911517,0,1,0,0,0,0,0,0,1,1,0,0,1,0,1,1,1,1,0,1,0,0,0,0,0,1.0
Xenops minutus,bico-virado-miúdo,NE,VU,0,0.6152010437879488,0,1,0,1,0,0,0,0,1,0,0,0,1,0,1,1,1,0,1,0,0,1,0,0,0,0.0
Cinclodes pabsti,pedreiro,NE,NT,0,0.6118317910616289,0,1,0,0,0,0,0,0,0,0,1,0,1,0,1,1,1,1,0,0,0,0,0,0,0,0.0
Touit surdus,apuim-de-cauda-amarela,VU,VU,0,0.60118328552757,0,1,0,0,0,0,0,0,1,1,0,0,1,0,1,1,1,0,1,0,0,0,0,0,0,1.0
Tangara fastuosa,"pintor, pintor-verdadeiro, saíra-pintor, saíra-sete-cores-do-nordeste",VU,VU,0,0.5734733443466087,0,1,0,1,0,0,0,0,1,0,0,0,1,0,1,1,1,1,1,1,0,0,0,0,0,1.0
Xiphorhynchus atlanticus,"arapaçu-de-garganta-amarela-do-nordeste, arapaçu-rajado-do-nordeste",VU,VU,0,0.5734733443466087,0,1,0,1,0,0,0,0,1,0,0,0,1,0,1,1,1,1,1,1,0,0,0,0,0,1.0
Cichlopsis leucogenys,sabiá-castanho,EN,EN,0,0.5556225667844129,0,1,0,0,0,0,0,0,1,1,0,0,0,0,1,1,1,1,1,1,0,0,0,0,0,2.0
Synallaxis infuscata,tatac,EN,EN,0,0.5543342067833729,0,1,0,1,0,0,0,0,1,0,0,0,1,0,1,1,1,1,1,1,0,1,0,0,0,2.0
Iodopleura pipra,anambezinho,EN,EN,0,0.5543342067833729,0,1,0,1,0,0,0,0,1,0,0,0,1,0,1,1,1,1,1,1,0,1,0,0,0,2.0
Myrmoderus ruficauda,formigueiro-de-cauda-ruiva,EN,EN,0,0.5531079306115025,0,1,0,1,0,0,0,0,1,1,0,0,1,0,1,1,1,1,1,1,0,1,0,0,0,2.0
Phaethornis margarettae,rabo-branco-de-margarette,EN,EN,0,0.5464653221429924,0,1,0,1,0,0,0,0,1,1,0,0,1,0,1,1,1,1,1,1,0,0,0,0,0,2.0
Leptodon forbesi,gavião-gato-do-nordeste,EN,EN,0,0.5423443560911547,0,1,0,1,0,0,0,0,1,0,0,0,1,0,1,1,1,1,1,0,0,0,0,0,0,2.0
Conopophaga melanops,cuspidor-de-máscara-preta,NE,NT,0,0.5395685925867226,0,1,0,1,0,0,0,0,1,0,0,0,1,0,1,1,1,0,0,0,0,0,0,0,0,0.0
Antilophia bokermanni,"galo-da-mata, lavadeira-da-mata, levadeira, levadeiro, língua-de-tamanduáo, soldadinho-do-araripe, uirapuru-matreiro",CR,EN,0,0.5378742231796663,0,0,0,1,0,0,0,0,1,0,0,0,1,0,1,1,1,1,1,1,0,1,1,1,1,3.0
Odontophorus capueira,uru,NE,CR,1,0.5215446482175594,0,1,0,1,0,0,0,0,1,0,0,0,1,0,1,1,1,1,1,1,0,0,1,0,1,0.0
Amazona brasiliensis,papagaio-de-cara-roxa,NE,NT,0,0.5196547128104578,0,1,0,0,0,0,0,0,0,1,1,0,1,0,1,1,1,1,0,1,1,0,1,0,0,0.0
Thalurania watertonii,beija-flor-de-costas-violeta,EN,EN,0,0.5139825774738823,0,1,0,1,0,0,0,0,1,0,0,0,1,0,1,1,1,1,1,0,0,1,0,0,0,2.0
Xiphorhynchus guttatoides,arapaçu-de-lafresnaye,NE,EN,0,0.5065854009138062,0,0,0,1,0,0,0,0,1,0,0,0,1,0,1,1,1,1,1,0,0,1,0,0,0,0.0
Phylloscartes ceciliae,cara-pintada,CR,EN,0,0.49463860994152165,0,1,0,1,0,0,0,0,1,0,0,0,1,0,1,1,1,1,1,0,0,1,0,0,1,3.0
Nyctibius leucopterus,urutau-de-asa-branca,CR,CR,1,0.4926041666666667,1,1,0,0,0,0,0,1,1,1,0,1,1,0,0,0,0,1,0,1,0,0,0,0,0,3.0
Glaucidium mooreorum,caburé-de-pernambuco,EX,EX,0,0.48748047353916985,0,1,0,0,0,0,0,0,1,0,0,0,1,0,0,1,1,1,1,1,0,1,0,0,0,0.0
Pseudastur polionotus,gavião-pombo-grande,NE,NT,0,0.47964764383289993,0,1,1,0,0,0,0,0,1,1,1,0,0,0,1,1,1,1,1,0,0,0,0,0,0,0.0
Formicivora littoralis,formigueiro-do-litoral,EN,EN,0,0.4791133304429641,0,1,0,0,0,0,1,0,0,1,0,0,1,0,1,1,1,1,1,1,1,0,0,1,0,2.0
Phoebetria palpebrata,piau-de-costas-claras,NE,,0,0.47687997959225964,0,1,0,0,0,0,1,0,1,1,1,0,0,0,1,1,1,0,1,1,1,0,1,0,0,0.0
Hemitriccus furcatus,papa-moscas-estrela,NE,LC,0,0.4742187111210264,0,1,0,0,0,0,0,0,1,1,0,0,1,0,0,1,1,1,1,0,0,0,0,0,0,0.0
Calonectris edwardsii,"bobo-de-cabo-verde, cagarra-de-cabo-verde",NE,NT,0,0.45522534032823503,0,1,0,0,1,0,1,0,1,1,1,0,0,1,1,1,1,0,1,1,0,0,1,0,0,0.0
Thamnophilus caerulescens,choca-da-mata-cearense,NE,VU,0,0.44788433790146076,0,0,0,1,0,0,0,0,1,0,0,0,1,0,1,1,1,1,1,1,0,1,0,0,1,0.0
Pyrrhura cruentata,tiriba-grande,VU,VU,0,0.4381278970927737,0,1,0,1,0,0,1,0,1,1,0,0,1,0,1,1,1,1,0,1,0,0,0,0,0,1.0
Conopophaga lineata,chupa-dente,NE,VU,0,0.43689136465415906,0,1,0,0,0,0,0,0,1,0,0,0,1,0,0,1,1,1,1,0,0,0,0,0,0,0.0
Phyllomyias griseocapilla,piolhinho-serrano,NE,LC,0,0.4310896845644882,0,1,0,0,0,0,0,0,1,1,1,0,1,0,0,1,1,1,1,0,0,0,0,0,0,0.0
Phylloscartes oustaleti,papa-moscas-de-olheiras,NE,LC,0,0.4310896845644882,0,1,0,0,0,0,0,0,1,1,1,0,1,0,0,1,1,1,1,0,0,0,0,0,0,0.0
Pseudoseisura lophotes,coperete,VU,NT,0,0.42166470985689736,0,0,0,0,1,0,0,0,0,0,1,0,0,0,1,1,1,1,1,1,0,0,0,0,0,1.0
Rhopornis ardesiacus,gravatazeiro,EN,VU,0,0.4170813485142497,0,1,0,1,0,0,0,0,1,1,0,0,1,0,1,1,1,1,1,1,0,1,0,0,1,2.0
Circus cinereus,gavião-cinza,VU,VU,0,0.4123812060066397,0,1,0,0,1,0,0,0,0,1,1,0,0,0,1,1,1,1,1,1,0,1,0,1,0,1.0
Hemitriccus mirandae,maria-do-nordeste,EN,EN,0,0.4121452551412618,0,1,0,1,0,0,0,0,1,0,0,0,1,0,1,1,1,1,0,1,0,1,0,0,1,2.0
Lepidocolaptes wagleri,"arapaçu-de-wagler, arapaçu-escamado-de-wagler",NE,EN,0,0.4116634017708427,0,1,1,1,0,0,0,0,1,1,0,0,1,0,1,1,1,1,0,0,0,1,0,0,0,0.0
Sporophila beltoni,patativa-tropeira,VU,EN,0,0.39595891071874867,0,1,1,0,0,0,0,0,1,1,1,1,1,1,1,1,1,1,1,1,0,0,1,0,0,1.0
Asthenes hudsoni,joão-platino,VU,NT,0,0.39405727860460277,0,0,0,0,1,0,0,0,0,0,1,0,0,0,1,1,1,1,1,0,0,0,0,0,0,1.0
Laniisoma elegans,chibante,EN,EN,0,0.39235838929802447,0,1,1,0,0,0,0,0,0,1,1,0,1,0,1,1,1,1,1,1,0,0,0,0,0,2.0
Augastes lumachella,beija-flor-de-gravata-vermelha,EN,VU,0,0.3802977506207725,0,0,0,1,0,0,0,0,1,0,0,0,1,0,1,1,1,1,1,0,1,1,0,0,0,2.0
Psophia obscura,jacamim-de-costas-escuras,CR,CR,1,0.3715923620281289,1,0,0,0,0,0,0,1,1,0,0,0,1,0,1,1,0,1,0,1,0,0,0,0,0,3.0
Merulaxis ater,entufado,NE,LC,0,0.37152905785348017,0,1,0,0,0,0,0,0,0,1,1,0,1,0,0,1,1,1,1,0,0,1,0,0,0,0.0
Platyrinchus leucoryphus,patinho-de-asa-castanha,VU,VU,0,0.3663027400021724,0,1,1,0,0,0,0,0,1,1,1,0,0,0,1,1,1,1,1,1,0,0,0,0,0,1.0
Amazona pretrei,papagaio-charão,VU,VU,0,0.3658017073222536,0,1,0,0,1,0,0,0,0,0,1,0,0,1,1,1,1,1,1,1,0,0,1,0,0,1.0
Carpornis melanocephala,"cochó, corocoxó-do-litoral, pião-batata, sabiá-pimenta",NE,NT,0,0.3646788656160278,0,1,0,0,0,0,1,0,1,1,1,0,1,0,1,1,0,1,0,1,0,1,0,0,0,0.0
Xipholena atropurpurea,anambé-de-asa-branca,VU,VU,0,0.3610180945731097,0,1,0,0,0,0,1,0,1,1,0,0,1,0,1,1,0,1,0,1,0,1,0,0,0,1.0
Asthenes luizae,lenheiro-da-serra-do-cipó,EN,EN,0,0.3595066551153211,0,1,1,0,0,0,0,0,0,1,0,0,1,0,1,1,1,1,1,0,1,1,1,0,0,2.0
Pyrrhura griseipectus,"cara-suja, periquito-cigano, tiriba-de-peito-cinza",EN,EN,0,0.3521693566254542,0,1,0,1,0,0,0,0,1,0,0,0,1,0,0,1,1,1,1,1,0,1,1,0,1,2.0
Phacellodomus striaticollis,tio-tio,NE,LC,0,0.35015939064531165,0,1,0,0,1,0,0,0,0,0,1,0,0,0,1,1,1,1,0,0,0,1,0,0,0,0.0
Phylloscartes beckeri,borboletinha-baiana,EN,LC,0,0.34141975665429664,0,1,0,1,0,0,0,0,1,1,0,0,1,0,0,1,1,1,1,1,0,1,0,0,0,2.0
Myrmotherula minor,choquinha-pequena,VU,VU,0,0.33641541697633187,0,1,0,0,0,0,0,0,1,1,0,0,1,0,1,1,0,1,0,1,0,0,0,0,0,1.0
Vireo gracilirostris,"juruviara-de-noronha, sebito",VU,VU,0,0.3337484914841687,0,1,0,0,0,0,0,0,1,0,0,0,1,0,0,1,1,1,0,1,0,1,1,0,0,1.0
Cercomacra brasiliana,chororó-cinzento,NE,LC,0,0.33328471642375235,0,1,0,0,0,0,0,0,1,1,0,0,1,0,0,1,1,1,0,1,0,0,0,0,0,0.0
Phaethon lepturus,rabo-de-palha-de-bico-laranja,EN,EN,0,0.33237194375573365,0,1,0,0,0,0,1,0,1,0,0,0,0,0,1,1,1,1,1,0,0,0,1,0,1,2.0
Hydropsalis anomala,curiango-do-banhado,NE,NT,0,0.33101672086260986,0,1,1,0,1,0,0,0,0,1,1,1,0,0,1,1,1,1,1,0,0,1,0,1,0,0.0
Formicivora acutirostris,bicudinho-do-brejo,VU,VU,0,0.3309176389930087,0,1,0,0,0,0,0,0,0,0,1,0,1,0,1,1,1,1,1,1,0,1,1,1,1,1.0
Limnoctites rectirostris,arredio-do-gravatá,NE,NT,0,0.32738115429648695,0,1,0,0,1,0,0,0,0,0,1,0,0,0,1,1,1,1,0,1,0,1,0,1,0,0.0
Sclerurus macconnelli,vira-folha-de-peito-vermelho,NE,EN,0,0.32533586373279005,0,1,0,1,0,0,0,0,1,1,0,0,1,0,0,0,1,1,1,1,0,0,0,0,0,0.0
Pauxi mitu,mutum-do-nordeste,EW,EW,0,0.32221565683902864,0,1,0,0,0,0,0,0,1,0,0,0,1,0,0,1,1,1,0,1,0,0,0,1,0,0.0
Penelope superciliaris,"jacu-de-alagoas, jacupemba",NE,EN,0,0.3208853124373027,0,1,0,1,0,0,0,0,1,0,0,0,1,0,1,1,0,1,0,1,0,0,0,0,0,0.0
Pyriglena atra,papa-taoca-da-bahia,EN,EN,0,0.317473125095579,0,1,0,1,0,0,0,0,1,0,0,0,1,0,0,1,1,1,1,0,0,0,0,0,0,2.0
Hylopezus ochroleucus,pompeu,NE,VU,0,0.31452065992881084,0,1,1,1,0,0,0,0,1,1,0,0,1,0,1,1,1,1,1,1,0,1,0,0,1,0.0
Neopelma aurifrons,fruxu-baiano,EN,EN,0,0.31348332496289083,0,1,1,1,0,0,0,0,1,1,0,0,1,0,1,1,1,1,0,1,0,1,0,0,0,2.0
Anodorhynchus leari,arara-azul-de-lear,EN,VU,0,0.3129703200783943,0,0,0,1,0,0,0,0,1,0,0,0,1,0,0,1,1,1,1,1,1,1,1,0,0,2.0
Conopophaga cearae,chupa-dente-do-nordeste,EN,EN,0,0.30960485465324616,0,1,0,1,0,0,0,0,1,0,0,0,1,0,0,1,1,1,1,1,0,1,0,0,1,2.0
Pyriglena pernambucensis,papa-taoca-de-pernambuco,VU,VU,0,0.3090252234566082,0,1,0,1,0,0,0,0,1,0,0,0,1,0,0,1,1,1,1,0,0,1,0,0,0,1.0
Formicivora serrana,formigueiro-da-serra,NE,LC,0,0.30151314539064794,0,1,1,0,0,0,0,0,1,1,0,0,1,0,0,1,1,1,0,0,0,0,0,0,0,0.0
Leistes defilippii,peito-vermelho-grande,RE,RE,0,0.30100994168599254,0,0,0,0,1,0,0,0,0,0,1,0,0,0,1,1,1,1,0,1,0,0,1,0,0,0.0
Xanthopsar flavus,veste-amarela,VU,NT,0,0.2982575900288381,0,1,0,0,1,0,0,0,0,0,1,0,0,0,1,1,1,1,0,0,0,1,0,1,0,1.0
Phylloscartes sylviolus,maria-pequena,NE,LC,0,0.2948272807838897,0,1,0,0,0,0,0,0,1,1,1,0,0,0,0,1,1,1,1,0,0,0,0,0,0,0.0
Limnoctites sulphuriferus,arredio-de-papo-manchado,NE,LC,0,0.2890453051961261,0,0,0,0,1,0,0,0,0,0,1,0,0,0,1,1,1,1,0,0,0,0,0,0,0,0.0
Campylorhamphus trochilirostris,arapaçu-beija-ﬂor,NE,VU,0,0.2871345955098191,0,1,0,0,0,0,0,0,1,0,0,0,1,0,1,0,0,1,0,1,0,0,0,0,0,0.0
Phylloscartes roquettei,cara-dourada,EN,EN,0,0.2868289654692332,0,1,1,1,0,0,0,0,1,1,0,1,1,0,1,1,1,1,0,1,0,1,0,0,0,2.0
Scytalopus novacapitalis,tapaculo-de-brasília,EN,EN,0,0.2848389986525374,0,0,1,0,0,0,0,0,0,1,0,1,1,0,1,1,1,1,1,0,0,1,0,0,1,2.0
Hydropsalis candicans,bacurau-de-rabo-branco,EN,EN,0,0.28181991470894313,0,0,1,0,0,0,0,0,0,1,0,1,0,0,1,1,1,0,1,0,0,1,1,0,0,2.0
Caryothraustes brasiliensis,furriel,NE,LC,0,0.28134725476533856,0,1,0,1,0,0,0,0,1,1,0,0,1,0,0,1,1,1,0,1,0,0,0,0,0,0.0
Microspingus cinereus,capacetinho-do-oco-do-pau,NE,LC,0,0.2811344016706548,0,1,1,0,0,0,0,0,0,1,0,1,1,0,0,1,1,1,0,0,0,1,1,0,0,0.0
Sporophila frontalis,pixoxó,VU,VU,0,0.2795023546140249,0,1,1,0,0,0,0,0,1,1,1,0,0,0,1,1,1,1,0,1,0,0,0,1,0,1.0
Thamnomanes caesius,ipecuá,NE,EN,0,0.2782568716445483,0,1,0,0,0,0,0,0,1,1,0,0,1,0,1,0,0,1,0,1,0,0,0,0,0,0.0
Dysithamnus plumbeus,choquinha-chumbo,EN,EN,0,0.2753642984120832,0,1,0,0,0,0,0,0,1,1,0,0,1,0,1,0,0,1,0,1,0,0,0,0,0,2.0
Spinus yarrellii,pintassilgo-do-nordeste,VU,VU,0,0.273983233426277,0,1,1,1,0,0,0,0,1,0,0,0,1,0,1,1,1,1,0,1,1,0,0,1,0,1.0
Formicivora grantsaui,papa-formiga-do-sincorá,EN,VU,0,0.2692537764806332,0,0,0,1,0,0,0,0,1,0,0,0,1,0,1,1,1,1,1,0,1,1,0,0,1,2.0
Amadonastur lacernulatus,gavião-pombo-pequeno,VU,VU,0,0.26905762026354396,0,1,1,1,0,0,0,0,1,1,1,0,1,0,1,1,1,1,1,1,1,0,0,0,0,1.0
Hemitriccus kaempferi,maria-catarinense,VU,VU,0,0.26743544396684,0,1,0,0,0,0,0,0,0,0,1,0,1,0,0,1,1,1,1,0,1,0,0,0,0,1.0
Sporophila falcirostris,cigarra-verdadeira,VU,VU,0,0.2669871613379052,0,1,1,0,0,0,0,0,1,1,1,1,0,0,1,1,1,1,0,1,0,0,0,1,0,1.0
Campylopterus diamantinensis,Não Informado,NE,DD,0,0.2648604237103378,0,1,1,0,0,0,0,0,0,1,0,0,1,0,0,1,1,1,0,0,0,1,0,0,1,0.0
Elaenia ridleyana,cocoruta,VU,VU,0,0.2643064291073493,0,1,0,0,0,0,1,0,1,0,0,0,1,0,0,1,1,1,1,1,1,0,1,0,0,1.0
Myrmotherula unicolor,choquinha-cinzenta,NE,LC,0,0.26157186083709677,0,1,0,0,0,0,0,0,0,1,1,0,1,0,0,1,0,1,0,0,0,0,0,0,0,0.0
Scytalopus diamantinensis,tapaculo-da-chapada-diamantina,EN,VU,0,0.2613340818488447,0,0,0,1,0,0,0,0,1,0,0,0,1,0,1,1,1,1,0,1,1,1,0,0,1,2.0
Hemitriccus orbitatus,tiririzinho-do-mato,NE,LC,0,0.25989500673701843,0,1,1,0,1,0,0,0,0,1,1,0,1,0,0,1,1,1,1,0,0,0,0,0,0,0.0
Spheniscus magellanicus,pinguim-de-magalhães,NE,NT,0,0.25661994054325843,0,1,0,0,1,0,1,0,1,1,1,0,0,1,1,1,1,1,1,1,1,1,1,1,1,0.0
Sclerurus cearensis,vira-folha-cearense,EN,EN,0,0.2562499484932064,0,1,1,1,0,0,0,0,1,0,0,0,1,0,1,1,1,1,1,1,0,0,0,0,1,2.0
Nyctibius aethereus,mãe-da-lua-parda,NE,EN,0,0.25521780226366775,0,1,0,0,0,0,0,0,1,1,1,0,0,0,1,1,0,1,0,1,0,0,0,0,0,0.0
Nyctiprogne vielliardi,bacurau-do-são-francisco,EN,NT,0,0.24912230397624258,0,0,1,1,0,0,0,0,1,1,0,0,1,0,1,1,1,1,1,0,0,1,0,0,0,2.0
Pelagodroma marina,calcamar,NE,,0,0.24592265610526495,0,1,0,0,0,0,1,0,1,1,0,0,0,0,0,1,1,1,1,1,0,0,1,0,0,0.0
Phaethon aethereus,"grazina, rabo-de-junco, rabo-de-palha-de-bico-vermelho",EN,EN,0,0.24531724314888909,0,1,1,0,0,0,1,0,1,0,0,0,0,0,1,1,1,0,0,0,0,0,1,0,0,2.0
Thripophaga macroura,rabo-amarelo,VU,VU,0,0.2382065390908267,0,1,0,0,0,0,1,0,1,1,0,0,1,0,1,0,0,1,0,1,0,0,0,0,0,1.0
Jacamaralcyon tridactyla,cuitelão,NE,LC,0,0.2378095966275187,0,1,1,0,0,0,0,0,1,1,0,0,1,0,1,1,0,0,1,0,0,1,0,0,1,0.0
Lipaugus lanioides,tropeiro-da-serra,NE,NT,0,0.23337052240822018,0,1,1,0,0,0,0,0,1,1,1,0,1,0,1,0,0,1,0,1,0,0,0,0,0,0.0
Anumara forbesi,anumará,VU,VU,0,0.23310307866682478,0,1,1,1,0,0,0,0,1,1,0,0,1,0,1,1,1,1,1,1,0,0,1,1,0,1.0
Ortalis squamata,aracuã-escamoso,NE,LC,0,0.23225131490279732,0,1,0,0,1,0,0,0,0,0,1,0,1,0,1,1,0,1,0,1,0,0,0,0,0,0.0
Orchesticus abeillei,sanhaçu-pardo,NE,LC,0,0.22790528675559135,0,1,1,0,0,0,0,0,0,1,1,0,1,0,0,1,1,1,0,0,0,0,0,0,0,0.0
Anthus nattereri,caminheiro-grande,VU,VU,0,0.2271383931057034,0,1,1,0,1,0,0,0,0,1,1,0,0,0,1,1,1,1,1,0,1,1,1,1,0,1.0
Phylloscartes kronei,maria-da-restinga,NE,LC,0,0.22351939360953524,0,1,0,0,1,0,0,0,0,1,1,0,1,0,0,1,1,1,0,0,0,1,0,0,0,0.0
Arremon franciscanus,tico-tico-do-são-francisco,NE,NT,0,0.2218101294902588,0,1,1,1,0,0,0,0,1,1,0,0,1,0,0,1,1,1,1,1,0,1,0,0,1,0.0
Hemitriccus griseipectus,maria-de-barriga-branca,NE,LC,0,0.22006895384227784,0,1,0,0,0,0,1,0,1,0,0,0,1,0,0,1,1,0,0,0,0,0,0,0,0,0.0
Polystictus superciliaris,papa-moscas-de-costas-cinzentas,NE,LC,0,0.21950161561828935,0,1,1,1,0,0,0,0,1,1,0,0,1,0,0,1,1,1,0,1,0,1,0,0,0,0.0
Nyctidromus hirundinaceus,bacurauzinho-da-caatinga,NE,LC,0,0.2189802306367811,0,1,1,1,0,0,0,0,1,1,0,0,1,0,0,1,1,1,0,0,0,0,0,0,0,0.0
Asthenes moreirae,garrincha-chorona,NE,LC,0,0.21815974227539064,0,1,0,0,0,0,0,0,0,1,0,0,1,0,0,1,0,0,0,0,0,1,0,0,0,0.0
Hydrobates castro,painho-da-ilha-da-madeira,NE,,0,0.21801751652306198,0,1,0,0,0,0,1,0,1,0,0,0,0,0,0,1,1,1,1,1,0,0,1,0,0,0.0
Cinclodes espinhacensis,pedreiro-do-espinhaço,EN,EN,0,0.2163288979212089,0,0,1,0,0,0,0,0,0,1,0,0,1,0,0,1,1,1,1,0,1,1,0,0,1,2.0
Penelope jacucaca,jacucaca,VU,VU,0,0.21526079974421003,0,1,1,1,0,0,0,0,1,1,0,0,1,0,1,1,1,1,1,1,0,0,0,0,1,1.0
Herpsilochmus pileatus,chorozinho-de-boné,NE,NT,0,0.2148059227757977,0,1,0,0,0,0,0,0,1,0,0,0,1,0,0,1,1,0,0,0,1,0,0,0,0,0.0
Carpornis cucullata,corocoxó,NE,LC,0,0.21465736934339052,0,1,0,0,1,0,0,0,0,1,1,0,1,0,0,1,1,0,1,0,0,0,0,0,0,0.0
Alipiopsitta xanthops,papagaio-galego,NE,LC,0,0.21394587866448006,1,1,1,1,0,1,0,1,1,1,0,1,0,0,1,1,1,0,0,1,0,1,0,0,0,0.0
Sakesphoroides niedeguidonae,choca-do-nordeste-de-cauda-barrada,NE,LC,0,0.21056708640499328,0,0,1,1,0,0,0,0,1,0,0,0,1,0,0,1,1,1,1,1,0,1,0,0,1,0.0
Alectrurus risora,tesoura-do-campo,NE,,0,0.21039486862303078,0,0,1,0,0,1,0,0,0,0,0,1,0,0,1,1,1,1,1,0,0,1,0,1,0,0.0
Tinamus solitarius,macuco,NE,NT,0,0.21007118280605666,0,1,0,0,0,0,0,0,1,1,1,0,0,0,1,1,0,0,1,1,0,0,0,0,0,0.0
Pterodroma hasitata,diablotim,NE,,0,0.20895491221053472,0,1,0,0,0,0,0,0,0,1,0,0,0,0,0,1,0,1,1,1,0,0,0,0,0,0.0
Onychorhynchus swainsoni,maria-leque-do-sudeste,VU,VU,0,0.20803971592465498,0,1,0,0,0,0,0,0,0,1,1,0,1,0,1,1,0,1,0,1,0,0,0,0,1,1.0
Synallaxis hellmayri,joão-chique-chique,NE,LC,0,0.20747342570645802,0,0,1,1,0,0,0,0,1,1,0,0,1,0,1,1,1,1,0,0,0,1,0,0,1,0.0
Crypturellus zabele,zabelê,VU,VU,0,0.20678388846983045,0,1,1,1,0,0,0,0,1,1,0,0,1,0,1,1,1,1,1,1,0,1,0,0,1,1.0
Alectrurus tricolor,galito,VU,VU,0,0.20561353084665587,0,1,1,0,0,1,0,1,0,1,1,1,0,0,1,1,1,1,1,0,0,1,0,1,0,1.0
Cichlocolaptes mazarbarnetti,"gritador-do-nordeste, trepador-do-nordeste",EX,EX,0,0.20526086252136422,0,1,0,0,0,0,0,0,1,0,0,0,1,0,0,0,0,1,0,1,0,0,0,0,0,0.0
Thamnophilus aethiops,choca-lisa,NE,EN,0,0.20411346009263417,0,1,0,1,0,0,0,0,1,0,0,0,1,0,0,1,1,0,0,0,0,0,0,0,0,0.0
Dacnis nigripes,saí-de-pernas-pretas,NE,LC,0,0.20377381363806113,0,1,0,0,0,0,0,0,1,1,1,0,1,1,1,1,0,0,0,1,0,0,0,0,0,0.0
Laterallus xenopterus,sanã-se-cara-ruiva,EN,EN,0,0.19618848703726988,0,1,1,0,0,0,0,1,0,1,0,1,0,0,1,1,1,1,1,0,0,1,0,0,1,2.0
Nothura minor,codorna-mineira,EN,EN,0,0.19564304485147369,0,1,1,0,0,0,0,0,0,1,1,1,0,0,1,1,1,0,0,1,0,0,0,0,0,2.0
Charitospiza eucosma,mineirinho,NE,LC,0,0.19277174236117273,1,1,1,1,0,1,0,1,1,1,1,1,0,0,1,1,1,0,0,1,0,0,0,0,0,0.0
Knipolegus franciscanus,maria-preta-do-nordeste,VU,VU,0,0.19160807362096616,0,0,1,1,0,0,0,1,1,1,0,1,1,0,1,1,1,1,1,1,0,0,0,0,0,1.0
Icterus jamacaii,"concris, concriz, corrupião, recongo, sofrê, sofreu, xofreu",NE,LC,0,0.1883551767843035,1,1,1,1,0,0,0,1,1,1,0,1,1,0,1,1,1,0,0,1,0,0,0,0,0,0.0
Phylloscartes eximius,barbudinho,NE,LC,0,0.18835374097590274,0,1,1,0,0,0,0,0,0,1,1,0,0,0,0,1,1,1,1,0,0,0,0,0,0,0.0
Dendrocincla taunayi,arapaçu-pardo-do-nordeste,EN,EN,0,0.184856098706095,0,1,0,1,0,0,0,0,1,0,0,0,1,0,0,1,1,0,1,0,0,0,0,0,0,2.0
Taoniscus nanus,"codorna-carapé, inhambu-carapé",EN,EN,0,0.18293580845348464,0,1,1,1,0,0,0,1,1,1,0,1,0,0,1,1,1,0,0,0,0,1,0,0,0,2.0
Herpsilochmus pectoralis,chorozinho-de-papo-preto,NE,LC,0,0.18237913177300263,1,1,1,1,0,0,0,0,1,0,0,0,1,0,1,1,1,1,0,1,0,1,0,0,1,0.0
Phoebetria fusca,piau-preto,NE,,0,0.18210256559844867,0,1,0,0,1,0,0,0,1,1,1,0,0,0,1,1,0,0,1,1,1,0,1,0,0,0.0
Scytalopus iraiensis,macuquinho-da-várzea,EN,EN,0,0.18188665850635477,0,1,1,0,1,0,0,0,0,1,1,0,1,0,1,1,1,1,1,0,0,1,1,1,1,2.0
Bulweria bulwerii,alma-negra,NE,LC,0,0.1780169894693368,0,0,0,0,0,0,1,0,0,1,0,0,0,1,0,1,1,0,1,1,0,0,1,0,0,0.0
Lipaugus conditus,saudade-de-asa-cinza,VU,VU,0,0.1770945179342218,0,1,0,0,0,0,0,0,0,1,0,0,1,0,0,1,0,0,0,0,1,1,0,0,0,1.0
Xiphocolaptes falcirostris,arapaçu-do-nordeste,VU,VU,0,0.17451356803488596,0,0,1,1,0,0,0,0,1,1,0,0,1,0,1,1,1,1,1,1,0,1,0,0,1,1.0
Drymophila rubricollis,trovoada-de-bertoni,NE,LC,0,0.17303376392662678,0,1,1,0,0,0,0,0,0,1,1,0,0,0,0,0,1,1,0,1,0,0,0,0,0,0.0
Hydrobates leucorhous,painho-de-cauda-furcada,NE,LC,0,0.17246489765022083,0,1,0,0,0,0,1,0,1,0,0,0,0,1,0,1,1,1,0,0,0,0,1,0,0,0.0
Anopetia gounellei,rabo-branco-de-cauda-larga,NE,LC,0,0.17238957548468012,0,1,1,1,0,0,0,0,1,1,0,0,1,0,0,1,1,1,0,1,0,1,0,0,1,0.0
Pyrrhura pfrimeri,tiriba-de-pfrimer,EN,EN,0,0.17226683151295585,0,0,1,0,0,0,0,1,0,0,0,1,1,0,1,1,1,1,0,1,1,1,0,0,0,2.0
Augastes scutatus,beija-flor-de-gravata-verde,NE,LC,0,0.16942156363514366,0,1,1,1,0,0,0,0,1,1,0,0,1,0,0,0,1,1,0,0,0,0,0,0,0,0.0
Amazona vinacea,papagaio-de-peito-roxo,VU,VU,0,0.16868221150150287,0,1,1,1,1,0,0,0,1,1,1,0,0,0,1,1,1,1,1,1,1,0,1,0,0,1.0
Macronectes giganteus,petrel-grande,NE,LC,0,0.1682730352287291,0,1,0,0,1,0,1,0,0,1,1,0,0,1,0,0,1,1,1,1,0,0,0,1,0,0.0
Rhopias gularis,choquinha-de-garganta-pintada,NE,LC,0,0.16672334691801327,0,1,0,0,0,0,0,0,1,1,1,0,1,0,0,1,1,0,0,0,0,0,0,0,0,0.0
Biatas nigropectus,papo-branco,NE,NT,0,0.16501860717600164,0,1,1,0,0,0,0,0,0,1,1,0,0,0,1,0,0,1,0,1,0,0,0,0,0,0.0
Campylopterus calcirupicola,asa-de-sabre-da-mata-seca,EN,VU,0,0.16385525849040095,0,0,1,1,0,0,0,1,1,1,0,1,1,0,1,1,1,1,1,1,0,1,0,0,0,2.0
Colibri delphinae,beija-flor-marrom,NE,VU,0,0.16264603626642593,0,0,0,1,0,0,0,0,1,0,0,0,1,0,0,1,0,1,0,0,0,1,0,0,1,0.0
Formicivora iheringi,formigueiro-do-nordeste,NE,VU,0,0.15757975594637508,0,1,1,1,0,0,0,0,1,1,0,0,1,0,0,1,1,1,0,1,0,0,0,0,1,0.0
Megaxenops parnaguae,bico-virado-da-caatinga,NE,NT,0,0.15757975594637508,0,1,1,1,0,0,0,0,1,1,0,0,1,0,0,1,1,1,0,1,0,0,0,0,1,0.0
Pachyptila belcheri,faigão-de-bico-fino,NE,LC,0,0.15500077841293733,0,1,0,0,0,0,1,0,1,1,0,0,0,1,0,1,1,0,0,0,0,0,1,0,0,0.0
Pterodroma madeira,grazina-da-madeira,EN,EN,0,0.15345626406110802,0,0,0,0,0,0,1,0,1,0,0,0,0,1,0,1,1,0,1,0,0,1,1,0,0,2.0
Platalea leucorodia,colhereiro-europeu,NE,,0,0.1533630902329135,0,1,0,0,0,0,0,0,1,0,0,0,0,0,0,0,1,0,0,0,0,1,0,1,0,0.0
Anabacerthia amaurotis,limpa-folha-miúdo,NE,LC,0,0.15305212951109806,0,1,0,0,0,0,0,0,0,1,1,0,0,0,0,1,1,0,1,0,0,0,0,0,0,0.0
Aburria jacutinga,jacutinga,EN,EN,0,0.15170873527940315,0,1,1,0,0,0,1,0,0,1,1,1,0,0,1,1,0,1,0,1,0,0,0,0,0,2.0
Stilpnia peruviana,saíra-sapucaia,NE,NT,0,0.1516996835586312,0,1,1,0,1,0,0,0,1,1,1,0,1,1,0,1,1,1,0,1,0,0,0,0,0,0.0
Phylloscartes difficilis,estalinho,NE,LC,0,0.14787060385156878,0,1,0,0,0,0,0,0,0,1,1,0,1,0,0,1,1,0,0,0,0,0,0,0,0,0.0
Paragallinula angulata,galinha-d'água-pequena,NE,,0,0.14785391852477306,0,0,0,0,0,0,1,0,1,0,0,0,0,0,0,1,1,1,0,0,0,1,0,0,1,0.0
Heteronetta atricapilla,marreca-de-cabeça-preta,NE,LC,0,0.14706377222149566,0,1,0,0,1,0,0,0,0,0,1,0,0,1,0,1,1,0,1,1,0,1,0,1,0,0.0
Heteroxolmis dominicanus,noivinha-de-rabo-preto,NE,VU,0,0.14656797632433138,0,1,1,0,1,0,0,0,0,0,1,0,0,0,1,1,1,1,1,0,0,1,1,1,1,0.0
Podiceps occipitalis,mergulhão-de-orelha-amarela,NE,,0,0.14651190564417163,0,1,0,0,0,0,0,0,0,1,1,0,0,0,0,1,1,1,0,0,0,1,1,0,0,0.0
Oxyura vittata,marreca-rabo-de-espinho,NE,,0,0.14564635254865063,0,1,1,0,1,0,0,0,0,1,1,1,0,1,0,0,1,1,1,1,0,0,0,0,0,0.0
Hemitriccus obsoletus,catraca,NE,LC,0,0.1444179211479849,0,1,0,0,0,0,0,0,0,1,1,0,0,0,0,1,1,1,0,0,0,0,0,0,0,0.0
Celeus galeatus,pica-pau-de-cara-canela,EN,EN,0,0.14436263834768825,0,1,1,0,0,0,0,0,0,1,1,1,0,0,1,0,0,1,0,1,0,0,0,0,0,2.0
Thalassarche chrysostoma,albatroz-de-cabeça-cinza,NE,,0,0.14304213522433873,0,1,0,0,1,0,1,0,0,1,1,0,0,0,0,1,1,0,1,1,0,0,1,0,0,0.0
Formicivora melanogaster,formigueiro-de-barriga-preta,NE,LC,0,0.14234931656513128,1,1,1,1,0,1,0,1,1,1,0,1,0,0,1,1,1,1,0,1,0,0,0,0,1,0.0
Hypoedaleus guttatus,chocão-carijó,NE,LC,0,0.14078455970811501,0,1,1,0,1,0,0,0,1,1,1,1,0,0,0,0,0,1,0,1,0,0,0,0,0,0.0
Sclerurus scansor,vira-folha,NE,LC,0,0.14078455970811501,0,1,1,0,1,0,0,0,1,1,1,1,0,0,0,0,0,1,0,1,0,0,0,0,0,0.0
Macronectes halli,petrel-grande-do-norte,NE,LC,0,0.1350720944606356,0,1,0,0,1,0,1,0,0,1,1,0,0,1,0,1,1,1,1,1,1,0,1,0,0,0.0
Cranioleuca semicinerea,joão-de-cabeça-cinza,NE,LC,0,0.13089588934123694,0,1,1,1,0,0,0,0,1,1,0,1,1,0,0,0,1,1,0,1,0,0,0,0,0,0.0
Phyllomyias reiseri,piolhinho-do-grotão,EN,EN,0,0.13040675426861995,0,1,1,1,0,1,0,1,1,1,0,1,0,0,1,1,1,1,1,1,0,1,0,0,0,2.0
Leptasthenura setaria,grimpeiro,NE,LC,0,0.12764691825987395,0,1,1,0,0,0,0,0,0,1,1,0,0,0,0,1,1,1,0,0,0,0,0,0,0,0.0
Anodorhynchus hyacinthinus,"arara-azul, arara-azul-grande",NE,VU,0,0.12618834837803097,1,1,1,1,0,1,0,1,1,1,0,1,0,0,1,1,1,1,0,1,0,1,0,0,0,0.0
Fulmarus glacialoides,pardelão-prateado,NE,LC,0,0.12374636289369619,0,1,0,0,1,0,1,0,1,1,1,0,0,1,0,1,1,1,1,1,0,0,1,1,1,0.0
Cichlocolaptes leucophrus,trepador-sobrancelha,NE,LC,0,0.12333090851801497,0,1,0,0,0,0,0,0,1,1,0,0,1,0,1,0,0,0,0,0,0,0,0,0,0,0.0
Tangara cyanomelas,saíra-pérola,NE,LC,0,0.12333090851801497,0,1,0,0,0,0,0,0,1,1,0,0,1,0,1,0,0,0,0,0,0,0,0,0,0,0.0
Pterodroma deserta,grazina-de-desertas,VU,VU,0,0.12242743450819193,0,0,0,0,0,0,1,0,1,0,1,0,0,1,0,1,1,0,1,1,0,1,1,0,0,1.0
Sporophila albogularis,golinho,NE,LC,0,0.12157895725256897,0,1,1,1,0,0,0,0,1,1,0,1,1,0,0,1,1,0,0,1,0,0,0,0,0,0.0
Geositta poeciloptera,"andarilho, curriqueiro",VU,VU,0,0.12110973734710179,0,1,1,1,0,0,0,1,0,1,0,1,0,0,1,1,1,1,1,0,1,1,1,0,0,1.0
Pteroglossus bailloni,araçari-banana,NE,LC,0,0.12100346935466898,0,1,1,0,0,0,0,0,1,1,1,1,0,0,0,1,1,1,0,1,0,0,0,0,0,0.0
Pulsatrix koeniswaldiana,murucututu-de-barriga-amarela,NE,LC,0,0.11657987241211139,0,1,1,0,0,0,0,0,1,1,1,1,0,0,0,0,1,0,1,0,0,0,0,0,0,0.0
Dendrocolaptes medius,arapaçu-barrado-do-leste,VU,VU,0,0.11527076472021494,1,1,0,0,0,0,1,1,1,0,0,0,1,0,1,1,1,1,1,0,0,1,0,0,0,1.0
Phaethornis subochraceus,rabo-branco-de-barriga-fulva,NE,DD,0,0.11404510729102306,0,0,1,0,0,1,0,0,0,0,0,1,0,0,0,1,1,1,1,0,0,0,0,0,0,0.0
Larus atlanticus,gaivota-de-rabo-preto,NE,,0,0.11257646815728901,0,1,0,0,1,0,1,0,0,0,1,0,0,1,0,1,1,1,1,1,1,0,0,0,0,0.0
Diomedea epomophora,albatroz-real,VU,VU,0,0.11147490293506539,0,0,0,0,1,0,1,0,0,1,1,0,0,1,0,1,1,1,1,1,1,1,1,1,0,1.0
Pterodroma macroptera,fura-buxo-de-cara-cinza,NE,,0,0.11123840993348393,0,0,0,0,0,0,1,0,0,0,1,0,0,0,0,1,1,1,0,0,0,0,1,0,0,0.0
Pterodroma lessonii,grazina-de-cabeça-branca,NE,,0,0.11123840993348393,0,0,0,0,0,0,1,0,0,0,1,0,0,0,0,1,1,1,0,0,0,0,1,0,0,0.0
Psilorhamphus guttatus,tapaculo-pintado,NE,LC,0,0.11065954070114799,0,1,1,0,0,0,0,0,0,1,1,0,0,0,0,1,1,0,1,0,0,0,0,0,0,0.0
Ara chloropterus,arara-vermelha,NE,NT,0,0.11050756398307619,1,1,1,1,0,1,0,1,1,1,1,1,0,0,1,1,1,1,0,1,0,0,0,0,0,0.0
Laterallus spilopterus,sanã-cinza,EN,NT,0,0.11011619835527699,0,0,0,0,1,0,1,0,0,0,1,0,0,0,0,1,1,1,1,0,1,0,0,1,0,2.0
Triclaria malachitacea,sabiá-cica,NE,LC,0,0.10859575471293886,0,1,1,0,0,0,0,0,0,1,1,0,1,0,0,1,1,0,0,1,0,0,0,0,0,0.0
Megascops sanctaecatarinae,corujinha-do-sul,NE,LC,0,0.10718214784149817,0,1,0,0,1,0,0,0,0,1,1,0,0,0,0,1,1,1,0,1,0,1,0,0,0,0.0
Procellaria conspicillata,pardela-de-óculos,VU,DD,0,0.10535800646328963,0,1,0,0,1,0,1,0,1,1,1,0,0,1,0,1,1,0,1,1,1,1,1,1,1,1.0
Pterodroma incerta,grazina-de-barriga-branca,EN,EN,0,0.10525693630214841,1,1,0,0,1,0,1,1,1,1,1,0,0,1,1,1,1,0,1,0,0,0,1,0,1,2.0
Cairina moschata,"cairina, gamaleão, pato, pato-bravo, pato-bravo-verdadeiro, pato-crioulo, pato-do-mato, pato-picaço, pato-selvagem",NE,LC,0,0.10489441712285469,1,1,1,1,1,1,1,1,1,1,1,1,0,0,1,1,1,0,1,1,0,0,1,0,0,0.0
Spizaetus ornatus,gavião-de-penacho,NE,LC,0,0.10444436416408388,1,1,1,1,0,1,0,1,1,1,1,1,0,0,1,1,0,0,0,1,1,0,0,0,0,0.0
Porphyrospiza caerulescens,campainha-azul,NE,LC,0,0.10328081618557144,1,1,1,1,0,1,0,1,1,1,0,1,0,0,1,0,1,0,0,0,0,0,0,0,0,0.0
Spartonoica maluroides,boininha,NE,LC,0,0.10282764663999532,0,1,0,0,1,0,0,0,0,0,1,0,0,0,0,1,1,0,0,0,0,1,0,0,0,0.0
Myrmorchilus strigilatus,tem-farinha-aí,NE,LC,0,0.10228682212030957,0,1,1,1,0,1,0,0,1,1,0,1,0,0,1,0,1,1,0,0,0,0,0,0,0,0.0
Morus capensis,atobá-do-cabo,NE,,0,0.10051603936102883,0,0,0,0,0,0,1,0,0,0,1,0,0,0,1,0,0,0,1,1,0,0,0,1,0,0.0
Pelecanoides magellani,petrel-mergulhador,NE,,0,0.09941554576448365,0,0,0,0,1,0,0,0,0,0,1,0,0,0,0,1,1,1,0,1,0,0,1,0,0,0.0
Xenus cinereus,maçarico-tereque,NE,,0,0.0944276642364832,0,1,0,0,0,0,0,0,1,1,0,0,0,0,1,0,0,0,0,0,0,0,0,0,0,0.0
Ardenna tenuirostris,"bobo-de-cauda-curta, pardela-de-cauda-curta",NE,,0,0.09385071164248737,0,1,0,0,0,0,0,0,1,0,0,0,0,0,0,1,1,0,0,1,1,0,1,0,0,0.0
Pachyptila vittata,faigão-de-bico-largo,NE,,0,0.09323839187805373,0,1,0,0,1,0,1,0,1,1,1,0,0,0,0,1,1,1,0,0,0,0,1,0,0,0.0
Thamnophilus capistratus,choca-barrada-do-nordeste,NE,LC,0,0.09191528383703884,0,1,1,1,0,0,0,0,1,1,0,0,1,0,0,1,0,0,0,1,0,0,0,0,0,0.0
Ortalis araucuan,aracuã-de-barriga-branca,NE,LC,0,0.09191528383703884,0,1,1,1,0,0,0,0,1,1,0,0,1,0,0,1,0,0,0,1,0,0,0,0,0,0.0
Drymornis bridgesii,arapaçu-platino,NE,LC,0,0.0916532000854713,0,0,0,0,1,0,0,0,0,0,1,0,0,0,0,1,1,1,0,1,0,0,0,0,0,0.0
Radinopsyche sellowi,chorozinho-da-caatinga,NE,LC,0,0.09138642095918811,1,1,1,1,0,0,0,1,1,1,0,0,1,0,1,1,1,1,1,1,0,1,0,0,0,0.0
Phaethon rubricauda,rabo-de-palha-de-cauda-vermelha,NE,,0,0.09127086079673745,0,1,0,0,0,0,1,0,1,0,0,0,0,0,0,1,1,0,0,1,0,0,1,0,1,0.0
Polioptila lactea,balança-rabo-leitoso,NE,LC,0,0.09054208897436021,0,1,0,0,1,0,0,0,0,0,1,0,0,0,0,1,1,1,0,1,0,0,0,0,0,0.0
Scytalopus pachecoi,tapaculo-ferreirinho,NE,LC,0,0.09046761534886617,0,1,0,0,1,0,0,0,0,0,1,0,0,0,0,1,1,1,0,0,0,0,0,0,0,0.0
Sporophila melanogaster,caboclinho-de-barriga-preta,VU,VU,0,0.08898641786020796,0,1,1,1,0,0,0,1,1,1,1,1,1,1,1,1,1,1,1,1,0,1,1,1,1,1.0
Strix hylophila,coruja-listrada,NE,LC,0,0.08870506253755414,0,1,1,0,1,0,0,0,0,1,1,0,0,0,0,1,0,1,0,1,0,1,0,0,0,0.0
Ara ararauna,arara-canindé,NE,LC,0,0.0872200884697622,1,1,1,0,0,1,0,1,1,1,1,1,0,0,1,1,1,1,1,1,0,0,0,0,0,0.0
Picumnus nebulosus,picapauzinho-carijó,NE,LC,0,0.0866563163325176,0,1,1,0,1,0,0,0,0,0,1,0,0,0,0,1,1,0,1,0,0,0,0,0,0,0.0
Malacoptila minor,Não Informado,VU,VU,0,0.0858847730725667,1,0,1,1,0,0,0,0,1,0,0,0,1,0,1,1,1,1,1,1,0,1,0,0,0,1.0
Thalassarche cauta,"albatroz-arisco, albatroz-de-coroa-branca",NE,,0,0.08555479951058632,0,1,0,0,0,0,1,0,1,0,1,0,0,1,0,0,0,0,1,1,1,0,0,0,0,0.0
Gygis alba,grazina,NE,NT,0,0.08538043807535853,0,1,0,0,0,0,1,0,1,1,0,0,0,0,1,0,0,0,0,0,0,0,1,0,0,0.0
Procellaria cinerea,pardela-cinza,NE,,0,0.08530897795517532,0,1,0,0,0,0,1,0,1,0,1,0,0,0,0,1,1,0,0,0,0,0,1,0,0,0.0
Rollandia rolland,mergulhão-de-orelha-branca,NE,LC,0,0.08523933791731192,0,1,1,0,1,0,0,0,0,1,1,0,0,0,0,1,0,1,0,0,0,0,0,0,0,0.0
Asthenes baeri,lenheiro,NE,LC,0,0.08491205979331061,0,0,0,0,1,0,0,0,0,0,1,0,0,0,0,1,1,1,0,0,0,0,0,0,0,0.0
Oreopholus ruficollis,batuíra-de-papo-ferrugíneo,NE,LC,0,0.0836784661504371,0,1,0,0,1,0,0,0,0,1,1,0,0,1,1,1,0,0,0,1,0,0,0,0,0,0.0
Donacospiza albifrons,tico-tico-do-banhado,NE,LC,0,0.08315567053919501,0,1,1,0,1,0,0,0,0,1,1,1,0,0,0,0,1,0,1,0,0,1,0,0,0,0.0
Micrastur mintoni,falcão-críptico,NE,VU,0,0.08264131659791042,1,1,1,0,0,0,0,1,1,1,0,1,0,0,1,1,1,1,0,1,0,1,0,0,0,0.0
Orthogonys chloricterus,catirumbava,NE,LC,0,0.08252083162399534,0,1,0,0,0,0,0,0,0,1,1,0,1,0,1,0,0,0,0,0,0,0,0,0,0,0.0
Xiphocolaptes albicollis,arapaçu-de-garganta-branca,NE,LC,0,0.08198757538711277,0,1,1,1,1,1,0,0,1,1,1,1,0,0,0,0,0,1,0,1,0,0,0,0,0,0.0
Procnias averano,"araponga-do-nordeste, guiraponga",NE,EN,0,0.08176067361406385,1,1,1,1,0,0,0,1,1,0,0,0,1,0,1,1,1,1,1,1,0,0,0,0,1,0.0
Puffinus puffinus,"bobo-pequeno, pardela-sombria",NE,LC,0,0.08168832685895326,0,1,0,1,1,0,1,1,1,1,1,0,0,1,0,1,1,0,1,1,1,0,1,1,0,0.0
Procellaria aequinoctialis,pardela-preta,VU,VU,0,0.0802038934565585,1,1,0,0,1,0,1,1,1,1,1,0,0,1,1,1,1,1,0,1,0,0,1,1,0,1.0
Dysithamnus stictothorax,choquinha-de-peito-pintado,NE,LC,0,0.08017414108821207,0,1,0,0,0,0,1,0,1,1,1,0,0,0,0,1,1,0,0,0,0,0,0,0,0,0.0
Fregata aquila,Não Informado,NE,,0,0.07995003833112865,0,0,0,0,0,0,0,0,1,0,0,0,0,0,0,1,0,0,0,0,0,0,1,0,0,0.0
Laterallus leucopyrrhus,sanã-vermelha,NE,LC,0,0.07695118711523127,0,1,1,0,1,0,0,0,0,1,1,0,0,0,0,1,1,1,0,0,0,1,0,0,0,0.0
Chamaeza meruloides,tovaca-cantadora,NE,LC,0,0.07694215025340037,0,1,1,0,0,0,0,0,1,1,1,0,1,0,0,1,0,0,0,1,0,0,0,0,0,0.0
Amazona aestiva,papagaio-verdadeiro,NE,NT,0,0.07683488754080478,1,1,1,1,1,1,0,1,1,1,1,1,0,0,1,1,1,1,0,1,0,0,1,0,0,0.0
Charadrius modestus,batuíra-de-peito-tijolo,NE,LC,0,0.07574943383809485,0,1,0,0,1,0,0,0,0,1,1,0,0,1,0,1,0,1,0,0,0,0,0,0,0,0.0
Phylloscartes paulista,não-pode-parar,NE,LC,0,0.07454360903571697,0,1,0,0,0,0,0,0,0,1,1,0,0,0,0,1,1,0,0,0,0,0,0,0,0,0.0
Tangara seledon,saíra-sete-cores,NE,LC,0,0.0734453804524674,0,1,1,0,0,0,0,0,1,1,1,0,0,0,0,1,0,0,0,1,0,0,0,0,0,0.0
Leucocarbo bransfieldensis,biguá-das-shetland,NE,,0,0.07186511671679527,0,1,0,0,0,0,0,0,1,0,0,0,0,0,0,1,0,0,0,0,1,0,0,0,0,0.0
Sterna hirundinacea,trinta-réis-de-bico-vermelho,VU,VU,0,0.07146828047364437,1,1,0,0,1,0,1,1,1,1,1,0,0,1,1,1,1,1,1,0,0,0,1,0,1,1.0
Nycticryphes semicollaris,narceja-de-bico-torto,NE,DD,0,0.07113533014851832,0,1,1,0,1,0,0,0,1,1,1,1,0,0,0,1,1,0,0,1,0,1,0,0,1,0.0
Phibalura flavirostris,tesourinha-da-mata,NE,LC,0,0.07111517980279884,0,1,1,1,0,0,0,0,1,1,1,1,0,0,0,1,1,1,0,1,0,0,0,0,0,0.0
Geositta cunicularia,curriqueiro,NE,LC,0,0.07101079099253454,0,1,0,0,1,0,0,0,0,0,1,0,0,0,0,1,0,1,0,0,0,0,0,0,0,0.0
Syndactyla dimidiata,limpa-folha-do-brejo,NE,LC,0,0.07014559930178592,0,1,1,1,0,1,0,0,1,1,0,1,0,0,0,0,0,0,0,1,0,1,0,0,0,0.0
Eupsittula cactorum,periquito-da-caatinga,NE,LC,0,0.0694539710894858,0,1,1,1,0,0,0,1,1,1,0,1,1,0,0,1,1,0,0,1,0,0,0,0,0,0.0
Sporophila nigrorufa,caboclinho-do-sertão,VU,VU,0,0.06810329738911411,1,0,1,0,0,1,0,0,0,0,0,1,0,0,1,1,1,1,1,0,0,0,0,0,0,1.0
Eudyptes chrysolophus,"pinguim-de-testa-amarela, pinguim-macaroni",NE,,0,0.06779889901070008,0,0,0,0,1,0,0,0,0,0,1,0,0,0,1,1,0,0,1,1,0,0,0,0,1,0.0
Eudyptes chrysocome,pinguim-de-penacho-amarelo,NE,,0,0.06779889901070008,0,0,0,0,1,0,0,0,0,0,1,0,0,0,1,1,0,0,1,1,0,0,0,0,1,0.0
Crypturellus noctivagus,jaó-do-sul,NE,LC,0,0.06675802078134858,0,1,0,0,1,0,1,0,1,1,1,0,1,0,0,1,0,0,1,1,0,0,0,0,0,0.0
Daption capense,pomba-do-cabo,NE,,0,0.06672774894840611,0,1,0,0,1,0,1,0,1,1,1,0,0,1,0,1,1,1,0,0,0,0,1,0,1,0.0
Thalasseus maximus,trinta-réis-real,EN,EN,0,0.06614890647567287,1,1,1,1,1,0,1,1,1,1,1,0,0,1,1,1,1,1,0,0,1,0,1,0,0,2.0
Thalassarche melanophris,albatroz-de-sobrancelha,NE,NT,0,0.0659381489274931,0,1,0,1,1,0,1,0,1,1,1,0,0,1,0,1,1,0,1,1,1,0,1,1,1,0.0
Cacicus cela,xexéu,NE,LC,0,0.06587968511321345,1,1,1,1,0,1,1,1,1,1,0,1,0,0,0,1,1,0,0,1,0,0,0,0,0,0.0
Sicalis columbiana,canário-do-amazonas,NE,LC,0,0.06587968511321345,1,1,1,1,0,1,0,1,1,1,0,1,0,0,0,1,1,0,0,1,0,0,0,0,0,0.0
Sula dactylatra,atobá-grande,NE,LC,0,0.06515569245402736,0,1,1,1,1,0,1,1,1,1,1,0,0,0,0,1,1,1,1,1,1,0,0,1,0,0.0
Ortalis canicollis,aracuã-do-pantanal,NE,LC,0,0.06448715850863485,0,0,1,0,0,1,0,0,0,0,0,1,0,0,0,1,1,1,0,1,0,1,0,0,0,0.0
Halobaena caerulea,petrel-azul,NE,,0,0.06387410775860775,0,1,0,1,1,0,0,0,1,1,1,0,0,0,0,1,1,1,0,0,0,0,1,0,0,0.0
Granatellus pelzelni,Não Informado,NE,VU,0,0.0636166086858268,1,0,0,0,0,0,0,1,1,0,0,0,1,0,1,1,1,1,1,1,0,1,0,0,0,0.0
Celeus torquatus,pica-pau-de-coleira,NE,VU,0,0.0636166086858268,1,0,0,0,0,0,0,1,1,0,0,0,1,0,1,1,1,1,1,1,0,1,0,0,0,0.0
Campylorhamphus falcularius,arapaçu-de-bico-torto,NE,LC,0,0.06293176173952561,0,1,1,1,1,0,0,0,1,1,1,0,0,0,0,1,0,1,0,1,1,1,0,0,0,0.0
Thalasseus acuflavidus,trinta-réis-de-bando,VU,VU,0,0.06283481525724834,1,1,1,1,1,0,1,1,1,1,1,0,0,1,1,1,1,1,0,1,1,0,1,0,0,1.0
Sporophila americana,Coleiro-do-norte,NE,LC,0,0.06183167383067739,1,0,0,0,0,0,0,1,1,0,0,0,0,0,1,1,1,0,0,1,0,0,0,0,0,0.0
Saltator fuliginosus,bico-de-pimenta,NE,LC,0,0.061745444447753546,0,1,1,0,0,0,0,0,1,1,1,0,0,0,0,1,1,0,0,0,0,0,0,0,0,0.0
Glareola pratincola,perdiz-do-mar,NE,,0,0.06114057204794542,0,0,0,1,0,0,0,0,1,0,0,0,0,0,1,0,0,0,0,0,0,0,0,0,0,0.0
Charadrius melodus,batuíra-melodiosa,NE,,0,0.06114057204794542,0,0,0,1,0,0,0,0,1,0,0,0,0,0,1,0,0,0,0,0,0,0,0,0,0,0.0
Aratinga auricapillus,jandaia-de-testa-vermelha,NE,LC,0,0.06076717664740233,0,1,1,1,0,0,0,0,1,1,1,1,1,0,0,1,1,0,0,1,0,0,0,0,0,0.0
Catharus swainsoni,sabiá-de-óculos,NE,LC,0,0.060620408722382564,1,1,1,0,0,0,0,1,0,1,1,1,0,1,1,1,1,1,0,0,0,0,0,0,0,0.0
Neothraupis fasciata,"cigarra-do-campo, sanhaço-do-cerrado, tiê-do-cerrado",NE,LC,0,0.059971481148117456,1,1,1,1,0,1,0,1,1,1,1,1,0,0,1,1,1,1,0,0,0,1,1,0,0,0.0
Egretta garzetta,"garça-branca-pequena-europeia, garça-pequena-europeia",NE,,0,0.05978277729623888,0,1,0,0,0,0,0,0,1,0,0,0,0,0,0,1,0,0,0,1,0,0,0,0,0,0.0
Setophaga striata,mariquita-de-perna-clara,NE,NT,0,0.05943030621322756,1,1,1,0,0,0,0,1,1,1,1,1,0,1,1,1,1,1,0,0,0,0,0,0,1,0.0
Dendrexetastes paraensis,arapaçu-canela-de-belém,NE,VU,0,0.05912124093825426,1,0,0,0,0,0,0,1,1,0,0,0,1,0,1,1,1,1,1,1,0,0,0,0,0,0.0
Diomedea sanfordi,albatroz-real-do-norte,EN,EN,0,0.05910499734183944,0,0,0,0,0,0,1,0,0,0,1,0,0,1,0,1,0,0,1,1,1,0,1,0,1,2.0
Guaruba guarouba,"ararajuba, guaruba",VU,VU,0,0.0588921926519532,1,0,1,0,0,0,0,1,1,0,0,0,1,0,1,1,1,0,0,1,1,0,0,0,0,1.0
Capito brunneipectus,capitão-de-peito-marrom,NE,NT,0,0.05859131527723008,1,0,0,0,0,0,0,1,0,0,0,0,1,0,1,1,1,1,0,1,0,1,0,0,0,0.0
Pterodroma mollis,grazina-delicada,NE,LC,0,0.05853225550713418,0,1,0,1,1,0,0,0,1,1,1,0,0,1,0,1,1,1,0,0,0,0,1,0,0,0.0
Terenura maculata,zidedê,NE,LC,0,0.05774080672859834,0,1,1,0,0,0,0,0,1,1,1,0,0,0,0,0,0,0,0,0,0,0,0,0,0,0.0
Philydor atricapillus,limpa-folha-coroado,NE,LC,0,0.05774080672859834,0,1,1,0,0,0,0,0,1,1,1,0,0,0,0,0,0,0,0,0,0,0,0,0,0,0.0
Muscipipra vetula,tesoura-cinzenta,NE,LC,0,0.05774080672859834,0,1,1,0,0,0,0,0,1,1,1,0,0,0,0,0,0,0,0,0,0,0,0,0,0,0.0
Anabacerthia lichtensteini,limpa-folha-ocráceo,NE,LC,0,0.05774080672859834,0,1,1,0,0,0,0,0,1,1,1,0,0,0,0,0,0,0,0,0,0,0,0,0,0,0.0
Anthus correndera,caminheiro-de-espora,NE,LC,0,0.056435049624451,0,1,1,0,1,0,0,0,0,1,1,0,0,1,0,1,1,0,0,0,0,1,1,0,0,0.0
Clibanornis dendrocolaptoides,cisqueiro,NE,LC,0,0.05564314896256098,0,1,1,0,0,0,0,0,0,0,1,0,0,0,0,1,1,0,0,0,0,0,0,0,0,0.0
Asthenes pyrrholeuca,lenheiro-de-rabo-comprido,NE,,0,0.05559743768968419,0,0,0,0,1,0,0,0,0,0,1,0,0,0,0,0,1,1,0,0,0,0,0,0,0,0.0
Nengetus rufiventris,gaúcho-chocolate,NE,,0,0.05559743768968419,0,0,0,0,1,0,0,0,0,0,1,0,0,0,0,0,1,1,0,0,0,0,0,0,0,0.0
Nengetus rubetra,noivinha-castanha,NE,,0,0.05559743768968419,0,0,0,0,1,0,0,0,0,0,1,0,0,0,0,0,1,1,0,0,0,0,0,0,0,0.0
Anodorhynchus glaucus,arara-azul-pequena,RE,RE,0,0.055556732868590114,0,1,0,0,1,0,0,0,0,0,1,1,0,0,0,1,1,1,0,1,1,0,1,0,0,0.0
Puffinus boydi,Pardela-chica-de-cabo-verde,NE,DD,0,0.05551523879139266,0,0,0,0,0,0,1,1,1,0,0,0,0,1,1,0,0,0,0,0,0,0,0,0,0,0.0
Fregetta grallaria,painho-de-barriga-branca,NE,LC,0,0.054517867109780814,0,0,0,0,0,0,1,0,1,1,1,0,0,1,0,0,1,0,0,0,0,0,1,0,0,0.0
Coturnicops notatus,pinto-d'água-carijó,NE,DD,0,0.05428359338380979,0,1,0,0,1,0,0,0,0,1,1,0,0,0,0,0,0,1,0,0,0,0,0,1,0,0.0
Pseudoleistes virescens,dragão,NE,LC,0,0.05358346198699437,0,1,0,0,1,0,0,0,0,0,1,0,0,0,0,0,1,0,0,0,0,1,0,0,0,0.0
Baryphthengus ruficapillus,juruva,NE,LC,0,0.05332198148391925,0,1,1,1,0,0,1,1,1,1,1,1,0,0,0,1,0,1,0,1,0,0,0,0,0,0.0
Orthopsittaca manilatus,maracanã-do-buriti,NE,LC,0,0.05320935544288377,1,1,1,0,0,1,0,1,1,1,0,1,0,0,0,1,1,0,0,1,0,0,0,0,0,0.0
Heliornis fulica,picaparra,NE,LC,0,0.052418615461918436,1,1,1,0,0,1,0,1,1,1,1,1,0,0,1,1,0,1,0,0,0,0,0,0,0,0.0
Grallaria varia,tovacuçu,NE,VU,0,0.05216839596802483,1,0,0,0,0,0,0,1,1,0,0,1,1,0,1,1,1,1,1,1,0,1,0,0,1,0.0
Oceanites oceanicus,alma-de-mestre,NE,LC,0,0.05152177832838376,0,1,0,0,1,0,1,0,1,1,1,0,0,1,0,1,1,1,0,0,0,0,1,1,1,0.0
Polystictus pectoralis,papa-moscas-canela,NE,LC,0,0.05142618948526013,1,1,1,0,1,1,0,1,0,1,1,1,0,0,1,1,1,1,1,0,0,1,0,0,0,0.0
Ardenna grisea,"bobo-escuro, pardela-escura",NE,LC,0,0.05119023972797099,0,1,0,1,1,0,1,0,1,1,1,0,0,1,0,1,1,1,1,1,1,0,1,1,1,0.0
Penelope ochrogaster,jacu-de-barriga-castanha,NE,NT,0,0.05063883908396885,1,0,1,1,0,1,0,1,1,1,0,1,1,0,1,1,1,1,1,1,0,1,0,0,0,0.0
Diuca diuca,diuca,NE,,0,0.050513762842439795,0,0,0,0,1,0,0,0,0,0,1,0,0,0,0,1,1,0,0,0,0,0,1,0,0,0.0
Myiothlypis rivularis,pula-pula-ribeirinho,NE,LC,0,0.04988416585820793,0,1,0,0,0,0,0,0,1,1,1,0,0,0,0,0,0,0,0,0,0,0,0,0,0,0.0
Penelope obscura,jacuaçu,NE,LC,0,0.04940511070267671,0,1,1,0,1,0,0,0,1,1,1,0,0,0,0,1,0,0,0,1,0,0,0,0,0,0.0
Knipolegus striaticeps,maria-preta-acinzentada,NE,,0,0.04914893578928163,0,0,0,0,0,1,0,0,0,0,0,1,0,0,0,0,1,1,0,0,0,0,0,0,0,0.0
Morus serrator,atobá-australiano,NE,,0,0.048274528900286884,0,0,0,0,0,0,1,0,0,0,1,0,0,0,0,1,0,0,1,1,1,0,0,0,0,0.0
Casiornis fuscus,caneleiro-enxofre,NE,LC,0,0.047820661242769825,1,1,1,1,0,1,0,1,1,1,0,1,1,1,0,1,1,1,0,1,0,1,0,0,0,0.0
Thalassarche chlororhynchos,albatroz-de-nariz-amarelo,EN,EN,0,0.04718069972374465,1,1,0,1,1,0,1,1,1,1,1,0,0,1,1,1,1,1,1,1,1,0,1,1,0,2.0
Tangara velia,saíra-diamante,NE,VU,0,0.047125409172833234,1,0,0,0,0,0,0,1,1,0,0,0,1,0,1,1,1,1,1,1,0,0,0,0,1,0.0
Sakesphoroides cristatus,choca-do-nordeste,NE,LC,0,0.04701691217362179,0,1,1,1,0,0,0,0,1,1,0,0,1,0,1,0,0,0,0,0,0,0,0,0,0,0.0
Melanopareia bitorquata,meia-lua-de-coleira-dupla,NE,NT,0,0.04601624898777429,1,0,0,0,0,0,0,0,0,0,0,1,0,0,0,1,1,0,0,0,0,1,0,0,0,0.0
Geranoaetus polyosoma,gavião-de-costas-vermelhas,NE,,0,0.04505674485661296,0,1,0,0,0,0,1,0,0,1,0,0,0,0,1,0,0,0,0,0,0,0,0,0,0,0.0
Cyanocorax caeruleus,gralha-azul,NE,LC,0,0.045049120654522976,0,1,0,0,1,0,1,0,0,1,1,0,0,0,0,0,1,0,0,1,0,0,0,0,0,0.0
Phacellodomus erythrophthalmus,joão-botina-da-mata,NE,LC,0,0.04392306013706337,0,1,1,0,0,0,0,0,1,1,0,0,1,0,0,0,0,0,0,0,0,0,0,0,0,0.0
Veniliornis maculifrons,pica-pau-de-testa-pintada,NE,LC,0,0.04392306013706337,0,1,1,0,0,0,0,0,1,1,0,0,1,0,0,0,0,0,0,0,0,0,0,0,0,0.0
Eleoscytalopus indigoticus,macuquinho,NE,LC,0,0.04372409121790693,0,1,1,0,0,0,0,0,1,1,1,0,1,0,0,0,0,0,0,0,0,0,0,0,0,0.0
Malacoptila striata,barbudo-rajado,NE,LC,0,0.04372409121790693,0,1,1,0,0,0,0,0,1,1,1,0,1,0,0,0,0,0,0,0,0,0,0,0,0,0.0
Thraupis ornata,sanhaçu-de-encontro-amarelo,NE,LC,0,0.04372409121790693,0,1,1,0,0,0,0,0,1,1,1,0,1,0,0,0,0,0,0,0,0,0,0,0,0,0.0
Cranioleuca pallida,arredio-pálido,NE,LC,0,0.04372409121790693,0,1,1,0,0,0,0,0,1,1,1,0,1,0,0,0,0,0,0,0,0,0,0,0,0,0.0
Drymophila ferruginea,trovoada,NE,LC,0,0.04372409121790693,0,1,1,0,0,0,0,0,1,1,1,0,1,0,0,0,0,0,0,0,0,0,0,0,0,0.0
Harpia harpyja,"gavião-real, harpia",VU,NT,0,0.04350977120169956,1,1,1,0,1,1,0,1,1,1,1,1,0,0,1,1,1,1,1,1,0,1,0,0,0,1.0
Piculus aurulentus,pica-pau-dourado,NE,LC,0,0.04278937066298865,0,1,1,0,1,0,0,0,0,1,1,0,0,0,0,1,0,0,0,0,0,1,0,0,0,0.0
Tachycineta leucopyga,andorinha-chilena,NE,LC,0,0.04275005594733377,0,1,1,0,1,0,0,0,0,1,1,1,0,1,0,0,1,1,0,0,0,0,0,0,0,0.0
Hemitriccus diops,olho-falso,NE,LC,0,0.042052945292662645,0,1,1,1,0,0,0,0,1,1,1,0,0,0,0,0,0,0,0,0,0,0,0,0,0,0.0
Hylophilus amaurocephalus,vite-vite-de-olho-cinza,NE,LC,0,0.042052945292662645,0,1,1,1,0,0,0,0,1,1,1,0,0,0,0,0,0,0,0,0,0,0,0,0,0,0.0
Herpsilochmus rufimarginatus,chorozinho-de-asa-vermelha,NE,LC,0,0.042052945292662645,0,1,1,1,0,0,0,0,1,1,1,0,0,0,0,0,0,0,0,0,0,0,0,0,0,0.0
Dendrocincla turdina,arapaçu-liso,NE,LC,0,0.042052945292662645,0,1,1,1,0,0,0,0,1,1,1,0,0,0,0,0,0,0,0,0,0,0,0,0,0,0.0
Piprites pileata,caneleirinho-de-chapéu-preto,NE,LC,0,0.04135850100244479,0,1,0,0,0,0,0,0,0,1,1,0,0,0,1,0,0,0,0,0,0,0,0,0,0,0.0
Calidris subruficollis,maçarico-acanelado,VU,VU,0,0.041222313848767816,1,1,0,0,1,1,0,1,0,1,1,0,0,1,1,1,1,1,1,0,1,0,1,1,1,1.0
Myrmothera subcanescens,Não Informado,NE,LC,0,0.04111269872396453,1,0,0,0,0,0,0,1,0,0,0,1,1,0,1,1,1,0,0,0,0,0,0,0,0,0.0
Selenidera maculirostris,araçari-poca,NE,LC,0,0.04104939890079969,0,1,1,0,0,0,0,0,1,1,1,1,0,0,0,0,0,0,0,0,0,0,0,0,0,0.0
Megascops atricapilla,corujinha-sapo,NE,LC,0,0.04104939890079969,0,1,1,0,0,0,0,0,1,1,1,1,0,0,0,0,0,0,0,0,0,0,0,0,0,0.0
Notharchus swainsoni,macuru-de-barriga-castanha,NE,LC,0,0.04104939890079969,0,1,1,0,0,0,0,0,1,1,1,1,0,0,0,0,0,0,0,0,0,0,0,0,0,0.0
Glaucidium minutissimum,caburé-miudinho,NE,LC,0,0.04104939890079969,0,1,1,0,0,0,0,0,1,1,1,1,0,0,0,0,0,0,0,0,0,0,0,0,0,0.0
Pyrrhura devillei,tiriba-fogo,NE,LC,0,0.04086698026355997,0,0,1,0,0,1,0,0,0,0,0,1,0,0,0,1,1,1,0,1,0,0,0,0,0,0.0
Sporophila hypochroma,caboclinho-de-sobre-ferrugem,NE,LC,0,0.04075714968333757,1,0,1,0,1,1,0,1,0,1,1,1,0,1,1,1,1,1,0,1,0,0,0,0,0,0.0
Phoenicopterus chilensis,flamingo-chileno,NE,,0,0.040544210778444716,0,1,1,0,1,0,0,0,0,1,1,0,0,1,0,1,1,1,0,1,1,1,0,1,0,0.0
Sterna dougallii,trinta-réis-róseo,VU,VU,0,0.040473349268883504,1,1,1,1,0,0,1,1,1,1,0,0,0,1,1,1,0,1,0,1,1,0,0,0,0,1.0
Crax fasciolata,mutum-pinima,NE,CR,1,0.040385228745806315,1,0,1,0,0,0,0,1,1,0,0,0,1,0,1,1,1,1,1,1,0,1,0,0,0,0.0
Saltator aurantiirostris,bico-duro,NE,LC,0,0.040337340410586155,0,1,0,0,1,0,0,0,0,0,1,0,0,0,0,1,1,0,0,1,0,0,0,0,0,0.0
Tringa semipalmata,maçarico-de-asa-branca,NE,LC,0,0.03965727822331131,1,1,1,1,1,0,0,1,1,1,1,0,0,1,1,1,1,1,1,0,1,1,0,0,0,0.0
Tringa glareola,maçarico-de-bico-curto,NE,,0,0.03944710227526293,0,1,0,0,0,0,0,0,1,0,0,0,0,0,0,0,0,0,0,0,0,0,0,0,0,0.0
Calidris minuta,maçarico-pequeno,NE,,0,0.03944710227526293,0,1,0,0,0,0,0,0,1,0,0,0,0,0,0,0,0,0,0,0,0,0,0,0,0,0.0
Anas acuta,arrabio,NE,,0,0.03944710227526293,0,1,0,0,0,0,0,0,1,0,0,0,0,0,0,0,0,0,0,0,0,0,0,0,0,0.0
Cuculus canorus,cuco-canoro,NE,,0,0.03944710227526293,0,1,0,0,0,0,0,0,1,0,0,0,0,0,0,0,0,0,0,0,0,0,0,0,0,0.0
Ardea purpurea,garça-roxa,NE,,0,0.03944710227526293,0,1,0,0,0,0,1,0,1,0,0,0,0,0,0,0,0,0,0,0,0,0,0,0,0,0.0
Procnias nudicollis,araponga,NE,LC,0,0.03924037110048453,0,1,1,1,1,0,0,0,1,1,1,1,0,0,0,1,1,0,1,1,0,0,0,0,0,0.0
Picumnus exilis,picapauzinho-de-pintas-amarelas,NE,LC,0,0.03907601690417756,0,1,0,0,0,0,0,0,1,0,0,0,1,0,0,0,0,0,0,0,0,0,0,0,0,0.0
Tangara brasiliensis,cambada-de-chaves,NE,LC,0,0.0389235621238158,0,1,0,0,0,0,0,0,1,1,0,0,1,0,0,0,0,0,0,0,0,0,0,0,0,0.0
Phaethornis idaliae,rabo-branco-mirim,NE,LC,0,0.0389235621238158,0,1,0,0,0,0,0,0,1,1,0,0,1,0,0,0,0,0,0,0,0,0,0,0,0,0.0
Machaeropterus regulus,tangará-rajado,NE,LC,0,0.0389235621238158,0,1,0,0,0,0,0,0,1,1,0,0,1,0,0,0,0,0,0,0,0,0,0,0,0,0.0
Polioptila paraensis,Balança-rabo-paraense,NE,LC,0,0.038891205136441724,1,0,0,0,0,0,0,1,1,0,0,1,0,0,1,1,1,1,0,1,0,1,0,0,0,0.0
Heliodoxa rubricauda,beija-flor-rubi,NE,LC,0,0.038724593204659374,0,1,0,0,0,0,0,0,1,1,1,0,1,0,0,0,0,0,0,0,0,0,0,0,0,0.0
Thraupis cyanoptera,sanhaçu-de-encontro-azul,NE,LC,0,0.038724593204659374,0,1,0,0,0,0,0,0,1,1,1,0,1,0,0,0,0,0,0,0,0,0,0,0,0,0.0
Anabazenops fuscus,trepador-coleira,NE,LC,0,0.038724593204659374,0,1,0,0,0,0,0,0,1,1,1,0,1,0,0,0,0,0,0,0,0,0,0,0,0,0.0
Drymophila squamata,pintadinho,NE,LC,0,0.038724593204659374,0,1,0,0,0,0,1,0,1,1,1,0,1,0,0,0,0,0,0,0,0,0,0,0,0,0.0
Attila rufus,capitão-de-saíra,NE,LC,0,0.038724593204659374,0,1,0,0,0,0,1,0,1,1,1,0,1,0,0,0,0,0,0,0,0,0,0,0,0,0.0
Bucco capensis,rapazinho-de-colar,NE,LC,0,0.03849512670506917,1,0,0,0,0,0,0,1,1,0,0,1,0,0,1,1,1,1,0,1,0,0,0,0,0,0.0
Scytalopus petrophilus,tapaculo-serrano,NE,LC,0,0.03796016029543904,0,1,1,0,0,0,0,0,0,1,0,0,1,0,0,0,0,0,0,0,0,0,0,0,0,0.0
Microspingus lateralis,quete-do-sudeste,NE,LC,0,0.03796016029543904,0,1,1,0,0,0,0,0,0,1,0,0,1,0,0,0,0,0,0,0,0,0,0,0,0,0.0
Guyramemua affine,suiriri-da-chapada,NE,LC,0,0.03735040578522496,1,1,1,1,0,1,0,1,1,1,0,1,0,0,0,1,1,0,0,0,0,1,0,0,0,0.0
Stigmatura budytoides,alegrinho-balança-rabo,NE,LC,0,0.03651548010329195,0,1,1,1,0,0,0,0,1,1,0,0,0,0,0,0,0,0,0,0,0,0,0,0,0,0.0
Phleocryptes melanops,bate-bico,NE,LC,0,0.03510487305649426,0,1,0,0,1,1,0,0,0,1,1,1,0,0,1,0,0,0,0,0,0,1,0,0,0,0.0
Porzana carolina,sora,NE,,0,0.03509256770284645,0,1,0,0,0,0,0,0,0,1,0,0,0,0,0,0,0,0,0,0,0,0,0,0,0,0.0
Tringa totanus,maçarico-de-perna-vermelha,NE,,0,0.03509256770284645,0,1,0,0,0,0,0,0,0,1,0,0,0,1,0,0,0,0,0,0,0,0,0,0,0,0.0
Setophaga cerulea,mariquita-azul,NE,,0,0.03509256770284645,0,1,0,0,0,0,0,0,0,1,0,0,0,0,0,0,0,0,0,0,0,0,0,0,0,0.0
Mniotilta varia,mariquita-riscadinha,NE,,0,0.03509256770284645,0,1,0,0,0,0,0,0,0,1,0,0,0,1,0,0,0,0,0,0,0,0,0,0,0,0.0
Drymophila genei,choquinha-da-serra,NE,LC,0,0.03509256770284645,0,1,0,0,0,0,0,0,0,1,0,0,1,0,0,0,0,0,0,0,0,0,0,0,0,0.0
Stephanoxis lalandi,beija-flor-de-topete-verde,NE,LC,0,0.03509256770284645,0,1,0,0,0,0,0,0,0,1,0,0,1,0,0,0,0,0,0,0,0,0,0,0,0,0.0
Phalaropus lobatus,"falaropo-de-bico-fino, pisa-n’água-de-pescoço-vermelho",NE,,0,0.03509256770284645,0,1,0,0,0,0,0,0,0,1,0,0,0,0,0,0,0,0,0,0,0,0,0,0,0,0.0
Neopelma chrysolophum,fruxu,NE,LC,0,0.03509256770284645,0,1,0,0,0,0,0,0,0,1,0,0,1,0,0,0,0,0,0,0,0,0,0,0,0,0.0
Cardellina canadensis,mariquita-do-canadá,NE,,0,0.03509256770284645,0,1,0,0,0,0,0,0,0,1,0,0,0,0,0,0,0,0,0,0,0,0,0,0,0,0.0
Lipaugus ater,saudade,NE,LC,0,0.03509256770284645,0,1,0,0,0,0,0,0,0,1,0,0,1,0,0,0,0,0,0,0,0,0,0,0,0,0.0
Urubitinga coronata,águia-cinzenta,EN,EN,0,0.034947842579421524,1,1,1,1,1,1,0,1,1,1,1,1,0,0,1,1,1,1,1,1,1,1,0,1,0,2.0
Picumnus pernambucensis,picapauzinho-de-pernambuco,NE,LC,0,0.03464601061480975,0,1,0,1,0,0,0,0,1,0,0,0,1,0,0,0,0,0,0,0,0,0,0,0,0,0.0
Picumnus limae,picapauzinho-da-caatinga,NE,LC,0,0.03464601061480975,0,1,0,1,0,0,0,0,1,0,0,0,1,0,0,0,0,0,0,0,0,0,0,0,0,0.0
Sula leucogaster,atobá-pardo,NE,LC,0,0.033946220161221737,0,1,1,1,1,0,1,0,1,1,1,0,0,0,0,1,1,1,1,1,1,0,1,0,0,0.0
Dendrocygna bicolor,marreca-caneleira,NE,LC,0,0.033070250093318404,1,1,1,1,1,1,0,1,1,1,1,1,0,1,1,1,0,1,0,1,1,0,0,1,0,0.0
Penelope pileata,jacupiranga,VU,VU,0,0.03301874512080199,1,0,0,0,0,0,0,1,1,0,0,0,1,0,1,1,1,1,1,1,0,1,0,0,1,1.0
Sporophila iberaensis,caboclinho-do-Iberá,NE,DD,0,0.03296059611333167,0,0,1,0,0,1,0,0,0,0,0,1,0,0,0,0,1,1,0,0,0,0,0,0,0,0.0
Drymophila ochropyga,choquinha-de-dorso-vermelho,NE,LC,0,0.03293582817554553,0,1,1,1,0,0,0,0,1,1,1,0,1,0,0,0,0,0,0,0,0,0,0,0,0,0.0
Brotogeris tirica,"periquito-rico, periquito-verde",NE,LC,0,0.03293582817554553,0,1,1,1,0,0,0,0,1,1,1,0,1,0,0,0,0,0,0,0,0,0,0,0,0,0.0
Cantorchilus longirostris,garrinchão-de-bico-grande,NE,LC,0,0.03293582817554553,0,1,1,1,0,0,0,0,1,1,1,0,1,0,0,0,0,0,0,0,0,0,0,0,0,0.0
Hemithraupis ruficapilla,saíra-ferrugem,NE,LC,0,0.03293582817554553,0,1,1,1,0,0,0,0,1,1,1,0,1,0,0,0,0,0,0,0,0,0,0,0,0,0.0
Hemitriccus nidipendulus,tachuri-campainha,NE,LC,0,0.03293582817554553,0,1,1,1,0,0,0,0,1,1,1,0,1,0,0,0,0,0,0,0,0,0,0,0,0,0.0
Synallaxis kollari,joão-de-barba-grisalha,VU,VU,0,0.032921734467871853,1,0,0,0,0,0,0,1,0,0,0,0,0,0,1,1,1,1,0,0,0,1,0,0,0,1.0
Lepidocolaptes souleyetii,arapaçu-listrado,NE,NT,0,0.032921734467871853,1,0,0,0,0,0,0,1,0,0,0,0,0,0,1,1,1,1,0,0,0,1,0,0,0,0.0
Phylloscartes chapmani,barbudinho-do-tepui,NE,LC,0,0.032921734467871853,1,0,0,0,0,0,0,1,0,0,0,0,0,0,1,1,1,1,0,0,1,1,0,0,0,0.0
Phylloscartes nigrifrons,maria-de-testa-preta,NE,LC,0,0.032921734467871853,1,0,0,0,0,0,0,1,0,0,0,0,0,0,1,1,1,1,0,0,1,1,0,0,0,0.0
Sturnella magna,pedro-ceroulo,NE,LC,0,0.032921734467871853,1,0,0,0,0,0,0,1,0,0,0,0,0,0,1,1,1,1,0,0,0,1,0,0,0,0.0
Himantopus mexicanus,pernilongo-de-costas-negras,NE,LC,0,0.032914761105528746,1,1,1,1,0,1,0,1,1,1,0,1,0,1,0,1,1,1,0,1,1,0,1,1,1,0.0
Conothraupis speculigera,tiê-preto-e-branco,NE,LC,0,0.032525656036499304,1,0,0,0,0,0,0,1,0,0,0,0,0,0,1,1,1,1,0,1,0,0,0,0,0,0.0
Crypturellus bartletti,inhambu-anhangaí,NE,LC,0,0.032525656036499304,1,0,0,0,0,0,0,1,0,0,0,0,0,0,1,1,1,1,0,1,0,0,0,0,0,0.0
Setophaga virens,mariquita-de-garganta-preta,NE,,0,0.03208476515882745,0,1,0,1,0,0,0,0,1,1,0,0,0,1,0,0,0,0,0,0,0,0,0,0,0,0.0
Egretta gularis,garça-negra,NE,,0,0.03208476515882745,0,1,0,1,0,0,0,0,1,0,0,0,0,0,0,0,0,0,0,0,0,0,0,0,0,0.0
Ardeola ralloides,garça-caranguejeira,NE,LC,0,0.03208476515882745,0,1,0,1,0,0,0,0,1,0,0,0,0,0,0,0,0,0,0,0,0,0,0,0,0,0.0
Pyriglena leucoptera,papa-taoca-do-sul,NE,LC,0,0.03185038123516673,0,1,1,1,0,0,0,0,1,1,1,0,0,0,0,1,1,0,0,0,0,0,0,0,0,0.0
Ramphocelus bresilia,tiê-sangue,NE,LC,0,0.03100578857908659,0,1,1,1,0,0,0,0,1,1,1,0,0,0,0,1,1,0,0,1,0,0,0,0,0,0.0
Nothura maculosa,codorna-amarela,NE,LC,0,0.03070707070707071,0,1,1,1,1,1,0,1,1,1,1,1,0,0,0,1,0,1,0,1,0,1,0,1,0,0.0
Melanerpes flavifrons,benedito-de-testa-amarela,NE,LC,0,0.030601801148248377,0,1,1,0,0,1,0,0,1,1,1,1,0,0,0,0,0,0,0,0,0,0,0,0,0,0.0
Phaethornis eurynome,rabo-branco-de-garganta-rajada,NE,LC,0,0.030601801148248377,0,1,1,0,0,1,0,0,1,1,1,1,0,0,0,0,0,0,0,0,0,0,0,0,0,0.0
Milvago chimango,chimango,NE,LC,0,0.030586281403539483,0,1,1,0,1,1,0,0,0,1,1,1,0,0,0,0,1,1,0,0,0,0,0,0,0,0.0
Nothura boraquira,codorna-do-nordeste,NE,LC,0,0.03037659115473243,1,1,1,1,0,0,0,0,1,1,0,0,0,0,0,1,1,0,1,1,0,0,0,0,0,0.0
Calidris pugnax,combatente,NE,,0,0.030339105339105343,1,1,1,0,1,0,0,1,1,1,1,0,0,0,0,0,1,0,1,0,0,1,0,0,0,0.0
Ardenna gravis,"bobo-grande-de-sobre-branco, pardela-de-barrete, pardela-de-bico-preto",NE,LC,0,0.030271543305434693,0,1,1,1,1,0,1,0,1,1,1,0,0,1,0,1,0,0,1,1,0,0,0,1,1,0.0
Pluvialis dominica,batuiruçu,NE,LC,0,0.029673758865248225,1,1,1,1,1,1,0,1,1,1,1,1,0,1,1,1,0,1,0,1,0,0,0,1,1,0.0
Dendrocolaptes hoffmannsi,arapaçu-marrom,NE,LC,0,0.029565084117305063,1,0,0,0,0,0,0,1,0,0,0,1,1,0,1,1,1,1,0,1,0,1,0,0,0,0.0
Rhegmatorhina berlepschi,mãe-de-taoca-arlequim,NE,LC,0,0.029416305499712775,1,0,0,0,0,0,0,1,0,0,0,0,1,0,1,1,1,1,1,1,0,1,0,0,0,0.0
Zimmerius chicomendesi,poiaeiro-de-chicomendes,NE,LC,0,0.029416305499712775,1,0,0,0,0,0,0,1,0,0,0,0,1,0,1,1,1,1,1,1,0,1,0,0,0,0.0
Herpsilochmus stotzi,chorozinho-do-aripuanã,NE,NT,0,0.029416305499712775,1,0,0,0,0,0,0,1,0,0,0,0,1,0,1,1,1,1,1,1,0,1,0,0,0,0.0
Xiphorhynchus fuscus,arapaçu-rajado,NE,LC,0,0.029335896439222964,0,1,1,1,0,0,0,0,1,1,1,1,0,0,0,0,0,0,0,0,0,0,0,0,0,0.0
Sterna hirundo,trinta-réis-boreal,NE,LC,0,0.029287482480341714,1,1,1,1,1,1,1,1,1,1,1,1,0,1,1,1,1,1,0,0,0,0,1,1,1,0.0
Micropygia schomburgkii,maxalalagá,NE,LC,0,0.029060964506664858,1,1,1,0,0,0,0,1,0,1,0,1,0,0,1,1,0,0,0,1,0,1,1,0,0,0.0
Picumnus varzeae,pica-pau-anão-da-várzea,NE,DD,0,0.028756004682138035,1,0,0,0,0,0,0,1,0,0,0,0,1,0,1,0,1,1,1,0,0,0,0,0,0,0.0
Hylophilus pectoralis,vite-vite-de-cabeça-cinza,NE,LC,0,0.02868581424754951,1,1,1,1,0,1,1,1,1,1,0,1,0,0,0,0,1,0,0,0,0,0,0,0,0,0.0
Myrmotherula iheringi,choquinha-de-ihering,NE,LC,0,0.02866108582073873,1,0,0,0,0,0,0,1,0,0,0,1,1,0,1,1,1,1,0,0,0,0,0,0,0,0.0
Hypocnemis rondoni,cantador-de-rondon,NE,NT,0,0.02866108582073873,1,0,0,0,0,0,0,1,0,0,0,1,1,0,1,1,1,1,0,0,0,0,0,0,0,0.0
Cyphorhinus interpositus,uirapuru-de-orelha-alaranjada,NE,NT,0,0.02866108582073873,1,0,0,0,0,0,0,1,0,0,0,1,1,0,1,1,1,1,0,0,0,0,0,0,0,0.0
Cyanocorax cyanopogon,gralha-cancã,NE,LC,0,0.028466200705355445,1,1,1,1,0,0,0,1,1,1,0,1,1,0,0,1,1,0,0,1,0,0,0,0,0,0.0
Compsothraupis loricata,"azulão, boiadeiro, carretão, espanta-vaqueiro, guaxe, tejo, tiê-caburé",NE,LC,0,0.028466200705355445,1,1,1,1,0,0,0,1,1,1,0,1,1,0,0,1,1,0,0,1,0,0,0,0,0,0.0
Cercomacra melanaria,chororó-do-pantanal,NE,LC,0,0.028176100090222818,1,0,1,0,0,1,0,0,0,0,0,1,0,0,0,1,0,1,0,0,0,0,0,0,0,0.0
Tolmomyias sucunduri,bico-chato-do-sucunduri,NE,LC,0,0.027977773389621027,1,0,0,0,0,0,0,1,0,0,0,0,1,0,1,1,1,1,1,1,0,0,0,0,0,0.0
Myrmotherula klagesi,choquinha-do-tapajós,NE,LC,0,0.027977773389621027,1,0,0,0,0,0,0,1,0,0,0,0,1,0,1,1,1,1,1,1,0,0,0,0,0,0.0
Cranioleuca muelleri,joão-escamoso,NE,NT,0,0.027977773389621027,1,0,0,0,0,0,0,1,0,0,0,0,1,0,1,0,1,1,1,1,0,0,0,0,0,0.0
Campylorhamphus multostriatus,arapaçu-de-bico-curvo-do-xingu,VU,VU,0,0.027766714846641727,1,0,0,0,0,0,0,1,0,0,0,0,1,0,1,1,1,1,0,1,0,1,0,0,1,1.0
Sporophila crassirostris,bicudinho,NE,LC,0,0.02772565603649931,1,0,0,0,0,0,0,1,0,0,0,0,0,0,1,1,1,1,0,0,0,0,0,0,0,0.0
Falco tinnunculus,peneireiro-de-dorso-malhado,NE,,0,0.027592100960280905,0,0,0,0,0,0,0,0,1,0,0,0,0,0,0,0,0,0,0,0,0,0,0,0,0,0.0
Milvus migrans,milhafre-preto,NE,,0,0.027592100960280905,0,0,0,0,0,0,1,0,1,0,0,0,0,0,0,0,0,0,0,0,0,0,0,0,0,0.0
Morus bassanus,atobá-boreal,NE,,0,0.027592100960280905,0,0,0,0,0,0,0,0,1,0,0,0,0,0,0,0,0,0,0,0,0,0,0,0,0,0.0
Ardea cinerea,"garça-moura-europeia, garça-real-europeia",NE,,0,0.027592100960280905,0,0,0,0,0,0,1,0,1,0,0,0,0,0,0,0,0,0,0,0,0,0,0,0,0,0.0
Myrmoderus loricatus,formigueiro-assobiador,NE,LC,0,0.027398362986174832,0,1,1,1,0,0,0,0,1,1,0,0,1,0,0,0,0,0,0,0,0,0,0,0,0,0.0
Embernagra longicauda,rabo-mole-da-serra,NE,LC,0,0.027398362986174832,0,1,1,1,0,0,0,0,1,1,0,0,1,0,0,0,0,0,0,0,0,0,0,0,0,0.0
Lepidocolaptes squamatus,arapaçu-escamado,NE,LC,0,0.027398362986174832,0,1,1,1,0,0,0,0,1,1,0,0,1,0,0,0,0,0,0,0,0,0,0,0,0,0.0
Agelaioides fringillarius,asa-de-telha-pálido,NE,LC,0,0.027398362986174832,0,1,1,1,0,0,0,0,1,1,0,0,1,0,0,0,0,0,0,0,0,0,0,0,0,0.0
Pseudoseisura cristata,casaca-de-couro,NE,LC,0,0.027398362986174832,0,1,1,1,0,0,0,0,1,1,0,0,1,0,0,0,0,0,0,0,0,0,0,0,0,0.0
Myrmoderus squamosus,papa-formiga-de-grota,NE,LC,0,0.02723997925507049,0,1,1,0,0,0,0,0,0,1,1,0,1,0,0,0,0,0,0,0,0,0,0,0,0,0.0
Tangara desmaresti,saíra-lagarta,NE,LC,0,0.02723997925507049,0,1,1,0,0,0,0,0,0,1,1,0,1,0,0,0,0,0,0,0,0,0,0,0,0,0.0
Parabuteo leucorrhous,gavião-de-sobre-branco,NE,LC,0,0.02723997925507049,0,1,1,0,0,0,0,0,0,1,1,0,0,0,0,0,0,0,0,0,0,0,0,0,0,0.0
Arremon semitorquatus,tico-tico-do-mato,NE,LC,0,0.02723997925507049,0,1,1,0,0,0,0,0,0,1,1,0,1,0,0,0,0,0,0,0,0,0,0,0,0,0.0
Cryptopezus nattereri,pinto-do-mato,NE,LC,0,0.02723997925507049,0,1,1,0,0,0,0,0,0,1,1,0,0,0,0,0,0,0,0,0,0,0,0,0,0,0.0
Ilicura militaris,tangarazinho,NE,LC,0,0.027032683390108277,0,1,1,0,0,0,0,0,1,1,1,1,1,0,0,0,0,0,0,0,0,0,0,0,0,0.0
Coryphaspiza melanotis,tico-tico-de-máscara-negra,VU,VU,0,0.026462459305762288,1,1,1,1,0,1,0,1,1,1,1,1,0,0,1,1,1,1,1,0,0,1,1,1,0,1.0
Coryphospingus pileatus,tico-tico-rei-cinza,NE,LC,0,0.02609607083522557,1,1,1,1,0,0,1,1,1,1,0,1,0,0,0,1,1,0,0,1,0,0,0,0,0,0.0
Mimus gilvus,sabiá-da-praia,NE,LC,0,0.02609607083522557,1,1,1,1,0,0,0,1,1,1,0,0,0,0,0,1,1,0,0,1,0,0,0,0,0,0.0
Cnipodectes superrufus,flautim-rufo,VU,VU,0,0.025959122588978135,1,0,0,0,0,0,0,1,0,0,0,0,0,0,1,1,1,1,1,1,0,0,0,0,0,1.0
Poecilotriccus albifacies,ferreirinho-de-cara-branca,VU,VU,0,0.025959122588978135,1,0,0,0,0,0,0,1,0,0,0,0,0,0,1,1,1,1,1,1,0,0,0,0,0,1.0
Calidris mauri,maçarico-do-alasca,NE,,0,0.024768799729676303,1,1,0,1,0,0,0,0,1,1,0,0,0,1,1,0,0,0,0,0,0,0,0,0,0,0.0
Sporophila schistacea,Cigarrinha-do-norte,NE,LC,0,0.024569357376085788,1,0,1,0,0,0,0,1,0,0,0,1,0,0,1,1,1,0,0,1,0,0,0,0,1,0.0
Ramphastos vitellinus,tucano-de-bico-preto,NE,LC,0,0.02372234933611102,1,1,1,1,0,1,0,1,1,1,1,1,0,0,0,1,1,0,0,1,0,0,0,0,0,0.0
Crypturellus undulatus,"jaó, juó, macucau, macucaua, macucauá, sururina",NE,LC,0,0.02372234933611102,1,1,1,1,0,1,0,1,1,1,1,1,0,0,0,1,1,0,0,1,0,0,0,0,0,0.0
Cyanocorax cristatellus,gralha-do-campo,NE,LC,0,0.02372234933611102,1,1,1,1,0,1,0,1,1,1,1,1,0,0,0,1,1,0,0,1,0,0,0,0,0,0.0
Primolius maracana,maracanã,NE,LC,0,0.02372234933611102,1,1,1,1,0,1,0,1,1,1,1,1,0,0,0,1,1,0,0,1,0,0,0,0,0,0.0
Spizaetus tyrannus,gavião-pega-macaco,NE,LC,0,0.02372234933611102,1,1,1,1,0,1,0,1,1,1,1,1,0,0,0,1,1,0,0,1,0,0,0,0,0,0.0
Amazona amazonica,curica,NE,LC,0,0.02372234933611102,1,1,1,1,0,1,0,1,1,1,1,1,0,0,0,1,1,0,0,1,0,0,0,0,0,0.0
Eupsittula aurea,periquito-rei,NE,LC,0,0.02372234933611102,1,1,1,1,0,1,0,1,1,1,1,1,0,0,0,1,1,0,0,1,0,0,0,0,0,0.0
Forpus xanthopterygius,tuim,NE,LC,0,0.02372234933611102,1,1,1,1,0,1,0,1,1,1,1,1,0,0,0,1,1,0,0,1,0,0,0,0,0,0.0
Falco aesalon,esmerilhão-europeu,NE,,0,0.023617741985921925,0,0,0,1,0,0,0,0,1,0,0,0,0,0,0,0,0,0,0,0,0,0,0,0,0,0.0
Calidris himantopus,maçarico-pernilongo,NE,LC,0,0.023509803921568626,1,1,1,1,1,1,0,1,1,1,1,1,0,1,1,1,0,1,0,0,0,0,0,1,1,0.0
Sporophila palustris,caboclinho-de-papo-branco,VU,NT,0,0.023331769892119308,1,1,1,0,1,1,0,1,0,1,1,1,0,1,1,1,1,1,1,1,0,1,1,0,0,1.0
Thamnophilus ambiguus,choca-de-sooretama,NE,LC,0,0.02296764804171034,0,1,0,1,0,0,0,0,1,1,0,0,1,0,0,0,0,0,0,0,0,0,0,0,0,0.0
Dendrocolaptes ridgwayi,arapaçu-barrado-do-tapajós,NE,NT,0,0.022765341139887665,1,0,1,0,0,0,0,1,0,0,0,1,1,0,1,1,1,1,1,0,0,0,0,0,0,0.0
Lugensa brevirostris,grazina-de-bico-curto,NE,,0,0.022751993367430643,0,1,0,0,1,0,0,0,1,1,1,0,0,0,0,0,1,0,0,0,0,0,1,0,0,0.0
Netta peposaca,marrecão,NE,LC,0,0.02227955377955378,1,1,1,0,1,0,1,0,0,1,1,1,0,1,0,1,0,0,1,1,1,0,0,0,0,0.0
Catharus fuscescens,sabiá-norte-americano,NE,LC,0,0.022188665710186514,1,1,1,1,0,1,0,1,1,1,1,1,0,1,1,1,0,1,1,0,0,1,1,0,0,0.0
Xipholena lamellipennis,bacacu-preto,VU,VU,0,0.022168202012058665,1,0,1,0,0,0,0,1,1,0,0,0,1,0,1,1,1,1,1,1,0,1,0,0,0,1.0
Pyrrhura coerulescens,tiriba-pérola,VU,VU,0,0.022168202012058665,1,0,1,0,0,0,0,1,1,0,0,0,1,0,1,1,1,1,1,1,0,1,0,0,0,1.0
Pyrrhura amazonum,tiriba-de-hellmayr,VU,VU,0,0.022168202012058665,1,0,1,0,0,0,0,1,1,0,0,0,1,0,1,1,1,1,1,1,0,1,0,0,0,1.0
Tinamus tao,azulona,VU,VU,0,0.022089108910891088,1,0,1,0,0,1,0,1,1,0,0,1,0,0,1,1,0,1,0,1,0,0,0,0,1,1.0
Mareca sibilatrix,marreca-oveira,NE,,0,0.02203235733594744,0,1,0,0,1,0,0,0,0,1,1,0,0,1,0,1,0,0,0,1,0,0,0,0,0,0.0
Celeus obrieni,pica-pau-do-parnaíba,VU,VU,0,0.021975597112089632,1,0,1,0,0,0,0,1,1,0,0,1,1,0,1,1,1,1,1,0,0,1,0,0,0,1.0
Hylopezus paraensis,torom-do-pará,VU,VU,0,0.02173333333333333,1,0,0,0,0,0,0,1,1,0,0,0,1,0,1,1,0,0,0,0,0,0,0,0,1,1.0
Xiphocolaptes carajaensis,arapaçu-do-carajás,VU,VU,0,0.021656350700983467,1,0,0,0,0,0,0,1,0,0,0,0,1,0,1,1,1,1,0,1,0,0,0,0,1,1.0
Pyrrhura frontalis,"cara-suja, tiriba, tiriba-de-testa-vermelha",NE,LC,0,0.021544011544011546,0,1,1,1,1,1,0,0,1,1,1,1,0,0,0,1,0,0,0,1,0,0,0,0,0,0.0
Nannopsittaca dachilleae,periquito-da-amazônia,NE,LC,0,0.02153668034475371,1,0,0,0,0,0,0,1,0,0,0,0,0,0,1,0,1,1,1,1,0,0,0,0,0,0.0
Aburria cumanensis,"cajubi, cujubi-de-barbela-fina, cujubim, jacutinga, jacutinga-de-garganta-azul",NE,LC,0,0.021433659573194458,1,0,1,0,0,1,0,1,0,0,0,1,0,0,0,1,1,0,1,1,0,0,0,0,1,0.0
Burhinus bistriatus,téu-téu-da-savana,VU,VU,0,0.02115912258897814,1,0,0,0,0,0,0,1,0,0,0,0,0,0,1,1,1,1,1,0,0,1,0,0,0,1.0
Cercomacra carbonaria,chororó-do-rio-branco,NE,NT,0,0.02115912258897814,1,0,0,0,0,0,0,1,0,0,0,0,0,0,1,1,1,1,1,0,0,1,0,0,0,0.0
Formicarius rufifrons,pinto-do-mato-de-fronte-ruiva,NE,NT,0,0.02115912258897814,1,0,0,0,0,0,0,1,0,0,0,0,0,0,1,1,1,0,1,0,0,0,0,0,0,0.0
Aratinga solstitialis,jandaia-amarela,EN,EN,0,0.02115912258897814,1,0,0,0,0,0,0,1,0,0,0,0,0,0,1,1,1,0,1,1,0,1,0,0,0,2.0
Stigmatura napensis,papa-mosca-do-sertão,NE,VU,0,0.02115912258897814,1,0,0,0,0,0,0,1,0,0,0,0,0,0,1,1,1,1,1,0,0,0,0,0,0,0.0
Henicorhina leucosticta,uirapuru-de-peito-branco,NE,LC,0,0.02115912258897814,1,0,0,0,0,0,0,1,0,0,0,0,0,0,1,1,1,0,1,0,0,0,0,0,0,0.0
Netta erythrophthalma,paturi-preta,NE,LC,0,0.021130565762687303,0,1,1,1,0,0,0,0,1,1,1,1,0,0,0,1,1,0,0,1,0,0,0,0,0,0.0
Aburria cujubi,cujubi,VU,VU,0,0.021127021393505297,1,0,1,0,0,1,0,1,1,0,0,1,0,0,1,1,1,1,1,1,0,1,0,0,0,1.0
Crax globulosa,"mutum-açu, mutum-de-assovio, mutum-de-fava, mutum-fava, mutum-piurí",EN,EN,0,0.020792455922311468,1,0,0,0,0,0,0,1,0,0,0,0,0,0,1,1,1,0,1,1,0,0,1,0,0,2.0
Ramphocaenus sticturus,chirito-do-bambu,NE,LC,0,0.020773588628704143,1,0,1,0,0,0,0,1,0,0,0,1,0,0,1,1,1,1,0,0,0,0,0,0,0,0.0
Gallinago undulata,narcejão,NE,LC,0,0.020687761915684538,1,1,1,0,1,1,0,1,1,1,1,1,0,0,0,1,1,0,0,1,0,1,0,0,0,0.0
Neochen jubata,pato-corredor,NE,LC,0,0.020586311777079418,1,1,1,0,0,1,0,1,0,1,0,1,0,1,0,1,0,1,0,1,1,0,0,1,0,0.0
Heliomaster squamosus,bico-reto-de-banda-branca,NE,LC,0,0.02058479239400127,0,1,1,1,0,0,0,1,1,1,1,1,0,0,0,0,0,0,0,0,0,0,0,0,0,0.0
Sclerurus albigularis,vira-folha-de-garganta-cinza,NE,NT,0,0.020537568294644593,1,0,0,0,0,0,0,1,0,0,0,1,0,0,1,1,1,1,0,0,0,1,0,0,0,0.0
Leucophaeus modestus,gaivota-cinzenta,NE,,0,0.0205043324087288,0,0,0,0,0,0,0,0,0,1,0,0,0,0,0,0,0,0,0,0,0,0,0,0,0,0.0
Turdus iliacus,sabiá-ruivo,NE,,0,0.0205043324087288,0,0,0,0,0,0,1,0,0,1,0,0,0,0,0,0,0,0,0,0,0,0,0,0,0,0.0
Xema sabini,gaivota-de-sabine,NE,,0,0.020478206443181376,1,1,0,0,0,0,1,0,1,0,1,0,0,0,0,0,0,0,0,0,0,0,0,0,0,0.0
Myiopsitta monachus,caturrita,NE,LC,0,0.019841659841659844,0,1,1,0,1,1,0,0,0,1,1,1,0,0,0,1,0,0,0,1,0,0,0,0,0,0.0
Paroaria coronata,"cardeal, cardeal-de-topete-vermelho, galo-de-campina",NE,LC,0,0.019841659841659844,0,1,1,0,1,1,0,0,0,1,1,1,0,0,0,1,0,0,0,1,0,0,0,0,0,0.0
Pygochelidon melanoleuca,andorinha-de-coleira,NE,NT,0,0.019465960077724786,1,1,1,0,0,0,0,1,1,1,1,1,0,1,1,1,0,1,0,0,0,0,0,0,0,0.0
Hypocnemis striata,cantador-estriado,VU,VU,0,0.019225768321513,1,0,1,0,0,0,0,1,0,0,0,1,1,0,0,1,1,1,1,1,0,1,0,0,0,1.0
Thamnophilus nigrocinereus,choca-preta-e-cinza,NE,VU,0,0.019184587813620074,1,0,0,0,0,0,0,1,0,0,0,0,1,0,0,1,0,1,1,1,0,0,0,0,0,0.0
Morphnus guianensis,"gavião-real-falso, uiraçu, uiraçu-falso",VU,NT,0,0.019144002618229423,1,1,1,0,0,0,0,1,1,1,1,1,0,0,0,1,1,1,0,1,1,0,0,0,0,1.0
Contopus cooperi,piuí-boreal,NE,NT,0,0.019141571007287174,1,1,1,0,0,0,0,1,1,1,1,1,0,1,1,0,0,1,0,1,0,0,0,0,0,0.0
Lepidothrix iris,cabeça-de-prata,EN,EN,0,0.01904761904761905,1,0,0,0,0,0,0,1,1,0,0,1,1,0,0,1,1,1,0,1,0,1,0,0,1,2.0
Chamaeza ruficauda,tovaca-de-rabo-vermelho,NE,LC,0,0.018747386662477897,0,1,0,0,0,0,0,0,0,1,1,0,0,0,0,0,0,0,0,0,0,0,0,0,0,0.0
Scytalopus speluncae,tapaculo-preto,NE,LC,0,0.018747386662477897,0,1,0,0,0,0,0,0,0,1,1,0,1,0,0,0,0,0,0,0,0,0,0,0,0,0.0
Dysithamnus xanthopterus,choquinha-de-asa-ferrugem,NE,LC,0,0.018747386662477897,0,1,0,0,0,0,0,0,0,1,1,0,1,0,0,0,0,0,0,0,0,0,0,0,0,0.0
Castanozoster thoracicus,peito-pinhão,NE,LC,0,0.018747386662477897,0,1,0,0,0,0,0,0,0,1,1,0,1,0,0,0,0,0,0,0,0,0,0,0,0,0.0
Phaethornis squalidus,rabo-branco-pequeno,NE,LC,0,0.018747386662477897,0,1,0,0,0,0,0,0,0,1,1,0,1,0,0,0,0,0,0,0,0,0,0,0,0,0.0
Ramphodon naevius,beija-flor-rajado,NE,LC,0,0.018747386662477897,0,1,0,0,0,0,0,0,0,1,1,0,1,0,0,0,0,0,0,0,0,0,0,0,0,0.0
Phaethornis maranhaoensis,rabo-branco-do-maranhão,NE,LC,0,0.01868393154626685,1,0,1,1,0,0,0,1,1,0,0,1,1,0,0,1,1,1,0,1,0,1,0,0,0,0.0
Automolus paraensis,barranqueiro-do-pará,NE,LC,0,0.01868393154626685,1,0,0,0,0,0,0,1,1,0,0,1,1,0,0,1,1,1,0,1,0,1,0,0,0,0.0
Pluvialis squatarola,batuiruçu-de-axila-preta,NE,LC,0,0.018609082248332805,1,1,1,1,1,1,1,1,1,1,1,1,0,1,1,1,1,1,1,1,1,0,0,1,1,0.0
Leptasthenura striolata,grimpeirinho,NE,LC,0,0.018490698843640022,0,1,0,0,0,0,0,0,0,0,1,0,1,0,0,0,0,0,0,0,0,0,0,0,0,0.0
Eurypyga helias,pavãozinho-do-pará,NE,LC,0,0.0181912938010499,1,1,1,1,0,1,0,1,1,1,0,1,0,0,1,0,0,0,0,0,0,0,0,0,0,0.0
Amazona farinosa,papagaio-moleiro,NE,LC,0,0.018028009863938797,1,1,1,0,0,0,0,1,1,1,0,1,0,0,0,1,0,0,0,1,0,0,0,0,0,0.0
Pteroglossus inscriptus,"araçari-de-bico-riscado, araçari-miudinho-de-bico-riscado",NE,LC,0,0.017624135763670647,1,1,1,1,0,1,0,1,1,0,0,1,0,0,0,1,1,0,1,1,0,0,0,0,0,0.0
Porphyrio flavirostris,frango-d'água-pequeno,NE,LC,0,0.017224558452481074,1,1,1,0,1,1,0,1,1,1,1,1,0,0,0,1,1,0,0,0,0,1,0,0,1,0.0
Neomorphus geoffroyi,jacu-estalo,VU,VU,0,0.017218141168955606,1,0,1,0,0,0,0,1,1,0,0,0,0,0,1,1,0,1,1,1,0,0,1,0,1,1.0
Psarocolius decumanus,japu,NE,LC,0,0.01713270794246404,1,1,1,1,0,1,0,1,1,1,1,1,0,0,1,0,0,0,0,0,0,0,0,0,0,0.0
Trogon viridis,surucuá-de-barriga-amarela,NE,LC,0,0.01713270794246404,1,1,1,0,0,1,0,1,1,1,1,1,0,0,1,0,0,0,0,0,0,0,0,0,0,0.0
Chloroceryle inda,martim-pescador-da-mata,NE,LC,0,0.01713270794246404,1,1,1,0,0,1,0,1,1,1,1,1,0,0,1,0,0,0,0,0,0,0,0,0,0,0.0
Spizaetus melanoleucus,gavião-pato,NE,LC,0,0.01713270794246404,1,1,1,1,0,1,0,1,1,1,1,1,0,0,1,0,0,0,0,0,0,0,0,0,0,0.0
Megascops ater,corujinha-de-belém,NE,LC,0,0.017102010642312045,1,0,0,0,0,0,0,1,1,0,0,0,1,0,0,1,1,1,0,1,0,1,0,0,0,0.0
Leucopternis kuhli,Gavião-Vaqueiro,NE,LC,0,0.016822442244224422,1,0,0,0,0,0,0,1,1,0,0,1,0,0,1,1,0,0,0,0,0,0,0,0,1,0.0
Sporophila ardesiaca,papa-capim-de-costas-cinzas,NE,LC,0,0.016697726671953475,1,1,1,1,0,0,0,1,1,1,1,1,1,0,0,1,1,0,0,1,0,0,0,0,0,0.0
Paroaria dominicana,"cardeal-do-nordeste, galo-de-campina",NE,LC,0,0.016697726671953475,1,1,1,1,0,0,0,1,1,1,1,1,1,0,0,1,1,0,0,1,0,0,0,0,0,0.0
Numenius borealis,maçarico-esquimó,RE,RE,0,0.016695970695970695,1,1,0,0,0,1,0,1,0,1,0,1,0,1,0,1,1,1,1,1,0,1,0,0,1,0.0
Aratinga jandaya,jandaia-verdadeira,NE,LC,0,0.01658861592454486,1,1,1,1,0,0,0,1,1,1,0,1,1,0,0,1,1,1,0,1,0,0,0,0,0,0.0
Arremon flavirostris,tico-tico-de-bico-amarelo,NE,LC,0,0.016403100775193802,0,1,1,0,0,0,0,1,0,1,0,1,1,0,0,0,0,0,0,0,0,0,0,0,0,0.0
Pyrrhura pallescens,tiriba-do-madeira,VU,VU,0,0.016315368874488652,1,0,1,0,0,0,0,1,0,0,0,1,0,0,1,1,1,1,1,1,0,1,0,0,0,1.0
Hylexetastes uniformis,arapaçu-uniforme,VU,VU,0,0.016315368874488652,1,0,1,0,0,0,0,1,0,0,0,1,0,0,1,1,1,1,1,1,0,1,0,0,0,1.0
Capito dayi,capitão-de-cinta,VU,VU,0,0.016315368874488652,1,0,1,0,0,0,0,1,0,0,0,1,0,0,1,1,1,1,1,1,0,1,0,0,0,1.0
Pseudocolopteryx dinelliana,tricolino-pardo,NE,,0,0.016291666666666663,0,1,0,0,0,0,0,0,0,0,0,1,0,0,0,0,0,0,0,0,0,0,0,0,0,0.0
Pseudoleistes guirahuro,chopim-do-brejo,NE,LC,0,0.01624354005167959,0,1,1,0,1,1,0,0,0,1,1,1,0,0,0,0,0,1,0,0,0,0,0,1,0,0.0
Pyrrhura molinae,tiriba-de-cauda-vermelha,VU,VU,0,0.015900875015919264,1,0,1,0,0,1,0,0,0,0,0,1,0,0,0,1,1,1,1,1,0,0,0,0,0,1.0
Dendrocolaptes transfasciatus,arapaçu-meio-barrado,VU,VU,0,0.015813966480446928,1,0,0,0,0,0,0,1,0,0,0,0,1,0,1,1,1,1,1,1,0,0,0,0,0,1.0
Tinamus major,inhambu-de-cabeça-vermelha,NE,LC,0,0.015618520675596971,1,0,0,0,0,0,0,1,1,0,0,1,0,0,1,1,0,0,0,1,0,1,0,0,1,0.0
Conopophaga melanogaster,chupa-dente-grande,NE,NT,0,0.015585187342263638,1,0,0,0,0,0,0,1,0,0,0,1,0,0,1,1,1,1,0,1,0,1,0,0,0,0.0
Synallaxis cherriei,Puruchém,NE,LC,0,0.015585187342263638,1,0,0,0,0,0,0,1,0,0,0,1,0,0,1,1,1,1,0,1,0,1,0,0,0,0.0
Cymbilaimus sanctaemariae,choca-do-bambu,NE,LC,0,0.015341489863272042,1,0,0,0,0,0,0,1,0,0,0,1,0,0,1,1,1,1,0,0,0,0,0,0,0,0.0
Knipolegus nigerrimus,maria-preta-de-garganta-vermelha,NE,LC,0,0.01525145906066794,0,1,1,1,0,0,0,1,1,1,1,1,1,0,0,0,0,0,0,0,0,0,0,0,0,0.0
Pyrrhura perlata,tiriba-de-barriga-vermelha,VU,VU,0,0.015097537060912158,1,0,0,0,0,1,0,1,0,0,0,1,0,0,1,1,1,1,1,0,0,1,0,0,0,1.0
Sporophila hypoxantha,caboclinho-de-barriga-vermelha,VU,NT,0,0.015096491228070174,1,1,1,1,1,1,0,1,1,1,1,1,0,1,1,1,1,1,1,1,0,1,0,0,0,1.0
Melanopareia torquata,"meia-lua-do-cerrado, tapaculo-de-colarinho",NE,LC,0,0.01503577817531306,1,1,1,1,0,1,0,1,1,1,1,1,0,0,0,1,1,0,0,0,0,0,1,0,0,0.0
Syndactyla ucayalae,limpa-folha-de-bico-virado,VU,VU,0,0.014945156108531208,1,0,0,0,0,0,0,1,0,0,0,1,0,0,1,1,1,1,1,1,0,0,0,0,0,1.0
Anas georgica,marreca-parda,NE,LC,0,0.01488472204261678,0,1,1,1,1,0,0,0,0,1,1,0,0,1,0,1,0,0,0,1,0,0,0,0,0,0.0
Contopus nigrescens,piui-preto,VU,VU,0,0.014804528412024875,1,0,1,0,0,0,0,1,1,0,0,0,0,0,1,1,1,1,1,0,0,1,0,0,1,1.0
Myrmochanes hemileucus,formigueiro-preto-e-branco,NE,LC,0,0.014785187342263638,1,0,0,0,0,0,0,1,0,0,0,0,0,0,1,1,1,1,0,0,0,1,0,0,1,0.0
Picumnus castelnau,pica-pau-anão-creme,NE,LC,0,0.01476789830020167,0,0,0,0,0,0,0,0,0,0,0,0,0,0,0,0,0,0,0,0,0,0,0,0,0,0.0
Gallinago paraguaiae,narceja,NE,LC,0,0.014659457188192821,1,1,1,1,1,1,0,1,1,1,1,1,0,0,0,0,1,0,0,1,0,1,0,1,0,0.0
Columbina passerina,rolinha-cinzenta,NE,LC,0,0.014218486054414985,1,1,1,1,0,0,1,1,1,1,0,1,0,0,0,1,0,0,0,1,0,0,0,0,0,0.0
Trogon chrysochloros,surucuá-dourado,NE,LC,0,0.01402929193526094,0,1,1,0,1,0,0,0,1,1,1,1,0,0,0,0,0,0,0,0,0,0,0,0,0,0.0
Celeus flavescens,pica-pau-de-cabeça-amarela,NE,LC,0,0.01402929193526094,0,1,1,0,1,0,0,0,1,1,1,1,0,0,0,0,0,0,0,0,0,0,0,0,0,0.0
Tyranniscus burmeisteri,piolhinho-chiador,NE,LC,0,0.01402929193526094,0,1,1,0,1,0,0,0,1,1,1,1,0,0,0,0,0,0,0,0,0,0,0,0,0,0.0
Mionectes rufiventris,abre-asa-de-cabeça-cinza,NE,LC,0,0.01402929193526094,0,1,1,0,1,0,0,0,1,1,1,1,0,0,0,0,0,0,0,0,0,0,0,0,0,0.0
Habia rubica,tiê-de-bando,NE,LC,0,0.01402929193526094,0,1,1,0,1,0,0,0,1,1,1,0,0,0,0,0,0,0,0,0,0,0,0,0,0,0.0
Haplospiza unicolor,cigarra-bambu,NE,LC,0,0.01402929193526094,0,1,1,0,1,0,0,0,1,1,1,1,0,0,0,0,0,0,0,0,0,0,0,0,0,0.0
Campephilus robustus,pica-pau-rei,NE,LC,0,0.01402929193526094,0,1,1,0,1,0,0,0,1,1,1,0,0,0,0,0,0,0,0,0,0,0,0,0,0,0.0
Pionopsitta pileata,cuiú-cuiú,NE,LC,0,0.01402929193526094,0,1,1,0,1,0,0,0,1,1,1,0,0,0,0,0,0,0,0,0,0,0,0,0,0,0.0
Batara cinerea,matracão,NE,LC,0,0.01402929193526094,0,1,1,0,1,0,0,0,1,1,1,0,0,0,0,0,0,0,0,0,0,0,0,0,0,0.0
Heliobletus contaminatus,trepadorzinho,NE,LC,0,0.01402929193526094,0,1,1,0,1,0,0,0,1,1,1,0,0,0,0,0,0,0,0,0,0,0,0,0,0,0.0
Synallaxis ruficapilla,pichororé,NE,LC,0,0.01402929193526094,0,1,1,0,1,0,0,0,1,1,1,1,0,0,0,0,0,0,0,0,0,0,0,0,0,0.0
Mackenziaena severa,borralhara,NE,LC,0,0.01402929193526094,0,1,1,0,1,0,0,0,1,1,1,0,0,0,0,0,0,0,0,0,0,0,0,0,0,0.0
Chiroxiphia caudata,tangará,NE,LC,0,0.01402929193526094,0,1,1,0,1,0,0,0,1,1,1,1,0,0,0,0,0,0,0,0,0,0,0,0,0,0.0
Zenaida auriculata,"avoante, pomba-de-bando",NE,LC,0,0.014021095249017871,1,1,1,1,1,1,0,1,1,1,1,1,0,0,0,1,0,0,0,1,0,1,0,0,0,0.0
Polioptila atricapilla,balança-rabo-do-nordeste,NE,LC,0,0.013635562498748222,0,1,1,1,0,0,0,1,1,1,0,0,1,0,0,0,0,0,0,0,0,0,0,0,0,0.0
Pauxi tuberosa,Mutum-cavalo,NE,LC,0,0.013579033579033577,1,0,1,0,0,1,0,1,1,0,0,1,0,0,0,1,0,0,0,1,0,0,0,0,0,0.0
Zebrilus undulatus,socoí-zigue-zague,NE,LC,0,0.013579033579033577,1,0,1,0,0,1,0,1,0,0,0,1,0,0,0,1,0,0,0,1,0,0,0,0,0,0.0
Clibanornis rectirostris,fura-barreira,NE,LC,0,0.013563120567375886,0,1,1,1,0,1,0,1,1,1,1,1,0,0,0,0,0,0,0,0,0,0,0,0,0,0.0
Crypturellus strigulosus,inambu-relógio,NE,LC,0,0.013357254638944781,1,1,1,0,0,0,0,1,1,0,0,1,0,0,0,1,1,1,0,1,0,0,0,0,0,0.0
Piprites chloris,papinho-amarelo,NE,LC,0,0.013352496826723632,1,1,1,0,0,0,0,1,1,1,1,1,1,0,1,1,0,1,0,1,0,0,0,0,1,0.0
Stercorarius skua,mandrião-grande,NE,LC,0,0.013118279569892474,1,1,0,1,1,0,1,1,1,1,1,0,0,1,0,0,0,0,1,1,0,0,0,0,0,0.0
Cyanerpes cyaneus,saíra-beija-flor,NE,LC,0,0.01285795599749088,1,1,1,1,1,1,1,1,1,1,1,1,0,0,0,1,1,0,0,1,0,0,0,0,0,0.0
Psittacara leucophthalmus,"periquitão, periquitão-maracanã",NE,LC,0,0.01285795599749088,1,1,1,1,1,1,0,1,1,1,1,1,0,0,0,1,1,0,0,1,0,0,0,0,0,0.0
Ardea alba,garça-branca-grande,NE,LC,0,0.01285795599749088,1,1,1,1,1,1,1,1,1,1,1,1,0,0,0,1,1,0,0,1,0,0,0,0,0,0.0
Aramides ypecaha,saracuruçu,NE,LC,0,0.01285795599749088,1,1,1,1,1,1,0,1,1,1,1,1,0,0,0,1,1,0,0,1,0,0,0,0,0,0.0
Gnorimopsar chopi,"graúna, melro, pássaro-preto, vira-bosta",NE,LC,0,0.01285795599749088,1,1,1,1,1,1,0,1,1,1,1,1,0,0,0,1,1,0,0,1,0,0,0,0,0,0.0
Coereba flaveola,cambacica,NE,LC,0,0.01285795599749088,1,1,1,1,1,1,1,1,1,1,1,1,0,0,0,1,1,0,0,1,0,0,0,0,0,0.0
Sporophila collaris,coleiro-do-brejo,NE,LC,0,0.01285795599749088,1,1,1,1,1,1,0,1,1,1,1,1,0,0,0,1,1,0,0,1,0,0,0,0,0,0.0
Nomonyx dominicus,"marreca-caucau, marreca-de-bico-roxo",NE,LC,0,0.01285795599749088,1,1,1,1,1,1,0,1,1,1,1,1,0,0,0,1,1,0,0,1,0,0,0,0,0,0.0
Spinus magellanicus,pintassilgo,NE,LC,0,0.01285795599749088,1,1,1,1,1,1,0,1,1,1,1,1,0,0,0,1,1,0,0,1,0,0,0,0,0,0.0
Sicalis luteola,tipio,NE,LC,0,0.01285795599749088,1,1,1,1,1,1,0,1,1,1,1,1,0,0,0,1,1,0,0,1,0,0,0,0,0,0.0
Ramphastos toco,"tucano-toco, tucanuçu",NE,LC,0,0.01285795599749088,1,1,1,1,1,1,0,1,1,1,1,1,0,0,0,1,1,0,0,1,0,0,0,0,0,0.0
Dendrocygna viduata,irerê,NE,LC,0,0.01285795599749088,1,1,1,1,1,1,1,1,1,1,1,1,0,0,0,1,1,0,0,1,0,0,0,0,0,0.0
Chloephaga picta,ganso-de-magalhães,NE,,0,0.01282828282828283,0,0,0,0,1,0,0,0,0,0,1,0,0,0,0,1,0,0,0,1,1,0,0,0,0,0.0
Pyrilia vulturina,curica-urubu,VU,VU,0,0.012795698924731183,1,0,1,0,0,0,0,1,1,0,0,0,1,0,1,0,0,1,0,1,0,0,0,0,0,1.0
Anhinga anhinga,biguatinga,NE,LC,0,0.012619047619047618,1,1,1,1,1,1,0,1,1,1,1,1,0,0,0,0,1,0,1,0,0,1,0,1,0,0.0
Serpophaga hypoleuca,alegrinho-do-rio,NE,VU,0,0.012605222734254991,1,0,1,0,0,0,0,1,0,0,0,0,1,0,1,1,0,1,0,0,0,0,0,0,1,0.0
Muscisaxicola maculirostris,gaúcha-de-bico-manchado,NE,,0,0.01260180995475113,0,1,0,0,0,0,0,0,0,0,1,0,0,0,0,0,0,0,0,0,0,0,0,0,0,0.0
Icterus croconotus,joão-pinto,NE,LC,0,0.012496094970321774,1,1,1,0,0,1,0,1,0,1,1,1,0,0,0,1,0,0,0,1,0,0,0,0,0,0.0
Accipiter poliogaster,tauató-pintado,NE,LC,0,0.012477335951562757,1,1,1,0,0,1,0,1,1,1,1,1,0,0,0,1,1,1,0,1,0,0,0,0,0,0.0
Falco deiroleucus,falcão-de-peito-laranja,NE,LC,0,0.012477335951562757,1,1,1,0,0,1,0,1,1,1,1,1,0,0,0,1,1,1,0,1,0,0,1,0,0,0.0
Automolus leucophthalmus,barranqueiro-de-olho-branco,NE,LC,0,0.012139082187298195,1,1,1,0,0,0,1,0,1,1,1,1,0,0,0,0,0,0,0,0,0,0,0,0,0,0.0
Dysithamnus mentalis,choquinha-lisa,NE,LC,0,0.012098765432098766,1,1,1,1,1,1,0,1,1,1,1,1,0,0,0,0,0,1,0,1,0,0,0,0,0,0.0
Micrastur semitorquatus,falcão-relógio,NE,LC,0,0.012098765432098766,1,1,1,1,1,1,0,1,1,1,1,1,0,0,0,0,0,1,0,1,0,0,0,0,0,0.0
Conopophaga roberti,Chupa-dente-de-capuz,NE,LC,0,0.011881595881595881,1,0,1,1,0,0,0,1,1,0,0,0,1,0,0,1,0,0,0,0,0,0,0,0,1,0.0
Psophia ochroptera,jacamim-de-costas-amarelas,NE,LC,0,0.011875993640699523,1,0,0,0,0,0,0,1,0,0,0,0,1,0,0,1,0,0,0,1,0,0,0,0,0,0.0
Calidris ferruginea,maçarico-de-bico-curvo,NE,,0,0.011652930402930403,1,1,0,1,1,0,0,0,1,1,1,0,0,0,1,0,0,0,0,0,0,0,0,0,0,0.0
Chlidonias niger,trinta-réis-negro,NE,,0,0.011587625361210267,1,1,1,1,1,1,0,0,1,0,1,1,0,1,1,1,1,1,1,0,0,1,1,1,1,0.0
Ceratopipra rubrocapilla,cabeça-encarnada,NE,LC,0,0.011553420269961106,1,1,1,1,0,0,1,1,1,1,0,1,0,0,0,1,1,1,0,0,0,0,0,0,0,0.0
Tringa melanoleuca,maçarico-grande-de-perna-amarela,NE,LC,0,0.011176470588235295,1,1,1,1,1,1,0,1,1,1,1,1,0,1,1,1,0,1,1,0,0,1,0,1,1,0.0
Dendrocincla merula,arapaçu-da-taoca,NE,VU,0,0.011110056925996205,1,0,0,0,0,0,0,1,1,0,0,0,1,0,1,1,0,1,0,1,0,1,0,0,0,0.0
Anous stolidus,trinta-réis-escuro,NE,LC,0,0.01101787101787102,1,1,0,1,1,0,1,0,1,1,1,0,0,0,0,1,1,1,0,0,0,0,1,0,0,0.0
Cyanocorax hafferi,cancão-da-campina,VU,VU,0,0.011013966480446929,1,0,0,0,0,0,0,1,0,0,0,0,1,0,1,1,1,1,1,0,0,1,0,0,0,1.0
Epinecrophylla dentei,choquinha-do-rio-roosevelt,VU,VU,0,0.011013966480446929,1,0,0,0,0,0,0,1,0,0,0,0,1,0,1,1,1,1,1,1,0,1,0,0,0,1.0
Tityra semifasciata,anambé-branco-de-máscara-negra,NE,LC,0,0.010978861788617887,1,1,1,0,0,1,0,1,1,0,1,1,0,0,1,0,0,0,0,0,0,0,0,0,0,0.0
Plegadis chihi,caraúna,NE,LC,0,0.010972222222222223,0,1,1,0,1,1,0,0,0,1,1,1,0,1,0,0,0,1,0,0,0,0,0,1,0,0.0
Mesembrinibis cayennensis,coró-coró,NE,LC,0,0.010953846153846154,1,1,1,1,1,1,0,1,1,1,1,1,0,0,1,0,0,0,0,0,0,0,0,0,0,0.0
Chondrohierax uncinatus,caracoleiro,NE,LC,0,0.010953846153846154,1,1,1,1,1,1,0,1,1,1,1,1,0,0,1,0,0,0,0,0,0,0,0,0,0,0.0
Tyrannus tyrannus,suiriri-valente,NE,LC,0,0.010953846153846154,1,1,1,0,1,1,0,1,0,1,1,1,0,1,1,0,0,0,0,0,0,0,0,0,0,0.0
Dolichonyx oryzivorus,triste-pia,NE,LC,0,0.010953846153846154,1,1,1,0,1,1,0,1,0,1,1,1,0,1,1,0,0,0,0,0,0,0,0,0,0,0.0
Anhima cornuta,"alencó, anhuma",NE,LC,0,0.01069721606306972,1,1,1,1,1,0,0,1,1,1,1,1,0,0,0,1,1,0,1,1,0,1,0,0,0,0.0
Aramides mangle,saracura-do-mangue,NE,LC,0,0.010628773102999907,1,1,1,1,0,0,0,1,1,1,1,0,1,0,0,1,0,0,0,1,1,0,0,0,0,0.0
Busarellus nigricollis,gavião-belo,NE,LC,0,0.010603543743078626,1,1,1,1,1,1,1,1,1,1,1,1,0,0,0,1,1,0,1,0,0,0,0,0,0,0.0
Amaurospiza moesta,negrinho-do-mato,NE,LC,0,0.010603543743078626,1,1,1,1,1,1,0,1,1,1,1,1,0,0,0,1,1,0,1,0,0,0,0,0,0,0.0
Stercorarius antarcticus,mandrião-antártico,NE,LC,0,0.010603366009335011,0,1,0,0,1,0,0,0,1,1,1,0,0,1,0,0,0,0,0,0,0,0,0,0,0,0.0
Fregetta tropica,painho-de-barriga-preta,NE,LC,0,0.010603366009335011,0,1,0,0,1,0,1,0,1,1,1,0,0,1,0,0,0,0,0,0,0,0,0,0,0,0.0
Sterna vittata,trinta-réis-antártico,NE,,0,0.010603366009335011,0,1,0,0,1,0,1,0,1,1,1,0,0,0,0,0,0,0,0,0,0,0,0,0,0,0.0
Stercorarius longicaudus,mandrião-de-cauda-comprida,NE,LC,0,0.010603366009335011,0,1,0,0,1,0,1,0,1,1,1,0,0,1,0,0,0,0,0,0,0,0,0,0,0,0.0
Stercorarius chilensis,mandrião-chileno,NE,LC,0,0.010603366009335011,0,1,0,0,1,0,0,0,1,1,1,0,0,1,0,0,0,0,0,0,0,0,0,0,0,0.0
Primolius couloni,maracanã-de-cabeça-azul,NE,LC,0,0.010551474502288938,1,0,0,0,0,0,0,1,0,0,0,0,0,0,1,1,0,1,0,1,0,0,0,0,0,0.0
Thripophaga fusciceps,joão-liso,NE,LC,0,0.010551474502288938,1,0,0,0,0,0,0,1,0,0,0,0,0,0,1,1,0,1,0,0,0,0,0,0,0,0.0
Cercomacra manu,chororó-de-manu,NE,LC,0,0.010551474502288938,1,0,1,0,0,0,0,1,1,0,0,0,0,0,1,1,0,1,0,0,0,0,0,0,0,0.0
Phlegopsis borbae,mãe-de-taoca-dourada,VU,VU,0,0.01053061224489796,1,0,0,0,0,0,0,1,0,0,0,1,1,0,1,1,1,1,1,0,0,0,0,0,0,1.0
Campylorhamphus cardosoi,arapaçu-do-tapajós,VU,VU,0,0.01053061224489796,1,0,0,0,0,0,0,1,0,0,0,1,1,0,1,1,1,1,1,0,0,0,0,0,0,1.0
Clytoctantes atrogularis,choca-de-garganta-preta,VU,VU,0,0.01053061224489796,1,0,0,0,0,0,0,1,0,0,0,1,1,0,1,1,1,1,1,0,0,0,0,0,0,1.0
Pheucticus ludovicianus,bico-grosso-de-peito-rosa,NE,,0,0.01050187265917603,0,0,1,0,0,0,0,1,1,0,0,0,0,0,0,0,0,0,0,0,0,0,0,0,0,0.0
Psophia leucoptera,jacamim-de-costas-brancas,NE,LC,0,0.010422442244224422,1,0,0,0,0,0,0,1,0,0,0,0,0,0,1,1,0,0,0,1,0,0,0,0,0,0.0
Psophia crepitans,jacamim-de-costas-cinzentas,NE,LC,0,0.010422442244224422,1,0,0,0,0,0,0,1,0,0,0,0,0,0,1,1,0,0,0,1,0,0,0,0,0,0.0
Pauxi tomentosa,mutum-do-norte,NE,LC,0,0.010422442244224422,1,0,0,0,0,0,0,1,0,0,0,0,0,0,1,1,0,0,0,1,0,0,0,0,0,0.0
Penelope marail,jacumirim,NE,LC,0,0.010422442244224422,1,0,0,0,0,0,0,1,0,0,0,0,0,0,1,1,0,0,0,1,0,0,0,0,0,0.0
Crax alector,mutum-poranga,NE,LC,0,0.010422442244224422,1,0,0,0,0,0,0,1,0,0,0,0,0,0,1,1,0,0,0,1,0,0,0,0,0,0.0
Odontophorus stellatus,uru-de-topete,NE,LC,0,0.010422442244224422,1,0,0,0,0,0,0,1,0,0,0,1,0,0,1,1,0,0,0,1,0,0,0,0,0,0.0
Pteroglossus beauharnaisii,araçari-mulato,NE,LC,0,0.010422442244224422,1,0,0,0,0,0,0,1,0,0,0,1,0,0,1,1,0,0,0,1,0,0,0,0,0,0.0
Ramphastos dicolorus,tucano-de-bico-verde,NE,LC,0,0.010394377552272288,0,1,1,1,1,0,1,0,1,1,1,1,0,0,0,1,1,0,0,1,0,0,0,0,0,0.0
Charadrius collaris,batuíra-de-coleira,NE,LC,0,0.01026083112290009,1,1,1,1,1,1,0,1,1,1,1,1,0,0,0,1,1,0,0,0,1,1,0,1,0,0.0
Anabazenops dorsalis,barranqueiro-de-topete,VU,VU,0,0.010145156108531207,1,0,0,0,0,0,0,1,0,0,0,1,0,0,1,1,1,1,1,1,0,1,0,0,0,1.0
Myrmoborus melanurus,formigueiro-de-cauda-preta,NE,LC,0,0.010145156108531207,1,0,0,0,0,0,0,1,0,0,0,0,0,0,1,1,0,0,1,0,0,0,0,0,0,0.0
Cacicus koepckeae,tecelão-do-acre,VU,VU,0,0.010145156108531207,1,0,0,0,0,0,0,1,0,0,0,0,0,0,1,1,0,0,1,0,0,0,0,0,0,1.0
Hypocnemis ochrogyna,cantador-ocráceo,VU,VU,0,0.010145156108531207,1,0,1,0,0,1,0,1,0,0,0,1,0,0,1,1,1,1,1,1,0,1,0,0,0,1.0
Callonetta leucophrys,marreca-de-coleira,NE,LC,0,0.010115830115830116,0,1,1,0,1,1,1,0,0,1,1,1,0,1,0,1,0,0,0,1,0,0,0,0,0,0.0
Euscarthmus rufomarginatus,maria-corruíra,NE,LC,0,0.010042735042735042,1,0,1,1,0,1,0,1,1,1,0,1,0,0,0,1,1,1,0,0,0,1,1,0,0,0.0
Herpsilochmus atricapillus,chorozinho-de-chapéu-preto,NE,LC,0,0.00987878787878788,0,1,1,1,0,1,0,1,1,1,0,1,0,0,0,0,0,0,0,0,0,0,0,0,0,0.0
Cochlearius cochlearius,arapapá,NE,LC,0,0.009788634788634789,1,1,1,1,0,1,0,1,1,1,1,1,0,0,0,1,1,1,0,0,0,0,0,0,0,0.0
Vanellus cayanus,"batuíra-de-esporão, mexeriqueira",NE,LC,0,0.009788634788634789,1,1,1,1,0,1,0,1,1,1,1,1,0,0,0,1,1,1,0,0,0,0,0,0,0,0.0
Himantopus melanurus,pernilongo-de-costas-brancas,NE,LC,0,0.009784240150093809,1,1,1,1,1,1,0,1,1,1,1,1,0,0,0,1,1,0,0,0,0,1,1,1,0,0.0
Muscisaxicola maclovianus,gaúcha-de-cara-suja,NE,,0,0.009675307961022247,0,0,0,0,1,0,0,0,0,0,1,0,0,0,0,0,1,0,0,0,0,0,1,0,0,0.0
Galbula chalcothorax,ariramba-violácea,NE,LC,0,0.009618520675596971,1,0,0,0,0,0,0,1,0,0,0,0,0,0,1,1,0,1,0,1,0,1,0,0,0,0.0
Steatornis caripensis,guácharo,NE,LC,0,0.009618520675596971,1,0,0,0,0,0,0,1,0,0,0,0,0,0,1,1,0,1,0,0,0,1,0,0,1,0.0
Gallinula galeata,"frango-d'água-comum, galinha-d'água",NE,LC,0,0.009394752534287419,1,1,1,1,1,1,0,1,1,1,1,1,0,0,0,1,1,0,0,0,0,0,0,0,0,0.0
Accipiter striatus,gavião-miúdo,NE,LC,0,0.009394752534287419,1,1,1,1,1,1,0,1,1,1,1,1,0,0,0,1,1,0,0,0,0,0,0,0,0,0.0
Piculus chrysochloros,pica-pau-dourado-escuro,NE,LC,0,0.008751104045221692,1,1,1,1,0,1,0,0,1,1,0,1,0,0,0,0,0,0,0,0,0,0,0,0,0,0.0
Columbina squammata,fogo-apagou,NE,LC,0,0.008686571160797966,1,1,1,1,0,1,1,1,1,1,1,1,0,0,0,1,0,0,0,1,0,0,0,0,0,0.0
Patagioenas plumbea,pomba-amargosa,NE,LC,0,0.008686571160797966,1,1,1,1,0,1,0,1,1,1,1,1,0,0,0,1,0,0,0,1,0,0,0,0,0,0.0
Buteo nitidus,gavião-pedrês,NE,LC,0,0.008686571160797966,1,1,1,1,0,1,0,1,1,1,1,1,0,0,0,1,0,0,0,1,1,0,0,0,0,0.0
Eudocimus ruber,guará,NE,LC,0,0.008686571160797966,1,1,1,1,0,0,1,1,1,1,1,0,0,0,0,1,0,0,0,1,0,0,0,1,0,0.0
Claravis pretiosa,"juriti-azul, pararu-azul",NE,LC,0,0.008686571160797966,1,1,1,1,0,1,1,1,1,1,1,1,0,0,0,1,0,0,0,1,0,0,0,0,0,0.0
Sterna trudeaui,trinta-réis-de-coroa-branca,NE,LC,0,0.008287576535650801,0,1,1,0,1,1,1,0,1,1,1,1,0,1,0,0,0,0,0,0,0,0,0,0,0,0.0
Cyanoloxia brissonii,azulão,NE,LC,0,0.008206793206793206,0,1,1,1,1,1,0,1,1,1,1,1,0,0,0,1,1,0,0,1,0,0,0,0,0,0.0
Penelope jacquacu,jacu-de-spix,NE,LC,0,0.007885645707427886,1,0,1,0,0,0,0,1,0,0,0,1,0,0,1,1,0,0,0,1,0,0,0,0,0,0.0
Touit huetii,apuim-de-asa-vermelha,NE,LC,0,0.007272727272727272,1,0,1,0,0,0,0,1,1,0,0,1,0,0,0,1,0,0,0,1,0,0,0,0,0,0.0
Sporophila castaneiventris,caboclinho-de-peito-castanho,NE,LC,0,0.007272727272727272,1,0,1,0,0,0,0,1,0,0,0,0,0,0,0,1,0,0,0,1,0,0,0,0,0,0.0
Amblyramphus holosericeus,cardeal-do-banhado,NE,LC,0,0.007272727272727272,1,1,1,0,1,1,0,1,0,1,1,1,0,0,0,1,0,0,0,1,0,0,0,0,0,0.0
Chauna torquata,tachã,NE,LC,0,0.007272727272727272,1,1,1,0,1,1,0,1,0,1,1,1,0,0,0,1,0,0,0,1,0,0,0,0,0,0.0
Coryphospingus cucullatus,tico-tico-rei,NE,LC,0,0.007272727272727272,1,1,1,0,1,1,1,1,1,1,1,1,0,0,0,1,0,0,0,1,0,0,0,0,0,0.0
Crypturellus obsoletus,inhambuguaçu,NE,LC,0,0.007272727272727272,1,1,1,0,1,0,0,1,1,1,1,1,0,0,0,1,0,0,0,1,0,0,0,0,0,0.0
Paroaria capitata,"cardeal-de-bico-amarelo, cardeal-do-pantanal, cavalaria, galo-da-campina-pantaneiro",NE,LC,0,0.007272727272727272,1,1,1,0,1,1,0,1,0,1,1,1,0,0,0,1,0,0,0,1,0,0,0,0,0,0.0
Ciconia maguari,maguari,NE,LC,0,0.007253968253968255,1,1,1,0,1,1,1,1,1,1,1,1,0,0,0,1,1,1,0,1,0,0,0,1,0,0.0
Gelochelidon nilotica,trinta-réis-de-bico-preto,NE,LC,0,0.006666666666666667,1,1,1,1,1,0,1,1,1,1,1,0,0,1,0,0,0,1,0,0,1,0,0,1,0,0.0
Charadrius wilsonia,batuíra-bicuda,VU,VU,0,0.006666666666666667,1,1,1,1,0,0,1,1,1,0,1,0,0,0,0,1,1,0,1,0,1,0,1,1,0,1.0
Synallaxis simoni,joão-do-araguaia,NE,LC,0,0.006666666666666667,1,0,1,0,0,0,0,1,0,0,0,1,1,0,0,1,0,1,0,1,1,1,0,0,0,0.0
Chamaeza nobilis,tovaca-estriada,NE,VU,0,0.006666666666666667,1,0,0,0,0,0,0,1,0,0,0,1,1,0,0,0,0,1,0,1,0,0,0,0,0,0.0
Arenaria interpres,vira-pedras,NE,NT,0,0.006666666666666667,1,1,1,1,1,1,1,1,1,1,1,1,0,1,1,1,1,1,1,1,1,1,0,1,1,0.0
Phoenicoparrus jamesi,flamingo-da-puna,NE,,0,0.006666666666666667,1,0,0,0,1,0,0,1,0,0,1,0,0,0,0,1,1,1,0,1,1,1,0,0,0,0.0
Limosa fedoa,maçarico-marmóreo,NE,,0,0.006666666666666667,1,0,0,1,0,0,0,1,1,0,0,0,0,0,1,0,0,0,0,0,0,0,0,0,0,0.0
Calonectris borealis,"bobo-grande, pardela-de-bico-amarelo",NE,LC,0,0.0064516129032258064,1,1,1,1,1,0,1,1,1,1,1,0,0,1,0,1,0,0,1,1,1,0,0,0,1,0.0
Herpsilochmus praedictus,chorozinho-esperado,NE,LC,0,0.006388888888888889,1,0,0,0,0,0,0,1,0,0,0,0,1,0,0,1,1,1,1,0,0,0,0,0,0,0.0
Oxyruncus cristatus,araponga-do-horto,NE,VU,0,0.006388888888888889,1,0,0,0,0,0,0,1,0,0,0,0,1,0,0,1,1,1,1,1,0,1,0,0,0,0.0
Polioptila attenboroughi,balança-rabo-do-inambari,NE,LC,0,0.006388888888888889,1,0,0,0,0,0,0,1,0,0,0,0,1,0,0,1,1,0,1,0,0,0,0,0,0,0.0
Phoenicoparrus andinus,"flamingo-dos-andes, flamingo-grande-dos-andes",NE,,0,0.006265060240963856,1,1,0,0,1,0,0,1,0,1,1,0,0,0,0,1,1,1,0,1,0,1,1,0,0,0.0
Odontorchilus cinereus,Cambaxirra-Cinzenta,NE,LC,0,0.006170212765957446,1,0,1,0,0,0,0,1,0,0,0,1,0,0,0,1,1,1,1,1,0,1,0,0,0,0.0
Rhegmatorhina hoffmannsi,mãe-de-taoca-papuda,VU,VU,0,0.006170212765957446,1,0,1,0,0,0,0,1,0,0,0,1,1,0,1,1,1,1,1,1,0,1,0,0,0,1.0
Pyrrhura anerythra,tiriba-do-xingu,VU,VU,0,0.006170212765957446,1,0,1,0,0,0,0,1,0,0,0,1,1,0,1,1,1,1,1,1,0,1,0,0,0,1.0
Coccyzus minor,papa-lagarta-do-mangue,NE,LC,0,0.0061290322580645155,1,0,0,1,0,0,1,1,1,0,0,0,0,0,0,1,0,1,0,0,0,0,0,0,0,0.0
Picumnus undulatus,picapauzinho-ondulado,NE,LC,0,0.0061290322580645155,1,0,0,0,0,0,0,1,0,0,0,0,0,0,0,0,0,1,1,1,0,0,0,0,0,0.0
Piculus paraensis,pica-pau-dourado-de-belém,VU,VU,0,0.0061290322580645155,1,0,1,0,0,0,0,1,1,0,0,0,1,0,1,1,0,1,0,1,0,0,0,0,1,1.0
Pteroglossus bitorquatus,araçari-de-pescoço-vermelho,NE,VU,0,0.0061290322580645155,1,0,1,0,0,0,0,1,1,0,0,0,1,0,1,1,0,1,0,1,0,0,0,0,1,0.0
Xiphorhynchus pardalotus,arapaçu-assobiador,NE,LC,0,0.0061290322580645155,1,0,0,0,0,0,0,1,0,0,0,0,0,0,1,0,0,1,0,1,0,0,0,0,0,0.0
Coccyzus erythropthalmus,papa-lagarta-de-bico-preto,NE,LC,0,0.0061290322580645155,1,0,0,0,0,0,0,1,0,0,0,0,0,0,1,0,0,1,0,0,0,0,0,1,0,0.0
Psophia interjecta,jacamim-do-xingu,EN,EN,0,0.0061290322580645155,1,0,0,0,0,0,0,1,0,0,0,0,1,0,1,1,0,1,0,1,0,0,0,0,0,2.0
Lepidothrix vilasboasi,dançador-de-coroa-dourada,EN,EN,0,0.0061290322580645155,1,0,0,0,0,0,0,1,0,0,0,0,1,0,1,1,0,1,1,1,0,0,0,0,1,2.0
Crypturellus cinereus,Inambu-pixuna,NE,LC,0,0.006103286384976526,1,0,1,0,0,0,0,1,1,0,0,1,0,0,0,1,1,1,0,1,0,1,0,0,0,0.0
Parkerthraustes humeralis,furriel-de-encontro,NE,LC,0,0.006103286384976526,1,0,0,0,0,0,0,1,1,0,0,1,0,0,0,1,1,1,0,1,0,1,0,0,0,0.0
Galbula cyanicollis,Ariramba-da-mata,NE,LC,0,0.006103286384976526,1,0,1,0,0,0,0,1,1,0,0,1,0,0,0,1,1,0,0,0,0,1,0,0,0,0.0
Onychoprion fuscatus,trinta-réis-das-rocas,NE,LC,0,0.006021505376344086,1,1,0,1,0,0,1,1,1,1,0,0,0,1,0,1,1,1,1,0,0,0,1,1,1,0.0
Psophia viridis,jacamim-de-costas-verdes,VU,VU,0,0.006,1,0,0,0,0,0,0,1,0,0,0,1,1,0,1,1,0,0,0,1,0,0,0,0,0,1.0
Hylopezus whittakeri,torom-de-alta-floresta,VU,VU,0,0.006,1,0,0,0,0,0,0,1,0,0,0,1,1,0,1,1,0,0,0,0,0,0,0,0,1,1.0
Calidris minutilla,maçariquinho,NE,DD,0,0.005952380952380953,1,1,1,1,1,1,0,1,1,1,1,1,0,1,0,1,1,1,1,0,0,1,0,0,0,0.0
Calidris fuscicollis,maçarico-de-sobre-branco,NE,LC,0,0.005952380952380953,1,1,1,1,1,1,0,1,1,1,1,1,0,1,0,1,1,1,1,0,1,1,0,1,0,0.0
Actitis macularius,maçarico-pintado,NE,LC,0,0.005952380952380953,1,1,1,1,1,1,0,1,1,1,1,1,0,1,0,1,1,1,1,0,0,1,0,1,1,0.0
Limnodromus griseus,maçarico-de-costas-brancas,EN,EN,0,0.005952380952380953,1,1,1,1,1,0,1,1,1,0,1,0,0,1,0,1,1,1,1,0,1,1,0,1,1,2.0
Pseudocolopteryx acutipennis,tricolino-oliváceo,NE,LC,0,0.005920398009950248,0,1,1,0,1,1,0,0,0,0,1,1,0,1,1,0,0,0,0,0,0,0,0,0,0,0.0
Limosa lapponica,fuselo,NE,,0,0.005858585858585858,1,1,0,1,0,0,0,1,1,1,0,0,0,0,1,0,0,0,0,0,0,0,0,0,0,0.0
Onychorhynchus coronatus,Maria-leque,NE,LC,0,0.005858585858585858,1,1,1,0,0,0,0,1,1,1,0,1,0,0,1,0,0,0,0,0,0,0,0,0,0,0.0
Pseudopipra pipra,cabeça-branca,NE,LC,0,0.005858585858585858,1,1,0,0,0,0,0,1,1,1,0,1,0,0,1,0,0,0,0,0,0,0,0,0,0,0.0
Embernagra platensis,sabiá-do-banhado,NE,LC,0,0.005741715399610136,0,1,1,0,1,0,0,0,0,1,1,1,0,0,0,0,0,0,0,0,0,0,0,0,0,0.0
Lepidocolaptes falcinellus,arapaçu-escamoso-do-sul,NE,LC,0,0.005741715399610136,0,1,1,0,1,0,0,0,0,1,1,0,0,0,0,0,0,0,0,0,0,0,0,0,0,0.0
Myiothlypis leucoblephara,pula-pula-assobiador,NE,LC,0,0.005741715399610136,0,1,1,0,1,0,0,0,0,1,1,0,0,0,0,0,0,0,0,0,0,0,0,0,0,0.0
Emberizoides ypiranganus,canário-do-brejo,NE,LC,0,0.005741715399610136,0,1,1,0,1,0,0,0,0,1,1,1,0,0,0,0,0,0,0,0,0,0,0,0,0,0.0
Syndactyla rufosuperciliata,trepador-quiete,NE,LC,0,0.005741715399610136,0,1,1,0,1,0,0,0,0,1,1,1,0,0,0,0,0,0,0,0,0,0,0,0,0,0.0
Anas flavirostris,marreca-pardinha,NE,LC,0,0.005741715399610136,0,1,1,0,1,0,0,0,0,1,1,0,0,0,0,0,0,0,0,0,0,0,0,0,0,0.0
Stilpnia preciosa,saíra-preciosa,NE,LC,0,0.005741715399610136,0,1,1,0,1,0,0,0,0,1,1,0,0,0,0,0,0,0,0,0,0,0,0,0,0,0.0
Thlypopsis pyrrhocoma,cabecinha-castanha,NE,LC,0,0.005741715399610136,0,1,1,0,1,0,0,0,0,1,1,1,0,0,0,0,0,0,0,0,0,0,0,0,0,0.0
Thamnophilus ruficapillus,choca-de-chapéu-vermelho,NE,LC,0,0.005741715399610136,0,1,1,0,1,0,0,0,0,1,1,0,0,0,0,0,0,0,0,0,0,0,0,0,0,0.0
Anthus hellmayri,caminheiro-de-barriga-acanelada,NE,LC,0,0.005741715399610136,0,1,1,0,1,0,0,0,0,1,1,0,0,0,0,0,0,0,0,0,0,0,0,0,0,0.0
Fulica leucoptera,carqueja-de-bico-amarelo,NE,LC,0,0.005741715399610136,0,1,1,0,1,0,0,0,0,1,1,1,0,0,0,0,0,0,0,0,0,0,0,0,0,0.0
Pseudocolopteryx flaviventris,amarelinho-do-junco,NE,LC,0,0.005741715399610136,0,1,1,0,1,0,0,0,0,1,1,1,0,1,0,0,0,0,0,0,0,0,0,0,0,0.0
Phyllomyias virescens,piolhinho-verdoso,NE,LC,0,0.005741715399610136,0,1,1,0,1,0,0,0,0,1,1,0,0,0,0,0,0,0,0,0,0,0,0,0,0,0.0
Phylloscartes ventralis,borboletinha-do-mato,NE,LC,0,0.005741715399610136,0,1,1,0,1,0,0,0,0,1,1,1,0,0,0,0,0,0,0,0,0,0,0,0,0,0.0
Picumnus temminckii,pica-pau-anão-de-coleira,NE,LC,0,0.005741715399610136,0,1,1,0,1,0,0,0,0,1,1,0,0,0,0,0,0,0,0,0,0,0,0,0,0,0.0
Mackenziaena leachii,borralhara-assobiadora,NE,LC,0,0.005741715399610136,0,1,1,0,1,0,0,0,0,1,1,0,0,0,0,0,0,0,0,0,0,0,0,0,0,0.0
Leucochloris albicollis,beija-flor-de-papo-branco,NE,LC,0,0.005741715399610136,0,1,1,0,1,0,0,0,0,1,1,1,0,0,0,0,0,0,0,0,0,0,0,0,0,0.0
Drymophila malura,choquinha-carijó,NE,LC,0,0.005741715399610136,0,1,1,0,1,0,0,0,0,1,1,0,0,0,0,0,0,0,0,0,0,0,0,0,0,0.0
Veniliornis spilogaster,pica-pau-verde-carijó,NE,LC,0,0.005741715399610136,0,1,1,0,1,0,0,0,0,1,1,0,0,0,0,0,0,0,0,0,0,0,0,0,0,0.0
Hylophilus poicilotis,verdinho-coroado,NE,LC,0,0.005741715399610136,0,1,1,0,1,0,0,0,0,1,1,0,0,0,0,0,0,0,0,0,0,0,0,0,0,0.0
Microspingus cabanisi,quete-do-sul,NE,LC,0,0.005741715399610136,0,1,1,0,1,0,0,0,0,1,1,0,0,0,0,0,0,0,0,0,0,0,0,0,0,0.0
Phacellodomus ferrugineigula,joão-botina-do-brejo,NE,LC,0,0.005741715399610136,0,1,1,0,1,0,0,0,0,1,1,0,0,0,0,0,0,0,0,0,0,0,0,0,0,0.0
Euphonia chalybea,cais-cais,NE,LC,0,0.005741715399610136,0,1,1,0,1,0,0,0,0,1,1,0,0,0,0,0,0,0,0,0,0,0,0,0,0,0.0
Stephanophorus diadematus,sanhaçu-frade,NE,LC,0,0.005741715399610136,0,1,1,0,1,0,0,0,0,1,1,0,0,0,0,0,0,0,0,0,0,0,0,0,0,0.0
Pardirallus sanguinolentus,saracura-do-banhado,NE,LC,0,0.005741715399610136,0,1,1,0,1,0,0,0,0,1,1,0,0,1,0,0,0,0,0,0,0,0,0,0,0,0.0
Synallaxis cinerascens,pi-puí,NE,LC,0,0.005741715399610136,0,1,1,0,1,0,0,0,0,1,1,0,0,0,0,0,0,0,0,0,0,0,0,0,0,0.0
Aramides saracura,saracura-do-mato,NE,LC,0,0.005741715399610136,0,1,1,0,1,0,1,0,0,1,1,1,0,0,0,0,0,0,0,0,0,0,0,0,0,0.0
Laterallus jamaicensis,sanã-preta,NE,DD,0,0.005714285714285714,1,0,1,0,0,0,0,1,1,0,0,0,0,0,0,1,1,1,0,1,0,1,0,0,1,0.0
Trogon ramonianus,surucuá-pequeno,NE,LC,0,0.005714285714285714,1,0,1,0,0,0,0,1,1,0,0,1,0,0,0,1,1,1,0,1,0,1,0,0,1,0.0
Phoenicopterus ruber,"flamingo, flamingo-do-caribe",NE,,0,0.005714285714285714,1,0,0,1,0,0,0,1,1,0,0,0,0,0,0,1,1,1,1,1,0,1,0,0,1,0.0
Saltatricula atricollis,"batuqueiro, bico-de-pimenta",NE,LC,0,0.005641025641025641,1,1,1,1,0,1,1,1,1,1,1,1,0,0,0,0,1,0,0,0,0,0,0,0,0,0.0
Asemospiza obscura,cigarra-parda,NE,,0,0.005625,0,0,0,0,0,1,0,0,0,0,0,1,0,0,0,0,0,0,0,0,0,0,0,0,0,0.0
Crypturellus variegatus,inhambu-anhangá,NE,LC,0,0.005531914893617021,1,1,0,0,0,0,0,1,1,1,0,1,0,0,0,1,0,0,0,1,0,0,0,0,0,0.0
Laniocera hypopyrra,chorona-cinza,NE,LC,0,0.005531914893617021,1,1,0,0,0,0,0,1,1,1,0,1,0,0,0,1,0,0,0,0,0,0,0,0,1,0.0
Micrastur mirandollei,Tanatau,NE,LC,0,0.005531914893617021,1,1,0,0,0,0,0,1,0,1,0,1,0,0,0,1,0,0,0,0,0,0,0,0,1,0.0
Ardea cocoi,garça-moura,NE,LC,0,0.005517241379310344,1,1,1,1,1,1,0,1,1,1,1,1,0,0,0,0,1,0,0,0,0,1,0,0,0,0.0
Certhiaxis cinnamomeus,curutié,NE,LC,0,0.005517241379310344,1,1,1,1,1,1,1,1,1,1,1,1,0,0,0,0,1,0,0,0,0,1,0,1,0,0.0
Riparia riparia,andorinha-do-barranco,NE,LC,0,0.005517241379310344,1,1,1,1,1,1,0,1,1,1,1,1,0,1,0,0,1,0,0,0,0,1,0,0,0,0.0
Ortalis superciliaris,aracuã-de-sobrancelhas,NE,LC,0,0.005405405405405406,1,0,1,1,0,0,0,1,1,0,0,0,1,0,0,1,0,0,0,1,0,0,0,0,1,0.0
Ortalis motmot,aracuã-pequeno,NE,LC,0,0.0051960784313725495,1,0,0,0,0,0,0,1,0,0,0,0,0,0,1,0,0,1,0,0,0,1,0,0,0,0.0
Phlegopsis nigromaculata,mãe-de-taoca,NE,VU,0,0.0051960784313725495,1,0,0,0,0,0,0,1,0,0,0,0,1,0,1,1,0,1,0,1,0,1,0,0,1,0.0
Ortalis ruficeps,aracuãzinho,NE,LC,0,0.0051960784313725495,1,0,0,0,0,0,0,1,0,0,0,1,1,0,1,1,0,1,0,1,0,1,0,0,0,0.0
Nonnula amaurocephala,freirinha-de-cabeça-castanha,NE,LC,0,0.0051960784313725495,1,0,0,0,0,0,0,1,0,0,0,0,1,0,1,0,0,1,0,0,0,1,0,0,0,0.0
Avocettula recurvirostris,beija-flor-de-bico-virado,NE,LC,0,0.005168539325842696,0,0,1,0,0,0,0,1,0,0,0,0,0,0,0,0,0,0,0,0,0,0,0,0,0,0.0
Dendrocolaptes retentus,arapaçu-barrado-do-xingu,VU,VU,0,0.005087719298245614,1,0,1,0,0,0,0,1,1,0,0,0,1,0,0,1,1,1,1,1,0,1,0,0,0,1.0
Myrmoborus lugubris,formigueiro-liso-do-pará,NE,LC,0,0.005084745762711864,1,0,0,0,0,0,0,1,0,0,0,0,1,0,0,1,1,1,0,0,0,1,0,0,0,0.0
Campylorhamphus probatus,arapaçu-de-bico-curvo-de-rondônia,NE,LC,0,0.005084745762711864,1,0,0,0,0,0,0,1,0,0,0,0,1,0,0,1,1,1,0,1,0,1,0,0,0,0.0
Poecilotriccus senex,maria-do-madeira,NE,LC,0,0.005084745762711864,1,0,0,0,0,0,0,1,0,0,0,0,1,0,0,1,1,1,0,0,0,0,0,0,0,0.0
Tigrisoma fasciatum,"socó-boi-escuro, socó-jararaca",VU,LC,0,0.0050450450450450456,1,1,1,0,0,1,0,1,0,1,1,1,0,0,0,1,1,1,0,0,1,0,1,1,0,1.0
Chordeiles acutipennis,bacurau-de-asa-fina,NE,LC,0,0.0050450450450450456,1,1,1,1,0,1,0,1,1,1,1,1,0,0,0,1,0,1,1,0,0,0,0,1,0,0.0
Falco rufigularis,cauré,NE,LC,0,0.0050450450450450456,1,1,1,1,0,1,0,1,1,1,1,1,0,0,0,0,0,1,0,0,0,0,0,1,0,0.0
Nonnula rubecula,macuru,NE,LC,0,0.0050450450450450456,1,1,1,1,0,0,0,1,1,1,1,1,0,0,0,1,1,1,0,0,0,0,0,0,0,0.0
Sporophila cinnamomea,caboclinho-de-chapéu-cinzento,NE,NT,0,0.005,1,1,1,1,1,1,0,1,1,1,1,1,0,1,1,1,1,1,1,1,0,1,1,1,0,0.0
Dendroma rufa,limpa-folha-de-testa-baia,NE,LC,0,0.004899598393574297,0,1,1,0,1,1,1,1,1,1,1,1,0,0,0,0,0,0,0,0,0,0,0,0,0,0.0
Numenius hudsonicus,maçarico-de-bico-torto,VU,VU,0,0.004833333333333334,1,1,1,1,1,1,1,1,1,1,1,1,0,1,1,1,1,1,1,1,1,1,0,0,1,1.0
Rhegmatorhina gymnops,mãe-de-taoca-de-cara-branca,VU,VU,0,0.0048,1,0,0,0,0,0,0,1,0,0,0,1,1,0,1,1,1,1,1,1,0,0,0,0,1,1.0
Neomorphus squamiger,jacu-estalo-escamoso,VU,VU,0,0.0048,1,0,0,0,0,0,0,1,0,0,0,1,1,0,1,1,1,1,1,1,0,0,0,0,1,1.0
Phaethornis aethopygus,rabo-branco-do-tapajós,VU,LC,0,0.0048,1,0,0,0,0,0,0,1,0,0,0,1,1,0,1,1,1,1,1,1,0,0,0,0,1,1.0
Geotrygon violacea,juriti-vermelha,NE,LC,0,0.0048,1,1,1,1,0,0,0,1,1,1,1,1,0,0,1,0,0,0,0,0,0,0,0,0,0,0.0
Elaenia cristata,"guaracava-de-topete, guaracava-de-topete-uniforme, maria-é-dia",NE,LC,0,0.004743589743589744,1,1,1,1,0,1,0,1,1,1,1,1,0,0,0,1,1,1,0,1,0,1,0,0,0,0.0
Hirundo rustica,andorinha-de-bando,NE,LC,0,0.004743589743589744,1,1,1,1,1,1,1,1,1,1,1,1,0,1,0,1,1,1,0,0,0,0,0,1,0,0.0
Calidris melanotos,maçarico-de-colete,NE,LC,0,0.004743589743589744,1,1,1,1,1,1,0,1,1,1,1,1,0,1,0,1,1,1,0,0,0,1,0,1,1,0.0
Phaetusa simplex,trinta-réis-grande,NE,LC,0,0.004743589743589744,1,1,1,1,1,1,0,1,1,1,1,1,0,0,0,1,1,1,0,1,1,0,0,0,0,0.0
Culicivora caudacuta,papa-moscas-do-campo,NE,LC,0,0.004743589743589744,1,1,1,1,1,1,0,1,1,1,1,1,0,0,0,1,1,1,0,0,0,1,1,0,0,0.0
Rynchops niger,talha-mar,NE,LC,0,0.004743589743589744,1,1,1,1,1,1,1,1,1,1,1,1,0,1,0,1,1,1,0,1,0,0,1,1,0,0.0
Coragyps atratus,"urubu, urubu-de-cabeça-preta",NE,LC,0,0.004743589743589744,1,1,1,1,1,1,1,1,1,1,1,1,0,0,0,1,1,1,0,1,1,0,0,0,0,0.0
Nyctidromus albicollis,bacurau,NE,LC,0,0.004743589743589744,1,1,1,1,1,1,0,1,1,1,1,1,0,0,0,1,1,1,0,0,0,1,1,0,0,0.0
Rhea americana,ema,NE,LC,0,0.004743589743589744,1,1,1,1,1,1,0,1,1,1,1,1,0,0,0,1,1,1,0,0,0,1,0,0,0,0.0
Megascops choliba,corujinha-do-mato,NE,LC,0,0.004651162790697674,1,1,1,1,1,1,0,1,1,1,1,1,0,0,0,1,1,0,1,1,1,0,0,0,0,0.0
Coscoroba coscoroba,capororoca,NE,LC,0,0.004651162790697674,1,1,1,0,1,1,0,1,0,1,1,1,0,1,0,1,1,0,0,0,0,0,0,0,0,0.0
Nystalus striatipectus,rapazinho-do-chaco,NE,LC,0,0.004545454545454545,0,1,1,0,0,1,0,0,0,0,0,1,0,0,0,0,0,0,0,0,0,0,0,0,0,0.0
Odontophorus gujanensis,Uru-Corcovado,NE,LC,0,0.004422442244224422,1,0,1,0,0,0,0,1,1,0,0,1,0,0,1,1,0,1,0,1,0,0,0,0,0,0.0
Willisornis vidua,rendadinho-do-xingu,NE,LC,0,0.004422442244224422,1,0,1,0,0,0,0,1,1,0,0,1,0,0,1,1,0,1,0,1,0,1,0,0,0,0.0
Terenotriccus erythrurus,papa-moscas-uirapuru,NE,LC,0,0.0038095238095238095,1,0,1,0,0,1,0,1,1,0,0,1,0,0,0,0,0,1,0,1,0,0,0,0,0,0.0
Chordeiles rupestris,bacurau-da-praia,NE,LC,0,0.0038095238095238095,1,0,1,0,0,1,0,1,0,0,0,1,0,0,0,1,0,1,0,1,0,0,0,0,0,0.0
Aramides cajaneus,saracura-três-potes,NE,LC,0,0.0034632034632034628,1,1,1,1,1,1,0,1,1,1,1,1,0,0,0,1,0,0,0,1,0,0,0,0,0,0.0
Columbina talpacoti,"rolinha, rolinha-barreirinha, rolinha-caldo-de-feijão, rolinha-roxa",NE,LC,0,0.0034632034632034628,1,1,1,1,1,1,1,1,1,1,1,1,0,0,0,1,0,0,0,1,0,0,0,0,0,0.0
Chroicocephalus cirrocephalus,gaivota-de-cabeça-cinza,NE,LC,0,0.0034632034632034628,1,1,1,1,1,0,1,1,1,1,1,1,0,0,0,1,0,0,0,1,0,0,0,0,0,0.0
Amazonetta brasiliensis,"ananaí, marreca, marreca-ananaí, marreca-assobiadeira, marreca-de-pé-encarnado, marreca-de-pés-encarnados, marreca-dos-pés-encarnados, marreca-espelho, marreca-pé-vermelho, marreca-piripó, patarrona, paturi, pé, pé-vermelho, sinhá",NE,LC,0,0.0034632034632034628,1,1,1,1,1,1,0,1,1,1,1,1,0,0,0,1,0,0,0,1,0,0,0,0,0,0.0
Turdus albicollis,sabiá-coleira,NE,LC,0,0.0034632034632034628,1,1,1,1,1,0,0,1,1,1,1,1,0,0,0,1,0,0,0,1,0,0,0,0,0,0.0
Tyto furcata,"coruja-da-igreja, suindara",NE,LC,0,0.0034632034632034628,1,1,1,1,1,1,0,1,1,1,1,1,0,0,0,1,0,0,0,1,1,0,0,0,0,0.0
Sporophila angolensis,curió,NE,LC,0,0.0034632034632034628,1,1,1,1,1,1,0,1,1,1,1,1,0,0,0,1,0,0,0,1,0,0,0,0,0,0.0
Rupornis magnirostris,gavião-carijó,NE,LC,0,0.0034632034632034628,1,1,1,1,1,1,0,1,1,1,1,1,0,0,0,1,0,0,0,1,1,0,0,0,0,0.0
Saltator similis,"trica-ferro, trinca-ferro-verdadeiro",NE,LC,0,0.0034632034632034628,1,1,1,1,1,1,1,1,1,1,1,1,0,0,0,1,0,0,0,1,0,0,0,0,0,0.0
Chrysomus ruficapillus,garibaldi,NE,LC,0,0.0034632034632034628,1,1,1,1,1,1,1,1,1,1,1,1,0,0,0,1,0,0,0,1,0,0,0,0,0,0.0
Piaya cayana,alma-de-gato,NE,LC,0,0.0034632034632034628,1,1,1,1,1,1,0,1,1,1,1,1,0,0,0,1,0,0,0,1,0,0,0,0,0,0.0
Crypturellus parvirostris,inambu-chororó,NE,LC,0,0.0034632034632034628,1,1,1,1,1,1,1,1,1,1,1,1,0,0,0,1,0,0,0,1,0,0,0,0,0,0.0
Patagioenas cayennensis,pomba-galega,NE,LC,0,0.0034632034632034628,1,1,1,1,1,1,0,1,1,1,1,1,0,0,0,1,0,0,0,1,0,0,0,0,0,0.0
Patagioenas picazuro,asa-branca,NE,LC,0,0.0034632034632034628,1,1,1,1,1,1,0,1,1,1,1,1,0,0,0,1,0,0,0,1,1,0,0,0,0,0.0
Pardirallus maculatus,saracura-carijó,NE,LC,0,0.0034632034632034628,1,1,1,1,1,1,0,1,1,1,1,1,0,0,0,1,0,0,0,1,0,0,0,0,0,0.0
Estrilda astrild,bico-de-lacre,NE,,0,0.0034632034632034628,1,1,1,1,1,0,0,1,1,1,1,1,0,0,0,1,0,0,0,1,0,0,0,0,0,0.0
Crypturellus tataupa,inambu-chintã,NE,LC,0,0.0034632034632034628,1,1,1,1,1,1,1,1,1,1,1,1,0,0,0,1,0,0,0,1,0,0,0,0,0,0.0
Dacnis cayana,saí-azul,NE,LC,0,0.0034632034632034628,1,1,1,1,1,1,1,1,1,1,1,1,0,0,0,1,0,0,0,1,0,0,0,0,0,0.0
Brotogeris chiriri,periquito-de-encontro-amarelo,NE,LC,0,0.0034632034632034628,1,1,1,1,1,1,1,1,1,1,1,1,0,0,0,1,0,0,0,1,0,0,0,0,0,0.0
Dendrocygna autumnalis,marreca-cabocla,NE,LC,0,0.0034632034632034628,1,1,1,1,1,1,1,1,1,1,1,1,0,0,0,1,0,0,0,1,1,0,0,0,0,0.0
Mycteria americana,cabeça-seca,NE,LC,0,0.0034632034632034628,1,1,1,1,1,1,0,1,1,1,1,1,0,0,0,1,0,0,0,1,0,0,0,0,0,0.0
Nannopterum brasilianum,biguá,NE,LC,0,0.0034632034632034628,1,1,1,1,1,1,0,1,1,1,1,1,0,0,0,1,0,0,0,1,1,0,0,0,0,0.0
Cariama cristata,seriema,NE,LC,0,0.0034632034632034628,1,1,1,1,1,1,1,1,1,1,1,1,0,0,0,1,0,0,0,1,0,0,0,0,0,0.0
Melanerpes candidus,pica-pau-branco,NE,LC,0,0.0034632034632034628,1,1,1,1,1,1,0,1,1,1,1,1,0,0,0,1,0,0,0,1,1,0,0,0,0,0.0
Leptotila verreauxi,juriti-pupu,NE,LC,0,0.0034632034632034628,1,1,1,1,1,1,0,1,1,1,1,1,0,0,0,1,0,0,0,1,0,0,0,0,0,0.0
Ibycter americanus,"Cancão, gralhão",NE,NT,0,0.0034632034632034628,1,0,1,0,0,0,0,1,1,0,0,1,0,0,0,1,0,0,0,1,0,1,0,0,0,0.0
Leptotila rufaxilla,juriti-de-testa-branca,NE,LC,0,0.0034632034632034628,1,1,1,1,1,1,0,1,1,1,1,1,0,0,0,1,0,0,0,1,0,0,0,0,0,0.0
Jabiru mycteria,tuiuiú,NE,LC,0,0.0034632034632034628,1,1,1,1,1,1,1,1,1,1,1,1,0,0,0,1,0,0,0,1,0,0,0,0,0,0.0
Leucophaeus pipixcan,gaivota-de-franklin,NE,,0,0.003444444444444445,1,1,0,0,1,1,1,1,1,1,1,1,0,0,0,0,1,1,0,0,0,1,0,1,0,0.0
Pachyptila desolata,faigão-rola,NE,LC,0,0.003444444444444445,1,1,0,0,1,0,1,1,1,1,1,0,0,1,0,1,0,1,0,0,0,0,1,0,0,0.0
Sporophila ruficollis,caboclinho-de-papo-escuro,VU,NT,0,0.003444444444444445,1,1,1,0,1,1,0,1,1,1,1,1,0,1,0,1,1,1,0,0,0,1,0,1,0,1.0
Chaetura cinereiventris,andorinhão-de-sobre-cinzento,NE,LC,0,0.003444444444444445,1,1,1,0,1,0,0,1,1,1,1,1,0,0,0,0,0,1,0,0,0,0,0,1,0,0.0
Alopochelidon fucata,andorinha-morena,NE,LC,0,0.003444444444444445,1,1,1,0,1,1,0,1,1,1,1,1,0,0,0,1,1,1,0,0,0,0,1,0,0,0.0
Numenius phaeopus,maçarico-galego,NE,,0,0.0033879781420765027,1,1,0,0,1,0,0,0,1,1,1,0,0,1,0,0,0,0,0,0,0,0,0,0,0,0.0
Chroicocephalus maculipennis,gaivota-maria-velha,NE,LC,0,0.0033879781420765027,1,1,1,0,1,0,1,0,1,1,1,1,0,0,0,0,0,0,0,0,0,0,0,0,0,0.0
Chionis albus,pomba-antártica,NE,,0,0.0033879781420765027,0,1,0,0,1,0,1,0,1,0,1,0,0,1,0,0,0,0,0,0,0,0,0,0,0,0.0
Cygnus melancoryphus,cisne-de-pescoço-preto,NE,LC,0,0.0023157894736842107,0,1,0,0,1,0,0,0,0,1,1,0,0,0,0,0,0,0,0,0,0,0,0,0,0,0.0
Elaenia obscura,tucão,NE,LC,0,0.0023157894736842107,0,1,1,1,1,0,0,0,1,1,1,1,0,0,0,0,0,0,0,0,0,0,0,0,0,0.0
Agelasticus thilius,sargento,NE,LC,0,0.0023157894736842107,0,1,0,0,1,0,0,0,0,1,1,0,0,0,0,0,0,0,0,0,0,0,0,0,0,0.0
Hydropsalis forcipata,bacurau-tesourão,NE,LC,0,0.0023157894736842107,0,1,0,0,1,0,0,0,0,1,1,0,0,0,0,0,0,0,0,0,0,0,0,0,0,0.0
Euphonia pectoralis,ferro-velho,NE,LC,0,0.0023157894736842107,0,1,1,1,1,0,0,0,1,1,1,1,0,0,0,0,0,0,0,0,0,0,0,0,0,0.0
Nengetus coronatus,noivinha-coroada,NE,LC,0,0.0023157894736842107,0,1,0,0,1,0,0,0,0,1,1,0,0,1,0,0,0,0,0,0,0,0,0,0,0,0.0
Podicephorus major,mergulhão-grande,NE,LC,0,0.0023157894736842107,0,1,0,0,1,0,0,0,0,1,1,0,0,0,0,0,0,0,0,0,0,0,0,0,0,0.0
Cranioleuca obsoleta,arredio-oliváceo,NE,LC,0,0.0023157894736842107,0,1,0,0,1,0,0,0,0,1,1,1,0,0,0,0,0,0,0,0,0,0,0,0,0,0.0
Porphyriops melanops,galinha-d'água-carijó,NE,LC,0,0.0023157894736842107,0,1,1,1,1,0,0,0,1,1,1,1,0,0,0,0,0,0,0,0,0,0,0,0,0,0.0
Pyroderus scutatus,pavó,NE,LC,0,0.0023157894736842107,0,1,1,1,1,0,0,0,1,1,1,1,0,0,0,0,0,0,0,0,0,0,0,0,0,0.0
Saltator maxillosus,bico-grosso,NE,LC,0,0.0023157894736842107,0,1,0,0,1,0,0,0,0,1,1,0,0,0,0,0,0,0,0,0,0,0,0,0,0,0.0
Aptenodytes patagonicus,pinguim-rei,NE,,0,0.0023157894736842107,0,1,0,0,1,0,0,0,0,1,1,0,0,0,0,0,0,0,0,0,0,0,0,0,0,0.0
Cinclodes fuscus,pedreiro-dos-andes,NE,LC,0,0.0023157894736842107,0,1,0,0,1,0,0,0,0,1,1,0,0,1,0,0,0,0,0,0,0,0,0,0,0,0.0
Stephanoxis loddigesii,beija-flor-de-topete-azul,NE,LC,0,0.0023157894736842107,0,1,0,0,1,0,0,0,0,1,1,0,0,0,0,0,0,0,0,0,0,0,0,0,0,0.0
Florisuga fusca,beija-flor-preto,NE,LC,0,0.0023157894736842107,0,1,1,1,1,0,1,1,1,1,1,1,0,1,0,0,0,0,0,0,0,0,0,0,0,0.0
Tachuris rubrigastra,papa-piri,NE,LC,0,0.0023157894736842107,0,1,0,0,1,0,0,0,0,1,1,0,0,0,0,0,0,0,0,0,0,0,0,0,0,0.0
Thalurania glaucopis,beija-flor-de-fronte-violeta,NE,LC,0,0.0023157894736842107,0,1,1,1,1,0,0,0,1,1,1,1,0,0,0,0,0,0,0,0,0,0,0,0,0,0.0
Charadrius falklandicus,batuíra-de-coleira-dupla,NE,LC,0,0.0023157894736842107,0,1,0,0,1,0,0,0,0,1,1,0,0,1,0,0,0,0,0,0,0,0,0,0,0,0.0
Fulica rufifrons,carqueja-de-escudo-vermelho,NE,LC,0,0.0023157894736842107,0,1,0,0,1,0,0,0,0,1,1,0,0,0,0,0,0,0,0,0,0,0,0,0,0,0.0
Thinocorus rumicivorus,agachadeira-mirim,NE,,0,0.0023157894736842107,0,1,0,0,1,0,0,0,0,1,1,0,0,0,0,0,0,0,0,0,0,0,0,0,0,0.0
Fulica armillata,carqueja-de-bico-manchado,NE,LC,0,0.0023157894736842107,0,1,0,0,1,0,1,0,0,1,1,0,0,0,0,0,0,0,0,0,0,0,0,0,0,0.0
Cercomacroides serva,chororó-preto,NE,LC,0,0.0,1,0,0,0,0,0,0,1,0,0,0,0,0,0,0,0,0,0,0,0,0,0,0,0,0,0.0
Cercomacroides nigrescens,chororó-negro,NE,LC,0,0.0,1,0,1,0,0,0,0,1,0,0,0,1,0,0,0,0,0,0,0,0,0,0,0,0,0,0.0
Cercomacroides laeta,chororó-didi,NE,LC,0,0.0,1,1,0,1,0,0,0,1,1,0,0,0,0,0,0,0,0,0,0,0,0,0,0,0,0,0.0
Cercomacroides fuscicauda,chororó-negro-do-acre,NE,LC,0,0.0,1,0,0,0,0,0,0,1,0,0,0,0,0,0,0,0,0,0,0,0,0,0,0,0,0,0.0
Cercomacra ferdinandi,"cachorrinho, chororó-de-goiás, chororó-do-araguaia, chororó-do-tocantins",NE,NT,0,0.0,1,0,1,0,0,0,0,1,1,0,0,1,1,0,1,1,0,1,0,0,0,0,0,0,0,0.0
Zimmerius acer,poiaeiro-da-guiana,NE,LC,0,0.0,1,1,1,1,0,0,0,1,1,0,0,1,0,0,0,0,0,0,0,0,0,0,0,0,0,0.0
Xolmis velatus,noivinha-branca,NE,LC,0,0.0,1,1,1,1,0,1,0,1,1,1,1,1,0,0,0,0,0,0,0,0,0,0,0,0,0,0.0
Xiphorhynchus spixii,arapaçu-de-spix,NE,LC,0,0.0,1,0,1,0,0,0,0,1,1,0,0,1,0,0,0,0,0,0,0,0,0,0,0,0,0,0.0
Knipolegus poecilurus,maria-preta-de-cauda-ruiva,NE,LC,0,0.0,1,0,0,0,0,0,0,1,0,0,0,0,0,0,0,0,0,0,0,0,0,0,0,0,0,0.0
Knipolegus poecilocercus,"maria-preta-do-igapó, pretinho-do-igapó",NE,LC,0,0.0,1,0,1,0,0,0,0,1,0,0,0,1,0,0,0,0,0,0,0,0,0,0,0,0,0,0.0
Knipolegus orenocensis,maria-preta-ribeirinha,NE,LC,0,0.0,1,0,1,0,0,0,0,1,0,0,0,1,0,0,0,1,0,1,0,0,0,0,0,0,0,0.0
Knipolegus lophotes,maria-preta-de-penacho,NE,LC,0,0.0,0,1,1,1,1,1,0,1,1,1,1,1,0,0,0,0,0,0,0,0,0,0,0,0,0,0.0
Knipolegus hudsoni,maria-preta-do-sul,NE,,0,0.0,1,0,1,0,0,1,0,0,0,0,0,1,0,0,0,0,0,0,0,0,0,0,0,0,0,0.0
Knipolegus cyanirostris,maria-preta-de-bico-azulado,NE,LC,0,0.0,0,1,1,0,1,1,0,0,0,1,1,1,0,0,0,0,0,0,0,0,0,0,0,0,0,0.0
Knipolegus aterrimus,maria-preta-bate-rabo,NE,,0,0.0,1,0,1,0,1,0,0,1,0,0,1,1,0,0,0,0,0,0,0,0,0,0,0,0,0,0.0
Jacana jacana,jaçanã,NE,LC,0,0.0,1,1,1,1,1,1,0,1,1,1,1,1,0,0,0,0,1,1,0,0,0,1,0,1,0,0.0
Jacamerops aureus,Jacamaraçu,NE,LC,0,0.0,1,0,0,0,0,0,0,1,1,0,0,1,0,0,0,0,0,0,0,0,0,0,0,0,0,0.0
Ixothraupis xanthogastra,saíra-de-barriga-amarela,NE,LC,0,0.0,1,0,0,0,0,0,0,1,0,0,0,0,0,0,0,0,0,0,0,0,0,0,0,0,0,0.0
Ixothraupis varia,saíra-carijó,NE,LC,0,0.0,1,0,0,0,0,0,0,1,0,0,0,0,0,0,0,0,0,0,0,0,0,0,0,0,0,0.0
Ixothraupis punctata,Saíra-negaça,NE,LC,0,0.0,1,0,0,0,0,0,0,1,1,0,0,1,0,0,0,0,0,0,0,0,0,0,0,0,0,0.0
Ixothraupis guttata,saíra-pintada,NE,LC,0,0.0,1,0,0,0,0,0,0,1,0,0,0,0,0,0,0,1,0,0,0,0,0,0,0,0,1,0.0
Ixobrychus involucris,socoí-amarelo,NE,LC,0,0.0,1,1,1,1,1,1,0,0,1,1,1,1,0,0,0,0,0,0,0,0,0,0,0,0,0,0.0
Ixobrychus exilis,socoí-vermelho,NE,LC,0,0.0,1,1,1,1,1,1,0,1,1,1,1,1,0,0,0,0,0,0,0,0,0,0,0,0,0,0.0
Isleria hauxwelli,Choquinha-De-Garganta-Clara,NE,LC,0,0.0,1,0,1,0,0,0,0,1,1,0,0,1,0,0,0,0,0,0,0,0,0,0,0,0,0,0.0
Larus delawarensis,gaivota-de-bico-manchado,NE,,0,0.0,1,0,0,0,0,0,0,1,0,0,0,0,0,0,0,0,0,0,0,0,0,0,0,0,0,0.0
Lanio versicolor,pipira-de-asa-branca,NE,LC,0,0.0,1,0,1,0,0,0,0,1,0,0,0,1,0,0,0,0,0,0,0,0,0,0,0,0,0,0.0
Lanio fulvus,pipira-parda,NE,LC,0,0.0,1,0,0,0,0,0,0,1,0,0,0,0,0,0,0,0,0,0,0,0,0,0,0,0,0,0.0
Lamprospiza melanoleuca,Pipira-De-Bico-Vermelho,NE,LC,0,0.0,1,0,0,0,0,1,0,1,1,0,0,1,0,0,0,0,0,0,0,0,0,0,0,0,0,0.0
Lampropsar tanagrinus,iraúna-velada,NE,LC,0,0.0,1,0,0,0,0,0,0,1,0,0,0,1,0,0,0,1,1,1,0,0,0,0,0,0,0,0.0
Epinecrophylla leucophthalma,choquinha-de-olho-branco,NE,LC,0,0.0,1,0,1,0,0,0,0,1,0,0,0,1,0,0,0,0,0,0,0,0,0,0,0,0,0,0.0
Epinecrophylla haematonota,choquinha-de-garganta-carijó,NE,LC,0,0.0,1,0,0,0,0,0,0,1,0,0,0,0,0,0,0,1,1,1,0,0,0,0,0,0,0,0.0
Epinecrophylla gutturalis,choquinha-de-barriga-parda,NE,LC,0,0.0,1,0,0,0,0,0,0,1,0,0,0,0,0,0,0,0,0,0,0,0,0,0,0,0,0,0.0
Epinecrophylla erythrura,choquinha-de-cauda-ruiva,NE,LC,0,0.0,1,0,0,0,0,0,0,1,0,0,0,0,0,0,0,0,0,0,0,0,0,0,0,0,0,0.0
Epinecrophylla amazonica,choquinha-do-madeira,NE,LC,0,0.0,1,0,0,0,0,0,0,1,0,0,0,0,0,0,0,0,0,0,0,0,0,0,0,0,0,0.0
Empidonomus varius,peitica,NE,LC,0,0.0,1,1,1,1,1,1,0,1,1,1,1,1,0,1,0,0,0,0,0,0,0,0,0,0,0,0.0
Empidonax alnorum,papa-moscas-de-alder,NE,LC,0,0.0,1,0,0,0,0,1,0,1,0,0,0,1,0,1,0,0,0,0,0,0,0,0,0,0,0,0.0
Emberizoides herbicola,canário-do-campo,NE,LC,0,0.0,1,1,1,1,1,1,0,1,1,1,1,1,0,0,0,0,0,0,0,0,0,0,0,0,0,0.0
Elliotomyia chionogaster,beija-flor-verde-e-branco,NE,,0,0.0,1,0,1,0,0,0,0,1,0,0,0,1,0,0,0,0,0,0,0,0,0,0,0,0,0,0.0
Electron platyrhynchum,udu-de-bico-largo,NE,LC,0,0.0,1,0,1,0,0,0,0,1,0,0,0,1,0,0,0,1,0,1,0,1,0,1,0,0,0,0.0
Elanus leucurus,gavião-peneira,NE,LC,0,0.0,1,1,1,1,1,1,0,1,1,1,1,1,0,0,0,0,0,0,0,0,0,0,0,0,0,0.0
Cacicus latirostris,japu-de-rabo-verde,NE,LC,0,0.0,1,0,0,0,0,0,0,1,0,0,0,0,0,0,0,0,0,0,0,0,0,0,0,0,0,0.0
Cacicus haemorrhous,guaxe,NE,LC,0,0.0,1,1,1,1,1,1,0,1,1,1,1,1,0,0,0,0,0,0,0,0,0,0,0,0,0,0.0
Cacicus chrysopterus,"japuíra, tecelão",NE,LC,0,0.0,0,1,1,0,1,1,0,0,0,1,1,1,0,0,0,0,0,0,0,0,0,0,0,0,0,0.0
Lepidocolaptes angustirostris,arapaçu-do-cerrado,NE,LC,0,0.0,1,1,1,1,1,1,0,1,1,1,1,1,0,0,0,0,0,0,0,0,0,0,0,0,0,0.0
Lepidocolaptes albolineatus,arapaçu-de-listras-brancas,NE,LC,0,0.0,1,0,0,0,0,0,0,1,0,0,0,0,0,0,0,1,1,1,0,1,0,0,0,0,0,0.0
Leistes superciliaris,polícia-inglesa-do-sul,NE,LC,0,0.0,1,1,1,1,1,1,0,1,1,1,1,1,0,0,0,0,0,0,0,0,0,0,0,0,0,0.0
Leistes militaris,Polícia-inglesa-do-norte,NE,LC,0,0.0,1,0,1,1,0,0,0,1,1,0,0,1,0,0,0,0,0,0,0,0,0,0,0,0,0,0.0
Leiothlypis peregrina,mariquita-do-tenessi,NE,,0,0.0,1,0,0,0,0,0,0,1,0,0,0,0,0,1,0,0,0,0,0,0,0,0,0,0,0,0.0
Legatus leucophaius,bem-te-vi-pirata,NE,LC,0,0.0,1,1,1,1,1,1,0,1,1,1,1,1,0,1,0,0,0,0,0,0,0,0,0,0,0,0.0
Lathrotriccus euleri,enferrujado,NE,LC,0,0.0,1,1,1,1,1,1,1,1,1,1,1,1,0,1,0,0,0,0,0,0,0,0,0,0,0,0.0
Laterallus melanophaius,sanã-parda,NE,LC,0,0.0,1,1,1,1,1,1,0,1,1,1,1,1,0,0,0,0,0,0,0,0,0,0,0,0,0,0.0
Laterallus flaviventer,sanã-amarela,NE,LC,0,0.0,1,1,1,1,1,1,0,1,1,1,1,1,0,0,0,0,0,0,0,0,0,0,0,0,0,0.0
Laterallus fasciatus,sanã-zebrada,NE,LC,0,0.0,1,0,0,0,0,0,0,1,0,0,0,0,0,0,0,0,0,0,0,0,0,0,0,0,0,0.0
Laterallus exilis,sanã-do-capim,NE,LC,0,0.0,1,1,1,1,1,1,0,1,1,1,1,1,0,0,0,0,0,0,0,0,0,0,0,0,0,0.0
Larus fuscus,gaivota-da-asa-escura,NE,,0,0.0,1,0,0,0,0,0,0,1,1,0,0,0,0,0,0,0,0,0,0,0,0,0,0,0,0,0.0
Larus dominicanus,gaivotão,NE,LC,0,0.0,1,1,1,1,1,0,1,1,1,1,1,0,0,0,0,0,0,0,0,0,0,0,0,0,0,0.0
Lessonia rufa,colegial,NE,LC,0,0.0,1,1,0,0,1,0,0,1,0,1,1,0,0,1,0,0,0,0,0,0,0,0,0,0,0,0.0
Leptopogon amaurocephalus,cabeçudo,NE,LC,0,0.0,1,1,1,1,1,1,0,1,1,1,1,1,0,0,0,0,0,0,0,0,0,0,0,0,0,0.0
Leptodon cayanensis,"gavião-de-cabeça-cinza, gavião-gato",NE,LC,0,0.0,1,1,1,1,1,1,0,1,1,1,1,1,0,0,0,0,0,0,0,0,0,0,0,0,0,0.0
Lepidothrix suavissima,dançador-do-tepui,NE,LC,0,0.0,1,0,0,0,0,0,0,1,0,0,0,0,0,0,0,0,0,0,0,0,0,0,0,0,0,0.0
Lepidothrix serena,uirapuru-estrela,NE,LC,0,0.0,1,0,0,0,0,0,0,1,0,0,0,0,0,0,0,0,0,0,0,0,0,0,0,0,0,0.0
Lepidothrix nattereri,Uirapuru-De-Chapéu-Branco,NE,LC,0,0.0,1,0,1,0,0,0,0,1,0,0,0,1,0,0,0,0,0,0,0,0,0,0,0,0,0,0.0
Lepidothrix coronata,uirapuru-de-chapéu-azul,NE,LC,0,0.0,1,0,0,0,0,0,0,1,0,0,0,0,0,0,0,0,0,0,0,0,0,0,0,0,0,0.0
Lepidocolaptes layardi,Arapaçu-De-Listras-Brancas-Do-Leste,NE,LC,0,0.0,1,0,1,0,0,0,0,1,1,0,0,1,1,0,0,0,0,0,0,0,0,0,0,0,0,0.0
Lepidocolaptes fuscicapillus,"arapaçu-de-rondônia, Rondonia Woodcreeper",NE,LC,0,0.0,1,0,1,0,0,0,0,1,0,0,0,1,0,0,0,0,0,0,0,0,0,0,0,0,0,0.0
Lepidocolaptes fatimalimae,arapaçu-do-inambari,NE,LC,0,0.0,1,0,0,0,0,0,0,1,0,0,0,0,0,0,0,0,0,0,0,0,0,0,0,0,0,0.0
Lepidocolaptes duidae,arapaçu-do-duida,NE,LC,0,0.0,1,0,0,0,0,0,0,1,0,0,0,0,0,0,0,1,0,1,0,1,0,1,0,0,0,0.0
Calidris canutus,maçarico-de-papo-vermelho,VU,LC,0,0.0,1,1,1,1,1,1,0,1,1,1,1,1,0,1,0,1,1,1,1,0,1,0,1,0,0,1.0
Calidris bairdii,maçarico-de-bico-fino,NE,,0,0.0,1,1,1,0,1,1,0,1,0,1,1,1,0,1,0,0,0,0,0,0,0,0,0,0,0,0.0
Calidris alba,maçarico-branco,NE,LC,0,0.0,1,1,1,1,1,1,1,1,1,1,1,1,0,1,0,1,1,1,1,1,0,0,0,1,0,0.0
Cacicus solitarius,iraúna-de-bico-branco,NE,LC,0,0.0,1,1,1,1,1,1,0,1,1,1,1,1,0,0,0,0,0,0,0,0,0,0,0,0,0,0.0
Cacicus oseryi,japu-de-capacete,NE,DD,0,0.0,1,0,0,0,0,0,0,1,0,0,0,0,0,0,0,1,1,1,0,1,0,0,0,0,0,0.0
Hypocnemoides melanopogon,solta-asa-do-norte,NE,LC,0,0.0,1,0,0,0,0,0,0,1,0,0,0,1,0,0,0,0,0,0,0,0,0,0,0,0,0,0.0
Hypocnemoides maculicauda,solta-asa,NE,LC,0,0.0,1,0,1,0,0,1,0,1,1,0,0,1,0,0,0,0,0,0,0,0,0,0,0,0,0,0.0
Lophornis ornatus,beija-flor-de-leque-canela,NE,LC,0,0.0,1,0,0,0,0,0,1,1,0,0,0,0,0,0,0,0,0,0,0,0,0,0,0,0,0,0.0
Lophornis magnificus,topetinho-vermelho,NE,LC,0,0.0,1,1,1,1,0,1,0,1,1,1,1,1,1,0,0,0,0,0,0,0,0,0,0,0,0,0.0
Lophornis gouldii,topetinho-do-brasil-central,VU,VU,0,0.0,1,0,1,0,0,0,1,1,1,0,0,1,0,0,1,1,0,1,0,1,0,0,0,0,1,1.0
Lophornis delattrei,topetinho-ruivo,NE,,0,0.0,1,0,0,0,0,0,0,1,0,0,0,0,0,0,0,0,0,0,0,0,0,0,0,0,0,0.0
Lophornis chalybeus,topetinho-verde,NE,LC,0,0.0,1,1,1,0,0,0,0,1,0,1,1,1,0,0,0,0,0,0,0,0,0,0,0,0,0,0.0
Lochmias nematura,joão-porca,NE,LC,0,0.0,1,1,1,1,1,1,1,1,1,1,1,1,0,0,0,0,0,0,0,0,0,0,0,0,0,0.0
Lipaugus vociferans,cricrió,NE,LC,0,0.0,1,1,1,0,0,1,0,1,1,1,0,1,0,0,0,0,0,0,0,0,0,0,0,0,0,0.0
Lipaugus streptophorus,cricrió-de-cinta-vermelha,NE,LC,0,0.0,1,0,0,0,0,0,0,1,0,0,0,0,0,0,0,0,0,0,0,0,0,0,0,0,0,0.0
Liosceles thoracicus,corneteiro-da-mata,NE,LC,0,0.0,1,0,0,0,0,0,0,1,0,0,0,1,0,0,0,0,0,0,0,0,0,0,0,0,0,0.0
Limosa haemastica,maçarico-de-bico-virado,NE,LC,0,0.0,1,1,0,0,1,1,1,1,1,1,1,1,0,1,0,1,0,0,0,0,0,0,0,0,1,0.0
Limnornis curvirostris,joão-da-palha,NE,LC,0,0.0,0,1,0,0,1,0,0,0,0,0,1,0,0,0,0,0,0,0,0,0,0,0,0,0,0,0.0
Leucopternis melanops,gavião-de-cara-preta,NE,LC,0,0.0,1,0,0,0,0,0,0,1,0,0,0,1,0,0,1,0,0,0,0,0,0,0,0,0,0,0.0
Leucophaeus atricilla,gaivota-alegre,NE,LC,0,0.0,1,1,1,1,1,0,1,1,1,1,1,1,0,1,0,0,0,1,0,0,0,0,0,1,0,0.0
Caracara plancus,"caracará, carcará",NE,LC,0,0.0,1,1,1,1,1,1,1,1,1,1,1,1,0,0,0,0,0,0,0,0,0,0,0,0,0,0.0
Capsiempis flaveola,marianinha-amarela,NE,LC,0,0.0,1,1,1,1,1,1,0,1,1,1,1,1,0,0,0,0,0,0,0,0,0,0,0,0,0,0.0
Lophornis pavoninus,topetinho-pavão,NE,LC,0,0.0,1,0,0,0,0,0,0,1,0,0,0,0,0,0,0,0,0,0,0,0,0,0,0,0,0,0.0
Isleria guttata,choquinha-de-barriga-ruiva,NE,LC,0,0.0,1,0,0,0,0,0,0,1,0,0,0,0,0,0,0,0,0,0,0,0,0,0,0,0,0,0.0
Iodopleura isabellae,anambé-de-coroa,NE,LC,0,0.0,1,0,1,0,0,0,0,1,1,0,0,1,0,0,1,0,0,0,0,0,0,0,0,0,0,0.0
Iodopleura fusca,anambé-fusco,NE,LC,0,0.0,1,0,0,0,0,0,0,1,0,0,0,0,0,0,0,0,0,0,0,0,0,0,0,0,0,0.0
Inezia subflava,amarelinho,NE,LC,0,0.0,1,0,1,0,0,0,0,1,0,0,0,1,0,0,0,0,0,0,0,0,0,0,0,0,0,0.0
Inezia inornata,alegrinho-do-chaco,NE,LC,0,0.0,1,1,1,0,0,1,0,1,0,0,0,1,0,1,0,0,0,0,0,0,0,0,0,0,0,0.0
Inezia caudata,amarelinho-da-amazônia,NE,LC,0,0.0,1,0,0,0,0,0,0,1,0,0,0,0,0,0,0,1,1,1,0,0,0,1,0,0,0,0.0
Ictinia plumbea,sovi,NE,LC,0,0.0,1,1,1,1,1,1,0,1,1,1,1,1,0,1,0,0,0,0,0,0,0,0,0,0,0,0.0
Ictinia mississippiensis,"gavião-de-mississipi, sovi-do-norte",NE,LC,0,0.0,1,1,1,0,1,1,0,1,0,0,1,1,0,1,0,0,0,0,0,0,0,0,0,0,0,0.0
Icterus pyrrhopterus,encontro,NE,LC,0,0.0,1,1,1,1,1,1,0,1,1,1,1,1,0,0,0,0,0,0,0,0,0,0,0,0,0,0.0
Icterus nigrogularis,joão-pinto-amarelo,NE,LC,0,0.0,1,0,0,0,0,0,0,1,0,0,0,0,0,0,0,0,0,0,0,0,0,0,0,0,0,0.0
Icterus galbula,corrupião-de-baltimore,NE,,0,0.0,1,0,0,0,0,0,0,1,0,0,0,0,0,0,0,0,0,0,0,0,0,0,0,0,0,0.0
Icterus chrysocephalus,rouxinol-do-rio-negro,NE,LC,0,0.0,1,0,0,0,0,0,0,1,0,0,0,0,0,0,0,0,0,0,0,0,0,0,0,0,0,0.0
Icterus cayanensis,inhapim,NE,LC,0,0.0,1,0,1,1,0,1,0,1,1,0,0,1,0,0,0,0,0,0,0,0,0,0,0,0,0,0.0
Loriotus cristatus,tiê-galo,NE,LC,0,0.0,1,1,1,1,0,1,0,1,1,1,1,1,0,0,0,0,0,0,0,0,0,0,0,0,0,0.0
Lophotriccus vitiosus,maria-fiteira,NE,LC,0,0.0,1,0,0,0,0,0,0,1,0,0,0,0,0,0,0,0,0,0,0,0,0,0,0,0,0,0.0
Lophotriccus galeatus,Caga-Sebinho-De-Penacho,NE,LC,0,0.0,1,0,1,0,0,0,0,1,1,0,0,1,0,0,0,0,0,0,0,0,0,0,0,0,0,0.0
Lophotriccus eulophotes,maria-topetuda,NE,LC,0,0.0,1,0,0,0,0,0,0,1,0,0,0,0,0,0,0,1,1,1,1,0,0,0,0,0,0,0.0
Lophostrix cristata,coruja-de-crista,NE,LC,0,0.0,1,0,1,0,0,0,0,1,1,0,0,1,0,0,0,0,0,0,0,0,0,0,0,0,0,0.0
Elanoides forficatus,gavião-tesoura,NE,LC,0,0.0,1,1,1,1,1,1,0,1,1,1,1,1,0,1,0,0,0,0,0,0,0,0,0,0,0,0.0
Elaenia spectabilis,guaracava-grande,NE,LC,0,0.0,1,1,1,1,1,1,0,1,1,1,1,1,0,1,0,0,0,0,0,0,0,0,0,0,0,0.0
Elaenia ruficeps,guaracava-de-topete-vermelho,NE,LC,0,0.0,1,0,0,0,0,0,0,1,0,0,0,0,0,0,0,0,0,0,0,0,0,0,0,0,0,0.0
Elaenia pelzelni,guaracava-do-rio,NE,LC,0,0.0,1,0,0,0,0,0,0,1,0,0,0,0,0,0,0,1,1,1,1,0,0,0,0,0,0,0.0
Elaenia parvirostris,"guaracava-de-bico-curto, tuque-pium",NE,LC,0,0.0,1,1,1,1,1,1,0,1,1,1,1,1,0,1,0,0,0,0,0,0,0,0,0,0,0,0.0
Elaenia olivina,guaracava-serrana,NE,LC,0,0.0,1,0,0,0,0,0,0,1,0,0,0,0,0,0,0,0,0,0,0,0,0,0,0,0,0,0.0
Elaenia mesoleuca,tuque,NE,LC,0,0.0,1,1,1,1,1,1,0,1,1,1,1,1,0,0,0,0,0,0,0,0,0,0,0,0,0,0.0
Elaenia flavogaster,guaracava-de-barriga-amarela,NE,LC,0,0.0,1,1,1,1,1,1,0,1,1,1,1,1,0,0,0,0,0,0,0,0,0,0,0,0,0,0.0
Elaenia dayi,guaracava-dos-tepuis,NE,LC,0,0.0,1,0,0,0,0,0,0,1,0,0,0,0,0,0,0,1,1,1,0,0,1,1,0,0,0,0.0
Carduelis carduelis,pintassilgo-europeu,NE,,0,0.0,0,0,0,0,1,0,0,0,0,0,1,0,0,0,0,0,0,0,0,0,0,0,0,0,0,0.0
Megarynchus pitangua,neinei,NE,LC,0,0.0,1,1,1,1,1,1,0,1,1,1,1,1,0,0,0,0,0,0,0,0,0,0,0,0,0,0.0
Megaceryle torquata,martim-pescador-grande,NE,LC,0,0.0,1,1,1,1,1,1,0,1,1,1,1,1,0,0,0,0,0,0,0,0,0,0,0,0,0,0.0
Mecocerculus leucophrys,alegrinho-de-garganta-branca,NE,LC,0,0.0,1,0,0,0,0,0,0,1,0,0,0,0,0,0,0,0,0,0,0,0,0,0,0,0,0,0.0
Mazaria propinqua,joão-de-barriga-branca,NE,LC,0,0.0,1,0,0,0,0,0,0,1,0,0,0,0,0,0,0,0,0,0,0,0,0,0,0,0,0,0.0
Maschalethraupis surinamus,Tem-Tem-De-Topete-Ferrugíneo,NE,LC,0,0.0,1,0,1,0,0,0,0,1,1,0,0,0,0,0,0,0,0,0,0,0,0,0,0,0,0,0.0
Manacus manacus,rendeira,NE,LC,0,0.0,1,1,1,1,1,0,0,1,1,1,1,1,0,0,0,0,0,0,0,0,0,0,0,0,0,0.0
Malacoptila semicincta,barbudo-de-coleira,NE,LC,0,0.0,1,0,0,0,0,0,0,1,0,0,0,0,0,0,0,0,0,0,0,0,0,0,0,0,0,0.0
Malacoptila rufa,barbudo-de-pescoço-ferrugem,NE,LC,0,0.0,1,0,1,0,0,0,0,1,1,0,0,1,0,0,0,0,0,0,0,0,0,0,0,0,0,0.0
Malacoptila fusca,barbudo-pardo,NE,LC,0,0.0,1,0,0,0,0,0,0,1,0,0,0,0,0,0,0,0,0,0,0,0,0,0,0,0,0,0.0
Macroagelaius imthurni,iraúna-da-guiana,NE,LC,0,0.0,1,0,0,0,0,0,0,1,0,0,0,0,0,0,0,0,0,0,0,0,0,0,0,0,0,0.0
Machetornis rixosa,suiriri-cavaleiro,NE,LC,0,0.0,1,1,1,1,1,1,0,1,1,1,1,1,0,0,0,0,0,0,0,0,0,0,0,0,0,0.0
Machaeropterus striolatus,tangará-riscado,NE,LC,0,0.0,1,0,0,0,0,0,0,1,0,0,0,0,0,0,0,0,0,0,0,0,0,0,0,0,0,0.0
Machaeropterus pyrocephalus,uirapuru-cigarra,NE,LC,0,0.0,1,0,1,0,0,1,0,1,0,0,0,1,0,0,0,0,0,0,0,0,0,0,0,0,0,0.0
Lurocalis semitorquatus,tuju,NE,LC,0,0.0,1,1,1,1,1,1,0,1,1,1,1,1,0,1,0,0,0,0,0,0,0,0,0,0,0,0.0
Loriotus rufiventer,tem-tem-de-crista-amarela,NE,LC,0,0.0,1,0,0,0,0,0,0,1,0,0,0,0,0,0,0,0,0,0,0,0,0,0,0,0,0,0.0
Loriotus luctuosus,Tem-Tem-De-Dragona-Branca,NE,LC,0,0.0,1,0,1,0,0,1,0,1,1,0,0,1,0,0,0,0,0,0,0,0,0,0,0,0,0,0.0
Cantorchilus griseus,garrincha-cinza,NE,LC,0,0.0,1,0,0,0,0,0,0,1,0,0,0,0,1,0,0,0,0,0,0,0,0,0,0,0,0,0.0
Elaenia chiriquensis,chibum,NE,LC,0,0.0,1,1,1,1,0,1,0,1,1,1,1,1,0,1,0,0,0,0,0,0,0,0,0,0,0,0.0
Elaenia chilensis,guaracava-de-crista-branca,NE,LC,0,0.0,1,1,1,1,1,1,0,1,1,1,1,1,0,1,0,0,0,0,0,0,0,0,0,0,0,0.0
Egretta tricolor,garça-tricolor,NE,LC,0,0.0,1,1,1,1,0,0,0,1,1,0,0,0,0,0,0,0,0,0,0,0,0,0,0,0,0,0.0
Egretta thula,garça-branca-pequena,NE,LC,0,0.0,1,1,1,1,1,1,0,1,1,1,1,1,0,0,0,0,0,0,0,0,0,0,0,0,0,0.0
Egretta caerulea,garça-azul,NE,LC,0,0.0,1,1,1,1,1,1,0,1,1,1,1,1,0,0,0,0,0,0,0,0,0,0,0,0,0,0.0
Micrastur gilvicollis,falcão-mateiro,NE,LC,0,0.0,1,0,0,0,0,0,0,1,0,0,0,0,0,0,0,0,0,0,0,0,0,0,0,0,0,0.0
Micrastur buckleyi,falcão-de-buckley,NE,LC,0,0.0,1,0,0,0,0,0,0,1,0,0,0,0,0,0,1,0,0,0,0,0,0,0,0,0,0,0.0
Metopothrix aurantiaca,joão-folheiro,NE,LC,0,0.0,1,0,0,0,0,0,0,1,0,0,0,0,0,0,0,0,0,0,0,0,0,0,0,0,0,0.0
Melanerpes cruentatus,benedito-de-testa-vermelha,NE,LC,0,0.0,1,0,1,0,0,0,0,1,1,0,0,1,0,0,0,0,0,0,0,0,0,0,0,0,0,0.0
Melanerpes cactorum,pica-pau-de-testa-branca,NE,LC,0,0.0,0,0,1,0,1,1,0,0,0,0,1,1,0,0,0,0,0,0,0,0,0,0,0,0,0,0.0
Megastictus margaritatus,choca-pintada,NE,LC,0,0.0,1,0,0,0,0,0,0,1,0,0,0,0,0,0,0,0,0,0,0,0,0,0,0,0,0,0.0
Megascops watsonii,corujinha-orelhuda,NE,LC,0,0.0,1,0,0,0,0,0,0,1,0,0,0,0,0,0,0,0,0,0,0,0,0,0,0,0,0,0.0
Megascops usta,corujinha-relógio,NE,LC,0,0.0,1,0,1,0,0,0,0,1,0,0,0,1,0,0,0,0,0,0,0,0,0,0,0,0,0,0.0
Megascops stangiae,corujinha-do-xingu,NE,LC,0,0.0,1,0,0,0,0,0,0,1,0,0,0,0,1,0,0,0,0,0,0,0,0,0,0,0,0,0.0
Megascops roraimae,corujinha-de-roraima,NE,LC,0,0.0,1,0,0,0,0,0,0,1,0,0,0,0,0,0,0,0,0,0,0,0,0,0,0,0,0,0.0
Buteo platypterus,gavião-de-asa-larga,NE,LC,0,0.0,1,1,1,1,0,1,0,1,1,1,1,1,0,1,0,0,0,0,0,0,0,0,0,0,0,0.0
Buteo brachyurus,gavião-de-cauda-curta,NE,LC,0,0.0,1,1,1,1,1,1,1,1,1,1,1,1,0,0,0,0,0,0,0,0,0,0,0,0,0,0.0
Buteo albonotatus,gavião-de-rabo-barrado,NE,LC,0,0.0,1,1,1,1,0,1,1,1,1,1,1,1,0,0,0,0,0,0,0,0,0,0,0,0,0,0.0
Bubulcus ibis,garça-vaqueira,NE,LC,0,0.0,1,1,1,1,1,1,1,1,1,1,1,1,0,0,0,0,1,1,0,0,0,0,0,0,0,0.0
Bubo virginianus,jacurutu,NE,LC,0,0.0,1,1,1,1,1,1,0,1,1,1,1,1,0,0,0,1,0,1,0,0,0,1,0,1,1,0.0
Brotogeris versicolurus,"periquito-da-campina, periquito-de-asa-branca",NE,LC,0,0.0,1,0,0,0,0,0,0,1,0,0,0,0,0,0,0,0,0,0,0,0,0,0,0,0,0,0.0
Microcerculus ustulatus,flautista-do-tepui,NE,LC,0,0.0,1,0,0,0,0,0,0,1,0,0,0,0,0,0,0,0,0,0,0,0,0,0,0,0,0,0.0
Microcerculus marginatus,Uirapuru-Veado,NE,LC,0,0.0,1,0,1,0,0,0,0,1,1,0,0,1,0,0,0,0,0,0,0,0,0,0,0,0,0,0.0
Microcerculus bambla,uirapuru-de-asa-branca,NE,LC,0,0.0,1,0,0,0,0,0,0,1,0,0,0,0,0,0,0,0,0,0,0,0,0,0,0,0,0,0.0
Microbates collaris,bico-assovelado-de-coleira,NE,LC,0,0.0,1,0,0,0,0,0,0,1,0,0,0,0,0,0,1,0,0,0,0,0,0,0,0,0,0,0.0
Micrastur ruficollis,falcão-caburé,NE,LC,0,0.0,1,1,1,1,1,1,0,1,1,1,1,1,0,0,0,0,0,0,0,0,0,0,0,0,0,0.0
Capito niger,capitão-de-bigode-carijó,NE,LC,0,0.0,1,0,0,0,0,0,0,1,0,0,0,0,0,0,0,0,0,0,0,0,0,0,0,0,0,0.0
Capito aurovirens,capitão-de-coroa,NE,LC,0,0.0,1,0,0,0,0,0,0,1,0,0,0,0,0,0,0,0,0,0,0,0,0,0,0,0,0,0.0
Capito auratus,capitão-de-fronte-dourada,NE,LC,0,0.0,1,0,0,0,0,0,0,1,0,0,0,0,0,0,0,0,0,0,0,0,0,0,0,0,0,0.0
Cantorchilus leucotis,garrinchão-de-barriga-vermelha,NE,LC,0,0.0,1,1,1,1,0,1,1,1,1,1,1,1,0,0,0,0,0,0,0,0,0,0,0,0,0,0.0
Cantorchilus guarayanus,garrincha-do-oeste,NE,LC,0,0.0,1,0,1,0,0,1,0,1,0,0,0,1,0,0,0,0,0,0,0,0,0,0,0,0,0,0.0
Drymophila devillei,trovoada-listrada,NE,LC,0,0.0,1,0,0,0,0,1,0,1,0,0,0,1,0,0,0,0,0,0,0,0,0,0,0,0,0,0.0
Dromococcyx phasianellus,peixe-frito-verdadeiro,NE,LC,0,0.0,1,1,1,1,0,1,0,1,1,1,1,1,0,0,0,0,0,0,0,0,0,0,0,0,0,0.0
Dromococcyx pavoninus,peixe-frito-pavonino,NE,LC,0,0.0,1,1,1,1,1,1,0,1,1,1,1,1,0,0,0,0,0,0,0,0,0,0,0,0,0,0.0
Doryfera johannae,bico-de-lança,NE,LC,0,0.0,1,0,0,0,0,0,0,1,0,0,0,0,0,0,0,0,0,0,0,0,0,0,0,0,0,0.0
Donacobius atricapilla,japacanim,NE,LC,0,0.0,1,1,1,1,1,1,1,1,1,1,1,1,0,0,0,0,0,0,0,0,0,0,0,0,0,0.0
Milvago chimachima,carrapateiro,NE,LC,0,0.0,1,1,1,1,1,1,0,1,1,1,1,1,0,0,0,0,0,0,0,0,0,0,0,0,0,0.0
Microxenops milleri,bico-virado-da-copa,NE,LC,0,0.0,1,0,0,0,0,0,0,1,0,0,0,1,0,0,0,0,0,0,0,0,0,0,0,0,0,0.0
Microspingus melanoleucus,capacetinho,NE,LC,0,0.0,0,0,1,0,1,1,0,0,0,0,1,1,0,0,0,0,0,0,0,0,0,0,0,0,0,0.0
Microrhopias quixensis,papa-formiga-de-bando,NE,LC,0,0.0,1,0,1,0,0,1,0,1,0,0,0,1,0,0,0,0,0,0,0,0,0,0,0,0,0,0.0
Micromonacha lanceolata,macuru-papa-mosca,NE,LC,0,0.0,1,0,0,0,0,0,0,1,0,0,0,0,0,0,0,0,0,0,0,0,0,0,0,0,0,0.0
Micrococcyx pumilus,papa-lagarta-de-papo-ferrugem,NE,,0,0.0,1,0,0,0,0,0,0,1,0,0,0,0,0,0,0,0,0,0,0,0,0,0,0,0,0,0.0
Micrococcyx cinereus,papa-lagarta-cinzento,NE,LC,0,0.0,1,1,1,1,1,1,0,1,1,1,1,1,0,1,0,0,0,0,0,0,0,0,0,0,0,0.0
Butorides striata,socozinho,NE,LC,0,0.0,1,1,1,1,1,1,1,1,1,1,1,1,0,0,0,0,0,1,0,0,1,0,0,1,0,0.0
Buteogallus schistaceus,gavião-azul,NE,LC,0,0.0,1,0,0,0,0,0,0,1,0,0,0,0,0,0,0,0,1,1,0,1,0,1,0,0,0,0.0
Buteogallus aequinoctialis,gavião-caranguejeiro,NE,LC,0,0.0,1,1,1,1,0,0,0,1,1,1,1,0,0,0,0,1,1,1,1,1,0,0,0,1,0,0.0
Buteo swainsoni,gavião-papa-gafanhoto,NE,LC,0,0.0,1,1,1,1,1,1,0,1,1,1,1,1,0,1,0,0,0,1,0,0,0,0,0,1,0,0.0
Mimus triurus,calhandra-de-três-rabos,NE,LC,0,0.0,1,1,1,0,1,1,0,1,0,1,1,1,0,1,0,0,0,0,0,0,0,0,0,0,0,0.0
Mimus saturninus,sabiá-do-campo,NE,LC,0,0.0,1,1,1,1,1,1,0,1,1,1,1,1,0,0,0,0,0,0,0,0,0,0,0,0,0,0.0
Hypocnemis subflava,cantador-galego,NE,LC,0,0.0,1,0,0,0,0,0,0,1,0,0,0,0,0,0,0,1,1,1,0,0,0,0,0,0,0,0.0
Hypocnemis peruviana,cantador-sinaleiro,NE,LC,0,0.0,1,0,0,0,0,0,0,1,0,0,0,0,0,0,0,0,0,0,0,0,0,0,0,0,0,0.0
Hypocnemis hypoxantha,cantador-amarelo,NE,VU,0,0.0,1,0,0,0,0,0,0,1,0,0,0,1,1,0,1,1,0,0,1,0,0,0,0,0,0,0.0
Hypocnemis flavescens,cantador-sulfúreo,NE,LC,0,0.0,1,0,0,0,0,0,0,1,0,0,0,0,0,0,0,0,0,0,0,0,0,0,0,0,0,0.0
Hypocnemis cantator,cantador-da-guiana,NE,LC,0,0.0,1,0,0,0,0,0,0,1,0,0,0,0,0,0,0,0,0,0,0,0,0,0,0,0,0,0.0
Hymenops perspicillatus,viuvinha-de-óculos,NE,LC,0,0.0,1,1,1,1,1,1,0,0,1,1,1,1,0,1,0,0,0,0,0,0,0,0,0,0,0,0.0
Hylophylax punctulatus,guarda-várzea,NE,LC,0,0.0,1,0,0,0,0,0,0,1,1,0,0,1,0,0,0,0,0,0,0,0,0,0,0,0,0,0.0
Hylophylax naevius,Guarda-Floresta,NE,LC,0,0.0,1,0,1,0,0,0,0,1,0,0,0,1,0,0,0,0,0,0,0,0,0,0,0,0,0,0.0
Hylophilus thoracicus,vite-vite,NE,LC,0,0.0,1,1,0,0,0,0,1,1,1,1,0,0,0,0,0,0,0,0,0,0,0,0,0,0,0,0.0
Hylophilus semicinereus,Verdinho-Da-Várzea,NE,LC,0,0.0,1,0,1,0,0,0,0,1,1,0,0,1,0,0,0,0,0,0,0,0,0,0,0,0,0,0.0
Hylophilus brunneiceps,vite-vite-de-cabeça-marrom,NE,LC,0,0.0,1,0,0,0,0,0,0,1,0,0,0,0,0,0,0,0,0,0,0,0,0,0,0,0,0,0.0
Hylopezus macularius,torom-carijó,NE,LC,0,0.0,1,0,0,0,0,0,0,1,0,0,0,0,0,0,0,0,0,0,0,0,0,0,0,0,0,0.0
Hylopezus dilutus,torom-do-imeri,NE,LC,0,0.0,1,0,0,0,0,0,0,1,0,0,0,0,0,0,0,0,0,0,0,0,0,0,0,0,0,0.0
Dryocopus lineatus,pica-pau-de-banda-branca,NE,LC,0,0.0,1,1,1,1,1,1,0,1,1,1,1,1,0,0,0,0,0,0,0,0,0,0,0,0,0,0.0
Myiarchus tuberculifer,maria-cavaleira-pequena,NE,LC,0,0.0,1,1,1,1,0,1,0,1,1,1,0,1,0,0,0,0,0,0,0,0,0,0,0,0,0,0.0
Myiarchus swainsoni,irré,NE,LC,0,0.0,1,1,1,1,1,1,0,1,1,1,1,1,0,1,0,0,0,0,0,0,0,0,0,0,0,0.0
Myiarchus ferox,maria-cavaleira,NE,LC,0,0.0,1,1,1,1,1,1,0,1,1,1,1,1,0,0,0,0,0,0,0,0,0,0,0,0,0,0.0
Mustelirallus albicollis,sanã-carijó,NE,LC,0,0.0,1,1,1,1,1,1,0,1,1,1,1,1,0,0,0,0,0,0,0,0,0,0,0,0,0,0.0
Muscisaxicola capistratus,gaúcha-de-barriga-alaranjada,NE,,0,0.0,0,0,0,0,1,0,0,0,0,0,1,0,0,0,0,0,0,0,0,0,0,0,0,0,0,0.0
Monasa nigrifrons,"bico-de-brasa, chora-chuva-preto",NE,LC,0,0.0,1,1,1,1,0,1,1,1,1,1,0,1,0,0,0,0,0,0,0,0,0,0,0,0,0,0.0
Monasa flavirostris,chora-chuva-de-bico-amarelo,NE,LC,0,0.0,1,0,0,0,0,0,0,1,0,0,0,0,0,0,0,0,0,0,0,0,0,0,0,0,0,0.0
Monasa atra,chora-chuva-de-asa-branca,NE,LC,0,0.0,1,0,0,0,0,0,0,1,0,0,0,0,0,0,0,0,0,0,0,0,0,0,0,0,0,0.0
Molothrus rufoaxillaris,"chupim-azeviche, vira-bosta-picumã",NE,LC,0,0.0,1,1,1,1,1,1,0,1,1,1,1,1,0,0,0,0,0,0,0,0,0,0,0,0,0,0.0
Molothrus oryzivorus,iraúna-grande,NE,LC,0,0.0,1,1,1,1,1,1,0,1,1,1,1,1,0,0,0,0,0,0,0,0,0,0,0,0,0,0.0
Molothrus bonariensis,chupim,NE,LC,0,0.0,1,1,1,1,1,1,0,1,1,1,1,1,0,0,0,0,0,0,0,0,0,0,0,0,0,0.0
Mitrospingus oleagineus,pipira-olivacea,NE,LC,0,0.0,1,0,0,0,0,0,0,1,0,0,0,0,0,0,0,0,1,1,0,0,0,0,0,0,0,0.0
Mionectes roraimae,abre-asa-do-tepui,NE,LC,0,0.0,1,0,0,0,0,0,0,1,0,0,0,0,0,0,0,0,0,0,0,0,0,0,0,0,0,0.0
Mionectes oleagineus,abre-asa,NE,LC,0,0.0,1,1,1,1,0,1,0,1,1,1,0,1,0,0,0,0,0,0,0,0,0,0,0,0,0,0.0
Mionectes macconnelli,abre-asa-da-mata,NE,LC,0,0.0,1,0,0,0,0,0,0,1,1,0,0,0,0,0,0,0,0,0,0,0,0,0,0,0,0,0.0
Mionectes amazonus,abre-asa-do-acre,NE,LC,0,0.0,1,0,0,0,0,0,0,1,0,0,0,0,0,0,0,0,0,0,0,0,0,0,0,0,0,0.0
Myiothlypis flaveola,canário-do-mato,NE,LC,0,0.0,1,1,1,1,0,1,0,1,1,1,1,1,0,0,0,0,0,0,0,0,0,0,0,0,0,0.0
Myiothlypis bivittata,pula-pula-de-duas-fitas,NE,LC,0,0.0,1,0,0,0,0,0,0,1,0,0,0,0,0,0,0,0,0,0,0,0,0,0,0,0,0,0.0
Myiornis ecaudatus,Caçula,NE,LC,0,0.0,1,0,1,0,0,1,0,1,1,0,0,1,0,0,0,0,0,0,0,0,0,0,0,0,0,0.0
Myiornis auricularis,miudinho,NE,LC,0,0.0,0,1,1,1,1,1,0,0,1,1,1,1,0,0,0,0,0,0,0,0,0,0,0,0,0,0.0
Myiophobus fasciatus,filipe,NE,LC,0,0.0,1,1,1,1,1,1,0,1,1,1,1,1,0,1,0,0,0,0,0,0,0,0,0,0,0,0.0
Myiopagis viridicata,guaracava-de-crista-alaranjada,NE,LC,0,0.0,1,1,1,1,1,1,0,1,1,1,1,1,0,1,0,0,0,0,0,0,0,0,0,0,0,0.0
Myiopagis gaimardii,maria-pechim,NE,LC,0,0.0,1,1,1,1,0,1,0,1,1,1,0,1,0,0,0,0,0,0,0,0,0,0,0,0,0,0.0
Myiopagis flavivertex,guaracava-de-penacho-amarelo,NE,LC,0,0.0,1,0,0,0,0,0,0,1,0,0,0,0,0,0,0,0,0,0,0,0,0,0,0,0,0,0.0
Myiopagis caniceps,guaracava-cinzenta,NE,LC,0,0.0,1,1,1,1,1,1,0,1,1,1,1,1,0,0,0,0,0,0,0,0,0,0,0,0,0,0.0
Myiodynastes maculatus,bem-te-vi-rajado,NE,LC,0,0.0,1,1,1,1,1,1,0,1,1,1,1,1,0,1,0,0,0,0,0,0,0,0,0,0,0,0.0
Myiodynastes luteiventris,bem-te-vi-de-barriga-sulfúrea,NE,LC,0,0.0,1,0,0,0,0,0,0,1,0,0,0,0,0,0,0,0,0,0,0,0,0,0,0,0,0,0.0
Myioborus miniatus,mariquita-cinza,NE,LC,0,0.0,1,0,0,0,0,0,0,1,0,0,0,0,0,0,0,0,0,0,0,0,0,0,0,0,0,0.0
Myioborus castaneocapilla,mariquita-de-cabeça-parda,NE,LC,0,0.0,1,0,0,0,0,0,0,1,0,0,0,0,0,0,0,0,0,0,0,0,0,0,0,0,0,0.0
Myiobius barbatus,assanhadinho,NE,LC,0,0.0,1,1,1,1,0,1,0,1,1,1,1,1,0,0,0,0,0,0,0,0,0,0,0,0,0,0.0
Myiobius atricaudus,assanhadinho-de-cauda-preta,NE,LC,0,0.0,1,1,1,1,1,1,0,1,1,1,1,1,0,0,0,0,0,0,0,0,0,0,0,0,0,0.0
Myiarchus tyrannulus,maria-cavaleira-de-rabo-enferrujado,NE,LC,0,0.0,1,1,1,1,1,1,0,1,1,1,1,1,0,0,0,0,0,0,0,0,0,0,0,0,0,0.0
Dendroma erythroptera,limpa-folha-de-asa-castanha,NE,LC,0,0.0,1,0,0,0,0,0,0,1,0,0,0,1,0,0,0,0,0,0,0,0,0,0,0,0,0,0.0
Myrmelastes schistaceus,formigueiro-cinza,NE,LC,0,0.0,1,0,0,0,0,0,0,1,0,0,0,0,0,0,1,0,0,0,0,0,0,0,0,0,0,0.0
Myrmelastes saturatus,formigueiro-de-roraima,NE,LC,0,0.0,1,0,0,0,0,0,0,1,0,0,0,0,0,0,0,0,0,0,0,0,0,0,0,0,0,0.0
Myrmelastes rufifacies,Formigueiro-De-Cara-Ruiva,NE,LC,0,0.0,1,0,0,0,0,0,0,1,0,0,0,0,1,0,0,0,0,0,0,0,0,0,0,0,0,0.0
Myrmelastes leucostigma,formigueiro-de-asa-pintada,NE,LC,0,0.0,1,0,0,0,0,0,0,1,0,0,0,0,0,0,0,0,0,0,0,0,0,0,0,0,0,0.0
Myrmelastes hyperythrus,formigueiro-chumbo,NE,LC,0,0.0,1,0,0,0,0,0,0,1,0,0,0,0,0,0,0,0,0,0,0,0,0,0,0,0,0,0.0
Myrmelastes humaythae,formigueiro-de-cauda-curta,NE,LC,0,0.0,1,0,0,0,0,0,0,1,0,0,0,0,0,0,0,0,0,0,0,0,0,0,0,0,0,0.0
Myrmelastes caurensis,formigueiro-do-caura,NE,LC,0,0.0,1,0,0,0,0,0,0,1,0,0,0,0,0,0,0,0,1,1,0,0,0,0,0,0,0,0.0
Myrmeciza longipes,formigueiro-de-barriga-branca,NE,LC,0,0.0,1,0,0,0,0,0,0,1,0,0,0,0,0,0,0,0,0,0,0,0,0,0,0,0,0,0.0
Myiozetetes similis,bentevizinho-de-penacho-vermelho,NE,LC,0,0.0,1,1,1,1,1,1,0,1,1,1,1,1,0,0,0,0,0,0,0,0,0,0,0,0,0,0.0
Myiozetetes luteiventris,bem-te-vi-barulhento,NE,LC,0,0.0,1,0,1,0,0,0,0,1,0,0,0,1,0,0,0,0,0,0,0,0,0,0,0,0,0,0.0
Myiozetetes granadensis,bem-te-vi-de-cabeça-cinza,NE,LC,0,0.0,1,0,0,0,0,0,0,1,0,0,0,1,0,0,0,0,0,0,0,0,0,0,0,0,0,0.0
Myiozetetes cayanensis,bentevizinho-de-asa-ferrugínea,NE,LC,0,0.0,1,1,1,1,0,1,0,1,1,1,0,1,0,0,0,0,0,0,0,0,0,0,0,0,0,0.0
Myiothlypis mesoleuca,pula-pula-da-guiana,NE,LC,0,0.0,1,0,0,0,0,0,0,1,1,0,0,1,0,0,0,0,0,0,0,0,0,0,0,0,0,0.0
Myiothlypis leucophrys,pula-pula-de-sobrancelha,NE,LC,0,0.0,1,1,1,0,0,1,0,1,1,1,1,1,1,0,0,0,0,0,0,0,0,0,0,0,0,0.0
Myiothlypis fulvicauda,pula-pula-de-cauda-avermelhada,NE,LC,0,0.0,1,0,1,0,0,1,0,1,0,0,0,1,0,0,0,0,0,0,0,0,0,0,0,0,0,0.0
Myrmophylax atrothorax,Formigueiro-De-Peito-Preto,NE,LC,0,0.0,1,0,1,0,0,0,0,1,0,0,0,1,0,0,0,0,0,0,0,0,0,0,0,0,0,0.0
Myrmoderus ferrugineus,formigueiro-ferrugem,NE,LC,0,0.0,1,0,0,0,0,0,0,1,0,0,0,1,0,0,0,0,0,0,0,0,0,0,0,0,0,0.0
Myrmoborus stictopterus,formigueiro-liso-do-rio-negro,NE,LC,0,0.0,1,0,0,0,0,0,0,1,0,0,0,0,1,0,0,0,0,0,0,0,0,0,0,0,0,0.0
Myrmoborus myotherinus,Formigueiro-De-Cara-Preta,NE,LC,0,0.0,1,0,1,0,0,0,0,1,0,0,0,1,0,0,0,0,0,0,0,0,0,0,0,0,0,0.0
Myrmoborus lophotes,formigueiro-do-bambu,NE,LC,0,0.0,1,0,0,0,0,0,0,1,0,0,0,0,0,0,0,0,0,0,0,0,0,0,0,0,0,0.0
Myrmoborus leucophrys,Papa-Formiga-De-Sobrancelha,NE,LC,0,0.0,1,0,0,0,0,0,0,1,0,0,0,1,0,0,0,0,0,0,0,0,0,0,0,0,0,0.0
Myrmoborus berlepschi,formigueiro-liso-do-solimões,NE,LC,0,0.0,1,0,0,0,0,0,0,1,0,0,0,0,0,0,0,0,0,0,0,0,0,0,0,0,0,0.0
Dolospingus fringilloides,papa-capim-de-coleira,NE,LC,0,0.0,1,0,0,0,0,0,0,1,0,0,0,0,0,0,0,1,0,0,0,0,0,1,0,0,0,0.0
Discosura longicaudus,bandeirinha,NE,LC,0,0.0,1,1,0,0,0,0,0,1,1,0,0,0,0,0,0,0,0,0,0,0,0,0,0,0,0,0.0
Diopsittaca nobilis,maracanã-pequena,NE,LC,0,0.0,1,1,1,1,0,1,1,1,1,1,0,1,0,0,0,0,0,0,0,0,0,0,0,0,0,0.0
Diglossa major,fura-flor-grande,NE,LC,0,0.0,1,0,0,0,0,0,0,1,0,0,0,0,0,0,0,0,0,0,0,0,0,0,0,0,0,0.0
Diglossa duidae,fura-flor-escamado,NE,LC,0,0.0,1,0,0,0,0,0,0,1,0,0,0,0,0,0,0,0,0,0,0,0,0,0,0,0,0,0.0
Dichrozona cincta,tovaquinha,NE,LC,0,0.0,1,0,0,0,0,0,0,1,0,0,0,1,0,0,0,0,0,0,0,0,0,0,0,0,0,0.0
Deroptyus accipitrinus,anacã,NE,LC,0,0.0,1,0,0,0,0,0,0,1,1,0,0,1,0,0,0,0,0,0,0,0,0,0,0,0,0,0.0
Dendroplex picus,arapaçu-de-bico-branco,NE,LC,0,0.0,1,1,1,1,0,1,1,1,1,1,0,1,0,0,0,0,0,0,0,0,0,0,0,0,0,0.0
Dendroplex kienerii,arapaçu-ferrugem,NE,LC,0,0.0,1,0,0,0,0,0,0,1,0,0,0,0,0,0,1,0,0,0,0,0,0,0,0,0,0,0.0
Myrmotherula oreni,choquinha-do-bambu,VU,VU,0,0.0,1,0,0,0,0,0,0,1,0,0,0,0,0,0,0,0,0,0,0,0,0,0,0,0,0,1.0
Myrmotherula obscura,choquinha-de-bico-curto,NE,LC,0,0.0,1,0,0,0,0,0,0,1,0,0,0,0,0,0,0,0,0,0,0,0,0,0,0,0,0,0.0
Myrmotherula multostriata,Choquinha-estriada-da-Amazônia,NE,LC,0,0.0,1,0,1,0,0,1,0,1,1,0,0,1,0,0,0,0,0,0,0,0,0,0,0,0,0,0.0
Myrmotherula menetriesii,Choquinha-De-Garganta-Cinza,NE,LC,0,0.0,1,0,1,0,0,0,0,1,1,0,0,1,0,0,0,0,0,0,0,0,0,0,0,0,0,0.0
Myrmotherula longipennis,Choquinha-De-Asa-Comprida,NE,LC,0,0.0,1,0,1,0,0,0,1,1,1,0,0,1,0,0,0,0,0,0,0,0,0,0,0,0,0,0.0
Myrmotherula heteroptera,choquinha-do-purus,NE,LC,0,0.0,1,0,0,0,0,0,0,1,0,0,0,0,0,0,0,0,0,0,0,0,0,0,0,0,0,0.0
Myrmotherula cherriei,choquinha-de-peito-riscado,NE,LC,0,0.0,1,0,0,0,0,0,0,1,0,0,0,0,0,0,1,0,0,0,0,0,0,0,0,0,0,0.0
Myrmotherula brachyura,choquinha-miúda,NE,LC,0,0.0,1,0,1,0,0,0,0,1,0,0,0,1,0,0,0,0,0,0,0,0,0,0,0,0,0,0.0
Myrmotherula behni,choquinha-de-asa-lisa,NE,LC,0,0.0,1,0,0,0,0,0,0,1,0,0,0,0,0,0,1,0,0,0,0,0,0,0,0,0,0,0.0
Myrmotherula axillaris,choquinha-de-flanco-branco,NE,LC,0,0.0,1,1,1,1,0,1,0,1,1,1,0,1,0,0,0,0,0,0,0,0,0,0,0,0,0,0.0
Myrmotherula assimilis,choquinha-da-várzea,NE,LC,0,0.0,1,0,0,0,0,0,0,1,0,0,0,0,0,0,1,0,0,0,0,0,0,0,0,0,0,0.0
Myrmotherula ambigua,choquinha-de-coroa-listrada,NE,LC,0,0.0,1,0,0,0,0,0,0,1,0,0,0,0,0,0,1,0,0,0,0,0,0,0,0,0,0,0.0
Myrmothera simplex,torom-de-peito-pardo,NE,LC,0,0.0,1,0,0,0,0,0,0,1,0,0,0,0,0,0,0,0,0,0,0,0,0,0,0,0,0,0.0
Myrmothera campanisona,tovaca-patinho,NE,LC,0,0.0,1,0,0,0,0,0,0,1,0,0,0,0,0,0,0,0,0,0,0,0,0,0,0,0,0,0.0
Myrmothera berlepschi,Torom-Torom,NE,LC,0,0.0,1,0,0,0,0,0,0,1,0,0,0,1,0,0,0,0,0,0,0,0,0,0,0,0,0,0.0
Myrmornis torquata,Pinto-Do-Mato-Carijó,NE,LC,0,0.0,1,0,0,0,0,0,0,1,1,0,0,1,0,0,0,0,0,0,0,0,0,0,0,0,0,0.0
Dendrocolaptes concolor,arapaçu-concolor,NE,LC,0,0.0,1,0,0,0,0,0,0,1,0,0,0,1,0,0,0,1,1,1,0,1,0,1,0,0,0,0.0
Dendrocolaptes certhia,arapaçu-barrado,NE,LC,0,0.0,1,0,0,0,0,0,0,1,0,0,0,0,0,0,0,0,0,0,0,0,0,0,0,0,0,0.0
Dendrocincla fuliginosa,arapaçu-pardo,NE,LC,0,0.0,1,0,1,0,0,0,0,1,1,0,0,0,0,0,0,0,0,0,0,0,0,0,0,0,0,0.0
Dendrocincla atrirostris,arapaçu-pardo-de-mato-grosso,NE,LC,0,0.0,1,0,1,0,0,1,0,1,0,0,0,1,0,0,0,0,0,0,0,0,0,0,0,0,0,0.0
Dendrexetastes rufigula,arapaçu-galinha,NE,LC,0,0.0,1,0,0,0,0,0,0,1,1,0,0,1,0,0,0,0,0,0,0,0,0,0,0,0,0,0.0
Neoctantes niger,choca-preta,NE,LC,0,0.0,1,0,0,0,0,0,0,1,0,0,0,0,0,0,0,0,0,0,0,0,0,0,0,0,0,0.0
Neocrex erythrops,turu-turu,NE,LC,0,0.0,1,1,1,1,0,1,0,1,1,1,0,1,0,0,0,0,0,0,0,0,0,0,0,0,0,0.0
Nengetus cinereus,primavera,NE,LC,0,0.0,1,1,1,1,1,1,0,1,1,1,1,1,0,0,0,0,0,0,0,0,0,0,0,0,0,0.0
Nemosia pileata,saíra-de-chapéu-preto,NE,LC,0,0.0,1,1,1,1,1,1,0,1,1,1,1,1,0,0,0,0,0,0,0,0,0,0,0,0,0,0.0
Nasica longirostris,Arapaçu-De-Bico-Comprido,NE,LC,0,0.0,1,0,1,0,0,0,0,1,0,0,0,1,0,0,0,0,0,0,0,0,0,0,0,0,0,0.0
Nannopsittaca panychlora,periquito-dos-tepuis,NE,LC,0,0.0,1,0,0,0,0,0,0,1,0,0,0,0,0,0,0,1,0,0,0,1,0,0,0,0,0,0.0
Nannochordeiles pusillus,bacurauzinho,NE,LC,0,0.0,1,1,1,1,1,1,0,1,1,1,1,1,0,0,0,0,0,0,0,0,0,0,0,0,0,0.0
Myrmotherula surinamensis,choquinha-estriada,NE,LC,0,0.0,1,0,0,0,0,0,0,1,0,0,0,0,0,0,0,1,1,1,0,0,0,0,0,0,0,0.0
Myrmotherula sunensis,choquinha-do-oeste,NE,LC,0,0.0,1,0,0,0,0,0,0,1,0,0,0,0,0,0,0,1,1,0,0,0,0,0,0,0,0,0.0
Myrmotherula sclateri,Choquinha-De-Garganta-Amarela,NE,LC,0,0.0,1,0,1,0,0,0,0,1,0,0,0,1,0,0,0,0,0,0,0,0,0,0,0,0,0,0.0
Hirundinea ferruginea,gibão-de-couro,NE,LC,0,0.0,1,1,1,1,1,1,0,1,1,1,1,1,0,0,0,0,0,0,0,0,0,0,0,0,0,0.0
Notharchus ordii,macuru-de-peito-marrom,NE,LC,0,0.0,1,0,0,0,0,0,0,1,0,0,0,1,0,0,0,0,0,0,0,0,0,0,0,0,0,0.0
Notharchus macrorhynchos,macuru-de-pescoço-branco,NE,LC,0,0.0,1,0,0,0,0,0,0,1,0,0,0,0,0,0,0,0,0,0,0,0,0,0,0,0,0,0.0
Notharchus hyperrhynchus,Macuru-De-Testa-Branca,NE,LC,0,0.0,1,1,1,0,0,0,0,1,1,1,1,1,0,0,0,0,0,0,0,0,0,0,0,0,0,0.0
Nonnula sclateri,freirinha-amarelada,NE,LC,0,0.0,1,0,0,0,0,0,0,1,0,0,0,0,0,0,1,0,0,0,0,0,0,0,0,0,0,0.0
Nonnula ruficapilla,Freirinha-De-Coroa-Castanha,NE,LC,0,0.0,1,0,1,0,0,1,0,1,0,0,0,1,0,0,0,0,0,0,0,0,0,0,0,0,0,0.0
Neopipo cinnamomea,enferrujadinho,NE,LC,0,0.0,1,0,0,0,0,0,0,1,0,0,0,1,0,0,1,0,0,0,0,0,0,0,0,0,0,0.0
Neopelma sulphureiventer,fruxu-de-barriga-amarela,NE,LC,0,0.0,1,0,1,0,0,1,0,1,0,0,0,1,0,0,1,0,0,0,0,0,0,0,0,0,0,0.0
Neopelma pallescens,fruxu-do-cerradão,NE,LC,0,0.0,1,1,1,1,0,1,0,1,1,1,1,1,0,0,0,0,0,0,0,0,0,0,0,0,0,0.0
Neopelma chrysocephalum,fruxu-do-carrasco,NE,LC,0,0.0,1,0,0,0,0,0,0,1,0,0,0,0,0,0,0,0,0,0,0,0,0,0,0,0,0,0.0
Neomorphus rufipennis,jacu-estalo-de-asa-vermelha,NE,LC,0,0.0,1,0,0,0,0,0,0,1,0,0,0,0,0,0,0,0,0,1,0,0,0,1,0,0,0,0.0
Neomorphus pucheranii,jacu-estalo-de-bico-vermelho,NE,LC,0,0.0,1,0,0,0,0,0,0,1,0,0,0,0,0,0,0,0,0,1,0,0,0,1,0,0,0,0.0
Dendrocolaptes radiolatus,arapaçu-barrado-do-napo,NE,LC,0,0.0,1,0,0,0,0,0,0,1,0,0,0,0,0,0,0,0,0,0,0,0,0,0,0,0,0,0.0
Dendrocolaptes platyrostris,arapaçu-grande,NE,LC,0,0.0,1,1,1,1,1,1,0,1,1,1,1,1,0,0,0,0,0,0,0,0,0,0,0,0,0,0.0
Dendrocolaptes picumnus,arapaçu-meio-barrado,NE,LC,0,0.0,1,0,1,0,0,1,0,1,0,0,0,1,0,0,0,0,0,0,0,0,0,0,0,0,0,0.0
Dendrocolaptes juruanus,arapaçu-barrado-do-juruá,NE,LC,0,0.0,1,0,0,0,0,0,0,1,0,0,0,0,0,0,0,0,0,0,0,0,0,0,0,0,0,0.0
Nothocrax urumutum,urumutum,NE,LC,0,0.0,1,0,0,0,0,0,0,1,0,0,0,1,0,0,1,0,0,0,0,0,0,0,0,0,0,0.0
Notharchus tectus,macuru-pintado,NE,LC,0,0.0,1,0,1,1,0,0,0,1,1,0,0,1,0,0,1,0,0,0,0,0,0,0,0,0,0,0.0
Hylocharis sapphirina,beija-flor-safira,NE,LC,0,0.0,1,1,1,1,0,1,0,1,1,1,1,1,0,0,0,0,0,0,0,0,0,0,0,0,0,0.0
Hylocharis chrysura,beija-flor-dourado,NE,LC,0,0.0,1,1,1,0,1,1,0,0,0,1,1,1,0,0,0,0,0,0,0,0,0,0,0,0,0,0.0
Hylexetastes stresemanni,arapaçu-de-barriga-pintada,NE,LC,0,0.0,1,0,0,0,0,0,0,1,0,0,0,0,0,0,1,0,0,0,0,0,0,0,0,0,0,0.0
Hylexetastes perrotii,arapaçu-de-bico-vermelho,NE,LC,0,0.0,1,0,0,0,0,0,0,1,0,0,0,0,0,0,0,0,0,0,0,0,0,0,0,0,0,0.0
Hydropsalis whitelyi,bacurau-dos-tepuis,NE,LC,0,0.0,1,0,0,0,0,0,0,1,0,0,0,0,0,0,0,0,0,0,0,0,0,0,0,0,0,0.0
Hydropsalis torquata,bacurau-tesoura,NE,LC,0,0.0,1,1,1,1,1,1,0,1,1,1,1,1,0,0,0,0,0,0,0,0,0,0,0,0,0,0.0
Hydropsalis roraimae,bacurau-de-roraima,NE,LC,0,0.0,1,0,0,0,0,0,0,1,0,0,0,0,0,0,0,0,0,0,0,0,0,0,0,0,0,0.0
Hydropsalis parvula,bacurau-chintã,NE,LC,0,0.0,1,1,1,1,1,1,1,1,1,1,1,1,0,1,0,0,0,0,0,0,0,0,0,0,0,0.0
Hydropsalis maculicaudus,bacurau-de-rabo-maculado,NE,LC,0,0.0,1,1,1,0,0,1,0,1,1,1,0,1,0,0,0,0,0,0,0,0,0,0,0,0,0,0.0
Hydropsalis longirostris,bacurau-da-telha,NE,LC,0,0.0,1,1,1,1,1,0,1,1,1,1,1,1,0,0,0,0,0,0,0,0,0,0,0,0,0,0.0
Hydropsalis heterura,bacurau-chintã-do-norte,NE,DD,0,0.0,1,0,0,0,0,0,0,1,0,0,0,0,0,0,0,0,0,0,0,0,0,0,0,0,0,0.0
Hydropsalis climacocerca,acurana,NE,LC,0,0.0,1,0,1,0,0,0,0,1,1,0,0,1,0,0,0,0,0,0,0,0,0,0,0,0,0,0.0
Hydropsalis cayennensis,bacurau-de-cauda-branca,NE,LC,0,0.0,1,0,0,0,0,0,0,1,0,0,0,0,0,0,0,0,0,0,0,0,0,0,0,0,0,0.0
Nycticorax nycticorax,socó-dorminhoco,NE,LC,0,0.0,1,1,1,1,1,1,0,1,1,1,1,1,0,0,0,0,0,1,0,0,0,1,0,0,0,0.0
Nyctibius griseus,"mãe-da-lua, urutau",NE,LC,0,0.0,1,1,1,1,1,1,0,1,1,1,1,1,0,0,0,0,0,0,0,0,0,0,0,0,0,0.0
Nyctibius grandis,"mãe-da-lua-gigante, urutau-grande",NE,LC,0,0.0,1,1,1,0,0,1,0,1,1,1,0,1,0,0,0,0,0,0,0,0,0,0,0,0,0,0.0
Nyctanassa violacea,"dorminhoco, matrião, savacu-de-coroa, tamatião, taquiri",NE,LC,0,0.0,1,1,1,1,1,0,0,1,1,1,1,0,0,1,0,0,0,0,0,0,0,0,0,1,0,0.0
Brotogeris sanctithomae,periquito-testinha,NE,LC,0,0.0,1,0,0,0,0,0,0,1,0,0,0,0,0,0,0,0,0,0,0,0,0,0,0,0,0,0.0
Brotogeris cyanoptera,periquito-de-asa-azul,NE,LC,0,0.0,1,0,0,0,0,0,0,1,0,0,0,0,0,0,0,0,0,0,0,0,0,0,0,0,0,0.0
Brotogeris chrysoptera,periquito-de-asa-dourada,NE,LC,0,0.0,1,0,1,0,0,0,0,1,1,0,0,1,0,0,0,0,0,0,0,0,0,0,0,0,0,0.0
Brachygalba lugubris,ariramba-preta,NE,LC,0,0.0,1,1,1,1,0,1,1,1,1,1,0,1,0,0,0,0,0,0,0,0,0,0,0,0,0,0.0
Brachygalba albogularis,agulha-de-garganta-branca,NE,LC,0,0.0,1,0,0,0,0,0,0,1,0,0,0,0,0,0,0,0,0,0,0,0,0,0,0,0,0,0.0
Botaurus pinnatus,socó-boi-baio,NE,LC,0,0.0,1,1,1,1,1,1,1,1,1,1,1,1,0,0,0,0,0,0,0,0,0,0,0,0,0,0.0
Berlepschia rikeri,limpa-folha-do-buriti,NE,LC,0,0.0,1,0,1,1,0,0,0,1,1,1,0,1,0,0,0,1,0,1,0,0,0,0,0,0,0,0.0
Basileuterus culicivorus,pula-pula,NE,LC,0,0.0,1,1,1,1,1,1,1,1,1,1,1,1,0,0,0,0,0,0,0,0,0,0,0,0,0,0.0
Baryphthengus martii,juruva-ruiva,NE,LC,0,0.0,1,0,0,0,0,0,0,1,0,0,0,1,0,0,0,0,0,0,0,0,0,0,0,0,0,0.0
Bartramia longicauda,maçarico-do-campo,NE,LC,0,0.0,1,1,1,1,1,1,0,1,1,1,1,1,0,1,0,0,0,1,0,0,0,0,0,1,0,0.0
Automolus subulatus,limpa-folha-riscado,NE,LC,0,0.0,1,0,0,0,0,0,0,1,0,0,0,1,0,0,0,0,0,0,0,0,0,0,0,0,0,0.0
Cypseloides senex,taperuçu-velho,NE,LC,0,0.0,1,1,1,1,1,0,0,1,1,1,1,1,0,0,0,1,1,1,0,0,0,1,0,0,0,0.0
Cypseloides niger,taperuçu-escuro,NE,DD,0,0.0,1,0,0,0,0,0,0,1,0,0,0,0,0,1,0,0,0,0,0,0,0,0,0,0,0,0.0
Cypseloides fumigatus,taperuçu-preto,NE,LC,0,0.0,1,1,1,1,1,0,0,1,1,1,1,1,0,0,0,1,1,1,0,0,0,0,0,0,0,0.0
Cypseloides cryptus,taperuçu-de-mento-branco,NE,LC,0,0.0,1,0,0,0,0,0,0,1,0,0,0,0,0,0,0,1,0,1,0,0,1,0,0,0,0,0.0
Cyphos macrodactylus,rapazinho-de-boné-vermelho,NE,LC,0,0.0,1,0,0,0,0,0,0,1,0,0,0,1,0,0,0,0,0,0,0,0,0,0,0,0,0,0.0
Cyphorhinus transfluvialis,uirapuru-do-imeri,NE,LC,0,0.0,1,0,0,0,0,0,0,1,0,0,0,0,0,0,0,0,0,0,0,0,0,0,0,0,0,0.0
Oneillornis salvini,mãe-de-taoca-de-cauda-barrada,NE,LC,0,0.0,1,0,0,0,0,0,0,1,0,0,0,0,0,0,0,0,0,1,0,0,0,1,0,0,0,0.0
Ochthornis littoralis,maria-da-praia,NE,LC,0,0.0,1,0,1,0,0,0,0,1,0,0,0,1,0,0,0,0,0,0,0,0,0,0,0,0,0,0.0
Nystalus torridus,Rapazinho-estriado-do-leste,NE,NT,0,0.0,1,0,1,0,0,0,0,1,1,0,0,1,1,0,1,1,0,1,0,1,0,0,0,0,1,0.0
Nystalus striolatus,rapazinho-estriado-de-rondônia,NE,LC,0,0.0,1,0,1,0,0,0,0,1,0,0,0,1,0,0,1,0,0,0,0,0,0,0,0,0,0,0.0
Nystalus obamai,rapazinho-estriado-do-oeste,NE,LC,0,0.0,1,0,0,0,0,0,0,1,0,0,0,0,0,0,0,0,0,0,0,0,0,0,0,0,0,0.0
Nystalus maculatus,rapazinho-dos-velhos,NE,LC,0,0.0,1,1,1,1,0,1,0,1,1,1,0,1,1,0,0,0,0,0,0,0,0,0,0,0,0,0.0
Nystalus chacuru,joão-bobo,NE,LC,0,0.0,1,1,1,1,1,1,0,1,1,1,1,1,0,0,0,0,0,0,0,0,0,0,0,0,0,0.0
Nyctiprogne leucopyga,bacurau-de-cauda-barrada,NE,LC,0,0.0,1,0,1,0,0,1,0,1,1,0,0,1,0,0,0,0,0,0,0,0,0,0,0,0,0,0.0
Nyctiphrynus ocellatus,bacurau-ocelado,NE,LC,0,0.0,1,1,1,1,0,0,0,1,1,1,1,1,0,0,0,0,0,0,0,0,0,0,0,0,0,0.0
Nyctidromus nigrescens,bacurau-de-lajeado,NE,LC,0,0.0,1,0,1,0,0,0,0,1,1,0,0,1,0,0,0,0,0,0,0,0,0,0,0,0,0,0.0
Campephilus rubricollis,pica-pau-de-barriga-vermelha,NE,LC,0,0.0,1,0,1,0,0,0,0,1,1,0,0,1,0,0,0,0,0,0,0,0,0,0,0,0,0,0.0
Campephilus melanoleucos,pica-pau-de-topete-vermelho,NE,LC,0,0.0,1,1,1,1,0,1,0,1,1,1,0,1,0,0,0,0,0,0,0,0,0,0,0,0,0,0.0
Campephilus leucopogon,pica-pau-de-barriga-preta,NE,LC,0,0.0,0,0,1,0,1,1,0,0,0,0,1,1,0,0,0,0,0,0,0,0,0,0,0,0,0,0.0
Calonectris diomedea,cagarra-do-mediterrâneo,NE,,0,0.0,0,0,0,0,1,0,0,0,0,0,1,0,0,0,0,0,0,0,0,0,0,0,0,0,0,0.0
Calliphlox amethystina,estrelinha-ametista,NE,LC,0,0.0,1,1,1,1,1,1,0,1,1,1,1,1,0,0,0,0,0,0,0,0,0,0,0,0,0,0.0
Calidris pusilla,maçarico-rasteirinho,EN,EN,0,0.0,1,1,1,1,1,1,1,1,1,1,1,1,0,1,0,1,1,1,1,1,1,1,0,1,0,2.0
Hieraspiza superciliosa,"gavião-miudinho, tauató-passarinho",NE,LC,0,0.0,1,1,1,1,0,1,0,1,1,1,1,1,0,0,0,0,0,0,0,0,0,0,0,0,0,0.0
Heterospizias meridionalis,gavião-caboclo,NE,LC,0,0.0,1,1,1,1,1,1,0,1,1,1,1,1,0,0,0,0,0,0,0,0,0,0,0,0,0,0.0
Heterocercus linteatus,Coroa-de-fogo,NE,LC,0,0.0,1,0,1,0,0,0,0,1,0,0,0,1,0,0,0,0,0,0,0,0,0,0,0,0,0,0.0
Heterocercus flavivertex,dançarino-de-crista-amarela,NE,LC,0,0.0,1,0,0,0,0,0,0,1,0,0,0,0,0,0,0,0,0,0,0,0,0,0,0,0,0,0.0
Heterocercus aurantiivertex,dançarino-de-crista-laranja,NE,LC,0,0.0,1,0,0,0,0,0,0,1,0,0,0,0,0,0,0,0,0,0,0,0,0,0,0,0,0,0.0
Daptrius ater,gavião-de-anta,NE,LC,0,0.0,1,0,1,0,0,0,0,1,1,0,0,1,0,0,0,0,0,0,0,0,0,0,0,0,0,0.0
Dacnis lineata,saí-de-máscara-preta,NE,LC,0,0.0,1,0,1,0,0,0,0,1,1,0,0,1,0,0,0,0,0,0,0,0,0,0,0,0,0,0.0
Dacnis flaviventer,saí-amarela,NE,LC,0,0.0,1,0,0,0,0,0,0,1,0,0,0,1,0,0,0,0,0,0,0,0,0,0,0,0,0,0.0
Dacnis albiventris,saí-de-barriga-branca,NE,DD,0,0.0,1,0,0,0,0,0,0,1,0,0,0,1,0,0,0,1,1,1,0,0,0,0,0,0,0,0.0
Cypsnagra hirundinacea,bandoleta,NE,LC,0,0.0,1,1,1,1,0,1,0,1,1,1,1,1,0,0,0,0,0,0,0,0,0,0,0,0,0,0.0
Pachyramphus xanthogenys,caneleiro-de-cara-amarela,NE,LC,0,0.0,1,0,0,0,0,0,0,1,0,0,0,0,0,0,0,0,0,0,0,0,0,0,0,0,0,0.0
Pachyramphus viridis,caneleiro-verde,NE,LC,0,0.0,1,1,1,1,1,1,0,1,1,1,1,1,0,0,0,0,0,0,0,0,0,0,0,0,0,0.0
Pachyramphus validus,caneleiro-de-chapéu-preto,NE,LC,0,0.0,1,1,1,1,1,1,0,1,1,1,1,1,0,1,0,0,0,0,0,0,0,0,0,0,0,0.0
Pachyramphus surinamus,caneleiro-da-guiana,NE,LC,0,0.0,1,0,0,0,0,0,0,1,0,0,0,0,0,0,0,0,0,0,0,0,0,0,0,0,0,0.0
Pachyramphus rufus,Caneleiro-cinzento,NE,LC,0,0.0,1,0,0,0,0,0,0,1,1,0,0,0,0,0,0,0,0,0,0,0,0,0,0,0,0,0.0
Pachyramphus polychopterus,caneleiro-preto,NE,LC,0,0.0,1,1,1,1,1,1,0,1,1,1,1,1,0,1,0,0,0,0,0,0,0,0,0,0,0,0.0
Pachyramphus minor,Caneleiro-Pequeno,NE,LC,0,0.0,1,0,1,0,0,0,0,1,1,0,0,1,0,0,0,0,0,0,0,0,0,0,0,0,0,0.0
Pachyramphus marginatus,caneleiro-bordado,NE,LC,0,0.0,1,1,1,1,0,1,0,1,1,1,1,1,0,0,0,0,0,0,0,0,0,0,0,0,0,0.0
Pachyramphus castaneus,caneleiro,NE,LC,0,0.0,1,1,1,1,1,0,0,1,1,1,1,1,0,0,0,0,0,0,0,0,0,0,0,0,0,0.0
Ornithion inerme,poiaeiro-de-sobrancelha,NE,LC,0,0.0,1,1,1,1,0,0,0,1,1,1,0,1,0,0,0,0,0,0,0,0,0,0,0,0,0,0.0
Opisthocomus hoazin,Cigana,NE,LC,0,0.0,1,0,1,0,0,0,1,1,1,0,0,1,0,0,0,0,0,0,0,0,0,0,0,0,0,0.0
Dendrexetastes devillei,arapaçu-galinha-ocidental,NE,LC,0,0.0,1,0,0,0,0,0,0,1,0,0,0,0,0,0,0,0,0,0,0,0,0,0,0,0,0,0.0
Deconychura longicauda,arapaçu-rabudo,NE,LC,0,0.0,1,0,1,0,0,0,0,1,1,0,0,1,0,0,0,0,0,1,0,1,0,1,0,0,0,0.0
Camptostoma obsoletum,risadinha,NE,LC,0,0.0,1,1,1,1,1,1,1,1,1,1,1,1,0,0,0,0,0,0,0,0,0,0,0,0,0,0.0
Patagioenas speciosa,pomba-trocal,NE,LC,0,0.0,1,1,1,1,0,1,0,1,1,1,1,1,0,0,0,0,0,0,0,0,0,0,0,0,0,0.0
Patagioenas maculosa,pomba-do-orvalho,NE,LC,0,0.0,0,0,0,0,1,0,0,0,0,0,1,0,0,0,0,0,0,0,0,0,0,0,0,0,0,0.0
Patagioenas fasciata,pomba-de-coleira-branca,NE,LC,0,0.0,1,0,0,0,0,0,0,1,0,0,0,0,0,0,0,0,0,0,0,0,0,0,0,0,0,0.0
Passer domesticus,pardal,NE,,0,0.0,1,1,1,1,1,1,0,1,1,1,1,1,0,0,0,0,0,0,0,0,0,0,0,0,0,0.0
Paroaria xinguensis,Cardeal-do-xingu,NE,LC,0,0.0,1,0,1,0,0,0,0,0,0,0,0,1,1,0,0,0,0,0,0,0,0,0,0,0,0,0.0
Paroaria gularis,Cardeal-da-amazônia,NE,LC,0,0.0,1,0,1,0,0,0,0,1,0,0,0,1,0,0,0,0,0,0,0,0,0,0,0,0,0,0.0
Paroaria cervicalis,cardeal-da-bolívia,NE,LC,0,0.0,1,0,0,0,0,0,0,1,0,0,0,1,0,0,0,0,0,0,0,0,0,0,0,0,0,0.0
Paroaria baeri,"cardeal-do-araguaia, cardeal-do-xingu",NE,LC,0,0.0,1,0,1,0,0,0,0,1,0,0,0,1,1,0,0,0,0,0,0,0,0,0,0,0,0,0.0
Parkesia noveboracensis,mariquita-boreal,NE,LC,0,0.0,1,0,0,0,0,0,0,1,0,0,0,0,0,1,0,0,0,1,0,0,0,1,0,0,0,0.0
Parkesia motacilla,abana-rabo-da-serra,NE,,0,0.0,1,0,0,0,0,0,0,1,0,0,0,0,0,1,0,0,0,0,0,0,0,0,0,0,0,0.0
Pardirallus nigricans,saracura-sanã,NE,LC,0,0.0,0,1,1,1,1,1,0,0,1,1,1,1,0,0,0,0,0,0,0,0,0,0,0,0,0,0.0
Parabuteo unicinctus,gavião-asa-de-telha,NE,LC,0,0.0,1,1,1,1,1,1,0,1,1,1,1,1,0,0,0,0,0,0,0,0,0,0,0,0,0,0.0
Panyptila cayennensis,andorinhão-estofador,NE,LC,0,0.0,1,1,1,1,0,0,0,1,1,1,1,1,0,0,0,0,0,0,0,0,0,0,0,0,0,0.0
Pandion haliaetus,águia-pescadora,NE,LC,0,0.0,1,1,1,1,1,1,0,1,1,1,1,1,0,1,0,0,0,0,0,0,0,0,0,0,0,0.0
Pachysylvia muscicapina,vite-vite-camurça,NE,LC,0,0.0,1,0,1,0,0,1,0,1,0,0,0,1,0,0,0,0,0,0,0,0,0,0,0,0,0,0.0
Pachysylvia hypoxantha,Vite-vite-de-barriga-amarela,NE,LC,0,0.0,1,0,1,0,0,0,0,1,0,0,0,1,0,0,0,0,0,0,0,0,0,0,0,0,0,0.0
Perissocephalus tricolor,maú,NE,LC,0,0.0,1,0,0,0,0,0,0,1,0,0,0,0,0,0,1,0,0,0,0,0,0,0,0,0,0,0.0
Periporphyrus erythromelas,Bicudo-encarnado,NE,LC,0,0.0,1,0,0,0,0,0,0,1,1,0,0,0,0,0,0,0,0,0,0,0,0,0,0,0,0,0.0
Percnostola subcristata,formigueiro-de-hellmayr,NE,LC,0,0.0,1,0,0,0,0,0,0,1,0,0,0,0,1,0,0,0,0,0,0,0,0,0,0,0,0,0.0
Percnostola rufifrons,formigueiro-de-cabeça-preta,NE,LC,0,0.0,1,0,0,0,0,0,0,1,0,0,0,0,0,0,0,0,0,0,0,0,0,0,0,0,0,0.0
Percnostola minor,formigueiro-de-pelzeln,NE,LC,0,0.0,1,0,0,0,0,0,0,1,0,0,0,0,0,0,0,0,0,0,0,0,0,0,0,0,0,0.0
Automolus rufipileatus,barranqueiro-de-coroa-castanha,NE,LC,0,0.0,1,0,0,0,0,0,0,1,1,0,0,1,0,0,0,0,0,0,0,0,0,0,0,0,0,0.0
Automolus ochrolaemus,barranqueiro-camurça,NE,LC,0,0.0,1,0,1,0,0,0,0,1,0,0,0,1,0,0,0,0,0,0,0,0,0,0,0,0,0,0.0
Automolus melanopezus,barranqueiro-escuro,NE,NT,0,0.0,1,0,0,0,0,0,0,1,0,0,0,0,0,0,0,1,1,1,0,0,0,1,0,0,0,0.0
Automolus infuscatus,barranqueiro-pardo,NE,LC,0,0.0,1,0,0,0,0,0,1,1,1,0,0,0,0,0,0,0,0,0,0,0,0,0,0,0,0,0.0
Automolus cervicalis,barranqueiro-pardo-do-norte,NE,LC,0,0.0,1,0,0,0,0,0,0,1,0,0,0,0,0,0,0,0,0,0,0,0,0,0,0,0,0,0.0
Aulacorhynchus whitelianus,tucaninho-verde,NE,LC,0,0.0,1,0,0,0,0,0,0,1,0,0,0,0,0,0,0,0,0,0,0,0,0,0,0,0,0,0.0
Aulacorhynchus atrogularis,tucaninho-de-nariz-amarelo,NE,LC,0,0.0,1,0,0,0,0,0,0,1,0,0,0,0,0,0,0,1,1,1,0,0,0,1,0,0,0,0.0
Attila phoenicurus,capitão-castanho,NE,LC,0,0.0,1,1,1,1,1,1,0,1,1,1,1,1,0,1,0,0,0,0,0,0,0,0,0,0,0,0.0
Attila citriniventris,tinguaçu-de-barriga-amarela,NE,LC,0,0.0,1,0,0,0,0,0,0,1,0,0,0,0,0,0,0,0,0,0,0,0,0,0,0,0,0,0.0
Pelecanus occidentalis,pelicano,NE,,0,0.0,1,1,0,0,0,0,1,1,1,0,0,0,0,0,0,1,0,0,1,1,1,0,0,1,1,0.0
Patagioenas subvinacea,pomba-botafogo,NE,LC,0,0.0,1,0,1,0,0,0,0,1,1,0,0,1,0,0,0,1,0,0,0,0,0,0,0,0,1,0.0
Cyanocorax violaceus,gralha-violácea,NE,LC,0,0.0,1,0,0,0,0,0,0,1,0,0,0,0,0,0,0,0,0,0,0,0,0,0,0,0,0,0.0
Cyanocorax heilprini,gralha-de-nuca-azul,NE,LC,0,0.0,1,0,0,0,0,0,0,1,0,0,0,0,0,0,0,0,0,0,0,0,0,0,0,0,0,0.0
Petrochelidon pyrrhonota,andorinha-de-dorso-acanelado,NE,LC,0,0.0,1,1,1,1,1,1,0,1,1,1,1,1,0,1,0,0,0,0,0,0,0,0,0,0,0,0.0
Euphonia chrysopasta,Gaturamo-Verde,NE,LC,0,0.0,1,0,0,0,0,0,0,1,0,0,0,1,0,0,0,0,0,0,0,0,0,0,0,0,0,0.0
Euphonia chlorotica,fim-fim,NE,LC,0,0.0,1,1,1,1,1,1,0,1,1,1,1,1,0,0,0,0,0,0,0,0,0,0,0,0,0,0.0
Euphonia cayennensis,gaturamo-preto,NE,LC,0,0.0,1,0,0,0,0,0,0,1,1,0,0,0,0,0,0,0,0,0,0,0,0,0,0,0,0,0.0
Eupetomena macroura,beija-flor-tesoura,NE,LC,0,0.0,1,1,1,1,1,1,0,1,1,1,1,1,0,0,0,0,0,0,0,0,0,0,0,0,0,0.0
Eucometis penicillata,pipira-da-taoca,NE,LC,0,0.0,1,1,1,1,0,1,0,1,1,1,1,1,0,0,0,0,0,0,0,0,0,0,0,0,0,0.0
Euchrepomis spodioptila,zidedê-de-asa-cinza,NE,LC,0,0.0,1,0,0,0,0,0,0,1,0,0,0,0,0,0,1,0,0,0,0,0,0,0,0,0,0,0.0
Euchrepomis humeralis,zidedê-de-encontro,NE,LC,0,0.0,1,0,0,0,0,0,0,1,0,0,0,1,0,0,1,0,0,0,0,0,0,0,0,0,0,0.0
Eubucco tucinkae,capitão-de-colar-amarelo,NE,LC,0,0.0,1,0,0,0,0,0,0,1,0,0,0,0,0,0,0,1,1,1,1,1,0,1,0,0,0,0.0
Eubucco richardsoni,capitão-de-bigode-limão,NE,LC,0,0.0,1,0,0,0,0,0,0,1,0,0,0,0,0,0,0,0,0,0,0,0,0,0,0,0,0,0.0
Epinecrophylla pyrrhonota,choquinha-do-rio-negro,NE,LC,0,0.0,1,0,0,0,0,0,0,1,0,0,0,0,0,0,0,0,0,0,0,0,0,0,0,0,0,0.0
Epinecrophylla ornata,choquinha-ornada,NE,LC,0,0.0,1,0,0,0,0,1,0,1,0,0,0,1,0,0,0,0,0,0,0,0,0,0,0,0,0,0.0
Herpsilochmus sticturus,chorozinho-de-cauda-pintada,NE,LC,0,0.0,1,0,0,0,0,0,0,1,0,0,0,0,0,0,0,0,0,0,0,0,0,0,0,0,0,0.0
Herpsilochmus stictocephalus,chorozinho-de-cabeça-pintada,NE,LC,0,0.0,1,0,0,0,0,0,0,1,0,0,0,0,0,0,0,0,0,0,0,0,0,0,0,0,0,0.0
Phaethornis griseogularis,rabo-branco-de-garganta-cinza,NE,LC,0,0.0,1,0,0,0,0,0,0,1,0,0,0,0,0,0,0,0,0,0,0,0,0,0,0,0,0,0.0
Phaethornis bourcieri,rabo-branco-de-bico-reto,NE,LC,0,0.0,1,0,0,0,0,0,0,1,0,0,0,1,0,0,0,0,0,0,0,0,0,0,0,0,0,0.0
Phaethornis augusti,rabo-branco-cinza-claro,NE,LC,0,0.0,1,0,0,0,0,0,0,1,0,0,0,0,0,0,0,0,0,0,0,0,0,0,0,0,0,0.0
Phaeomyias murina,bagageiro,NE,LC,0,0.0,1,1,1,1,1,1,0,1,1,1,1,1,0,0,0,0,0,0,0,0,0,0,0,0,0,0.0
Phacellodomus sibilatrix,tio-tio-pequeno,NE,,0,0.0,0,0,0,0,1,0,0,0,0,0,1,0,0,0,0,0,0,0,0,0,0,0,0,0,0,0.0
Phacellodomus rufifrons,joão-de-pau,NE,LC,0,0.0,1,1,1,1,0,1,0,1,1,1,0,1,0,0,0,0,0,0,0,0,0,0,0,0,0,0.0
Phacellodomus ruber,graveteiro,NE,LC,0,0.0,1,1,1,1,1,1,0,1,1,1,1,1,0,0,0,0,0,0,0,0,0,0,0,0,0,0.0
Cyphorhinus modulator,uirapuru-ferrugíneo,NE,LC,0,0.0,1,0,0,0,0,0,0,1,0,0,0,0,0,0,0,0,0,0,0,0,0,0,0,0,0,0.0
Cyphorhinus griseolateralis,uirapuru-dos-flancos-cinza,VU,VU,0,0.0,1,0,0,0,0,0,0,1,0,0,0,1,1,0,1,1,0,1,1,1,0,1,0,0,0,1.0
Cyphorhinus arada,uirapuru-da-guiana,NE,LC,0,0.0,1,0,0,0,0,0,0,1,0,0,0,1,0,0,0,1,1,1,0,1,0,1,0,0,0,0.0
Cymbilaimus lineatus,papa-formiga-barrado,NE,LC,0,0.0,1,0,1,0,0,0,0,1,0,0,0,1,0,0,0,0,0,0,0,0,0,0,0,0,0,0.0
Cyclarhis gujanensis,pitiguari,NE,LC,0,0.0,1,1,1,1,1,1,1,1,1,1,1,1,0,0,0,0,0,0,0,0,0,0,0,0,0,0.0
Cyanophonia cyanocephala,gaturamo-rei,NE,LC,0,0.0,1,1,1,1,1,0,0,1,1,1,1,1,0,0,0,0,0,0,0,0,0,0,0,0,0,0.0
Cyanoloxia rothschildii,azulão-da-amazônia,NE,LC,0,0.0,1,0,1,0,0,0,0,1,1,0,0,1,0,0,0,0,0,0,0,0,0,0,0,0,0,0.0
Cyanoloxia glaucocaerulea,azulinho,NE,LC,0,0.0,1,1,1,0,1,0,0,0,0,1,1,1,0,1,0,0,0,0,0,0,0,0,0,0,0,0.0
Philohydor lictor,bentevizinho-do-brejo,NE,LC,0,0.0,1,1,1,1,0,1,0,1,1,1,0,1,0,0,0,0,0,0,0,0,0,0,0,0,0,0.0
Pheugopedius genibarbis,garrinchão-pai-avô,NE,LC,0,0.0,1,1,1,1,0,1,0,1,1,1,0,1,0,0,0,0,0,0,0,0,0,0,0,0,0,0.0
Pheugopedius coraya,garrinchão-coraia,NE,LC,0,0.0,1,0,0,0,0,0,0,1,0,0,0,0,0,0,0,0,0,0,0,0,0,0,0,0,0,0.0
Pheucticus aureoventris,rei-do-bosque,NE,LC,0,0.0,1,1,1,0,0,1,0,1,0,0,0,1,0,1,0,0,0,0,0,0,0,0,0,0,0,0.0
Pharomachrus pavoninus,surucuá-pavão,NE,LC,0,0.0,1,0,0,0,0,0,0,1,0,0,0,1,0,0,1,0,0,0,0,0,0,0,0,0,0,0.0
Phalaropus tricolor,pisa-n'água,NE,,0,0.0,1,1,1,0,1,1,0,0,0,1,1,1,0,1,0,0,0,0,0,0,0,0,0,0,0,0.0
Phalaropus fulicarius,falaropo-de-bico-grosso,NE,,0,0.0,1,1,1,0,0,0,0,1,0,0,1,1,0,0,0,0,0,0,0,0,0,0,0,0,0,0.0
Phaethornis superciliosus,Rabo-branco-de-bigodes,NE,LC,0,0.0,1,0,1,0,0,1,0,1,1,0,0,1,0,0,1,0,0,0,0,0,0,0,0,0,0,0.0
Phaethornis rupurumii,rabo-branco-do-rupununi,NE,LC,0,0.0,1,0,0,0,0,0,0,1,0,0,0,0,0,0,0,0,0,0,0,0,0,0,0,0,0,0.0
Phaethornis ruber,rabo-branco-rubro,NE,LC,0,0.0,1,1,1,1,0,1,0,1,1,1,1,1,0,0,0,0,0,0,0,0,0,0,0,0,0,0.0
Phaethornis pretrei,rabo-branco-acanelado,NE,LC,0,0.0,1,1,1,1,0,1,0,1,1,1,1,1,0,0,0,0,0,0,0,0,0,0,0,0,0,0.0
Phaethornis philippii,rabo-branco-amarelo,NE,LC,0,0.0,1,0,0,0,0,0,0,1,0,0,0,1,0,0,0,0,0,0,0,0,0,0,0,0,0,0.0
Phaethornis nattereri,rabo-branco-de-sobre-amarelo,NE,LC,0,0.0,1,0,1,0,0,1,0,1,0,0,0,1,0,0,0,0,0,0,0,0,0,0,0,0,0,0.0
Phaethornis malaris,besourão-de-bico-grande,NE,LC,0,0.0,1,0,0,0,0,0,0,1,0,0,0,1,0,0,1,0,0,0,0,0,0,0,0,0,0,0.0
Phaethornis major,rabo-branco-de-bico-reto,VU,VU,0,0.0,1,0,0,0,0,0,0,1,0,0,0,1,1,0,1,1,1,1,1,1,0,1,0,0,0,1.0
Phaethornis hispidus,rabo-branco-cinza,NE,LC,0,0.0,1,0,0,0,0,0,0,1,0,0,0,1,0,0,1,0,0,0,0,0,0,0,0,0,0,0.0
Atalotriccus pilaris,maria-de-olho-claro,NE,DD,0,0.0,1,0,0,0,0,0,0,1,0,0,0,0,0,0,0,1,1,1,0,0,0,1,0,0,0,0.0
Cyanocorax cyanomelas,gralha-do-pantanal,NE,LC,0,0.0,1,1,1,0,0,1,0,0,0,0,1,1,0,0,0,0,0,0,0,0,0,0,0,0,0,0.0
Cyanocorax chrysops,gralha-picaça,NE,LC,0,0.0,1,1,1,1,1,1,0,1,0,1,1,1,0,0,0,0,0,0,0,0,0,0,0,0,0,0.0
Cyanocorax cayanus,gralha-da-guiana,NE,LC,0,0.0,1,0,0,0,0,0,0,1,0,0,0,0,0,0,0,0,0,0,0,0,0,0,0,0,0,0.0
Cyanicterus cyanicterus,pipira-azul,NE,LC,0,0.0,1,0,0,0,0,0,0,1,0,0,0,0,0,0,0,0,0,0,0,0,0,0,0,0,0,0.0
Cyanerpes nitidus,saí-de-bico-curto,NE,LC,0,0.0,1,0,1,0,0,0,0,1,0,0,0,1,0,0,0,0,0,0,0,0,0,0,0,0,0,0.0
Cyanerpes caeruleus,saí-de-perna-amarela,NE,LC,0,0.0,1,0,1,0,0,0,0,1,1,0,0,1,0,0,0,0,0,0,0,0,0,0,0,0,0,0.0
Crypturellus soui,tururim,NE,LC,0,0.0,1,1,1,1,0,1,1,1,1,1,0,1,0,0,0,0,0,0,0,0,0,0,0,0,0,0.0
Asio stygius,mocho-diabo,NE,LC,0,0.0,1,1,1,1,1,0,0,1,1,1,1,1,0,0,0,1,1,0,1,1,0,0,0,0,0,0.0
Asio flammeus,mocho-dos-banhados,NE,LC,0,0.0,1,1,1,1,1,0,0,1,1,1,1,1,0,0,0,1,1,0,1,1,1,0,0,0,0,0.0
Asio clamator,coruja-orelhuda,NE,LC,0,0.0,1,1,1,1,1,1,1,1,1,1,1,1,0,0,0,0,0,0,0,0,0,0,0,0,0,0.0
Phoenicircus carnifex,saurá,NE,LC,0,0.0,1,0,0,0,0,0,0,1,1,0,0,0,0,0,0,0,0,0,0,0,0,0,0,0,0,0.0
Phlegopsis erythroptera,mãe-de-taoca-avermelhada,NE,LC,0,0.0,1,0,0,0,0,0,0,1,0,0,0,0,0,0,1,0,0,0,0,0,0,0,0,0,0,0.0
Phimosus infuscatus,tapicuru-de-cara-pelada,NE,LC,0,0.0,1,1,1,1,1,1,0,1,1,1,1,1,0,0,0,0,0,0,0,0,0,0,0,0,0,0.0
Philydor pyrrhodes,Limpa-folha-vermelho,NE,LC,0,0.0,1,0,0,0,0,0,0,1,1,0,0,1,0,0,0,0,0,0,0,0,0,0,0,0,0,0.0
Philydor erythrocercum,Limpa-folha-de-sobre-ruivo,NE,LC,0,0.0,1,0,1,0,0,0,0,1,1,0,0,1,0,0,0,0,0,0,0,0,0,0,0,0,0,0.0
Atlapetes personatus,tico-tico-do-tepui,NE,LC,0,0.0,1,0,0,0,0,0,0,1,0,0,0,0,0,0,0,0,0,0,0,0,0,0,0,0,0,0.0
Herpsilochmus roraimae,chorozinho-de-roraima,NE,LC,0,0.0,1,0,0,0,0,0,0,1,0,0,0,0,0,0,0,1,1,1,0,0,0,1,0,0,0,0.0
Herpsilochmus longirostris,chorozinho-de-bico-comprido,NE,LC,0,0.0,1,1,1,0,0,1,0,1,1,1,1,1,0,0,0,0,0,0,0,0,0,0,0,0,0,0.0
Herpsilochmus frater,chorozinho-de-asa-vermelha-do-norte,NE,LC,0,0.0,1,1,1,1,0,0,0,1,1,0,0,1,0,0,0,0,0,0,0,0,0,0,0,0,0,0.0
Herpsilochmus dorsimaculatus,chorozinho-de-costas-manchadas,NE,LC,0,0.0,1,0,0,0,0,0,0,1,0,0,0,0,0,0,0,0,0,0,0,0,0,0,0,0,0,0.0
Herpetotheres cachinnans,"acanã, acauã, cauã, macaguá, macauá, uacanã",NE,LC,0,0.0,1,1,1,1,1,1,0,1,1,1,1,1,0,0,0,0,0,0,0,0,0,0,0,0,0,0.0
Hemitriccus zosterops,maria-de-olho-branco,NE,LC,0,0.0,1,0,0,0,0,0,0,1,0,0,0,0,0,0,0,0,0,0,0,0,0,0,0,0,0,0.0
Hemitriccus striaticollis,sebinho-rajado-amarelo,NE,LC,0,0.0,1,1,1,1,0,1,0,1,1,1,0,1,0,0,0,0,0,0,0,0,0,0,0,0,0,0.0
Hemitriccus minor,Maria-sebinha,NE,LC,0,0.0,1,0,1,0,0,0,0,1,0,0,0,1,0,0,0,0,0,0,0,0,0,0,0,0,0,0.0
Hemitriccus minimus,Maria-mirim,NE,LC,0,0.0,1,0,1,0,0,0,0,1,0,0,0,1,0,0,0,0,0,0,0,0,0,0,0,0,0,0.0
Hemitriccus margaritaceiventer,sebinho-de-olho-de-ouro,NE,LC,0,0.0,1,1,1,1,1,1,0,1,1,1,1,1,0,0,0,0,0,0,0,0,0,0,0,0,0,0.0
Hemitriccus josephinae,maria-bicudinha,NE,LC,0,0.0,1,0,0,0,0,0,0,1,0,0,0,0,0,0,0,0,0,0,0,0,0,0,0,0,0,0.0
Hemitriccus iohannis,maria-peruviana,NE,LC,0,0.0,1,0,0,0,0,0,0,1,0,0,0,0,0,0,0,0,0,0,0,0,0,0,0,0,0,0.0
Hemitriccus inornatus,maria-da-campina,NE,LC,0,0.0,1,0,0,0,0,0,0,1,0,0,0,0,0,0,0,1,1,1,0,0,0,1,0,0,0,0.0
Hemitriccus flammulatus,maria-de-peito-machetado,NE,LC,0,0.0,1,0,1,0,0,0,0,1,0,0,0,1,0,0,0,0,0,0,0,0,0,0,0,0,0,0.0
Athene cunicularia,coruja-buraqueira,NE,LC,0,0.0,1,1,1,1,1,1,1,1,1,1,1,1,0,0,0,1,1,1,1,0,1,0,1,1,0,0.0
Piculus leucolaemus,pica-pau-de-garganta-branca,NE,LC,0,0.0,1,0,1,0,0,0,0,1,0,0,0,1,0,0,0,0,0,0,0,0,0,0,0,0,0,0.0
Piculus laemostictus,Pica-pau-de-garganta-pintada,NE,LC,0,0.0,1,0,1,0,0,0,0,1,0,0,0,1,0,0,0,0,0,0,0,0,0,0,0,0,0,0.0
Piculus flavigula,pica-pau-bufador,NE,LC,0,0.0,1,1,1,0,0,0,0,1,1,1,1,1,0,0,0,0,0,0,0,0,0,0,0,0,0,0.0
Piculus capistratus,pica-pau-de-garganta-barrada,NE,LC,0,0.0,1,0,0,0,0,0,0,1,0,0,0,0,0,0,0,0,0,0,0,0,0,0,0,0,0,0.0
Piaya melanogaster,chincoã-de-bico-vermelho,NE,LC,0,0.0,1,0,1,0,0,0,0,1,0,0,0,1,0,0,0,1,0,0,0,0,0,0,0,0,1,0.0
Phytotoma rutila,corta-ramos,NE,,0,0.0,0,0,0,0,1,0,0,0,0,0,1,0,0,1,0,0,0,0,0,0,0,0,0,0,0,0.0
Phylloscartes virescens,borboletinha-guianense,NE,LC,0,0.0,1,0,0,0,0,0,0,1,1,0,0,0,0,0,0,0,0,0,0,0,0,0,0,0,0,0.0
Phyllomyias weedeni,piolhinho-do-acre,NE,,0,0.0,1,0,0,0,0,0,0,1,0,0,0,0,0,0,0,0,0,0,0,0,0,0,0,0,0,0.0
Phyllomyias griseiceps,piolhinho-de-cabeça-cinza,NE,LC,0,0.0,1,0,0,0,0,0,0,1,0,0,0,0,0,0,0,0,0,0,0,0,0,0,0,0,0,0.0
Phyllomyias fasciatus,piolhinho,NE,LC,0,0.0,1,1,1,1,1,0,0,1,1,1,1,1,0,0,0,0,0,0,0,0,0,0,0,0,0,0.0
Phyllaemulor bracteatus,urutau-ferrugem,NE,LC,0,0.0,1,0,0,0,0,0,0,1,0,0,0,0,0,0,1,0,0,0,0,0,0,0,0,0,0,0.0
Phoenicircus nigricollis,saurá-de-pescoço-preto,NE,LC,0,0.0,1,0,1,0,0,0,0,1,0,0,0,1,0,0,0,0,0,0,0,0,0,0,0,0,0,0.0
Attila cinnamomeus,tinguaçu-ferrugem,NE,LC,0,0.0,1,0,1,0,0,1,0,1,1,0,0,1,0,0,0,0,0,0,0,0,0,0,0,0,0,0.0
Attila bolivianus,bate-pára,NE,LC,0,0.0,1,0,1,0,0,1,0,1,0,0,0,1,0,0,0,0,0,0,0,0,0,0,0,0,0,0.0
Atticora tibialis,calcinha-branca,NE,LC,0,0.0,1,1,1,0,0,0,0,1,1,1,1,0,0,0,0,1,1,0,0,0,0,0,0,0,0,0.0
Atticora fasciata,peitoril,NE,LC,0,0.0,1,0,0,0,0,0,0,1,0,0,0,1,0,0,0,0,0,0,0,0,0,0,0,0,0,0.0
Crypturellus duidae,inhambu-de-pé-cinza,NE,LC,0,0.0,1,0,0,0,0,0,0,1,0,0,0,0,0,0,0,1,1,0,0,0,0,1,0,0,0,0.0
Ortalis guttata,aracuã-pintado,NE,LC,0,0.0,1,1,1,1,0,0,0,1,1,0,1,1,0,0,0,0,0,0,0,0,0,0,0,0,0,0.0
Crypturellus atrocapillus,inhambu-de-coroa-preta,NE,LC,0,0.0,1,0,0,0,0,0,0,1,0,0,0,0,0,0,0,1,1,1,0,1,0,1,0,0,0,0.0
Crotophaga major,anu-coroca,NE,LC,0,0.0,1,1,1,1,1,1,1,1,1,1,1,1,0,0,0,0,0,0,0,0,0,0,0,0,0,0.0
Crotophaga ani,anu-preto,NE,LC,0,0.0,1,1,1,1,1,1,1,1,1,1,1,1,0,0,0,0,0,0,0,0,0,0,0,0,0,0.0
Cranioleuca vulpina,arredio-do-rio,NE,LC,0,0.0,1,1,1,1,0,1,0,1,1,1,1,1,0,0,0,0,0,0,0,0,0,0,0,0,0,0.0
Picumnus spilogaster,pica-pau-anão-de-pescoço-branco,NE,LC,0,0.0,1,0,0,0,0,0,0,1,0,0,0,0,0,0,0,1,1,1,1,0,0,1,0,0,0,0.0
Picumnus rufiventris,pica-pau-anão-vermelho,NE,LC,0,0.0,1,0,0,0,0,0,0,1,0,0,0,0,0,0,0,0,0,0,0,0,0,0,0,0,0,0.0
Picumnus pygmaeus,picapauzinho-pintado,NE,LC,0,0.0,1,1,1,1,0,0,0,1,1,1,0,0,1,0,0,0,0,0,0,0,0,0,0,0,0,0.0
Picumnus pumilus,pica-pau-anão-do-orinoco,NE,LC,0,0.0,1,0,0,0,0,0,0,1,0,0,0,0,0,0,0,0,0,0,0,0,0,0,0,0,0,0.0
Picumnus lafresnayi,pica-pau-anão-do-amazonas,NE,LC,0,0.0,1,0,0,0,0,0,0,1,0,0,0,0,0,0,0,0,0,0,0,0,0,0,0,0,0,0.0
Picumnus fuscus,picapauzinho-fusco,NE,LC,0,0.0,1,0,0,0,0,0,0,1,0,0,0,1,0,0,0,0,0,0,0,0,0,0,0,0,0,0.0
Picumnus cirratus,"pica-pau-anão-barrado, picapauzinho-barrado",NE,LC,0,0.0,1,1,1,1,1,1,0,1,1,1,1,1,0,0,0,0,0,0,0,0,0,0,0,0,0,0.0
Picumnus buffonii,picapauzinho-de-costas-pintadas,NE,LC,0,0.0,1,0,0,0,0,0,0,1,1,0,0,0,0,0,0,0,0,0,0,0,0,0,0,0,0,0.0
Picumnus aurifrons,Picapauzinho-dourado,NE,LC,0,0.0,1,0,1,0,0,1,0,1,1,0,0,1,0,0,0,0,0,0,0,0,0,0,0,0,0,0.0
Picumnus albosquamatus,"pica-pau-anão-escamado, picapauzinho-escamoso",NE,LC,0,0.0,1,1,1,1,0,1,0,1,1,1,1,1,0,0,0,0,0,0,0,0,0,0,0,0,0,0.0
Piranga lutea,sanhaçu-montano,NE,LC,0,0.0,1,0,0,0,0,0,0,1,0,0,0,0,0,0,0,0,0,0,0,0,0,0,0,0,0,0.0
Piranga leucoptera,sanhaçu-de-asa-branca,NE,,0,0.0,1,0,0,0,0,0,0,1,0,0,0,0,0,0,0,0,0,0,0,0,0,0,0,0,0,0.0
Piranga flava,sanhaço-de-fogo,NE,LC,0,0.0,1,1,1,1,1,1,0,1,1,1,1,1,0,0,0,0,0,0,0,0,0,0,0,0,0,0.0
Pipreola whitelyi,anambé-de-whitely,NE,LC,0,0.0,1,0,0,0,0,0,0,1,0,0,0,0,0,0,0,0,0,0,0,0,0,0,0,0,0,0.0
Pipraeidea melanonota,saíra-viúva,NE,LC,0,0.0,1,1,1,1,1,1,0,0,1,1,1,1,0,0,0,0,0,0,0,0,0,0,0,0,0,0.0
Pipra filicauda,rabo-de-arame,NE,LC,0,0.0,1,0,0,0,0,0,0,1,0,0,0,0,0,0,0,0,0,0,0,0,0,0,0,0,0,0.0
Pipra fasciicauda,uirapuru-laranja,NE,LC,0,0.0,1,1,1,1,0,1,0,1,1,1,1,1,0,0,0,0,0,0,0,0,0,0,0,0,0,0.0
Pipra aureola,uirapuru-vermelho,NE,LC,0,0.0,1,0,0,0,0,0,0,1,0,0,0,0,0,0,0,0,0,0,0,0,0,0,0,0,0,0.0
Pionus menstruus,maitaca-de-cabeça-azul,NE,LC,0,0.0,1,1,1,0,0,1,0,1,1,0,0,1,0,0,0,0,0,0,0,0,0,0,0,0,0,0.0
Pionus maximiliani,maitaca,NE,LC,0,0.0,1,1,1,1,1,1,0,1,1,1,1,1,0,0,0,0,0,0,0,0,0,0,0,0,0,0.0
Pionus fuscus,Maitaca-roxa,NE,LC,0,0.0,1,0,0,0,0,0,0,1,1,0,0,0,0,0,0,1,0,0,0,0,0,0,0,0,1,0.0
Pionites melanocephalus,marianinha-de-cabeça-preta,NE,LC,0,0.0,1,0,0,0,0,0,0,1,0,0,0,0,0,0,0,0,0,0,0,0,0,0,0,0,0,0.0
Pionites leucogaster,marianinha-de-cabeça-amarela,NE,LC,0,0.0,1,0,0,0,0,0,0,1,1,0,0,1,0,0,0,0,0,0,0,0,0,0,0,0,0,0.0
Pilherodius pileatus,garça-real,NE,LC,0,0.0,1,1,1,1,0,1,0,1,1,1,1,1,0,0,0,0,0,0,0,0,0,0,0,0,0,0.0
Picumnus subtilis,pica-pau-anão-de-barras-sutis,NE,LC,0,0.0,1,0,0,0,0,0,0,1,0,0,0,0,0,0,0,0,0,0,0,0,0,0,0,0,0,0.0
Crypturellus erythropus,inhambu-de-perna-vermelha,NE,LC,0,0.0,1,0,0,0,0,0,0,1,0,0,0,0,0,0,0,0,0,0,0,0,0,0,0,0,0,0.0
Poecilotriccus russatus,ferreirinho-ferrugem,NE,LC,0,0.0,1,0,0,0,0,0,0,1,0,0,0,0,0,0,0,1,1,1,0,0,1,1,0,0,0,0.0
Poecilotriccus plumbeiceps,tororó,NE,LC,0,0.0,0,1,1,1,1,1,0,0,1,1,1,1,0,0,0,0,0,0,0,0,0,0,0,0,0,0.0
Poecilotriccus latirostris,ferreirinho-de-cara-parda,NE,LC,0,0.0,1,1,1,0,0,1,0,1,0,1,1,1,0,0,0,0,0,0,0,0,0,0,0,0,0,0.0
Poecilotriccus fumifrons,ferreirinho-de-testa-parda,NE,LC,0,0.0,1,1,1,1,0,0,0,1,1,0,0,1,0,0,0,0,0,0,0,0,0,0,0,0,0,0.0
Poecilotriccus capitalis,Maria-picaça,NE,LC,0,0.0,1,0,0,0,0,0,0,1,0,0,0,0,0,0,0,0,0,0,0,0,0,0,0,0,0,0.0
Podilymbus podiceps,mergulhão-caçador,NE,LC,0,0.0,1,1,1,1,1,1,0,1,1,1,1,1,0,0,0,0,0,0,0,0,0,0,0,0,0,0.0
Agamia agami,garça-da-mata,NE,LC,0,0.0,1,0,1,0,0,1,0,1,0,0,0,1,0,0,0,1,1,1,0,0,0,0,0,0,0,0.0
Podager nacunda,corucão,NE,LC,0,0.0,1,1,1,1,1,1,0,1,1,1,1,1,0,1,0,0,0,0,0,0,0,0,0,0,0,0.0
Platyrinchus saturatus,Patinho-escuro,NE,LC,0,0.0,1,0,0,0,0,0,0,1,1,0,0,1,0,0,0,0,0,0,0,0,0,0,0,0,0,0.0
Platyrinchus platyrhynchos,Patinho-de-coroa-branca,NE,LC,0,0.0,1,0,1,0,0,1,1,1,1,0,0,1,0,0,0,0,0,0,0,0,0,0,0,0,0,0.0
Platyrinchus coronatus,patinho-de-coroa-dourada,NE,LC,0,0.0,1,0,0,0,0,0,0,1,0,0,0,1,0,0,1,0,0,0,0,0,0,0,0,0,0,0.0
Platalea ajaja,colhereiro,NE,LC,0,0.0,1,1,1,1,1,1,0,1,1,1,1,1,0,1,0,0,1,1,0,0,0,0,0,0,0,0.0
Pithys albifrons,papa-formiga-de-topete,NE,LC,0,0.0,1,0,0,0,0,0,0,1,0,0,0,0,0,0,0,0,0,0,0,0,0,0,0,0,0,0.0
Pitangus sulphuratus,bem-te-vi,NE,LC,0,0.0,1,1,1,1,1,1,0,1,1,1,1,1,0,1,0,0,0,0,0,0,0,0,0,0,0,0.0
Piranga rubra,sanhaçu-vermelho,NE,LC,0,0.0,1,1,1,0,0,0,0,1,0,0,1,1,0,1,0,0,0,0,0,0,0,0,0,0,0,0.0
Piranga olivacea,sanhaçu-escarlate,NE,LC,0,0.0,1,0,0,0,0,0,0,1,0,0,0,0,0,0,1,0,0,0,0,0,0,0,0,0,0,0.0
Haematopus palliatus,piru-piru,NE,LC,0,0.0,1,1,1,1,1,0,0,1,1,1,1,0,0,0,0,1,1,1,0,0,1,0,0,1,1,0.0
Haematoderus militaris,anambé-militar,NE,LC,0,0.0,1,0,0,0,0,0,0,1,1,0,0,1,0,0,0,1,0,1,0,0,0,0,0,0,0,0.0
Cranioleuca vulpecula,arredio-de-peito-branco,NE,LC,0,0.0,1,0,0,0,0,0,0,1,0,0,0,0,0,0,0,1,1,1,0,0,0,0,0,0,0,0.0
Cranioleuca pyrrhophia,arredio,NE,LC,0,0.0,0,0,0,0,1,1,0,0,0,0,1,1,0,0,0,0,0,0,0,0,0,0,0,0,0,0.0
Agelaioides badius,asa-de-telha,NE,LC,0,0.0,0,1,1,0,1,1,0,0,0,1,1,1,0,0,0,0,0,0,0,0,0,0,0,0,0,0.0
Cranioleuca gutturata,joão-pintado,NE,LC,0,0.0,1,0,0,0,0,0,0,1,0,0,0,1,0,0,0,0,0,0,0,0,0,0,0,0,0,0.0
Cranioleuca demissa,joão-do-tepui,NE,LC,0,0.0,1,0,0,0,0,0,0,1,0,0,0,0,0,0,0,0,0,0,0,0,0,0,0,0,0,0.0
Cotinga maynana,anambé-turquesa,NE,LC,0,0.0,1,0,0,0,0,0,0,1,0,0,0,0,0,0,0,0,0,0,0,0,0,0,0,0,0,0.0
Cotinga cotinga,anambé-de-peito-roxo,NE,LC,0,0.0,1,0,1,0,0,0,0,1,1,0,0,0,0,0,0,0,0,0,0,0,0,0,0,0,0,0.0
Celeus elegans,pica-pau-chocolate,NE,LC,0,0.0,1,0,1,0,0,0,0,1,1,0,0,1,0,0,0,0,0,0,0,0,0,0,0,0,0,0.0
Catharus minimus,sabiá-de-cara-cinza,NE,LC,0,0.0,1,0,0,0,0,0,0,1,0,0,0,0,0,1,0,1,0,1,0,1,0,1,0,0,0,0.0
Catharus aurantiirostris,sabiazinho-de-bico-laranja,NE,LC,0,0.0,1,0,0,0,0,0,0,1,0,0,0,0,0,0,0,0,0,0,0,0,0,0,0,0,0,0.0
Polioptila guianensis,balança-rabo-guianense,NE,LC,0,0.0,1,0,0,0,0,0,0,1,0,0,0,0,0,0,0,0,0,0,0,0,0,0,0,0,0,0.0
Polioptila facilis,balança-rabo-do-rio-negro,NE,LC,0,0.0,1,0,0,0,0,0,0,1,0,0,0,0,0,0,0,0,0,0,0,0,0,0,0,0,0,0.0
Polioptila dumicola,balança-rabo-de-máscara,NE,LC,0,0.0,1,1,1,1,1,1,0,1,1,1,1,1,0,0,0,0,0,0,0,0,0,0,0,0,0,0.0
Poecilotriccus sylvia,Ferreirinho-da-capoeira,NE,LC,0,0.0,1,0,1,0,0,0,0,1,1,0,0,0,0,0,0,0,0,0,0,0,0,0,0,0,0,0.0
Polioptila parvirostris,balança-rabo-do-acre,NE,LC,0,0.0,1,0,0,0,0,0,0,1,0,0,0,0,0,0,0,0,0,0,0,0,0,0,0,0,0,0.0
Polioptila innotata,balança-rabo-de-roraima,NE,LC,0,0.0,1,0,0,0,0,0,0,1,0,0,0,0,0,0,0,0,0,0,0,0,0,0,0,0,0,0.0
Hemitriccus cohnhafti,maria-sebinha-do-acre,NE,NT,0,0.0,1,0,0,0,0,0,0,1,0,0,0,0,0,0,0,1,1,1,0,0,0,1,0,0,0,0.0
Hemithraupis guira,saíra-de-papo-preto,NE,LC,0,0.0,1,1,1,1,1,1,0,1,1,1,1,1,0,0,0,0,0,0,0,0,0,0,0,0,0,0.0
Hemithraupis flavicollis,saíra-galega,NE,LC,0,0.0,1,1,1,1,0,0,1,1,1,1,0,1,0,0,0,0,0,0,0,0,0,0,0,0,0,0.0
Heliothryx auritus,beija-flor-de-bochecha-azul,NE,LC,0,0.0,1,1,1,1,0,0,0,1,1,1,1,1,0,0,0,0,0,0,0,0,0,0,0,0,0,0.0
Heliomaster longirostris,bico-reto-cinzento,NE,LC,0,0.0,1,0,1,0,0,1,0,1,1,0,0,1,0,0,1,0,0,0,0,0,0,0,0,0,0,0.0
Heliomaster furcifer,bico-reto-azul,NE,LC,0,0.0,1,1,1,0,1,1,0,1,0,1,1,1,0,0,0,0,0,0,0,0,0,0,0,0,0,0.0
Heliodoxa xanthogonys,brilhante-veludo,NE,LC,0,0.0,1,0,0,0,0,0,0,1,0,0,0,0,0,0,0,0,0,0,0,0,0,0,0,0,0,0.0
Heliodoxa schreibersii,brilhante-de-garganta-preta,NE,LC,0,0.0,1,0,0,0,0,0,0,1,0,0,0,0,0,0,0,0,0,0,0,0,0,0,0,0,0,0.0
Heliodoxa aurescens,Beija-flor-estrela,NE,LC,0,0.0,1,0,0,0,0,0,0,1,0,0,0,0,0,0,0,0,0,0,0,0,0,0,0,0,0,0.0
Helicolestes hamatus,gavião-do-igapó,NE,LC,0,0.0,1,0,1,0,0,0,0,1,0,0,0,0,0,0,0,0,0,0,0,0,0,1,0,0,0,0.0
Heliactin bilophus,chifre-de-ouro,NE,LC,0,0.0,1,1,1,1,0,1,0,1,1,1,0,1,0,0,0,0,0,0,0,0,0,0,0,0,0,0.0
Harpagus diodon,gavião-bombachinha,NE,LC,0,0.0,1,1,1,1,1,1,0,1,1,1,1,1,0,1,0,0,0,0,0,0,0,0,0,0,0,0.0
Harpagus bidentatus,gavião-ripina,NE,LC,0,0.0,1,1,1,1,0,1,0,1,1,1,0,1,0,0,0,0,0,0,0,0,0,0,0,0,0,0.0
Hafferia fortis,formigueiro-de-taoca,NE,LC,0,0.0,1,0,0,0,0,0,0,1,0,0,0,0,0,0,0,0,0,0,0,0,0,0,0,0,0,0.0
Cathartes aura,urubu-de-cabeça-vermelha,NE,LC,0,0.0,1,1,1,1,1,1,1,1,1,1,1,1,0,0,0,0,1,1,0,0,0,0,0,0,0,0.0
Catamenia homochroa,patativa-da-amazônia,NE,LC,0,0.0,1,0,0,0,0,0,0,1,0,0,0,0,0,0,0,0,0,0,0,0,0,0,0,0,0,0.0
Casiornis rufus,maria-ferrugem,NE,LC,0,0.0,1,1,1,1,1,1,0,1,1,1,1,1,0,0,0,0,0,0,0,0,0,0,0,0,0,0.0
Caryothraustes canadensis,furriel-do-norte,NE,LC,0,0.0,1,0,1,1,0,0,0,1,1,0,0,0,0,0,0,0,0,0,0,0,0,0,0,0,0,0.0
Cotinga cayana,anambé-azul,NE,LC,0,0.0,1,0,1,0,0,0,0,1,1,0,0,1,0,0,0,0,0,0,0,0,0,0,0,0,0,0.0
Corythopis torquatus,estalador-do-norte,NE,LC,0,0.0,1,0,1,0,0,0,0,1,0,0,0,1,0,0,0,0,0,0,0,0,0,0,0,0,0,0.0
Corythopis delalandi,estalador,NE,LC,0,0.0,1,1,1,0,1,1,0,1,1,1,1,1,0,0,0,0,0,0,0,0,0,0,0,0,0,0.0
Corapipo gutturalis,dançarino-de-garganta-branca,NE,LC,0,0.0,1,0,0,0,0,0,0,1,0,0,0,0,0,0,0,0,0,0,0,0,0,0,0,0,0,0.0
Porphyrolaema porphyrolaema,Cotinga-de-garganta-encarnada,NE,LC,0,0.0,1,0,0,0,0,0,0,1,0,0,0,1,0,0,0,0,0,0,0,0,0,0,0,0,0,0.0
Agelasticus atroolivaceus,carretão,NE,LC,0,0.0,1,1,1,1,0,0,0,1,1,1,1,1,1,0,0,0,0,0,0,0,0,0,0,0,0,0.0
Porphyrio martinica,frango-d`água-azul,NE,LC,0,0.0,1,1,1,1,1,1,0,1,1,1,1,1,0,1,0,1,0,0,0,1,0,0,0,0,0,0.0
Porphyrio alleni,"caimão-de-Allen, frango-d’água-africano",NE,,0,0.0,1,1,0,0,0,0,0,1,1,0,0,0,0,0,0,0,0,0,0,0,0,0,0,0,0,0.0
Poospiza nigrorufa,quem-te-vestiu,NE,LC,0,0.0,0,1,0,0,1,0,0,0,0,0,1,0,0,0,0,0,0,0,0,0,0,0,0,0,0,0.0
Polytmus theresiae,beija-flor-verde,NE,LC,0,0.0,1,0,1,0,0,0,0,1,1,0,0,1,0,0,0,0,0,0,0,0,0,0,0,0,0,0.0
Polytmus guainumbi,beija-flor-de-bico-curvo,NE,LC,0,0.0,1,1,1,1,1,1,0,1,1,1,1,1,0,0,0,0,0,0,0,0,0,0,0,0,0,0.0
Polioptila plumbea,balança-rabo-de-chapéu-preto,NE,LC,0,0.0,1,0,0,0,0,0,0,1,1,0,0,0,0,0,0,0,0,0,0,0,0,0,0,0,0,0.0
Psarocolius angustifrons,japu-pardo,NE,LC,0,0.0,1,0,0,0,0,0,0,1,0,0,0,0,0,0,0,0,0,0,0,0,0,0,0,0,0,0.0
Progne tapera,andorinha-do-campo,NE,LC,0,0.0,1,1,1,1,1,1,1,1,1,1,1,1,0,1,0,0,1,1,0,0,0,0,0,0,0,0.0
Progne subis,andorinha-azul,NE,LC,0,0.0,1,1,1,1,1,1,0,1,1,1,1,1,0,1,0,0,0,0,0,0,0,0,0,0,0,0.0
Progne elegans,andorinha-do-sul,NE,LC,0,0.0,1,1,0,0,0,1,0,1,0,1,0,1,0,1,0,0,0,0,0,0,0,0,0,0,0,0.0
Progne dominicensis,andorinha-do-caribe,NE,LC,0,0.0,1,0,1,1,0,0,0,1,1,1,0,0,0,1,0,0,0,0,0,0,0,0,0,0,0,0.0
Progne cryptoleuca,andorinha-cubana,NE,LC,0,0.0,1,0,1,1,0,0,0,1,1,1,0,0,0,1,0,0,0,0,0,0,0,0,0,0,0,0.0
Progne chalybea,"andorinha-doméstica-grande, andorinha-grande",NE,LC,0,0.0,1,1,1,1,1,1,1,1,1,1,1,1,0,1,0,0,1,1,0,0,0,0,0,0,0,0.0
Asemospiza fuliginosa,cigarra-preta,NE,LC,0,0.0,1,1,1,1,0,1,1,1,1,1,1,1,0,0,0,0,0,0,0,0,0,0,0,0,0,0.0
Arundinicola leucocephala,freirinha,NE,LC,0,0.0,1,1,1,1,1,1,1,1,1,1,1,1,0,0,0,0,0,0,0,0,0,0,0,0,0,0.0
Arremonops conirostris,tico-tico-cantor,EN,EN,0,0.0,1,0,0,0,0,0,0,1,0,0,0,0,0,0,0,1,1,1,1,0,0,1,0,0,0,2.0
Arremon taciturnus,tico-tico-de-bico-preto,NE,LC,0,0.0,1,1,1,1,0,1,0,1,1,1,0,1,0,0,0,0,0,0,0,0,0,0,0,0,0,0.0
Arremon polionotus,tico-tico-de-costas-cinza,NE,LC,0,0.0,1,1,1,0,0,1,0,0,0,1,1,1,0,0,0,0,0,0,0,0,0,0,0,0,0,0.0
Procnias albus,araponga-da-amazônia,NE,LC,0,0.0,1,0,0,0,0,0,0,1,0,0,0,0,0,0,0,0,0,0,0,0,0,0,0,0,0,0.0
Primolius auricollis,maracanã-de-colar,NE,LC,0,0.0,1,1,1,0,0,1,0,1,0,0,0,1,0,0,0,0,0,0,0,0,0,0,0,0,0,0.0
Cathartes melambrotus,urubu-da-mata,NE,LC,0,0.0,1,0,0,0,0,0,0,1,1,0,0,1,0,0,0,0,0,0,0,0,0,0,0,0,0,0.0
Cathartes burrovianus,urubu-de-cabeça-amarela,NE,LC,0,0.0,1,1,1,1,1,1,1,1,1,1,1,1,0,0,0,0,0,0,0,0,0,0,0,0,0,0.0
Contopus virens,"piui, piui-verdadeiro-do-leste",NE,LC,0,0.0,1,1,0,1,0,0,0,1,1,1,0,1,0,1,0,0,0,0,0,0,0,0,0,0,0,0.0
Contopus sordidulus,piuí-verdadeiro-do-oeste,NE,,0,0.0,1,0,0,0,0,0,0,1,0,0,0,0,0,0,0,0,0,0,0,0,0,0,0,0,0,0.0
Contopus fumigatus,piuí-de-topete,NE,LC,0,0.0,1,0,0,0,0,0,0,1,0,0,0,0,0,0,0,0,0,0,0,0,0,0,0,0,0,0.0
Contopus cinereus,papa-moscas-cinzento,NE,LC,0,0.0,1,1,1,1,0,1,0,1,1,1,1,1,0,0,0,0,0,0,0,0,0,0,0,0,0,0.0
Contopus albogularis,piui-queixado,NE,LC,0,0.0,1,0,0,0,0,0,0,1,0,0,0,0,0,0,0,0,0,0,0,0,0,0,0,0,0,0.0
Conothraupis mesoleuca,tiê-bicudo,EN,EN,0,0.0,1,0,1,0,0,0,0,1,0,0,0,1,1,0,1,1,0,1,0,0,0,0,0,0,0,2.0
Conopophaga peruviana,chupa-dente-do-peru,NE,LC,0,0.0,1,0,0,0,0,0,0,1,0,0,0,0,0,0,0,0,0,0,0,0,0,0,0,0,0,0.0
Conopophaga aurita,chupa-dente-de-cinta,NE,LC,0,0.0,1,0,0,0,0,0,0,1,0,0,0,1,0,0,0,0,0,0,0,0,0,0,0,0,0,0.0
Conopias trivirgatus,bem-te-vi-pequeno,NE,LC,0,0.0,1,1,0,0,0,0,0,1,1,1,1,1,0,0,0,0,0,0,0,0,0,0,0,0,0,0.0
Conopias parvus,bem-te-vi-da-copa,NE,LC,0,0.0,1,0,0,0,0,0,0,1,0,0,0,0,0,0,0,0,0,0,0,0,0,0,0,0,0,0.0
Psophia dextralis,jacamim-de-costas-marrons,VU,VU,0,0.0,1,0,1,0,0,0,0,1,0,0,0,1,1,0,1,1,0,1,0,1,0,0,0,0,0,1.0
Pseudoseisura unirufa,casaca-de-couro-de-crista-cinza,NE,LC,0,0.0,1,0,1,0,0,1,0,1,0,0,0,1,0,0,0,0,0,0,0,0,0,0,0,0,0,0.0
Pseudocolopteryx sclateri,tricolino,NE,LC,0,0.0,1,1,1,1,1,1,0,1,1,1,1,1,0,0,0,0,0,0,0,0,0,0,0,0,0,0.0
Pseudastur albicollis,gavião-branco,NE,LC,0,0.0,1,0,1,1,0,1,0,1,1,1,0,1,0,0,0,0,0,0,0,0,0,0,0,0,0,0.0
Psarocolius viridis,japu-verde,NE,LC,0,0.0,1,0,0,0,0,0,0,1,1,0,0,1,0,0,0,0,0,0,0,0,0,0,0,0,0,0.0
Psarocolius bifasciatus,japuguaçu,NE,LC,0,0.0,1,0,1,0,0,0,0,1,1,0,0,1,0,0,0,1,0,0,0,0,0,0,0,0,1,0.0
Habia rubra,tiê-do-mato-grosso,NE,LC,0,0.0,1,0,1,0,0,0,0,1,0,0,0,1,0,0,0,0,0,0,0,0,0,0,0,0,0,0.0
Falco columbarius,esmerilhão,NE,LC,0,0.0,1,0,1,0,0,0,0,1,0,0,0,0,0,0,0,0,0,0,0,0,0,0,0,0,0,0.0
Euscarthmus meloryphus,barulhento,NE,LC,0,0.0,1,1,1,1,1,1,0,1,1,1,1,1,0,0,0,0,0,0,0,0,0,0,0,0,0,0.0
Eupsittula pertinax,periquito-de-bochecha-parda,NE,LC,0,0.0,1,0,0,0,0,0,0,1,0,0,0,1,0,0,0,1,1,1,0,0,0,1,0,0,0,0.0
Euphonia xanthogaster,fim-fim-grande,NE,LC,0,0.0,1,1,1,0,0,0,0,1,1,1,0,1,0,0,0,0,0,0,0,0,0,0,0,0,0,0.0
Euphonia violacea,"gaturamo, gaturamo-verdadeiro",NE,LC,0,0.0,1,1,1,1,1,1,0,1,1,1,1,1,0,0,0,0,0,0,0,0,0,0,0,0,0,0.0
Euphonia rufiventris,gaturamo-do-norte,NE,LC,0,0.0,1,0,1,0,0,0,0,1,0,0,0,1,0,0,0,0,0,0,0,0,0,0,0,0,0,0.0
Euphonia plumbea,"gaturamo-anão, gaturamo-miúdo",NE,LC,0,0.0,1,0,0,0,0,0,0,1,0,0,0,0,0,0,0,0,0,0,0,0,0,0,0,0,0,0.0
Crypturellus brevirostris,inhambu-carijó,NE,LC,0,0.0,1,0,0,0,0,0,0,1,0,0,0,0,0,0,1,0,0,0,0,0,0,0,0,0,0,0.0
Euphonia minuta,Gaturamo-de-barriga-branca,NE,LC,0,0.0,1,0,1,0,0,0,0,1,0,0,0,1,0,0,0,0,0,0,0,0,0,0,0,0,0,0.0
Euphonia laniirostris,gaturamo-de-bico-grosso,NE,LC,0,0.0,1,1,1,0,0,1,0,1,0,0,0,1,0,0,0,0,0,0,0,0,0,0,0,0,0,0.0
Euphonia finschi,gaturamo-capim,NE,LC,0,0.0,1,0,0,0,0,0,0,1,0,0,0,0,0,0,0,1,1,1,0,1,0,1,0,0,0,0.0
Gymnopithys rufigula,mãe-de-taoca-de-garganta-vermelha,NE,LC,0,0.0,1,0,0,0,0,0,0,1,0,0,0,0,0,0,0,0,0,0,0,0,0,0,0,0,0,0.0
Gymnopithys leucaspis,mãe-de-taoca-bochechuda,NE,LC,0,0.0,1,0,0,0,0,0,0,1,0,0,0,0,0,0,0,0,0,0,0,0,0,0,0,0,0,0.0
Gymnomystax mexicanus,iratauá-grande,NE,LC,0,0.0,1,0,0,0,0,0,0,1,0,0,0,0,0,0,0,0,0,0,0,0,0,0,0,0,0,0.0
Psophia napensis,uru-do-campo,NE,LC,0,0.0,1,0,0,0,0,0,0,1,0,0,0,0,0,0,0,1,0,0,0,1,0,0,0,0,0,0.0
Aratinga nenday,"periquito-de-cabeça-preta, príncipe-negro",NE,LC,0,0.0,0,1,1,0,0,1,0,0,0,0,1,1,0,0,0,0,0,0,0,0,0,0,0,0,0,0.0
Aratinga maculata,cacaué,NE,LC,0,0.0,1,0,0,0,0,0,0,1,0,0,0,0,0,0,0,1,1,1,0,1,0,0,0,0,0,0.0
Aramus guarauna,carão,NE,LC,0,0.0,1,1,1,1,1,1,0,1,1,1,1,1,0,0,0,0,0,0,0,0,0,0,0,0,0,0.0
Aramides calopterus,saracura-de-asa-vermelha,NE,LC,0,0.0,1,0,0,0,0,0,0,1,0,0,0,0,0,0,1,0,0,0,0,0,0,0,0,0,0,0.0
Ara severus,maracanã-guaçu,NE,LC,0,0.0,1,0,1,0,0,1,0,1,1,0,0,1,0,0,1,0,0,0,0,0,0,0,0,0,0,0.0
Ara macao,araracanga,NE,LC,0,0.0,1,0,1,0,0,0,0,1,1,0,0,1,0,0,1,0,0,0,0,0,0,0,0,0,0,0.0
Pyriglena leuconota,papa-taoca-de-belém,NE,LC,0,0.0,1,0,1,1,0,0,0,1,1,0,0,0,1,0,0,0,0,0,0,0,0,0,0,0,0,0.0
Pygochelidon cyanoleuca,andorinha-pequena-de-casa,NE,LC,0,0.0,1,1,1,1,1,1,0,1,1,1,1,1,0,0,0,0,0,0,0,0,0,0,0,0,0,0.0
Pygiptila stellaris,Choca-cantadora,NE,LC,0,0.0,1,0,1,0,0,0,0,1,1,0,0,1,0,0,0,0,0,0,0,0,0,0,0,0,0,0.0
Pteroglossus viridis,araçari-miudinho,NE,LC,0,0.0,1,0,0,0,0,0,0,1,0,0,0,0,0,0,0,0,0,0,0,0,0,0,0,0,0,0.0
Pteroglossus pluricinctus,araçari-de-cinta-dupla,NE,LC,0,0.0,1,0,0,0,0,0,0,1,0,0,0,0,0,0,0,0,0,0,0,0,0,0,0,0,0,0.0
Pteroglossus mariae,araçari-de-bico-marrom,NE,LC,0,0.0,1,0,0,0,0,0,0,1,0,0,0,0,0,0,0,0,0,0,0,0,0,0,0,0,0,0.0
Pteroglossus flavirostris,araçari-de-bico-amarelo,NE,LC,0,0.0,1,0,0,0,0,0,0,1,0,0,0,0,0,0,0,0,0,0,0,0,0,0,0,0,0,0.0
Pteroglossus castanotis,araçari-castanho,NE,LC,0,0.0,1,1,1,0,0,1,0,1,0,1,1,1,0,0,0,0,0,0,0,0,0,0,0,0,0,0.0
Pteroglossus azara,araçari-bico-de-marfim,NE,LC,0,0.0,1,0,0,0,0,0,0,1,0,0,0,0,1,0,0,0,0,0,0,0,0,0,0,0,0,0.0
Pteroglossus aracari,araçari-de-bico-branco,NE,LC,0,0.0,1,1,1,1,0,0,0,1,1,1,1,1,0,0,0,1,0,0,1,1,0,0,0,0,0,0.0
Columbina picui,rolinha-picui,NE,LC,0,0.0,1,1,1,1,1,1,1,1,1,1,1,1,0,0,0,0,0,0,0,0,0,0,0,0,0,0.0
Columbina minuta,"piquira, rola-pequena, rolinha-cafofa, rolinha-cambute, rolinha-capoeira, rolinha-caxexa, rolinha-de-asa-canela, rolinha-do-mato, rolinha-pé-de-veio",NE,LC,0,0.0,1,1,1,1,0,1,1,1,1,1,1,1,0,0,0,0,0,0,0,0,0,0,0,0,0,0.0
Columba livia,pombo-doméstico,NE,,0,0.0,1,1,1,1,1,1,0,1,1,1,1,1,0,0,0,0,0,0,0,0,0,0,0,0,0,0.0
Colonia colonus,viuvinha,NE,LC,0,0.0,1,1,1,1,0,1,0,1,1,1,1,1,0,0,0,0,0,0,0,0,0,0,0,0,0,0.0
Colinus cristatus,uru-do-campo,NE,LC,0,0.0,1,0,0,0,0,0,0,1,0,0,0,0,0,0,0,1,1,1,0,1,0,0,0,1,0,0.0
Colibri serrirostris,beija-flor-de-orelha-violeta,NE,LC,0,0.0,1,1,1,1,0,0,0,1,1,1,1,1,0,0,0,0,0,0,0,0,0,0,0,0,0,0.0
Colibri coruscans,beija-flor-violeta,NE,LC,0,0.0,1,0,0,0,0,0,0,1,0,0,0,0,0,0,0,0,0,0,0,0,0,0,0,0,0,0.0
Colaptes rubiginosus,pica-pau-oliváceo,NE,LC,0,0.0,1,0,0,0,0,0,0,1,0,0,0,0,0,0,0,0,0,0,0,0,0,0,0,0,0,0.0
Agelasticus cyanopus,carretão-do-oeste,NE,LC,0,0.0,1,1,1,0,1,1,0,0,0,1,1,1,0,0,0,0,0,0,0,0,0,0,0,0,0,0.0
Pyrocephalus rubinus,"canário-sanguinho, príncipe",NE,LC,0,0.0,1,1,1,1,1,1,1,1,1,1,1,1,0,1,0,0,1,1,0,0,0,1,0,0,0,0.0
Pyrilia caica,"curica-caica, curica-de-chapéu-preto",NE,LC,0,0.0,1,0,0,0,0,0,0,1,0,0,0,0,0,0,0,0,0,0,0,0,0,0,0,0,0,0.0
Pyrilia barrabandi,curica-de-bochecha-laranja,NE,LC,0,0.0,1,0,1,0,0,0,0,1,0,0,0,1,0,0,0,0,0,0,0,0,0,0,0,0,0,0.0
Pyrilia aurantiocephala,Papagaio-de-cabeça-laranja,NE,LC,0,0.0,1,0,0,0,0,0,0,1,0,0,0,1,1,0,0,0,0,0,0,0,0,0,0,0,0,0.0
Pyriglena similis,papa-taoca-do-tapajós,NE,LC,0,0.0,1,0,0,0,0,0,0,1,0,0,0,1,1,0,0,1,1,1,0,0,0,0,0,0,0,0.0
Pyriglena maura,papa-taoca-do-pantanal,NE,LC,0,0.0,1,0,1,0,0,1,0,1,0,0,0,1,0,0,0,0,0,0,0,0,0,0,0,0,0,0.0
Aratinga weddellii,periquito-de-cabeça-suja,NE,LC,0,0.0,1,0,1,0,0,1,0,1,0,0,0,1,0,0,0,0,0,0,0,0,0,0,0,0,0,0.0
Ramphocelus carbo,pipira-vermelha,NE,LC,0,0.0,1,1,1,1,0,1,0,1,1,1,1,1,0,0,0,0,0,0,0,0,0,0,0,0,0,0.0
Ramphocaenus melanurus,"bico-assovelado, chirito",NE,LC,0,0.0,1,1,1,1,0,0,0,1,1,1,1,1,0,0,0,0,0,0,0,0,0,0,0,0,0,0.0
Ramphastos tucanus,Tucano-de-papo-branco,NE,LC,0,0.0,1,0,1,0,0,0,0,1,1,0,0,1,0,0,0,0,0,0,0,0,0,0,0,0,0,0.0
Rallus longirostris,saracura-matraca,NE,LC,0,0.0,1,1,1,1,0,0,0,1,1,1,1,0,0,0,0,0,0,0,0,0,0,0,0,0,0,0.0
Quiscalus lugubris,iraúna-do-norte,NE,LC,0,0.0,1,0,0,0,0,0,0,1,0,0,0,0,0,0,0,0,0,0,0,0,0,0,0,0,0,0.0
Querula purpurata,Anambé-una,NE,LC,0,0.0,1,0,1,0,0,0,0,1,1,0,0,1,0,0,0,1,0,0,0,0,0,0,0,0,1,0.0
Pyrrhura rupicola,tiriba-rupestre,NE,LC,0,0.0,1,0,0,0,0,0,0,1,0,0,0,0,0,0,0,0,0,0,0,0,0,0,0,0,0,0.0
Pyrrhura roseifrons,tiriba-de-cabeça-vermelha,NE,LC,0,0.0,1,0,0,0,0,0,0,1,0,0,0,0,0,0,0,0,0,0,0,0,0,0,0,0,0,0.0
Pyrrhura picta,tiriba-de-testa-azul,NE,LC,0,0.0,1,0,0,0,0,0,0,1,0,0,0,0,0,0,0,0,0,0,0,0,0,0,0,0,0,0.0
Pyrrhura melanura,tiriba-fura-mata,NE,LC,0,0.0,1,0,0,0,0,0,0,1,0,0,0,0,0,0,0,0,0,0,0,0,0,0,0,0,0,0.0
Pyrrhura lucianii,tiriba-de-deville,NE,LC,0,0.0,1,0,0,0,0,0,0,1,0,0,0,0,1,0,0,0,0,0,0,0,0,0,0,0,0,0.0
Pyrrhura egregia,tiriba-de-cauda-roxa,NE,LC,0,0.0,1,0,0,0,0,0,0,1,0,0,0,0,0,0,1,0,0,0,0,0,0,0,0,0,0,0.0
Conirostrum speciosum,figuinha-de-rabo-castanho,NE,LC,0,0.0,1,1,1,1,1,1,1,1,1,1,1,1,0,0,0,0,0,0,0,0,0,0,0,0,0,0.0
Conirostrum margaritae,figuinha-amazônica,NE,LC,0,0.0,1,0,0,0,0,0,0,1,0,0,0,0,0,0,0,1,1,1,0,0,0,0,0,0,0,0.0
Conirostrum bicolor,figuinha-do-mangue,NE,LC,0,0.0,1,1,1,1,0,0,0,1,1,1,1,0,0,0,0,0,0,0,0,0,0,0,0,0,0,0.0
Conioptilon mcilhennyi,anambé-de-cara-preta,NE,LC,0,0.0,1,0,0,0,0,0,0,1,0,0,0,0,0,0,0,1,1,1,0,1,0,1,0,0,0,0.0
Rupicola rupicola,galo-da-serra,NE,LC,0,0.0,1,0,0,0,0,0,0,1,0,0,0,0,0,0,0,1,0,0,0,1,0,0,0,0,0,0.0
Rufirallus viridis,sanã-castanha,NE,LC,0,0.0,1,1,1,1,0,1,0,1,1,1,1,1,0,0,0,0,0,0,0,0,0,0,0,0,0,0.0
Rostrhamus sociabilis,gavião-caramujeiro,NE,LC,0,0.0,1,1,1,1,1,1,0,1,1,1,1,1,0,1,0,1,1,1,1,0,0,0,1,0,0,0.0
Roraimia adusta,joão-de-roraima,NE,LC,0,0.0,1,0,0,0,0,0,0,1,0,0,0,0,0,0,1,0,0,0,0,0,0,0,0,0,0,0.0
Rhytipterna simplex,vissiá,NE,LC,0,0.0,1,1,1,1,0,1,0,1,1,1,0,1,0,0,0,0,0,0,0,0,0,0,0,0,0,0.0
Rhytipterna immunda,Vissiá-cantor,NE,LC,0,0.0,1,0,1,0,0,0,0,1,0,0,0,1,0,0,0,0,0,0,0,0,0,0,0,0,0,0.0
Rhynchotus rufescens,perdiz,NE,LC,0,0.0,1,1,1,1,1,1,0,1,1,1,1,1,0,0,0,1,0,1,0,1,0,1,0,1,0,0.0
Rhynchocyclus olivaceus,bico-chato-grande,NE,LC,0,0.0,1,1,0,1,0,0,0,1,1,1,0,1,0,0,0,0,0,0,0,0,0,0,0,0,0,0.0
Rhopospina fruticeti,canário-andino-negro,NE,,0,0.0,0,0,0,0,1,0,0,0,0,0,1,0,0,0,0,0,0,0,0,0,0,0,0,0,0,0.0
Rhegmatorhina melanosticta,mãe-de-taoca-cabeçuda,NE,LC,0,0.0,1,0,0,0,0,0,0,1,0,0,0,0,0,0,0,0,0,0,0,0,0,0,0,0,0,0.0
Rhegmatorhina cristata,mãe-de-taoca-cristada,NE,LC,0,0.0,1,0,0,0,0,0,0,1,0,0,0,0,0,0,0,0,0,0,0,0,0,0,0,0,0,0.0
Rauenia bonariensis,sanhaço-papa-laranja,NE,LC,0,0.0,0,1,1,0,1,1,0,0,0,1,1,1,0,0,0,0,0,0,0,0,0,0,0,0,0,0.0
Ramphotrigon ruficauda,Bico-chato-de-rabo-vermelho,NE,LC,0,0.0,1,0,1,0,0,1,0,1,1,0,0,1,0,0,0,0,0,0,0,0,0,0,0,0,0,0.0
Ramphotrigon megacephalum,maria-cabeçuda,NE,LC,0,0.0,1,1,1,1,0,0,0,1,1,1,1,1,0,0,0,0,0,0,0,0,0,0,0,0,0,0.0
Ramphotrigon fuscicauda,Maria-de-cauda-escura,NE,LC,0,0.0,1,0,0,0,0,0,0,1,0,0,0,1,0,0,0,0,0,0,0,0,0,0,0,0,0,0.0
Ramphocelus nigrogularis,pipira-de-máscara,NE,LC,0,0.0,1,0,0,0,0,0,0,1,0,0,0,0,0,0,0,0,0,0,0,0,0,0,0,0,0,0.0
Clibanornis watkinsorum,barranqueiro-ferrugem-do-acre,NE,LC,0,0.0,1,0,0,0,0,0,0,1,0,0,0,0,0,0,0,1,1,1,0,1,0,1,0,0,0,0.0
Gymnoderus foetidus,Anambé-pombo,NE,LC,0,0.0,1,0,1,0,0,1,1,1,1,0,0,1,0,0,0,0,0,0,0,0,0,0,0,0,0,0.0
Guira guira,anu-branco,NE,LC,0,0.0,1,1,1,1,1,1,0,1,1,1,1,1,0,0,0,0,0,0,0,0,0,0,0,0,0,0.0
Gubernetes yetapa,tesoura-do-brejo,NE,LC,0,0.0,1,1,1,0,1,1,0,1,0,1,1,1,0,0,0,0,0,0,0,0,0,0,0,0,0,0.0
Griseotyrannus aurantioatrocristatus,peitica-de-chapéu-preto,NE,LC,0,0.0,1,1,1,1,1,1,0,1,1,1,1,1,0,1,0,0,0,0,0,0,0,0,0,0,0,0.0
Graydidascalus brachyurus,curica-verde,NE,LC,0,0.0,1,0,0,0,0,0,0,1,0,0,0,0,0,0,0,1,0,0,0,1,0,0,0,0,0,0.0
Grallaricula nana,tovaquinha-de-coroa-cinza,NE,LC,0,0.0,1,0,0,0,0,0,0,1,0,0,0,0,0,0,0,0,0,0,0,0,0,0,0,0,0,0.0
Grallaria guatimalensis,tovacuçu-corujinha,NE,LC,0,0.0,1,0,0,0,0,0,0,1,0,0,0,0,0,0,0,0,0,0,0,0,0,0,0,0,0,0.0
Grallaria eludens,tovacuçu-xodó,NE,LC,0,0.0,1,0,0,0,0,0,0,1,0,0,0,0,0,0,0,0,0,0,0,0,0,0,0,0,0,0.0
Glyphorynchus spirurus,arapaçu-de-bico-de-cunha,NE,LC,0,0.0,1,1,1,1,0,1,0,1,1,1,0,1,0,0,0,0,0,0,0,0,0,0,0,0,0,0.0
Glaucis hirsutus,balança-rabo-de-bico-torto,NE,LC,0,0.0,1,1,1,1,0,1,0,1,1,1,0,1,0,0,0,0,0,0,0,0,0,0,0,0,0,0.0
Glaucidium hardyi,caburé-da-amazônia,NE,LC,0,0.0,1,0,0,0,0,0,0,1,1,0,0,1,0,0,1,0,0,0,0,0,0,0,0,0,0,0.0
Glaucidium brasilianum,caburé,NE,LC,0,0.0,1,1,1,1,1,1,0,1,1,1,1,1,0,0,0,0,0,0,0,0,0,0,0,0,0,0.0
Geranospiza caerulescens,gavião-pernilongo,NE,LC,0,0.0,1,1,1,1,1,1,0,1,1,1,1,1,0,0,0,0,0,0,0,0,0,0,0,0,0,0.0
Geranoaetus melanoleucus,"águia-chilena, águia-serrana",NE,LC,0,0.0,0,1,1,1,1,1,0,1,1,1,1,1,0,0,0,0,0,0,0,0,0,0,0,0,0,0.0
Geranoaetus albicaudatus,gavião-de-rabo-branco,NE,LC,0,0.0,1,1,1,1,1,1,0,1,1,1,1,1,0,0,0,0,0,0,0,0,0,0,0,0,0,0.0
Saltatricula multicolor,"batuqueiro-chaquenho, bico-de-pimenta-chaquenho",NE,,0,0.0,0,0,0,0,1,1,0,0,0,0,1,1,0,0,0,0,0,0,0,0,0,0,0,0,0,0.0
Saltator maximus,tempera-viola,NE,LC,0,0.0,1,1,1,1,0,1,0,1,1,1,0,1,0,0,0,0,0,0,0,0,0,0,0,0,0,0.0
Xiphorhynchus beauperthuysii,arapaçu-ocelado-do-norte,NE,LC,0,0.0,1,0,0,0,0,0,0,1,0,0,0,0,0,0,0,0,0,0,0,0,0,0,0,0,0,0.0
Saltator grossus,Bico-encarnado,NE,LC,0,0.0,1,0,1,0,0,0,0,1,1,0,0,1,0,0,0,0,0,0,0,0,0,0,0,0,0,0.0
Saltator coerulescens,sabiá-gongá,NE,LC,0,0.0,1,1,1,1,1,1,0,1,1,1,1,1,0,0,0,0,0,0,0,0,0,0,0,0,0,0.0
Sakesphorus luctuosus,choca-d'água,NE,LC,0,0.0,1,0,1,0,0,0,0,1,1,0,0,1,1,0,0,0,0,0,0,0,0,0,0,0,0,0.0
Sakesphorus canadensis,choca-de-crista-preta,NE,LC,0,0.0,1,0,0,0,0,0,0,1,0,0,0,0,0,0,0,0,0,0,0,0,0,0,0,0,0,0.0
Colaptes punctigula,pica-pau-de-peito-pontilhado,NE,LC,0,0.0,1,0,0,0,0,0,0,1,0,0,0,0,0,0,0,0,0,0,0,0,0,0,0,0,0,0.0
Colaptes melanochloros,pica-pau-verde-barrado,NE,LC,0,0.0,1,1,1,1,1,1,1,1,1,1,1,1,0,0,0,0,0,0,0,0,0,0,0,0,0,0.0
Colaptes campestris,pica-pau-do-campo,NE,LC,0,0.0,1,1,1,1,1,1,1,1,1,1,1,1,0,0,0,0,0,0,0,0,0,0,0,0,0,0.0
Coccyzus melacoryphus,"papa-lagarta, papa-lagarta-acanelado",NE,LC,0,0.0,1,1,1,1,1,1,1,1,1,1,1,1,0,1,0,0,0,0,0,0,0,0,0,0,0,0.0
Coccyzus euleri,papa-lagarta-de-euler,NE,LC,0,0.0,1,1,1,1,0,1,0,1,1,1,1,1,0,0,0,0,0,0,0,0,0,0,0,0,0,0.0
Coccyzus americanus,papa-lagarta-de-asa-vermelha,NE,LC,0,0.0,1,1,1,1,1,1,0,1,1,1,1,1,0,1,0,1,0,1,0,0,0,1,0,1,1,0.0
Coccycua minuta,chincoã-pequeno,NE,LC,0,0.0,1,1,1,1,0,1,0,1,1,1,0,1,0,0,0,0,0,0,0,0,0,0,0,0,0,0.0
Cnipodectes subbrunneus,flautim-pardo,NE,LC,0,0.0,1,0,0,0,0,0,0,1,0,0,0,0,0,0,1,0,0,0,0,0,0,0,0,0,0,0.0
Cnemotriccus fuscatus,guaracavuçu,NE,LC,0,0.0,1,1,1,1,1,1,1,1,1,1,1,1,0,0,0,0,0,0,0,0,0,0,0,0,0,0.0
Anthus furcatus,caminheiro-de-unha-curta,NE,LC,0,0.0,0,1,0,0,1,0,0,0,0,0,1,0,0,0,0,0,0,0,0,0,0,0,0,0,0,0.0
Anthus chii,caminheiro-zumbidor,NE,LC,0,0.0,1,1,1,1,1,1,0,1,1,1,1,1,0,0,0,0,0,1,0,0,0,0,0,1,0,0.0
Sclateria naevia,Papa-formiga-do-igarapé,NE,LC,0,0.0,1,0,1,0,0,0,0,1,1,0,0,1,0,0,0,0,0,0,0,0,0,0,0,0,0,0.0
Sciaphylax pallens,Formigueiro-de-cauda-baia,NE,LC,0,0.0,1,0,1,0,0,0,0,1,0,0,0,1,0,0,0,0,0,0,0,0,0,0,0,0,0,0.0
Sciaphylax hemimelaena,formigueiro-de-cauda-castanha,NE,LC,0,0.0,1,0,0,0,0,0,0,1,0,0,0,0,0,0,0,0,0,0,0,0,0,0,0,0,0,0.0
Schoeniophylax phryganophilus,bichoita,NE,LC,0,0.0,1,1,1,1,1,1,0,0,1,1,1,1,0,0,0,0,0,0,0,0,0,0,0,0,0,0.0
Schistochlamys ruficapillus,bico-de-veludo,NE,LC,0,0.0,1,1,1,1,0,0,0,1,1,1,1,1,0,0,0,0,0,0,0,0,0,0,0,0,0,0.0
Schistochlamys melanopis,sanhaço-de-coleira,NE,LC,0,0.0,1,1,1,1,0,1,0,1,1,1,1,1,0,0,0,0,0,0,0,0,0,0,0,0,0,0.0
Schiffornis virescens,flautim,NE,LC,0,0.0,1,1,1,1,1,0,0,1,1,1,1,1,0,0,0,0,0,0,0,0,0,0,0,0,0,0.0
Schiffornis olivacea,flautim-oliváceo,NE,LC,0,0.0,1,0,0,0,0,0,0,1,0,0,0,0,0,0,0,0,0,0,0,0,0,0,0,0,0,0.0
Schiffornis major,flautim-ruivo,NE,LC,0,0.0,1,0,0,0,0,0,0,1,0,0,0,1,0,0,0,0,0,0,0,0,0,0,0,0,0,0.0
Schiffornis amazonum,flautim-da-amazônia,NE,LC,0,0.0,1,0,0,0,0,0,0,1,0,0,0,0,0,0,0,0,0,0,0,0,0,0,0,0,0,0.0
Saucerottia viridigaster,beija-flor-de-barriga-verde,NE,LC,0,0.0,1,0,0,0,0,0,0,1,0,0,0,0,0,0,0,1,1,1,0,1,0,1,0,0,0,0.0
Satrapa icterophrys,suiriri-pequeno,NE,LC,0,0.0,1,1,1,1,1,1,0,1,1,1,1,1,0,0,0,0,0,0,0,0,0,0,0,0,0,0.0
Sarkidiornis sylvicola,pato-de-crista,NE,LC,0,0.0,1,1,1,1,1,1,0,1,1,1,1,1,0,0,0,1,0,1,0,1,0,0,0,1,0,0.0
Sarcoramphus papa,urubu-rei,NE,LC,0,0.0,1,1,1,1,0,1,0,1,1,1,1,1,0,0,0,1,1,1,1,1,1,0,0,0,0,0.0
Serpophaga griseicapilla,alegrinho-trinador,NE,LC,0,0.0,1,1,0,0,1,1,0,0,0,0,1,1,0,1,0,0,0,0,0,0,0,0,0,0,0,0.0
Selenidera reinwardtii,saripoca-de-coleira,NE,LC,0,0.0,1,0,0,0,0,0,0,1,0,0,0,0,0,0,0,0,0,0,0,0,0,0,0,0,0,0.0
Selenidera piperivora,araçari-negro,NE,LC,0,0.0,1,0,0,0,0,0,0,1,0,0,0,0,0,0,0,0,0,0,0,0,0,0,0,0,0,0.0
Selenidera nattereri,saripoca-de-bico-castanho,NE,LC,0,0.0,1,0,0,0,0,0,0,1,0,0,0,0,0,0,0,0,0,0,0,0,0,0,0,0,0,0.0
Selenidera gouldii,Saripoca-de-gould,NE,LC,0,0.0,1,0,1,1,0,0,0,1,1,0,0,1,0,0,0,0,0,0,0,0,0,0,0,0,0,0.0
Scotomyias roraimae,felipe-do-tepui,NE,LC,0,0.0,1,0,0,0,0,0,0,1,0,0,0,0,0,0,0,0,0,0,0,0,0,0,0,0,0,0.0
Sclerurus rufigularis,Vira-folha-de-bico-curto,NE,LC,0,0.0,1,0,0,0,0,0,0,1,1,0,0,1,0,0,0,0,0,0,0,0,0,0,0,0,0,0.0
Sclerurus peruvianus,vira-folha-peruano,NE,LC,0,0.0,1,0,0,0,0,0,0,1,0,0,0,0,0,0,0,0,0,0,0,0,0,0,0,0,0,0.0
Xiphorhynchus chunchotambo,arapaçu-de-tschudi,NE,LC,0,0.0,1,0,0,0,0,0,0,1,0,0,0,0,0,0,0,0,0,0,0,0,0,0,0,0,0,0.0
Aprositornis disjuncta,formigueiro-de-yapacana,NE,LC,0,0.0,1,0,0,0,0,0,0,1,0,0,0,0,0,0,0,1,0,0,0,0,0,1,0,0,0,0.0
Aphantochroa cirrochloris,beija-flor-cinza,NE,LC,0,0.0,1,1,1,1,1,0,0,1,1,1,1,1,0,0,0,0,0,0,0,0,0,0,0,0,0,0.0
Anurolimnas castaneiceps,sanã-de-cabeça-castanha,NE,LC,0,0.0,1,0,0,0,0,0,0,1,0,0,0,0,0,0,0,1,1,1,0,1,0,1,0,0,0,0.0
Anumbius annumbi,cochicho,NE,LC,0,0.0,0,1,1,0,1,1,0,1,0,1,1,1,0,0,0,0,0,0,0,0,0,0,0,0,0,0.0
Antrostomus sericocaudatus,bacurau-rabo-de-seda,NE,LC,0,0.0,1,1,1,0,0,0,0,1,1,1,1,1,0,0,0,0,0,0,0,0,0,0,0,0,0,0.0
Antrostomus rufus,joão-corta-pau,NE,LC,0,0.0,1,1,1,1,1,1,0,1,1,1,1,1,0,0,0,0,0,0,0,0,0,0,0,0,0,0.0
Antilophia galeata,soldadinho,NE,LC,0,0.0,1,1,1,1,0,1,0,1,1,1,1,1,0,0,0,0,0,0,0,0,0,0,0,0,0,0.0
Circus buffoni,gavião-do-banhado,NE,LC,0,0.0,1,1,1,0,1,1,0,1,1,1,1,1,0,0,0,0,0,0,0,0,0,0,0,0,0,0.0
Xiphorhynchus elegans,arapaçu-elegante,NE,LC,0,0.0,1,0,1,0,0,0,0,1,0,0,0,1,0,0,0,0,0,0,0,0,0,0,0,0,0,0.0
Chrysuronia versicolor,beija-flor-de-banda-branca,NE,LC,0,0.0,1,1,1,1,1,1,1,1,1,1,1,1,0,0,0,0,0,0,0,0,0,0,0,0,0,0.0
Chrysuronia rondoniae,beija-flor-de-cabeça-azul,NE,LC,0,0.0,1,0,0,0,0,0,0,1,0,0,0,1,0,0,0,1,0,1,0,1,0,1,0,0,0,0.0
Chrysuronia oenone,beija-flor-de-cauda-dourada,NE,LC,0,0.0,1,0,0,0,0,0,0,1,0,0,0,0,0,0,0,0,0,0,0,0,0,0,0,0,0,0.0
Chrysuronia leucogaster,beija-flor-de-barriga-branca,NE,LC,0,0.0,1,1,1,1,0,0,0,1,1,1,0,0,0,0,0,0,0,0,0,0,0,0,0,0,0,0.0
Chrysuronia brevirostris,beija-flor-de-bico-preto,NE,LC,0,0.0,1,0,0,0,0,0,0,1,0,0,0,0,0,0,0,1,1,1,0,0,0,1,0,0,0,0.0
Chrysomus icterocephalus,iratauá-pequeno,NE,LC,0,0.0,1,0,0,0,0,0,0,1,0,0,0,0,0,0,0,0,0,0,0,0,0,0,0,0,0,0.0
Sicalis citrina,canário-rasteiro,NE,LC,0,0.0,1,1,1,1,0,1,0,1,1,1,1,1,0,0,0,0,0,0,0,0,0,0,0,0,0,0.0
Setophaga ruticilla,mariquita-de-rabo-vermelho,NE,LC,0,0.0,1,0,0,0,0,0,0,1,0,0,0,0,0,1,1,0,0,0,0,0,0,0,0,0,0,0.0
Setophaga pitiayumi,mariquita,NE,LC,0,0.0,1,1,1,1,1,1,0,1,1,1,1,1,0,0,0,0,0,0,0,0,0,0,0,0,0,0.0
Setophaga petechia,mariquita-amarela,NE,LC,0,0.0,1,0,0,0,0,0,0,1,0,0,0,0,0,1,0,0,0,0,0,0,0,0,0,0,0,0.0
Setophaga fusca,mariquita-papo-de-fogo,NE,LC,0,0.0,1,0,0,1,0,0,0,1,1,0,0,0,0,1,0,0,0,0,0,0,0,0,0,0,0,0.0
Serpophaga subcristata,alegrinho,NE,LC,0,0.0,0,1,1,1,1,1,0,1,1,1,1,1,0,0,0,0,0,0,0,0,0,0,0,0,0,0.0
Serpophaga nigricans,joão-pobre,NE,LC,0,0.0,1,1,1,0,1,0,0,1,1,1,1,1,0,0,0,0,0,0,0,0,0,0,0,0,0,0.0
Serpophaga munda,alegrinho-de-barriga-branca,NE,,0,0.0,1,0,0,0,1,1,0,0,0,0,1,1,0,1,0,0,0,0,0,0,0,0,0,0,0,0.0
Sporophila caerulescens,coleirinho,NE,LC,0,0.0,1,1,1,1,1,1,1,1,1,1,1,1,0,1,0,1,0,0,0,1,0,0,0,0,0,0.0
Sporophila bouvronides,estrela-do-norte,NE,LC,0,0.0,1,0,0,0,0,1,0,1,0,0,0,1,0,1,0,1,0,0,0,1,0,0,0,0,0,0.0
Sporophila bouvreuil,caboclinho,NE,LC,0,0.0,1,1,1,1,0,1,0,1,1,1,1,1,0,1,0,1,1,1,1,1,0,1,0,0,0,0.0
Spiza americana,papa-capim-americano,NE,,0,0.0,1,0,0,0,0,0,0,1,0,0,0,0,0,1,0,0,0,0,0,0,0,0,0,0,0,0.0
Spatula versicolor,Marreca-cricri,NE,LC,0,0.0,0,1,1,0,1,1,0,0,0,1,1,1,0,1,0,0,0,0,0,0,0,0,0,0,0,0.0
Spatula platalea,marreca-colhereira,NE,,0,0.0,0,1,1,0,1,1,0,0,0,1,1,1,0,1,0,0,0,0,0,0,0,0,0,0,0,0.0
Spatula discors,marreca-de-asa-azul,NE,LC,0,0.0,1,1,0,0,1,0,0,1,1,1,1,0,0,1,0,0,0,0,0,0,0,0,0,0,0,0.0
Spatula cyanoptera,marreca-colorada,NE,,0,0.0,1,1,0,0,1,1,0,1,0,1,1,1,0,0,0,0,0,0,0,0,0,0,0,0,0,0.0
Sittasomus griseicapillus,arapaçu-verde,NE,LC,0,0.0,1,1,1,1,1,1,0,1,1,1,1,1,0,0,0,0,0,0,0,0,0,0,0,0,0,0.0
Sirystes subcanescens,gritador-da-guiana,NE,LC,0,0.0,1,0,0,0,0,0,0,1,0,0,0,0,0,0,0,0,0,0,0,0,0,0,0,0,0,0.0
Sirystes sibilator,gritador,NE,LC,0,0.0,1,1,1,1,1,1,0,1,1,1,1,1,0,0,0,0,0,0,0,0,0,0,0,0,0,0.0
Sirystes albocinereus,gritador-de-sobre-branco,NE,LC,0,0.0,1,0,0,0,0,0,0,1,0,0,0,0,0,0,0,0,0,0,0,0,0,0,0,0,0,0.0
Sicalis flaveola,canário-da-terra,NE,LC,0,0.0,1,1,1,1,1,1,0,1,1,1,1,1,0,0,0,1,0,1,0,1,0,0,0,0,0,0.0
Clibanornis obscurus,barranqueiro-ferrugem,NE,LC,0,0.0,1,0,0,0,0,0,0,1,0,0,0,0,0,0,0,0,0,0,0,0,0,0,0,0,0,0.0
Cistothorus platensis,corruíra-do-campo,NE,LC,0,0.0,1,1,1,0,1,0,0,1,0,1,1,1,0,0,0,1,1,1,0,0,0,0,1,0,0,0.0
Cissopis leverianus,tietinga,NE,LC,0,0.0,1,1,1,1,0,1,0,1,1,1,1,1,0,0,0,0,0,0,0,0,0,0,0,0,0,0.0
Sporophila luctuosa,papa-capim-preto-e-branco,NE,LC,0,0.0,1,0,0,0,0,0,0,1,0,0,0,0,0,0,0,0,0,0,0,0,0,0,0,0,0,0.0
Geotrygon saphirina,juriti-safira,NE,LC,0,0.0,1,0,0,0,0,0,0,1,0,0,0,0,0,0,0,0,0,0,0,0,0,0,0,0,0,0.0
Geotrygon montana,"juriti-piranga, juriti-vermelho, pariri, pomba-cabocla",NE,LC,0,0.0,1,1,1,1,1,1,0,1,1,1,1,1,0,0,0,0,0,0,0,0,0,0,0,0,0,0.0
Geothlypis agilis,mariquita-de-connecticut,NE,LC,0,0.0,1,0,0,0,0,1,0,1,0,0,0,0,0,0,0,0,0,0,0,0,0,0,0,0,0,0.0
Geothlypis aequinoctialis,pia-cobra,NE,LC,0,0.0,1,1,1,1,1,1,0,1,1,1,1,1,0,0,0,0,0,0,0,0,0,0,0,0,0,0.0
Gampsonyx swainsonii,gaviãozinho,NE,LC,0,0.0,1,1,1,1,1,1,0,1,1,1,1,1,0,0,0,0,0,0,0,0,0,0,0,0,0,0.0
Galbula tombacea,ariramba-de-barba-branca,NE,LC,0,0.0,1,0,0,0,0,0,0,1,0,0,0,0,0,0,1,0,0,0,0,0,0,0,0,0,0,0.0
Galbula ruficauda,ariramba-de-cauda-ruiva,NE,LC,0,0.0,1,1,1,1,0,1,0,1,1,1,1,1,0,0,0,0,0,0,0,0,0,0,0,0,0,0.0
Galbula leucogastra,Ariramba-bronzeada,NE,LC,0,0.0,1,0,1,0,0,0,0,1,0,0,0,1,0,0,1,0,0,0,0,0,0,1,0,0,0,0.0
Galbula galbula,ariramba-de-cauda-verde,NE,LC,0,0.0,1,0,0,0,0,0,0,1,0,0,0,0,0,0,0,0,0,0,0,0,0,0,0,0,0,0.0
Galbula dea,Ariramba-do-paraíso,NE,LC,0,0.0,1,0,0,0,0,0,0,1,1,0,0,1,0,0,0,0,0,0,0,0,0,0,0,0,0,0.0
Campylorhynchus turdinus,"bate-côco, catatau, machucador",NE,LC,0,0.0,1,1,1,0,1,1,0,1,1,1,1,1,0,0,0,0,0,0,0,0,0,0,0,0,0,0.0
Campylorhynchus griseus,garrincha-dos-lhanos,NE,LC,0,0.0,1,0,0,0,0,0,0,1,0,0,0,0,0,0,0,0,0,0,0,0,0,0,0,0,0,0.0
Campylorhamphus sanus,arapaçu-de-bico-curvo-do-napo,NE,LC,0,0.0,1,0,0,0,0,0,0,1,0,0,0,0,0,0,0,0,0,0,0,0,0,0,0,0,0,0.0
Campylorhamphus procurvoides,arapaçu-de-bico-curvo,NE,LC,0,0.0,1,0,0,0,0,0,0,1,0,0,0,0,0,0,0,0,0,0,0,0,0,0,0,0,0,0.0
Sporophila intermedia,papa-capim-cinza,NE,LC,0,0.0,1,0,0,0,0,0,0,1,0,0,0,0,0,0,0,1,0,0,0,1,0,0,0,0,0,0.0
Xiphorhynchus guttatus,arapaçu-de-garganta-amarela,NE,LC,0,0.0,1,1,0,0,0,0,0,1,1,1,0,0,0,0,0,0,0,0,0,0,0,0,0,0,0,0.0
Sporophila plumbea,patativa,NE,LC,0,0.0,1,1,1,1,0,1,0,1,1,1,1,1,0,0,0,1,1,1,1,1,0,1,0,1,0,0.0
Sporophila pileata,caboclinho-branco,NE,LC,0,0.0,1,1,1,0,1,1,0,1,0,1,1,1,0,0,0,1,1,1,0,1,0,1,0,0,0,0.0
Sporophila murallae,papa-capim-de-caquetá,NE,LC,0,0.0,1,0,0,0,0,0,0,1,0,0,0,0,0,0,0,1,0,0,0,1,0,0,0,0,0,0.0
Sporophila minuta,Caboclinho-lindo,NE,LC,0,0.0,1,0,0,0,0,0,0,1,1,0,0,0,0,0,0,0,0,0,0,0,0,0,0,0,0,0.0
Chrysolampis mosquitus,"beija-flor-de-rabo-vermelho, beija-flor-vermelho",NE,LC,0,0.0,1,1,1,1,0,1,0,1,1,1,0,1,0,0,0,1,0,1,0,0,0,1,0,1,1,0.0
Chroicocephalus ridibundus,gaivota-de-capuz-escuro,NE,,0,0.0,0,0,0,0,1,0,0,0,1,0,1,0,0,0,0,0,0,0,0,0,0,0,0,0,0,0.0
Xiphorhynchus obsoletus,arapaçu-riscado,NE,LC,0,0.0,1,0,1,0,0,0,0,1,1,0,0,1,0,0,0,0,0,0,0,0,0,0,0,0,0,0.0
Chordeiles minor,bacurau-norte-americano,NE,LC,0,0.0,1,1,1,1,1,1,0,1,1,1,1,1,0,1,0,0,0,0,0,0,0,0,0,0,0,0.0
Chordeiles gundlachii,bacurau-das-antilhas,NE,,0,0.0,1,0,0,0,0,0,0,1,0,0,0,0,0,0,0,0,0,0,0,0,0,0,0,0,0,0.0
Chlorostilbon mellisugus,esmeralda-de-cauda-azul,NE,LC,0,0.0,1,0,1,0,0,0,0,1,1,0,0,1,0,0,0,0,0,0,0,0,0,0,0,0,0,0.0
Chlorostilbon lucidus,besourinho-de-bico-vermelho,NE,LC,0,0.0,1,1,1,1,1,1,1,1,1,1,1,1,0,0,0,0,0,0,0,0,0,0,0,0,0,0.0
Chlorophonia cyanea,gaturamo-bandeira,NE,LC,0,0.0,1,1,1,0,1,0,0,1,1,1,1,1,0,0,0,0,0,0,0,0,0,0,0,0,0,0.0
Chlorophanes spiza,saí-verde,NE,LC,0,0.0,1,1,1,1,0,0,1,1,1,1,1,1,0,0,0,0,0,0,0,0,0,0,0,0,0,0.0
Chloroceryle americana,martim-pescador-pequeno,NE,LC,0,0.0,1,1,1,1,1,1,0,1,1,1,1,1,0,0,0,0,0,0,0,0,0,0,0,0,0,0.0
Chloroceryle amazona,martim-pescador-verde,NE,LC,0,0.0,1,1,1,1,1,1,0,1,1,1,1,1,0,0,0,0,0,0,0,0,0,0,0,0,0,0.0
Chlidonias leucopterus,trinta-réis-negro-de-asa-branca,NE,,0,0.0,0,0,0,0,1,0,1,0,0,0,1,0,0,0,0,0,0,0,0,0,0,0,0,0,0,0.0
Chiroxiphia regina,tangará-de-coroa-amarela,NE,LC,0,0.0,1,0,0,0,0,0,0,1,0,0,0,1,0,0,0,1,1,1,0,1,0,0,0,0,0,0.0
Chiroxiphia pareola,tangará-falso,NE,LC,0,0.0,1,1,1,1,0,0,1,1,1,1,0,1,0,0,0,0,0,0,0,0,0,0,0,0,0,0.0
Chionomesa lactea,beija-flor-de-peito-azul,NE,LC,0,0.0,1,1,1,1,0,0,0,1,1,1,1,1,0,0,0,0,0,0,0,0,0,0,0,0,0,0.0
Chionomesa fimbriata,beija-flor-de-garganta-verde,NE,LC,0,0.0,1,1,1,1,1,1,0,1,1,1,1,1,0,0,0,0,0,0,0,0,0,0,0,0,0,0.0
Xiphorhynchus ocellatus,arapaçu-ocelado,NE,LC,0,0.0,1,0,0,0,0,0,0,1,0,0,0,0,0,0,0,0,0,0,0,0,0,0,0,0,0,0.0
Chelidoptera tenebrosa,urubuzinho,NE,LC,0,0.0,1,1,1,1,0,1,0,1,1,1,0,1,0,0,0,0,0,0,0,0,0,0,0,0,0,0.0
Stilpnia cyanoptera,saíra-de-cabeça-preta,NE,LC,0,0.0,1,0,0,0,0,0,0,1,0,0,0,0,0,0,0,0,0,0,0,0,0,0,0,0,0,0.0
Stilpnia cyanicollis,saíra-de-cabeça-azul,NE,LC,0,0.0,1,0,1,0,0,1,0,1,0,0,0,1,0,0,0,1,1,1,0,0,0,0,0,0,0,0.0
Sternula superciliaris,"trinta-réis-anão, trinta-réis-pequeno",NE,LC,0,0.0,1,1,1,1,1,1,1,1,1,1,1,1,0,0,0,1,0,1,0,0,1,0,0,0,0,0.0
Sternula antillarum,trinta-réis-miúdo,NE,LC,0,0.0,1,1,1,1,1,0,1,1,1,1,1,0,0,1,0,1,1,1,0,1,0,0,1,0,0,0.0
Sterna paradisaea,trinta-réis-ártico,NE,LC,0,0.0,1,1,1,1,1,0,1,1,1,1,1,0,0,1,0,1,0,0,0,0,0,0,0,0,1,0.0
Stercorarius pomarinus,mandrião-pomarino,NE,LC,0,0.0,1,1,1,1,1,0,1,1,1,1,1,0,0,1,0,0,0,0,0,0,0,0,0,0,0,0.0
Stercorarius parasiticus,mandrião-parasítico,NE,LC,0,0.0,1,1,1,1,1,0,1,1,1,1,1,0,0,1,0,0,0,0,0,0,0,0,0,0,0,0.0
Stercorarius maccormicki,mandrião-do-sul,NE,LC,0,0.0,1,1,1,1,1,0,1,1,1,1,1,0,0,1,0,1,0,0,0,1,0,0,0,0,0,0.0
Urubitinga urubitinga,gavião-preto,NE,LC,0,0.0,1,1,1,1,1,1,0,1,1,1,1,1,0,0,0,0,0,0,0,0,0,0,0,0,0,0.0
Chloris chloris,verdelhão,NE,,0,0.0,0,0,0,0,1,0,0,0,0,0,1,0,0,0,0,0,0,0,0,0,0,0,0,0,0,0.0
Chlorestes notata,beija-flor-de-garganta-azul,NE,LC,0,0.0,1,1,1,1,0,0,0,1,1,1,0,1,0,0,0,0,0,0,0,0,0,0,0,0,0,0.0
Formicivora rufa,papa-formiga-vermelho,NE,LC,0,0.0,1,1,1,1,0,1,0,1,1,1,1,1,0,0,0,0,0,0,0,0,0,0,0,0,0,0.0
Formicivora grisea,papa-formiga-pardo,NE,LC,0,0.0,1,1,1,1,0,1,0,1,1,1,0,1,0,0,0,0,0,0,0,0,0,0,0,0,0,0.0
Formicarius colma,galinha-do-mato,NE,LC,0,0.0,1,1,1,1,0,0,0,1,1,1,1,1,0,0,0,0,0,0,0,0,0,0,0,0,0,0.0
Formicarius analis,Pinto-do-mato-de-cara-preta,NE,LC,0,0.0,1,0,0,0,0,0,0,1,1,0,0,1,0,0,0,0,0,0,0,0,0,0,0,0,0,0.0
Fluvicola pica,lavadeira-do-norte,NE,LC,0,0.0,1,0,0,0,0,0,0,1,0,0,0,0,0,0,0,0,0,0,0,0,0,0,0,0,0,0.0
Fluvicola nengeta,lavadeira-mascarada,NE,LC,0,0.0,1,1,1,1,1,1,0,1,1,1,1,1,0,0,0,0,0,0,0,0,0,0,0,0,0,0.0
Fluvicola albiventer,lavadeira-de-cara-branca,NE,LC,0,0.0,1,1,1,1,1,1,0,1,1,1,1,1,0,1,0,0,0,0,0,0,0,0,0,0,0,0.0
Florisuga mellivora,Beija-flor-azul-de-rabo-branco,NE,LC,0,0.0,1,0,1,0,0,1,0,1,1,0,0,1,0,0,0,0,0,0,0,0,0,0,0,0,0,0.0
Xiphocolaptes promeropirhynchus,arapaçu-vermelho,NE,LC,0,0.0,1,0,1,0,0,0,0,1,0,0,0,1,0,0,0,0,0,0,0,0,1,0,0,0,0,0.0
Falco sparverius,quiriquiri,NE,LC,0,0.0,1,1,1,1,1,1,0,1,1,1,1,1,0,0,0,0,0,0,0,0,0,0,0,0,0,0.0
Falco peregrinus,falcão-peregrino,NE,LC,0,0.0,1,1,1,1,1,1,0,1,1,1,1,1,0,1,0,0,1,1,0,0,0,0,0,0,0,0.0
Falco femoralis,falcão-de-coleira,NE,LC,0,0.0,1,1,1,1,1,1,0,1,1,1,1,1,0,0,0,0,0,0,0,0,0,0,0,0,0,0.0
Campylorhamphus gyldenstolpei,arapaçu-do-tupana,NE,LC,0,0.0,1,0,0,0,0,0,0,1,0,0,0,0,1,0,0,0,0,0,0,0,0,0,0,0,0,0.0
Chlorestes cyanus,beija-flor-roxo,NE,LC,0,0.0,1,1,1,1,0,1,0,1,1,1,1,1,0,0,0,0,0,0,0,0,0,0,0,0,0,0.0
Synallaxis macconnelli,joão-escuro,NE,LC,0,0.0,1,0,0,0,0,0,0,1,0,0,0,0,0,0,1,0,0,0,0,0,0,0,0,0,0,0.0
Synallaxis gujanensis,João-teneném-becuá,NE,LC,0,0.0,1,0,0,0,0,0,0,1,1,0,0,1,0,0,0,0,0,0,0,0,0,0,0,0,0,0.0
Synallaxis albilora,joão-do-pantanal,NE,LC,0,0.0,1,0,1,0,0,1,0,1,0,0,0,1,0,0,0,0,0,0,0,0,0,0,0,0,0,0.0
Synallaxis albigularis,joão-de-peito-escuro,NE,LC,0,0.0,1,0,0,0,0,0,0,1,0,0,0,0,0,0,0,0,0,0,0,0,0,0,0,0,0,0.0
Sula sula,atobá-de-pé-vermelho,EN,EN,0,0.0,1,1,0,1,0,0,1,1,1,1,0,0,0,0,0,1,1,1,1,1,1,0,1,1,0,2.0
Anthracothorax viridigula,beija-flor-de-veste-verde,NE,LC,0,0.0,1,0,0,0,0,0,0,1,0,0,0,0,0,0,0,1,1,1,0,1,0,1,0,0,0,0.0
Anthracothorax nigricollis,beija-flor-de-veste-preta,NE,LC,0,0.0,1,1,1,1,1,1,0,1,1,1,1,1,0,1,0,0,0,0,0,0,0,0,0,0,0,0.0
Anous minutus,trinta-réis-preto,NE,LC,0,0.0,1,1,0,0,0,0,1,1,1,1,0,0,0,0,0,0,0,0,0,0,0,0,0,0,0,0.0
Ancistrops strigilatus,limpa-folha-picanço,NE,LC,0,0.0,1,0,0,0,0,0,0,1,0,0,0,1,0,0,0,1,1,1,0,1,0,1,0,0,0,0.0
Anas bahamensis,"marreca-toicinho, marreca-toucinho, paturi-do-mato",NE,LC,0,0.0,1,1,1,1,1,1,0,1,1,1,1,1,0,0,0,1,1,1,1,1,0,1,0,0,0,0.0
Sublegatus obscurior,Sertanejo-Escuro,NE,LC,0,0.0,1,0,0,0,0,0,0,1,0,0,0,0,0,0,0,0,0,0,0,0,0,0,0,0,0,0.0
Sturnus vulgaris,estorninho,NE,,0,0.0,0,1,0,0,1,0,0,0,0,0,1,0,0,0,0,0,0,0,0,0,0,0,0,0,0,0.0
Streptoprocne zonaris,taperuçu-de-coleira-branca,NE,LC,0,0.0,1,1,1,1,1,1,0,1,1,1,1,1,0,0,0,1,0,1,0,0,0,0,0,0,0,0.0
Streptoprocne phelpsi,taperuçu-dos-tepuis,NE,LC,0,0.0,1,0,0,0,0,0,0,1,0,0,0,0,0,0,0,0,0,0,0,0,0,0,0,0,0,0.0
Stilpnia nigrocincta,saíra-mascarada,NE,LC,0,0.0,1,0,1,0,0,0,0,1,0,0,0,1,0,0,0,0,0,0,0,0,0,0,0,0,0,0.0
Chloroceryle aenea,"martinho, martin-pescador-miúdo",NE,LC,0,0.0,1,1,1,0,0,1,0,1,1,1,1,1,0,0,0,0,0,0,0,0,0,0,0,0,0,0.0
Chamaeza campanisona,tovaca-campainha,NE,LC,0,0.0,1,1,1,1,1,0,0,1,1,1,1,0,0,0,0,0,0,0,0,0,0,0,0,0,0,0.0
Chaetura spinicaudus,andorinhão-de-sobre-branco,NE,LC,0,0.0,1,1,1,0,0,0,0,1,1,0,0,0,0,0,0,0,0,0,0,0,0,0,0,0,0,0.0
Chaetura pelagica,andorinhão-migrante,NE,,0,0.0,1,0,0,0,0,0,0,1,0,0,0,0,0,0,1,0,0,0,0,0,0,0,0,0,0,0.0
Cercomacra cinerascens,chororó-pocuá,NE,LC,0,0.0,1,0,1,0,0,0,0,1,1,0,0,1,0,0,0,0,0,0,0,0,0,0,0,0,0,0.0
Cercibis oxycerca,trombeteiro,NE,LC,0,0.0,1,0,0,0,0,0,0,1,0,0,0,0,0,0,0,1,1,0,0,0,0,1,0,0,0,0.0
Ceratopipra erythrocephala,cabeça-de-ouro,NE,LC,0,0.0,1,0,0,0,0,0,0,1,0,0,0,0,0,0,0,0,0,0,0,0,0,0,0,0,0,0.0
Tangara callophrys,saíra-opala,NE,LC,0,0.0,1,0,0,0,0,0,0,1,0,0,0,0,0,0,0,0,0,0,0,0,0,0,0,0,0,0.0
Tamatia tamatia,rapazinho-carijó,NE,LC,0,0.0,1,0,1,0,0,0,0,1,1,0,0,1,0,0,0,0,0,0,0,0,0,0,0,0,0,0.0
Taeniotriccus andrei,maria-bonita,NE,LC,0,0.0,1,0,0,0,0,0,0,1,1,0,0,0,0,0,0,0,0,0,0,0,0,0,0,0,0,0.0
Tachyphonus phoenicius,tem-tem-de-dragona-vermelha,NE,LC,0,0.0,1,0,0,0,0,0,0,1,0,0,0,1,0,0,0,0,0,0,0,0,0,0,0,0,0,0.0
Tachyphonus coronatus,tiê-preto,NE,LC,0,0.0,0,1,1,0,1,1,0,0,0,1,1,1,0,0,0,0,0,0,0,0,0,0,0,0,0,0.0
Aegolius harrisii,caburé-acanelado,NE,LC,0,0.0,1,1,1,1,1,1,0,1,1,1,1,1,0,0,0,0,0,0,0,0,0,0,0,0,0,0.0
Syrtidicola fluviatilis,gaucha-d'água,NE,LC,0,0.0,1,0,0,0,0,0,0,1,0,0,0,1,0,0,0,0,0,0,0,0,0,0,0,0,0,0.0
Syrigma sibilatrix,maria-faceira,NE,LC,0,0.0,1,1,1,1,1,1,0,1,1,1,1,1,0,0,0,0,0,0,0,0,0,0,0,0,0,0.0
Syndactyla roraimae,barranqueiro-de-roraima,NE,LC,0,0.0,1,0,0,0,0,0,0,1,0,0,0,0,0,0,1,0,0,0,0,0,0,0,0,0,0,0.0
Synallaxis rutilans,João-teneném-castanho,NE,LC,0,0.0,1,0,1,0,0,0,0,1,1,0,0,1,0,0,0,0,0,0,0,0,0,0,0,0,0,0.0
Thamnophilus doliatus,choca-barrada,NE,LC,0,0.0,1,1,1,1,0,1,0,1,1,1,1,1,0,0,0,0,0,0,0,0,0,0,0,0,0,0.0
Thamnophilus divisorius,choca-do-acre,NE,LC,0,0.0,1,0,0,0,0,0,0,1,0,0,0,0,1,0,0,0,0,0,0,0,0,0,0,0,0,0.0
Thamnophilus cryptoleucus,choca-selada,NE,LC,0,0.0,1,0,0,0,0,0,0,1,0,0,0,0,0,0,0,1,1,1,1,1,0,0,0,0,0,0.0
Thamnophilus amazonicus,choca-canela,NE,LC,0,0.0,1,0,1,0,0,1,1,1,1,0,0,1,0,0,0,0,0,0,0,0,0,0,0,0,0,0.0
Thamnomanes schistogynus,uirapuru-azul,NE,LC,0,0.0,1,0,0,0,0,0,0,1,0,0,0,0,0,0,0,0,0,0,0,0,0,0,0,0,0,0.0
Thamnomanes saturninus,uirapuru-selado,NE,LC,0,0.0,1,0,1,0,0,0,0,1,0,0,0,1,0,0,0,0,0,0,0,0,0,0,0,0,0,0.0
Thamnomanes ardesiacus,uirapuru-de-garganta-preta,NE,LC,0,0.0,1,0,0,0,0,0,0,1,0,0,0,0,0,0,0,0,0,0,0,0,0,0,0,0,0,0.0
Zimmerius gracilipes,poiaeiro-de-pata-fina,NE,LC,0,0.0,1,0,0,0,0,0,0,1,0,0,0,1,0,0,0,0,0,0,0,0,0,0,0,0,0,0.0
Thalaphorus chlorocercus,beija-flor-pintado,NE,LC,0,0.0,1,0,0,0,0,0,0,1,0,0,0,0,0,0,0,1,0,0,0,0,0,1,0,0,0,0.0
Tarphonomus certhioides,joão-chaquenho,NE,,0,0.0,0,0,0,0,1,0,0,0,0,0,1,0,0,0,0,0,0,0,0,0,0,0,0,0,0,0.0
Tangara schrankii,saíra-ouro,NE,LC,0,0.0,1,0,1,0,0,0,0,1,0,0,0,1,0,0,0,0,0,0,0,0,0,0,0,0,0,0.0
Tangara mexicana,saíra-de-bando,NE,LC,0,0.0,1,0,1,0,0,0,0,1,1,0,0,1,0,0,0,0,0,0,0,0,0,0,0,0,0,0.0
Tangara gyrola,Saíra-de-cabeça-castanha,NE,LC,0,0.0,1,0,0,0,0,0,0,1,0,0,0,1,0,0,0,0,0,0,0,0,0,0,0,0,0,0.0
Tangara chilensis,sete-cores-da-amazônia,NE,LC,0,0.0,1,0,1,0,0,0,0,1,0,0,0,1,0,0,0,0,0,0,0,0,0,0,0,0,0,0.0
Charadrius semipalmatus,batuíra-de-bando,NE,LC,0,0.0,1,1,1,1,1,1,0,1,1,1,1,1,0,1,0,1,1,1,1,1,1,0,0,1,0,0.0
Accipiter bicolor,gavião-bombachinha-grande,NE,LC,0,0.0,1,1,1,1,1,1,0,1,1,1,1,1,0,0,0,0,0,0,0,0,0,0,0,0,0,0.0
Xipholena punicea,anambé-pompadora,NE,LC,0,0.0,1,0,1,0,0,0,0,1,0,0,0,1,0,0,0,0,0,0,0,0,0,0,0,0,0,0.0
Ammodramus aurifrons,cigarrinha-do-campo,NE,LC,0,0.0,1,0,1,0,0,1,0,1,0,0,0,1,0,0,0,0,0,0,0,0,0,0,0,0,0,0.0
Amazona ochrocephala,papagaio-campeiro,NE,LC,0,0.0,1,0,0,0,0,0,1,1,1,0,0,1,0,0,1,0,0,0,0,0,0,0,0,0,0,0.0
Amazona kawalli,papagaio-dos-garbes,NE,LC,0,0.0,1,0,0,0,0,0,0,1,0,0,0,1,1,0,0,0,0,0,0,0,0,0,0,0,0,0.0
Amazona festiva,papagaio-da-várzea,NE,LC,0,0.0,1,0,0,0,0,0,0,1,0,0,0,0,0,0,0,0,0,0,0,0,0,0,0,0,0,0.0
Thraupis episcopus,sanhaço-da-amazônia,NE,LC,0,0.0,1,0,1,0,0,0,0,1,1,0,0,1,0,0,0,0,0,0,0,0,0,0,0,0,0,0.0
Veniliornis kirkii,pica-pau-de-sobre-vermelho,NE,LC,0,0.0,1,0,0,0,0,0,0,1,0,0,0,0,0,0,0,0,0,0,0,0,0,0,0,0,0,0.0
Theristicus caudatus,curicaca,NE,LC,0,0.0,1,1,1,1,1,1,0,1,1,1,1,1,0,0,0,0,0,0,0,0,0,0,0,0,0,0.0
Theristicus caerulescens,"curicaca-real, maçarico-real",NE,LC,0,0.0,1,1,1,0,1,1,0,1,0,1,1,1,0,0,0,0,0,0,0,0,0,0,0,0,0,0.0
Thamnophilus sticturus,choca-da-bolívia,NE,LC,0,0.0,1,0,1,0,0,1,0,0,0,0,0,1,0,0,0,0,0,0,0,0,0,0,0,0,0,0.0
Thamnophilus stictocephalus,choca-de-natterer,NE,LC,0,0.0,1,0,1,0,0,0,0,1,0,0,0,1,0,0,0,0,0,0,0,0,0,0,0,0,0,0.0
Thamnophilus schistaceus,choca-de-olho-vermelho,NE,LC,0,0.0,1,0,1,0,0,1,0,1,0,0,0,1,0,0,0,0,0,0,0,0,0,0,0,0,0,0.0
Thamnophilus punctatus,choca-bate-cabo,NE,LC,0,0.0,1,0,0,0,0,0,0,1,0,0,0,0,0,0,0,0,0,0,0,0,0,0,0,0,0,0.0
Thamnophilus murinus,choca-murina,NE,LC,0,0.0,1,0,0,0,0,0,0,1,0,0,0,1,0,0,0,0,0,0,0,0,0,0,0,0,0,0.0
Thamnophilus melanothorax,choca-de-cauda-pintada,NE,LC,0,0.0,1,0,0,0,0,0,0,1,0,0,0,0,0,0,0,0,0,0,0,0,0,0,0,0,0,0.0
Thamnophilus insignis,choca-de-roraima,NE,,0,0.0,1,0,0,0,0,0,0,1,0,0,0,0,0,0,0,0,0,0,0,0,0,0,0,0,0,0.0
Chaetura chapmani,andorinhão-de-chapman,NE,LC,0,0.0,1,0,0,0,0,0,0,1,1,0,0,0,0,0,0,0,0,0,0,0,0,0,0,0,0,0.0
Chaetura brachyura,andorinhão-de-rabo-curto,NE,LC,0,0.0,1,0,1,1,0,1,0,1,1,0,0,1,0,0,0,0,0,0,0,0,0,0,0,0,0,0.0
Certhiaxis mustelinus,joão-da-canarana,NE,LC,0,0.0,1,0,0,0,0,0,0,1,0,0,0,0,0,0,0,1,1,1,0,0,0,0,0,0,0,0.0
Campylopterus obscurus,asa-de-sabre-de-cauda-escura,NE,LC,0,0.0,1,0,1,0,0,0,0,1,1,0,0,1,0,0,0,0,0,0,0,0,0,0,0,0,0,0.0
Campylopterus largipennis,asa-de-sabre-da-guiana,NE,LC,0,0.0,1,0,0,0,0,0,0,1,0,0,0,0,0,0,0,0,0,0,0,0,0,0,0,0,0,0.0
Campylopterus hyperythrus,asa-de-sabre-canela,NE,LC,0,0.0,1,0,0,0,0,0,0,1,0,0,0,0,0,0,0,0,0,0,0,0,0,0,0,0,0,0.0
Campylopterus duidae,asa-de-sabre-de-peito-camurça,NE,LC,0,0.0,1,0,0,0,0,0,0,1,0,0,0,0,0,0,0,0,0,0,0,0,0,0,0,0,0,0.0
Galbula cyanescens,ariramba-da-capoeira,NE,LC,0,0.0,1,0,0,0,0,0,0,1,0,0,0,0,0,0,0,0,0,0,0,0,0,0,0,0,0,0.0
Galbula albirostris,ariramba-de-bico-amarelo,NE,LC,0,0.0,1,0,0,0,0,0,0,1,0,0,0,0,0,0,0,1,0,1,0,1,0,1,0,0,0,0.0
Galbalcyrhynchus purusianus,"ariramba-castanha, sovela-vermelha",NE,LC,0,0.0,1,0,0,0,0,0,0,1,0,0,0,0,0,0,0,0,0,0,0,0,0,0,0,0,0,0.0
Galbalcyrhynchus leucotis,ariramba-vermelha,NE,LC,0,0.0,1,0,0,0,0,0,0,1,0,0,0,0,0,0,0,0,0,0,0,0,0,0,0,0,0,0.0
Furnarius torridus,joão-de-bico-pálido,NE,LC,0,0.0,1,0,0,0,0,0,0,1,0,0,0,0,0,0,1,0,0,0,0,0,0,0,0,0,0,0.0
Furnarius rufus,joão-de-barro,NE,LC,0,0.0,1,1,1,1,1,1,0,1,1,1,1,1,0,0,0,0,0,0,0,0,0,0,0,0,0,0.0
Furnarius minor,joãozinho,NE,LC,0,0.0,1,0,0,0,0,0,0,1,0,0,0,0,0,0,0,1,1,0,1,0,0,1,0,0,0,0.0
Furnarius leucopus,casaca-de-couro-amarelo,NE,LC,0,0.0,1,1,1,1,0,1,0,1,1,1,0,1,0,0,0,0,0,0,0,0,0,0,0,0,0,0.0
Furnarius figulus,casaca-de-couro-da-lama,NE,LC,0,0.0,1,1,1,1,0,0,0,1,1,1,1,1,1,0,0,0,0,0,0,0,0,0,0,0,0,0.0
Tinamus guttatus,inhambu-galinha,NE,LC,0,0.0,1,0,0,0,0,0,0,1,1,0,0,1,0,0,0,1,0,1,0,0,0,1,0,1,0,0.0
Threnetes niger,balança-rabo-escuro,NE,LC,0,0.0,1,0,0,0,0,0,0,1,0,0,0,0,0,0,1,0,0,0,0,0,0,0,0,0,0,0.0
Threnetes leucurus,balança-rabo-de-garganta-preta,NE,LC,0,0.0,1,0,0,0,0,0,0,1,0,0,0,1,0,0,1,0,0,0,0,0,0,0,0,0,0,0.0
Anabacerthia ruficaudata,limpa-folha-de-cauda-ruiva,NE,LC,0,0.0,1,0,1,0,0,0,0,1,1,0,0,1,0,0,0,0,0,0,0,0,0,0,0,0,0,0.0
Ammonastes pelzelni,formigueiro-de-barriga-cinza,NE,LC,0,0.0,1,0,0,0,0,0,0,1,0,0,0,0,0,0,1,0,0,0,0,0,0,0,0,0,0,0.0
Ammodramus humeralis,tico-tico-do-campo,NE,LC,0,0.0,1,1,1,1,1,1,0,1,1,1,1,1,0,0,0,0,0,0,0,0,0,0,0,0,0,0.0
Ceratopipra cornuta,dançador-de-crista,NE,LC,0,0.0,1,0,0,0,0,0,0,1,0,0,0,0,0,0,0,0,0,0,0,0,0,0,0,0,0,0.0
Ceratopipra chloromeros,dançador-de-cauda-graduada,NE,LC,0,0.0,1,0,0,0,0,0,0,1,0,0,0,0,0,0,0,1,1,1,0,1,0,1,0,0,0,0.0
Cephalopterus ornatus,anambé-preto,NE,LC,0,0.0,1,0,0,0,0,0,0,1,0,0,0,0,0,0,0,0,0,0,0,0,0,0,0,0,0,0.0
Celeus undatus,pica-pau-barrado,NE,LC,0,0.0,1,0,1,0,0,0,0,1,0,0,0,1,0,0,0,0,0,0,0,0,0,0,0,0,0,0.0
Celeus spectabilis,pica-pau-lindo,NE,LC,0,0.0,1,0,0,0,0,0,0,1,0,0,0,0,0,0,0,1,1,1,0,1,0,1,0,0,0,0.0
Celeus ochraceus,pica-pau-ocráceo,NE,LC,0,0.0,1,1,1,1,0,0,0,1,1,1,0,1,1,0,0,0,0,0,0,0,0,0,0,0,0,0.0
Celeus lugubris,pica-pau-louro,NE,LC,0,0.0,1,0,1,0,0,1,0,0,0,0,0,1,0,0,0,0,0,0,0,0,0,0,0,0,0,0.0
Chaetura meridionalis,andorinhão-do-temporal,NE,LC,0,0.0,1,1,1,1,1,1,1,1,1,1,1,1,0,1,0,0,1,1,0,0,0,0,0,0,0,0.0
Chaetura egregia,taperá-de-garganta-branca,NE,LC,0,0.0,1,0,1,0,0,0,0,1,0,0,0,1,0,0,0,0,0,0,0,0,0,0,0,0,0,0.0
Veniliornis cassini,pica-pau-de-colar-dourado,NE,LC,0,0.0,1,0,0,0,0,0,0,1,0,0,0,0,0,0,0,0,0,0,0,0,0,0,0,0,0,0.0
Trogon curucui,surucuá-de-barriga-vermelha,NE,LC,0,0.0,1,1,1,1,0,1,0,1,1,1,0,1,0,0,0,0,0,0,0,0,0,0,0,0,0,0.0
Troglodytes rufulus,corruíra-do-tepui,NE,LC,0,0.0,1,0,0,0,0,0,0,1,0,0,0,0,0,0,0,0,0,0,0,0,0,0,0,0,0,0.0
Troglodytes musculus,corruíra,NE,LC,0,0.0,1,1,1,1,1,1,0,1,1,1,1,1,0,0,0,0,0,0,0,0,0,0,0,0,0,0.0
Tringa solitaria,maçarico-solitário,NE,LC,0,0.0,1,1,1,1,1,1,0,1,1,1,1,1,0,1,0,1,1,1,1,1,0,0,0,1,1,0.0
Tringa inornata,maçarico-grande-de-asa-branca,NE,,0,0.0,1,1,0,1,1,0,0,0,1,0,1,0,0,0,0,0,0,0,0,0,0,0,0,0,0,0.0
Tringa flavipes,maçarico-de-perna-amarela,NE,LC,0,0.0,1,1,1,1,1,1,0,1,1,1,1,1,0,1,0,1,0,1,0,1,0,0,0,1,1,0.0
Trichothraupis melanops,tiê-de-topete,NE,LC,0,0.0,1,1,1,1,1,1,0,0,1,1,1,1,0,0,0,0,0,0,0,0,0,0,0,0,0,0.0
Touit purpuratus,apuim-de-costas-azuis,NE,LC,0,0.0,1,0,0,0,0,0,0,1,0,0,0,1,0,0,0,0,0,0,0,0,0,0,0,0,0,0.0
Topaza pyra,topázio-de-fogo,NE,LC,0,0.0,1,0,0,0,0,0,0,1,0,0,0,0,0,0,0,0,0,0,0,0,0,0,0,0,0,0.0
Topaza pella,beija-flor-brilho-de-fogo,NE,LC,0,0.0,1,0,0,0,0,0,0,1,1,0,0,1,0,0,0,0,0,0,0,0,0,0,0,0,0,0.0
Tolmomyias sulphurescens,bico-chato-de-orelha-preta,NE,LC,0,0.0,1,1,1,1,1,1,0,1,1,1,1,1,0,0,0,0,0,0,0,0,0,0,0,0,0,0.0
Tolmomyias poliocephalus,bico-chato-de-cabeça-cinza,NE,LC,0,0.0,1,1,1,1,0,0,0,1,1,1,0,1,0,0,0,0,0,0,0,0,0,0,0,0,0,0.0
Tolmomyias assimilis,bico-chato-da-copa,NE,LC,0,0.0,1,0,1,0,0,0,0,1,1,0,0,1,0,0,0,0,0,0,0,0,0,0,0,0,0,0.0
Todirostrum pictum,"ferreirinho-de-sobrancelha, ferreirinho-pintado",NE,LC,0,0.0,1,0,0,0,0,0,0,1,0,0,0,0,0,0,0,0,0,0,0,0,0,0,0,0,0,0.0
Todirostrum maculatum,ferreirinho-estriado,NE,LC,0,0.0,1,0,1,0,0,1,0,1,1,0,0,1,0,0,0,0,0,0,0,0,0,0,0,0,0,0.0
Todirostrum chrysocrotaphum,ferreirinho-de-sobrancelha,NE,LC,0,0.0,1,0,0,0,0,0,0,1,1,0,0,1,0,0,0,0,0,0,0,0,0,0,0,0,0,0.0
Turdus murinus,caraxué-dos-tepuis,NE,LC,0,0.0,1,0,0,0,0,0,0,1,0,0,0,0,0,0,0,0,0,0,0,0,0,0,0,0,0,0.0
Turdus leucops,sabiá-preto,NE,LC,0,0.0,1,0,0,0,0,0,0,1,0,0,0,0,0,0,0,0,0,0,0,0,0,0,0,0,0,0.0
Turdus leucomelas,sabiá-branco,NE,LC,0,0.0,1,1,1,1,1,1,0,1,1,1,1,1,0,0,0,1,0,1,0,1,0,0,1,0,0,0.0
Turdus lawrencii,caraxué-de-bico-amarelo,NE,LC,0,0.0,1,0,0,0,0,0,0,1,0,0,0,1,0,0,1,0,0,0,0,0,0,0,0,0,0,0.0
Turdus hauxwelli,Não Informado,NE,LC,0,0.0,1,0,1,0,0,1,0,1,0,0,0,1,0,0,1,0,0,0,0,0,0,0,0,0,0,0.0
Turdus fumigatus,sabiá-da-mata,NE,LC,0,0.0,1,1,1,0,0,0,0,1,1,1,0,1,0,0,0,0,0,0,0,0,0,0,0,0,0,0.0
Turdus flavipes,sabiá-una,NE,LC,0,0.0,1,1,1,1,1,0,0,1,1,1,1,0,0,1,0,1,0,0,0,1,0,0,0,0,0,0.0
Turdus debilis,"caraxué-da-várzea, caraxué-de-bico-preto-da-várzea",NE,LC,0,0.0,1,0,0,0,0,0,0,1,0,0,0,0,0,0,0,0,0,0,0,0,0,0,0,0,0,0.0
Turdus arthuri,caraxué-da-campina,NE,LC,0,0.0,1,0,1,0,0,0,0,1,0,0,0,1,0,0,0,0,0,0,0,0,0,0,0,0,0,0.0
Turdus amaurochalinus,sabiá-poca,NE,LC,0,0.0,1,1,1,1,1,1,0,1,1,1,1,1,0,1,0,1,0,0,0,1,0,0,0,0,0,0.0
Tunchiornis ochraceiceps,vite-vite-uirapuru,NE,LC,0,0.0,1,0,0,0,0,0,0,1,0,0,0,1,1,0,1,0,0,1,0,1,0,0,0,0,0,0.0
Trogon violaceus,surucuá-violáceo,NE,LC,0,0.0,1,0,0,0,0,0,0,1,0,0,0,0,0,0,0,0,0,0,0,0,0,0,0,0,0,0.0
Trogon surrucura,surucuá-variado,NE,LC,0,0.0,1,1,1,1,1,1,0,1,1,1,1,1,0,0,0,0,0,0,0,0,0,0,0,0,0,0.0
Trogon rufus,surucuá-dourado-da-amazônia,NE,LC,0,0.0,1,0,0,0,0,0,0,1,1,0,0,1,0,0,0,0,0,0,0,0,0,0,0,0,0,0.0
Trogon personatus,surucuá-mascarado,NE,LC,0,0.0,1,0,0,0,0,0,0,1,0,0,0,0,0,0,0,1,0,0,0,1,0,0,0,0,1,0.0
Trogon melanurus,surucuá-de-cauda-preta,NE,LC,0,0.0,1,0,1,0,0,1,0,1,1,0,0,1,0,0,1,0,0,0,0,0,0,0,0,0,0,0.0
Urubitinga solitaria,águia-solitária,NE,,0,0.0,1,0,0,0,0,0,0,1,0,0,0,0,0,0,0,0,0,0,0,0,0,0,0,0,0,0.0
Uropelia campestris,rolinha-vaqueira,NE,LC,0,0.0,1,0,1,1,0,1,0,1,1,1,0,1,0,0,0,0,0,0,0,0,0,0,0,0,0,0.0
Tyrannus savana,tesourinha,NE,LC,0,0.0,1,1,1,1,1,1,0,1,1,1,1,1,0,1,0,0,1,1,0,0,0,0,0,0,0,0.0
Tyrannus monachus,tesourinha-do-norte,NE,LC,0,0.0,1,0,0,0,0,0,0,1,0,0,0,0,0,0,0,0,0,0,0,0,0,0,0,0,0,0.0
Tyrannus melancholicus,suiriri,NE,LC,0,0.0,1,1,1,1,1,1,0,1,1,1,1,1,0,1,0,0,0,0,0,0,0,0,0,0,0,0.0
Tyrannus dominicensis,suiriri-cinza,NE,,0,0.0,1,0,0,0,0,0,0,1,0,0,0,0,0,1,0,0,0,0,0,0,0,0,0,0,0,0.0
Tyrannus albogularis,suiriri-de-garganta-branca,NE,LC,0,0.0,1,1,1,1,0,1,0,1,1,1,1,1,0,1,0,0,0,0,0,0,0,0,0,0,0,0.0
Tyrannulus elatus,maria-te-viu,NE,LC,0,0.0,1,0,1,0,0,0,0,1,1,0,0,1,0,0,0,0,0,0,0,0,0,0,0,0,0,0.0
Tyrannopsis sulphurea,suiriri-de-garganta-rajada,NE,LC,0,0.0,1,0,1,0,0,0,0,1,1,1,0,1,0,0,0,0,0,0,0,0,0,0,0,0,0,0.0
Tyranneutes virescens,uirapuruzinho-do-norte,NE,LC,0,0.0,1,0,0,0,0,0,0,1,0,0,0,0,0,0,0,0,0,0,0,0,0,0,0,0,0,0.0
Tyranneutes stolzmanni,uirapuruzinho,NE,LC,0,0.0,1,0,1,0,0,0,0,1,1,0,0,1,0,0,0,0,0,0,0,0,0,0,0,0,0,0.0
Turdus subalaris,sabiá-ferreiro,NE,LC,0,0.0,1,1,1,0,1,1,0,1,1,1,1,1,0,1,0,0,0,0,0,0,0,0,0,0,0,0.0
Turdus sanchezorum,sabiá-da-várzea,NE,LC,0,0.0,1,0,0,0,0,0,0,1,0,0,0,0,0,0,0,1,1,1,0,0,0,1,0,0,0,0.0
Turdus rufiventris,sabiá-laranjeira,NE,LC,0,0.0,1,1,1,1,1,1,0,1,1,1,1,1,0,0,0,0,0,0,0,0,0,0,0,0,0,0.0
Turdus olivater,sabiá-de-cabeça-preta,NE,LC,0,0.0,1,0,0,0,0,0,0,1,0,0,0,0,0,0,0,0,0,0,0,0,0,0,0,0,0,0.0
Turdus nudigenis,caraxué,NE,LC,0,0.0,1,0,1,0,0,0,0,1,1,0,0,0,0,0,0,0,0,0,0,0,0,0,0,0,0,0.0
Xolmis irupero,Noivinha,NE,LC,0,0.0,0,1,1,1,1,1,0,0,1,1,1,1,0,0,0,0,0,0,0,0,0,0,0,0,0,0.0
Xiphocolaptes major,arapaçu-do-campo,NE,LC,0,0.0,1,1,1,0,0,1,0,0,0,0,0,1,0,0,0,0,0,0,0,0,0,0,0,0,0,0.0
Akletos goeldii,formigueiro-de-goeldi,NE,LC,0,0.0,1,0,0,0,0,0,0,1,0,0,0,0,0,0,0,1,1,1,0,0,0,0,0,0,0,0.0
Agriornis murinus,gauchinho,NE,,0,0.0,0,0,0,0,1,0,0,0,0,0,1,0,0,0,0,0,0,0,0,0,0,0,0,0,0,0.0
Agriornis micropterus,gaúcho-de-barriga-cinza,NE,,0,0.0,0,0,0,0,1,0,0,0,0,0,1,0,0,0,0,0,0,0,0,0,0,0,0,0,0,0.0
Willisornis poecilinotus,rendadinho,NE,LC,0,0.0,1,0,1,0,0,1,0,1,0,0,0,1,0,0,0,0,0,0,0,0,0,0,0,0,0,0.0
Vireolanius leucotis,assobiador-do-castanhal,NE,LC,0,0.0,1,0,0,0,0,0,0,1,0,0,0,1,0,0,0,0,0,0,0,0,0,0,0,0,0,0.0
Vireo sclateri,vite-vite-do-tepui,NE,LC,0,0.0,1,0,0,0,0,0,0,1,0,0,0,0,0,0,0,0,0,0,0,0,0,0,0,0,0,0.0
Vireo olivaceus,juruviara-boreal,NE,LC,0,0.0,1,1,1,0,0,1,0,1,0,1,0,1,0,1,0,0,0,0,0,0,0,0,0,0,0,0.0
Vireo flavoviridis,juruviara-verde-amarelada,NE,LC,0,0.0,1,0,0,0,0,0,0,1,0,0,0,1,0,1,0,0,0,0,0,0,0,0,0,0,0,0.0
Vireo altiloquus,juruviara-barbuda,NE,LC,0,0.0,1,0,0,0,0,0,0,1,0,0,0,1,0,1,0,0,0,0,0,0,0,0,0,0,0,0.0
Veniliornis passerinus,picapauzinho-anão,NE,LC,0,0.0,1,1,1,1,0,1,0,1,1,1,1,1,0,0,0,0,0,0,0,0,0,0,0,0,0,0.0
Veniliornis mixtus,pica-pau-chorão,NE,LC,0,0.0,1,1,1,1,1,1,0,1,1,1,1,1,0,0,0,0,0,0,0,0,0,0,0,0,0,0.0
Amaurolimnas concolor,saracura-lisa,NE,LC,0,0.0,1,1,1,0,0,0,0,1,1,1,1,1,0,0,0,0,0,0,0,0,0,0,0,0,0,0.0
Certhiasomus stictolaemus,arapaçu-de-garganta-pintada,NE,LC,0,0.0,1,0,1,0,0,0,0,1,1,0,0,1,0,0,0,0,0,0,0,0,0,0,0,0,0,0.0
Zonotrichia capensis,tico-tico,NE,LC,0,0.0,1,1,1,1,1,1,0,1,1,1,1,1,0,0,0,1,0,1,0,1,0,0,1,0,0,0.0
Akletos melanoceps,formigueiro-grande,NE,LC,0,0.0,1,0,0,0,0,0,0,1,0,0,0,0,0,0,0,0,0,0,0,0,0,0,0,0,0,0.0
Vanellus chilensis,quero-quero,NE,LC,0,0.0,1,1,1,1,1,1,0,1,1,1,1,1,0,0,0,0,0,0,0,0,0,0,0,0,0,0.0
Cercomacroides tyrannina,chororó-escuro,NE,LC,0,0.0,1,0,0,0,0,0,0,1,0,0,0,0,0,0,0,0,0,0,0,0,0,0,0,0,0,0.0
Fregata magnificens,tesourão,NE,LC,0,0.0,1,1,1,1,1,0,1,1,1,1,1,0,0,0,0,0,0,0,0,0,0,0,0,0,0,0.0
Frederickena viridis,borralhara-do-norte,NE,LC,0,0.0,1,0,0,0,0,0,0,1,0,0,0,0,0,0,0,0,0,0,0,0,0,0,0,0,0,0.0
Frederickena unduliger,borralhara-ondulada,NE,LC,0,0.0,1,0,0,0,0,0,0,1,0,0,0,0,0,0,1,0,0,0,0,0,0,0,0,0,0,0.0
Forpus sclateri,tuim-de-bico-escuro,NE,LC,0,0.0,1,0,0,0,0,0,0,1,0,0,0,1,0,0,0,0,0,0,0,0,0,0,0,0,0,0.0
Forpus passerinus,Tuim-santo,NE,LC,0,0.0,1,0,0,0,0,0,0,1,0,0,0,0,0,0,0,0,0,0,0,0,0,0,0,0,0,0.0
Forpus modestus,tuim-de-bico-escuro-do-norte,NE,LC,0,0.0,1,0,0,0,0,0,0,1,0,0,0,1,0,0,0,1,1,1,0,0,0,0,0,0,0,0.0
Xenops tenuirostris,bico-virado-fino,NE,LC,0,0.0,1,0,0,0,0,0,0,1,0,0,0,1,0,0,0,0,0,0,0,0,0,0,0,0,0,0.0
Xenops rutilans,bico-virado-carijó,NE,LC,0,0.0,1,1,1,1,1,1,0,1,1,1,1,1,0,0,0,0,0,0,0,0,0,0,0,0,0,0.0
Xenopipo uniformis,dançarino-oliváceo,NE,LC,0,0.0,1,0,0,0,0,0,0,1,0,0,0,0,0,0,0,0,0,0,0,0,0,0,0,0,0,0.0
Xenopipo atronitens,pretinho,NE,LC,0,0.0,1,0,1,0,0,0,0,1,1,0,0,1,0,0,0,0,0,0,0,0,0,0,0,0,0,0.0
Amazona dufresniana,papagaio-de-bochecha-azul,NE,DD,0,0.0,1,0,0,0,0,0,0,1,0,0,0,0,0,0,0,0,1,1,0,0,0,0,0,0,0,0.0
Amazona autumnalis,papagaio-diadema,NE,DD,0,0.0,1,0,0,0,0,0,0,1,0,0,0,0,0,0,0,1,1,1,0,1,0,0,0,0,0,0.0
Aeronautes montivagus,andorinhão-serrano,NE,LC,0,0.0,1,0,0,0,0,0,0,1,0,0,0,0,0,0,0,1,1,1,0,0,0,1,0,1,1,0.0
