reino,filo,classe,ordem,familia,genero,especie,subespecie,nome_cientifico_anterior,autor,nome_comum,grupo,mesano_avaliacao,categoria_2026,possivemente_extinta,criterio,justificativa,endemica_brasil,consta_em_lista_nacional_oficial,estado,regiao,bioma,bacia_hidrografica,unidade_de_conservacao_federal,unidade_de_conservacao_estadual,rppn,migratoria,tendencia_populacional,ameaca,uso,acao_conservacao,plano_de_acao,listas_e_convencoes,altitudeminmax,barimetriaminmax,especie_limpa,categoria_2014,lista_2014,status_2026,status_2014
Animalia,Arthropoda,Insecta,Hymenoptera,Colletidae,Actenosigynes,Actenosigynes mantiqueirensis,,,"Silveira, 2009",Abelha,Invertebrados Terrestres,07/2021,Criticamente em Perigo,Não,B1ab(iii),"Actenosigynes mantiqueirensis é endêmica do Brasil, registrada apenas na porção mineira da Serra da Mantiqueira. A espécie, aparentemente, é associada aos ambientes com dominância de floresta mista de Araucária e parece ser dependente de uma única fonte de pólen, a planta Blumenbachia amana (Loasaceae). A região de ocorrência da espécie, sobretudo as fitofisionomias florestais e campestres da Serra da Mantiqueira, estão sobre forte pressão antrópica há décadas. Atualmente, essas áreas sofrem impactos oriundos da expansão urbana e das atividades agropecuárias da região, que além de causarem perda e fragmentação da paisagem natural, também acarretam no declínio da qualidade do habitat remanescente. A fragmentação ambiental, somada à baixa capacidade de dispersão da espécie e à dependência de apenas uma fonte de pólen, sugerem que a população esteja severamente fragmentada. Por essas razões, Actenosigynes mantiqueirensis foi categorizada como Criticamente Em Perigo (CR), pelo critério B1ab(iii).",Sim,Não,Minas Gerais,|Sudeste|,Mata Atlântica,Sub-bacia Grande,,ÁREA DE PROTEÇÃO AMBIENTAL FERNÃO DIAS,,Não,Desconhecida,"11 - Mudanças e extremos climáticos
11.1 - Mudança/alteração de habitat
1 - Desenvolvimento residencial e comercial
1.1 - Expansão urbana
2 - Agropecuária e Aquacultura
2.1 - Culturas anuais e perenes não-madeireiras
2.1.4 - Agricultura de escala desconhecida
2 - Agropecuária e Aquacultura
2.3 - Pecuária
2.3.4 - Pecuária em escala desconhecida",,Plano de Ação Nacional (PAN),Plano de Ação Nacional para a Conservação de Insetos Polinizadores,,,,actenosigynes mantiqueirensis,,,CR,NE
Animalia,Arthropoda,Insecta,Lepidoptera,Nymphalidae,Actinote,Actinote zikani,,Actinote zikani,"D´Almeida, 1951",Borboleta,Invertebrados Terrestres,09/2024,Criticamente em Perigo,Não,"B1b(i,ii,iii,v)c(iv)","Actinote zikani é endêmica do Brasil, registrada em uma única localidade, ao longo de uma trilha de 1,5 km no distrito de Paranapiacaba, município de Santo André, São Paulo. Sua Extensão de Ocorrência (EOO) e sua Área de Ocupação (AOO) foram calculadas em 12 km². Duas das três subpopulações originais da localidade tipo (Boracéia e Alto da Serra, São Paulo), não foram localizadas desde o início da década de 90, mesmo com grande esforço de amostragem, o que caracteriza declínio da Extensão de Ocorrência, da área de ocupação e do número de indivíduos maduros de sua população. A porção restante da população conhecida está muito próxima de áreas de extrema pressão antrópica (vila de Paranapiacaba, município de Santo André), quase emendada com a região metropolitana de São Paulo e adjacente ao parque industrial de Cubatão, que adicionalmente promovem declínio da qualidade do habitat remanescente, sobretudo por expansão urbana e poluição industrial. Estudo populacional revelou flutuações extremas entre 1994 e 2023. Por essas razões, A. zikani foi categoriza como Criticamente em Perigo (CR), segundo os critérios B1b(i,ii,iii,v)c(iv).",Sim,Sim,São Paulo,|Sudeste|,Mata Atlântica,"Sub-bacia Litoral SP
Sub-bacia Tietê",,PARQUE ESTADUAL DA SERRA DO MAR,,Não,Declinando,"1 - Desenvolvimento residencial e comercial
1.1 - Expansão urbana
1 - Desenvolvimento residencial e comercial
1.2 - Áreas comerciais e industriais
9 - Poluição
9.5 - Poluição do ar
9.5.1 - Chuva ácida
9 - Poluição
9.5.2 - Fumaça (industrial
veículos
etc)",,Plano de Ação Nacional (PAN),"Plano de Ação Nacional para a Conservação de Insetos Polinizadores, Plano de Ação Nacional para a Conservação de Lepidópteros","Lista Nacional Oficial de Espécies da Fauna Ameaçadas de Extinção 2014, Lista Nacional Oficial de Espécies da Fauna Ameaçadas de Extinção 2022",,,actinote zikani,CR,1.0,CR,CR
Animalia,Chordata,Amphibia,Anura,Eleutherodactylidae,Adelophryne,Adelophryne maranguapensis,,Adelophryne maranguapensis,"Hoogmoed, Borges & Cascon, 1994",Rãnzinha-pulga,Anfíbios,09/2018,Criticamente em Perigo,Não,B1ab(iii),"Adelophryne maranguapensis é endêmica do Brasil, conhecida somente da localidade-tipo (Pico da Rajada, na Serra de Maranguape) no estado do Ceará, em uma área restrita de floresta úmida (brejo de altitude) entre 800 e 900 metros de altitude. Sua extensão de ocorrência foi estimada em 2 km&sup2;. A espécie é bromelígena e abundante localmente, contudo, sofre forte pressão antrópica devido à expansão urbana, com a construção de casas de veraneio, e de plantações de bananas, que atingem as porções mais altas da Serra, caracterizando declínio continuado na qualidade do seu hábitat. Toda sua distribuição é tida como apenas uma localização, considerando a principal ameaça a expansão dos plantios de banana. Por essas razões, Adelophryne maranguapensis foi avaliada como Criticamente em Perigo (CR) pelo critério B1ab(iii).",Sim,Sim,Ceará,|Nordeste|,Caatinga,Sub-bacia Litoral CE PI,,,,Não,Desconhecida,"1 - Desenvolvimento residencial e comercial
1.1 - Expansão urbana
1 - Desenvolvimento residencial e comercial
1.3 - Áreas de turismo e recreação
2 - Agropecuária e Aquacultura
2.1 - Culturas anuais e perenes não-madeireiras
2.1.2 - Agricultura em pequenas propriedades
5 - Uso de recursos biológicos
5.2 - Coleta de plantas terrestres
5.2.2 - Efeitos indiretos (a espécie não é o alvo)",,"Identificação de novas áreas protegidas, Plano de Ação Nacional (PAN), Proteção de recursos/habitat","Plano de Ação Nacional para a Conservação da Herpetofauna Ameaçada da Mata Atlântica Nordestina, Plano de Ação Nacional para a Conservação da Herpetofauna do Nordeste - 2º ciclo","Lista Nacional Oficial de Espécies da Fauna Ameaçadas de Extinção 2014, Lista Nacional Oficial de Espécies da Fauna Ameaçadas de Extinção 2022",,,adelophryne maranguapensis,CR,1.0,CR,CR
Animalia,Arthropoda,Malacostraca,Decapoda,Aeglidae,Aegla,Aegla brevipalma,,Aegla brevipalma,"Bond-Buckup & Santos, 2012",Egla,Invertebrados de Água Doce,10/2019,Criticamente em Perigo,Não,B1ab(iii),"Aegla brevipalma é endêmica do Brasil e conhecida em uma única localidade, no Rio Matador, Município de Bom Retiro (SC). A extensão de ocorrência foi calculada em 3 km&sup2; e foi identificada uma localização a partir da principal ameaça, que é o avanço das atividades agropecuárias, com substituição da vegetação nativa por silvicultura. A região onde a espécie ocorre está sujeita ao declínio continuo da qualidade de habitat, devido à criação de bovinos e suínos nas imediações do curso d’água. Por isso, A. brevipalma foi categorizada como Criticamente em Perigo (CR), segundo o critério B1ab(iii).",Sim,Sim,Santa Catarina,|Sul|,Mata Atlântica,Sub-bacia Uruguai Alto,,,,Não,Declinando,"2 - Agropecuária e Aquacultura
2.2 - Silvicultura
2.2.1 - Plantações em pequenas propriedades
2 - Agropecuária e Aquacultura
2.3 - Pecuária
2.3.2 - Pecuária em pequenas propriedades
9 - Poluição
9.3 - Agropecuária e florestal
9.3.1 - Acúmulo de nutrientes
9 - Poluição
9.3.2 - Erosão do solo/sedimentação",,"Plano de Ação Nacional (PAN), Proteção de locais/áreas",Plano de Ação Nacional para a Conservação dos Peixes e Eglas da Mata Atlântica,"Lista Nacional Oficial de Espécies da Fauna Ameaçadas de Extinção 2014, Lista Nacional Oficial de Espécies da Fauna Ameaçadas de Extinção 2022",,,aegla brevipalma,CR,1.0,CR,CR
Animalia,Arthropoda,Malacostraca,Decapoda,Aeglidae,Aegla,Aegla cavernicola,,Aegla cavernicola,"Türkay, 1972",Não Informado,Invertebrados de Água Doce,05/2018,Criticamente em Perigo,Não,"B2ab(iii,v)","Aegla cavernicola é endêmica de um sistema de cavernas (Sistema Areias) na região do Parque Estadual Turístico do Alto Ribeira, São Paulo, possuindo reduzida área de ocupação (aproximadamente 0,02 km&sup2;), e que corresponde a uma única localização. Este sistema é caracterizado por ser ambiente singular, composto por um habitat subterrâneo frágil e de comunidade animal fortemente dependente de aporte de nutrientes de origem externa (meio epígeo). Além disso, observa-se ainda a degradação ambiental (assoreamento, desmatamento e poluição da água) no entorno das cavernas em consequência da ocupação humana e um acentuado declínio populacional em anos recentes. Por esses motivos, a espécie foi categorizada como Criticamente em Perigo de acordo com o critério B2ab(iii,v).",Sim,Sim,São Paulo,|Sudeste|,Mata Atlântica,Sub-bacia Litoral RJ SP,,PARQUE ESTADUAL TURÍSTICO DO ALTO DO RIBEIRA,,Não,Declinando,"1 - Desenvolvimento residencial e comercial
1.1 - Expansão urbana
6 - Distúrbios humanos
6.1 - Atividades recreacionais/turísticas
7 - Modificações nos sistemas naturais
7.3 - Outras modificações nos ecossistemas
9 - Poluição
9.1 - Doméstica e urbana - escoamento de água
9.1.1 - Esgoto
9 - Poluição
9.3 - Agropecuária e florestal
9.3.2 - Erosão do solo/sedimentação
9 - Poluição
9.4 - Lixo e resíduos sólidos
9.4.1 - Urbanos",15 - Pesquisa,"Expansão de áreas protegidas, Manejo de locais/áreas, Plano de Ação Nacional (PAN), Proteção de recursos/habitat",Plano de Ação Nacional para a Conservação das Cavernas do Brasil,"Lista Nacional Oficial de Espécies da Fauna Ameaçadas de Extinção 2014, Lista Nacional Oficial de Espécies da Fauna Ameaçadas de Extinção 2022",,,aegla cavernicola,CR,1.0,CR,CR
Animalia,Arthropoda,Malacostraca,Decapoda,Aeglidae,Aegla,Aegla charon,,,"Bueno & Moraes, 2017",Não Informado,Invertebrados de Água Doce,05/2018,Criticamente em Perigo,Não,B2ab(iii),"Aegla charon é conhecida somente da localidade-tipo, a caverna “Lago Subterrâneo”, no município de Guapiara, São Paulo. Sua área de ocupação é muito restrita, estimada em menos de 10km2. Apesar de a caverna estar em uma unidade de conservação (Parque Estadual de Intervales), há estudos em outras cavernas da região que indicam poluição das águas por metais pesados decorrentes de atividade de mineração no entorno. Além disso, a presença de pleópodos nos machos da espécie sugere má formação decorrente de contaminação, já que essa não é uma característica dos machos do grupo. Considerando uma localização, a espécie foi categorizada como Criticamente em Perigo pelo critério B2ab(iii).",Sim,Sim,São Paulo,|Sudeste|,Mata Atlântica,Sub-bacia Paranapanema,,"APA SERRA DO MAR, PARQUE ESTADUAL INTERVALES",,Não,Desconhecida,"9 - Poluição
9.2 - Industrial
9.2.2 - Infiltraçao oriunda de mineração
9 - Poluição
9.2.3 - Contaminação por metais pesados",,Plano de Ação Nacional (PAN),Plano de Ação Nacional para a Conservação das Cavernas do Brasil,Lista Nacional Oficial de Espécies da Fauna Ameaçadas de Extinção 2022,,,aegla charon,CR,0.0,CR,CR
Animalia,Arthropoda,Malacostraca,Decapoda,Aeglidae,Aegla,Aegla leptochela,,Aegla leptochela,"Bond-Buckup & Buckup, 1994",Não Informado,Invertebrados de Água Doce,05/2018,Criticamente em Perigo,Não,"B2ab(iii,v)","Aegla leptochela é conhecida somente da Gruta dos Paiva, na região do Alto Ribeira, estado de São Paulo, com uma área de ocupação (AOO) muito reduzida e estimada em 0,00864km&sup2;. Seu habitat é caracterizado por ser um ambiente singular (hipógeo), frágil e com comunidade animal fortemente dependente de aporte de nutrientes de origem externa (meio epígeo). A localidade apresenta declínio na qualidade do habitat em virtude da exploração de minério e de calcário, desmatamento e perturbações provocadas por visitação, além de sofrer com a introdução e estabelecimento de uma população não-endêmica de carpa que compete com os eglídeos pelos escassos recursos e nutrientes provenientes do meio epígeo. Foi observado um declínio significativo no tamanho estimado de indivíduos adultos na população em anos recentes. Considerando uma localização a espécie foi categorizada como Criticamente em Perigo (CR) pelo critério B2ab(iii,v).",Sim,Sim,São Paulo,|Sudeste|,Mata Atlântica,Sub-bacia Litoral RJ SP,,,,Não,Declinando,"3 - Produção energética e mineração
3.2 - Mineração
3.2.3 - Extração de minérios - subsolo
6 - Distúrbios humanos
6.1 - Atividades recreacionais/turísticas
7 - Modificações nos sistemas naturais
7.3 - Outras modificações nos ecossistemas
8 - Espécies invasoras
problemáticas e doenças
8.1 - Espécies exóticas
8.1.1 - Espécie conhecida
8.1.1.1 - Competidores
8 - Espécies invasoras
problemáticas e doenças
8.1.1.2 - Predadores
9 - Poluição
9.2 - Industrial
9.2.2 - Infiltraçao oriunda de mineração
9 - Poluição
9.2.3 - Contaminação por metais pesados",15 - Pesquisa,"Controle de espécies invasoras/problemáticas, Expansão de áreas protegidas, Manejo de locais/áreas, Nível regional, Plano de Ação Nacional (PAN), Proteção de recursos/habitat",Plano de Ação Nacional para a Conservação das Cavernas do Brasil,"Lista Nacional Oficial de Espécies da Fauna Ameaçadas de Extinção 2014, Lista Nacional Oficial de Espécies da Fauna Ameaçadas de Extinção 2022",,,aegla leptochela,CR,1.0,CR,CR
Animalia,Arthropoda,Malacostraca,Decapoda,Aeglidae,Aegla,Aegla microphthalma,,Aegla microphthalma,"Bond-Buckup & Buckup, 1994",Não Informado,Invertebrados de Água Doce,05/2018,Criticamente em Perigo,Não,"B2ab(iii,v)","Aegla microphtalma é conhecida apenas da localidade-tipo, a Caverna Santana no Parque Estadual Turístico do Alto Ribeira, estado de São Paulo, possuindo reduzida área de ocupação (0,02272 km&sup2;). Foi observado um forte declínio populacional nos últimos 40 anos. Seu habitat é caracterizado por ser um ambiente singular (habitat subterrâneo), frágil e com comunidade animal fortemente dependente de aporte de nutrientes de origem externa (meio epígeo). A degradação ambiental na região causada pela exploração de minério continua ocorrendo de forma clandestina, afetando as drenagens da região. Expedições recentes registraram a espécie muito raramente. Considerando uma localização, a espécie foi categorizada como Criticamente em Perigo pelo critério B2ab(iii,v).",Sim,Sim,São Paulo,|Sudeste|,Mata Atlântica,Sub-bacia Litoral RJ SP,,PARQUE ESTADUAL TURÍSTICO DO ALTO DO RIBEIRA,,Não,Declinando,"3 - Produção energética e mineração
3.2 - Mineração
3.2.3 - Extração de minérios - subsolo
6 - Distúrbios humanos
6.1 - Atividades recreacionais/turísticas
7 - Modificações nos sistemas naturais
7.3 - Outras modificações nos ecossistemas
8 - Espécies invasoras
problemáticas e doenças
8.2 - Espécies domésticas
8.2.1 - Competidores
8 - Espécies invasoras
problemáticas e doenças
8.2.2 - Predadores
9 - Poluição
9.2 - Industrial
9.2.2 - Infiltraçao oriunda de mineração
9 - Poluição
9.2.3 - Contaminação por metais pesados",15 - Pesquisa,Plano de Ação Nacional (PAN),Plano de Ação Nacional para a Conservação das Cavernas do Brasil,"Lista Nacional Oficial de Espécies da Fauna Ameaçadas de Extinção 2014, Lista Nacional Oficial de Espécies da Fauna Ameaçadas de Extinção 2022",,,aegla microphthalma,CR,1.0,CR,CR
Animalia,Arthropoda,Arachnida,Palpigradi,Eukoeneniidae,Allokoenenia,Allokoenenia canhembora,,,"Souza & Ferreira, 2022",Não Informado,Invertebrados Terrestres,05/2024,Criticamente em Perigo,Não,B1ab(iii)+2ab(iii),"Allokoenenia canhembora é endêmica do Brasil, conhecida apenas da localidade-tipo, a caverna Toca do Gonçalo, no município de Umburanas, estado da Bahia. A caverna é fortemente impactada, principalmente pela exploração de água subterrânea e consequente redução regional do nível freático, e pela remoção da vegetação nativa do entorno da caverna para atividades agropecuárias. A Extensão de Ocorrência (EOO) foi calculada em menos de 1 km² e igualada à Área de Ocupação (AOO), calculada em 8 km². Considerando uma localização e o declínio continuado da qualidade do habitat em função dos impactos mencionados, A. canhembora foi categorizada como Criticamente em Perigo (CR) pelos critérios B1ab(iii)+2ab(iii).",Sim,Não,Bahia,|Nordeste|,Caatinga,Sub-bacia São Francisco Submédio,,,,Não,Desconhecida,"2 - Agropecuária e Aquacultura
2.1 - Culturas anuais e perenes não-madeireiras
2.1.2 - Agricultura em pequenas propriedades
7 - Modificações nos sistemas naturais
7.2 - Represas e uso de água
7.2.5 - Captação de água subterrânea - uso doméstico
7 - Modificações nos sistemas naturais
7.2.6 - Captação de água subterrânea - uso comercial
7 - Modificações nos sistemas naturais
7.3 - Outras modificações nos ecossistemas",,,,,,,allokoenenia canhembora,,,CR,NE
Animalia,Chordata,Elasmobranchii,Lamniformes,Alopiidae,Alopias,Alopias vulpinus,,Alopias vulpinus,"(Bonnaterre, 1788)","tubarão-rabudo, tubarão-raposa, tubarão-saltador",Tubarões e Raias,11/2017,Criticamente em Perigo,Não,A4bd,"A distribuição geográfica de Alopias vulpinus é ampla, ocorrendo em todos os oceanos. A espécie nunca foi considerada abundante na costa brasileira e por este motivo sua biologia é pouco conhecida. É capturada como fauna acompanhante em diversas artes de pesca incluindo espinhéis, redes de emalhar e redes de arrasto. Embora a captura da espécie seja incidental na pesca dirigida a outras espécies de peixes pelágicos, quando capturada é aproveitada para o consumo humano. Assumindo uma única população para o Atlântico Sul, os resultados de estudo conduzido em uma área significativa da distribuição da espécie no Brasil que indicaram redução nas taxas de captura de aproximadamente 97%, bem como a perspectiva de continuidade de ameaças a espécie, infere-se um declínio populacional maior que 80% em uma janela de 45 anos (equivalente a três gerações) a partir de 2002. Assim, a espécie foi categorizada como Criticamente em Perigo (CR) pelos critérios A4bd.",Não,Sim,"Alagoas, Amapá, Bahia, Ceará, Espírito Santo, Maranhão, Pará, Paraíba, Paraná, Pernambuco, Piauí, Rio de Janeiro, Rio Grande do Norte, Rio Grande do Sul, Santa Catarina, São Paulo, Sergipe",|Nordeste|Norte|Sudeste|Sul|,Sistema Costeiro-Marinho,,"APA Baleia Franca, PARNA Marinho dos Abrolhos",APA MARINHA DO LITORAL CENTRO,,Sim,Declinando,"5 - Uso de recursos biológicos
5.1 - Caça e captura de animais terrestres ou marinhos
5.1.1 - Caça/captura intencional (a espécie é o alvo)
5.1.1.4 - Esportiva
5 - Uso de recursos biológicos
5.4 - Pesca e uso de recursos aquáticos
5.4.2 - Captura intencional - larga escala
5.4.2.6 - Arrasto
5 - Uso de recursos biológicos
5.4.2.7 - Emalhe
5 - Uso de recursos biológicos
5.4.2.8 - Espinhel
5 - Uso de recursos biológicos
5.4.6 - Captura indireta - larga escala
5.4.6.6 - Arrasto
5.4.6.6.1 - Arrasto simples
5 - Uso de recursos biológicos
5.4.6.6.2 - Arrasto duplo
5 - Uso de recursos biológicos
5.4.6.7 - Emalhe
5.4.6.7.1 - Emalhe de fundo
5 - Uso de recursos biológicos
5.4.6.7.2 - Emalhe de superfície
5 - Uso de recursos biológicos
5.4.6.8 - Espinhel
5.4.6.8.1 - Espinhel de superfície","13 - Outros bens de consumo
1 - Alimentação humana
1.6 - Pesca - comércio internacional
1 - Alimentação humana
1.8 - Pesca industrial
1.8.6 - Arrasto
1 - Alimentação humana
1.8.7 - Emalhe
1 - Alimentação humana
1.8.8 - Espinhel
4 - Caça/pesca esportiva","Criação de áreas protegidas, Legislação e política, Plano de Ação Nacional (PAN), Proteção de locais/áreas",Plano de Ação Nacional para a Conservação dos Elasmobrânquios Ameaçados de Extinção,"Comissão Internacional para a Conservação do Atum do Atlântico - ICCAT, Lista Nacional Oficial de Espécies da Fauna Ameaçadas de Extinção 2014, Lista Nacional Oficial de Espécies da Fauna Ameaçadas de Extinção 2022, CITES - Anexo II",,"0 , 350",alopias vulpinus,CR,1.0,CR,CR
Animalia,Arthropoda,Insecta,Coleoptera,Lucanidae,Altitatiayus,Altitatiayus campoi,,Altitatiayus campoi,"Grossi & Koike, 2011",besouro-tesoura,Invertebrados Terrestres,07/2022,Criticamente em Perigo,Não,B1ab(iii)+2ab(iii),"Altitatiayus campoi é endêmica do Brasil, conhecida apenas da localidade-tipo, no Pico do Marins, em Piquete, SP. A espécie é encontrada somente em altitude superior a 2.300m. Estudos foram realizados em outras áreas de altitude da região, porém não houve registros adicionais da espécie. Sua Área de Ocupação (AOO) é extremamente restrita, calculada em 08km&sup2;, equivalente também ao valor de sua Extensão de Ocorrência (EOO). A espécie tem tamanho pequeno (14,5 a 18 mm), é diurna e não tem capacidade de voo, utilizando o caminho das trilhas durante o dia. A área não é protegida e sofre intensa visitação, que é desordenada e promove pisoteio dos indivíduos nas trilhas. Conjuntamente, essas ameaças vêm provocando um contínuo declínio da qualidade do habitat, em função de abertura de trilhas, incêndios acidentais e abertura de áreas para camping. Considerando os incêndios como sua principal ameaça, há apenas 01 localização. Portanto, A. campoi foi categorizada como Criticamente Em Perigo (CR), pelos critérios B1ab(iii)+2ab(iii).",Sim,Sim,São Paulo,|Sudeste|,Mata Atlântica,Sub-bacia Paraíba do Sul,APA Serra da Mantiqueira,,,Não,Desconhecida,"11 - Mudanças e extremos climáticos
11.3 - Extremos térmicos
6 - Distúrbios humanos
6.1 - Atividades recreacionais/turísticas
7 - Modificações nos sistemas naturais
7.1 - Incêndios e supressão de incêndios
7.1.1 - Aumento da frequência/intensidade de incêndios",,,,"Lista Nacional Oficial de Espécies da Fauna Ameaçadas de Extinção 2014, Lista Nacional Oficial de Espécies da Fauna Ameaçadas de Extinção 2022",2300,,altitatiayus campoi,VU,1.0,CR,VU
Animalia,Arthropoda,Insecta,Coleoptera,Lucanidae,Altitatiayus,Altitatiayus dulceae,,Altitatiayus dulceae,"(Bomans & Arnaud, 2002)",besouro-tesoura,Invertebrados Terrestres,07/2022,Criticamente em Perigo,Não,B1ab(iii)+2ab(iii),"Altitatiayus dulceae é endêmica do Brasil, conhecida apenas da localidade-tipo, na Trilha da Serra Negra a noroeste do Hotel Alsene, no Parque Nacional do Itatiaia, Minas Gerais. A espécie é encontrada somente em altitude superior a 2.400m. Estudos foram realizados em outras áreas de altitude da região, porém não houve registros adicionais da espécie. Sua Área de Ocupação (AOO) é extremamente restrita, calculada em 08km², equivalente também ao valor de sua Extensão de Ocorrência (EOO). A espécie é diurna e não tem capacidade de voo, utilizando o caminho das trilhas durante o dia. A área sofre intensa visitação, que promove pisoteio dos indivíduos nas trilhas. Conjuntamente, essas ameaças vêm provocando um contínuo declínio da qualidade do habitat, em função de abertura de trilhas e incêndios acidentais. Considerando os incêndios como sua principal ameaça, há apenas 01 localização. Portanto, A. dulceae foi categorizada como Criticamente Em Perigo (CR), pelos critérios B1ab(iii)+2ab(iii).",Sim,Sim,Minas Gerais,|Sudeste|,Mata Atlântica,Sub-bacia Grande,PARNA de Itatiaia,,,Não,Desconhecida,"11 - Mudanças e extremos climáticos
11.3 - Extremos térmicos
6 - Distúrbios humanos
6.1 - Atividades recreacionais/turísticas
7 - Modificações nos sistemas naturais
7.1 - Incêndios e supressão de incêndios
7.1.1 - Aumento da frequência/intensidade de incêndios",,,,"Lista Nacional Oficial de Espécies da Fauna Ameaçadas de Extinção 2014, Lista Nacional Oficial de Espécies da Fauna Ameaçadas de Extinção 2022",2400,,altitatiayus dulceae,VU,1.0,CR,VU
Animalia,Arthropoda,Insecta,Coleoptera,Lucanidae,Altitatiayus,Altitatiayus godinhorum,,Altitatiayus godinhorum,"(Bomans & Arnaud, 1996)",besouro-tesoura,Invertebrados Terrestres,07/2022,Criticamente em Perigo,Não,B1ab(iii)+2ab(iii),"Altitatiayus godinhorum é endêmica do Brasil, conhecida apenas da localidade-tipo, encontrada somente na trilha que dá acesso ao Morro do Couto, Parque Nacional do Itatiaia, Rio de Janeiro. A espécie é encontrada somente em altitude superior a 2.400m. Estudos foram realizados em outras áreas de altitude da região, porém não houve registros adicionais da espécie. Sua Área de Ocupação (AOO) é extremamente restrita, calculada em 08km², equivalente também ao valor de sua Extensão de Ocorrência (EOO). A espécie é diurna e não tem capacidade de voo, utilizando o caminho das trilhas durante o dia. A área sofre intensa visitação, que promove pisoteio dos indivíduos nas trilhas. Conjuntamente, essas ameaças vêm provocando um contínuo declínio da qualidade do habitat, em função de abertura de trilhas e incêndios acidentais. Considerando os incêndios como sua principal ameaça, há apenas 01 localização. Portanto, A. godinhorum foi categorizada como Criticamente Em Perigo (CR), pelos critérios B1ab(iii)+2ab(iii).",Sim,Sim,Rio de Janeiro,|Sudeste|,Mata Atlântica,Sub-bacia Paraíba do Sul,PARNA de Itatiaia,,,Não,Desconhecida,"11 - Mudanças e extremos climáticos
11.3 - Extremos térmicos
6 - Distúrbios humanos
6.1 - Atividades recreacionais/turísticas
7 - Modificações nos sistemas naturais
7.1 - Incêndios e supressão de incêndios
7.1.1 - Aumento da frequência/intensidade de incêndios",,,,"Lista Nacional Oficial de Espécies da Fauna Ameaçadas de Extinção 2014, Lista Nacional Oficial de Espécies da Fauna Ameaçadas de Extinção 2022",2400,,altitatiayus godinhorum,VU,1.0,CR,VU
Animalia,Arthropoda,Insecta,Coleoptera,Lucanidae,Altitatiayus,Altitatiayus rotundatus,,Altitatiayus rotundatus,"(Boileau, 1902)",besouro-tesoura,Invertebrados Terrestres,07/2022,Criticamente em Perigo,Não,B1ab(iii),"Altitatiayus rotundatus é endêmica do Brasil, mais especificamente do Vale das Prateleiras, Itatiaia, Rio de Janeiro, no Parque Nacional do Itatiaia, sendo encontrada na trilha entre o Abrigo Rebouças e o início da subida para o Pico das Prateleiras. A espécie é encontrada somente em altitude superior a 2.400m. Estudos foram realizados em outras áreas de altitude da região, porém não houve registros adicionais da espécie. Sua Área de Ocupação (AOO) é extremamente restrita, calculada em 16km², equivalente também ao valor de sua Extensão de Ocorrência (EOO). A espécie é diurna e não tem capacidade de voo, utilizando o caminho das trilhas durante o dia. A área sofre intensa visitação, que promove pisoteio dos indivíduos nas trilhas. Conjuntamente, essas ameaças vêm provocando um contínuo declínio da qualidade do habitat, em função de abertura de trilhas e incêndios acidentais. Considerando os incêndios como sua principal ameaça, há apenas 01 localização. Portanto, A. rotundatus foi categorizada como Criticamente Em Perigo (CR), pelo critério B1ab(iii).",Sim,Sim,Rio de Janeiro,|Sudeste|,Mata Atlântica,Sub-bacia Paraíba do Sul,PARNA de Itatiaia,,,Não,Desconhecida,"11 - Mudanças e extremos climáticos
11.3 - Extremos térmicos
6 - Distúrbios humanos
6.1 - Atividades recreacionais/turísticas
7 - Modificações nos sistemas naturais
7.1 - Incêndios e supressão de incêndios
7.1.1 - Aumento da frequência/intensidade de incêndios",,,,"Lista Nacional Oficial de Espécies da Fauna Ameaçadas de Extinção 2014, Lista Nacional Oficial de Espécies da Fauna Ameaçadas de Extinção 2022",2400,,altitatiayus rotundatus,VU,1.0,CR,VU
Animalia,Arthropoda,Malacostraca,Isopoda,Scleropactidae,Amazoniscus,Amazoniscus leistikowi,,,"Campos-Filho, Araujo & Taiti, 2014",Não Informado,Invertebrados Terrestres,05/2018,Criticamente em Perigo,Não,B2ab(iii),"Amazoniscus leitikowi é conhecida apenas da localidade tipo, o abrigo do Sismógrafo em Altamira/Pará. Essa localidade foi alagada com o início da operação da usina hidrelétrica de Belo Monte, em 2016. Embora outras cavernas da região tenham sido amostradas durante a realização do Estudo de Impacto Ambiental do empreendimento e a espécie não tenha sido em outra localidade, é provável que existam mais habitats disponíveis que precisam ser devidamente amostrados. Considerando uma área de ocupação menor do que 10km2 e uma localização, a espécie foi categorizada como Criticamente em Perigo pelo critério B2ab(iii).",Sim,Sim,Pará,|Norte|,Amazônia,Sub-bacia Xingu,,,,Não,Desconhecida,"11 - Mudanças e extremos climáticos
11.1 - Mudança/alteração de habitat
2 - Agropecuária e Aquacultura
2.3 - Pecuária
2.3.4 - Pecuária em escala desconhecida
3 - Produção energética e mineração
3.3 - Energia renovável
3.3.1 - Hidrelétricas
5 - Uso de recursos biológicos
5.3 - Extração florestal
5.3.5 - Motivação desconhecida
7 - Modificações nos sistemas naturais
7.2 - Represas e uso de água
7.2.10 - Represas (grandes)
7 - Modificações nos sistemas naturais
7.3 - Outras modificações nos ecossistemas",,Plano de Ação Nacional (PAN),Plano de Ação Nacional para a Conservação das Cavernas do Brasil,Lista Nacional Oficial de Espécies da Fauna Ameaçadas de Extinção 2022,,,amazoniscus leistikowi,CR,0.0,CR,CR
Animalia,Chordata,Amphibia,Anura,Aromobatidae,Anomaloglossus,Anomaloglossus tepequem,,,"Fouquet, Souza, Nunes, Kok, Curcio, Carvalho, Grant & Rodrigues, 2015",Não Informado,Anfíbios,11/2018,Criticamente em Perigo,Sim,B1ab(iii),"Anomaloglossus tepequem é endêmica do Brasil, do bioma Amazônia, conhecida apenas para a Serra do Tepequém, no estado de Roraima. A espécie foi registrada somente acima de 500 metros de altitude e sua extensão de ocorrência foi estimada em 50 km2. Embora sua descrição seja relativamente recente (2015), seus registros são históricos. Nos anos de 1986 e 1992 a espécie era abundante e facilmente encontrada no local. Entre os anos de 1985 e 1990 houve intensa atividade minerária para extração de ouro, que atingiu até o topo da serra, impactando fortemente o hábitat da espécie. Expedições mais recentes, em 2011 e 2013, na mesma localidade não resultaram no encontro da espécie, que presumivelmente desapareceu. Após a atividade de mineração, a região tem sofrido declínio continuado da qualidade do hábitat em função da ocupação humana, pecuária e constantes queimadas. Considerando uma única localização, tendo o fogo como principal ameaça, Anomaloglossus tepequem foi avaliada como Criticamente em Perigo (CR) pelo critério B1ab(iii), estando possivelmente extinta (PEX).",Sim,Sim,Roraima,|Norte|,Amazônia,Sub-bacia Negro,,,,Não,Declinando,"2 - Agropecuária e Aquacultura
2.1 - Culturas anuais e perenes não-madeireiras
2.1.4 - Agricultura de escala desconhecida
3 - Produção energética e mineração
3.2 - Mineração
3.2.4 - Extração de minérios - garimpo
6 - Distúrbios humanos
6.1 - Atividades recreacionais/turísticas
7 - Modificações nos sistemas naturais
7.1 - Incêndios e supressão de incêndios
7.1.3 - Tendência desconhecida",,Plano de Ação Nacional (PAN),,Lista Nacional Oficial de Espécies da Fauna Ameaçadas de Extinção 2022,,,anomaloglossus tepequem,CR (PEX),0.0,CR,CR
Animalia,Arthropoda,Entognatha,Collembola,Isotomidae,Archisotoma,Archisotoma arariboia,,Archisotoma arariboia,"Neves & Mendonça, 2014","Colêmbolo, Pulga-de-jardim",Invertebrados Terrestres,05/2024,Criticamente em Perigo,Não,B2ab(iii),"Archisotoma arariboia é endêmica do Brasil, ocorrendo exclusivamente na zona entremarés da praia do Sossego, em Niterói, estado do Rio de Janeiro, região intensamente urbanizada. A principal ameaça à espécie é a degradação do ambiente relacionada ao intenso uso recreativo da praia, que inclui a poluição e pisoteio. A Área de Ocupação foi calculada em 8km2 (B2), com uma única localização (a) e declínio continuado da qualidade do habitat (biii). Por isso, A. arariboia foi categorizada como Criticamente em Perigo (CR) pelo critério B2ab(iii).",Sim,Sim,Rio de Janeiro,|Sudeste|,"Mata Atlântica, Sistema Costeiro-Marinho",,,,,Desconhecido,Desconhecida,"6 - Distúrbios humanos
6.1 - Atividades recreacionais/turísticas
7 - Modificações nos sistemas naturais
7.3 - Outras modificações nos ecossistemas
9 - Poluição
9.4 - Lixo e resíduos sólidos
9.4.1 - Urbanos
9 - Poluição
9.4.2 - Industriais",,,,Lista Nacional Oficial de Espécies da Fauna Ameaçadas de Extinção 2022,,,archisotoma arariboia,CR,0.0,CR,CR
Animalia,Arthropoda,Insecta,Coleoptera,Carabidae,Ardistomis,Ardistomis ferreirai,,,"Balkenohl, Pellegrini & Zampaulo, 2018","Besouro, Carocha",Invertebrados Terrestres,02/2025,Criticamente em Perigo,Não,B1ab(iii)+2ab(iii),"Ardistomis ferreirai é endêmica do Brasil, com ocorrência registrada em três cavernas ferruginosas localizadas na Floresta Nacional de Carajás, no município de Parauapebas, estado do Pará. A principal ameaça à espécie é a mineração de minério de ferro, sendo que uma das cavernas já foi suprimida. A Extensão de Ocorrência (EOO) foi calculada em 79 km², a partir da extensão dos corpos ferruginosos onde a espécie ocorre, e a Área de Ocupação (AOO) foi calculada em 8 km². As cavernas ocorrem em um platô ferruginoso e podem ser impactadas por um único evento de lavra, o que caracteriza uma localização. Considerando essa situação e tendo em vista o declínio continuado da qualidade do habitat devido à mineração, A. ferreirai foi categorizada como Criticamente em Perigo (CR) segundo os critérios B1ab(iii)+2ab(iii).",Sim,Não,Pará,|Norte|,Amazônia,Sub-bacia Tocantins Baixo,FLONA Carajás,,,Não,Desconhecida,"3 - Produção energética e mineração
3.2 - Mineração
3.2.3 - Extração de minérios - subsolo",,,,,,,ardistomis ferreirai,,,CR,NE
Animalia,Porifera,Demospongiae,Incertae Sedis,Incertae Sedis,Arinosaster,Arinosaster patriciae,,,"Volkmer-Ribeiro et al., 2021",Esponja,Invertebrados de Água Doce,02/2025,Criticamente em Perigo,Não,B1ab(iii)+2ab(iii),"Arinosaster patriciae é endêmica do Brasil, sendo conhecida de um único registro no Sumidouro do Rio Claro, um tributário do Rio Arinos, município de Diamantino, no estado do Mato Grosso. Sua Extensão de Ocorrência (EOO) e Área de Ocupação (AOO) foram calculadas em 4 km². O material tipo foi coletado em 2017 e, posteriormente, foi instalada uma PCH na região. Por meio da análise de imagens de satélites, é possível afirmar que o ambiente onde a espécie ocorre, águas correntes e bem oxigenadas, foi profundamente alterado. No início de 2022, houve extensos desmatamentos na área a ser alagada e, em setembro de 2022, o reservatório foi alagado. Durante o processo de licenciamento ambiental do empreendimento, 29 feições espeleológicas, incluindo três sumidouros, foram encontradas e a espécie foi registrada somente no Sumidouro do Rio Claro. Considerando uma única localização, tendo o reservatório como principal ameaça, e o declínio continuado da qualidade do habitat devido ao alagamento da área, A. patriciae foi categorizada como Criticamente em Perigo (CR) segundo os critérios B1ab(iii)+2ab(iii).",Sim,Não,Mato Grosso,|Centro-Oeste|,Cerrado,Sub-bacia Tapajós,,,,Não,Desconhecida,"3 - Produção energética e mineração
3.3 - Energia renovável
3.3.1 - Hidrelétricas",,,,,,,arinosaster patriciae,,,CR,NE
Animalia,Annelida,Clitellata,Haplotaxida,Ocnerodrilidae,Arraia,Arraia nelmae,,,"Hernández-García, Burgos-Guerrero, Rousseau & James, 2018",Minhoca,Invertebrados Terrestres,04/2022,Criticamente em Perigo,Não,B1ab(iii),"Arraia nelmae é endêmica do Brasil, registrada apenas no município de Rosário, estado do Maranhão. Sua distribuição conhecida é restrita a solos de baixada entre as áreas de mangue e as de florestas de terra firme, em locais mais altos do município. Considerando registros confirmados e inferidos da espécie, sua Extensão de Ocorrência (EOO) foi estimada em 59km2. A região é afetada, principalmente, pela expansão de assentamentos rurais e pela presença de sistemas de agricultura familiar que fazem uso intenso de fogo e que, consequentemente, promovem o declínio continuado da qualidade do habitat. Considerando a baixa capacidade de dispersão, suspeita-se que a população esteja severamente fragmentada. Por essas razões, A. nelmae foi categorizada como Criticamente em Perigo (CR), pelo critério B1ab(iii).",Sim,Não,Maranhão,|Nordeste|,Amazônia,Sub-bacia Itapecuru,,ÁREA DE PROTEçãO AMBIENTAL DE UPAON-AçU / MIRITIBA / ALTO PREGUIçAS,,Não,Desconhecida,"1 - Desenvolvimento residencial e comercial
1.4 - Assentamentos e pequenas propriedades rurais
2 - Agropecuária e Aquacultura
2.1 - Culturas anuais e perenes não-madeireiras
2.1.2 - Agricultura em pequenas propriedades
2 - Agropecuária e Aquacultura
2.3 - Pecuária
2.3.2 - Pecuária em pequenas propriedades",,,,,,,arraia nelmae,,,CR,NE
Animalia,Arthropoda,Entognatha,Symphypleona,Arrhopalitidae,Arrhopalites,Arrhopalites gnaspinii,,Arrhopalites gnaspinii,"(Palacios-Vargas & Zeppelini, 1995)",Não Informado,Invertebrados Terrestres,05/2018,Criticamente em Perigo,Não,B2ab(iii),"Arrhopalites gnaspinii é endêmica do Brasil e restrita à Caverna Alambari de Baixo, no Parque Estadual Turístico do Alto Ribeira - PETAR, em Iporanga-SP. A área de ocupação da espécie é menor que 1 km&sup2;, representando uma localização, e sofre pressão e desgaste oriundos das populações humanas adjacentes e da atividade de visitação turística nas cavernas do parque. Os visitantes causam degradação e perda de hábitat e de indivíduos da população através do pisoteamento da fauna de solo e dos locais habitados por ela, como acúmulos de guano e poças d’água, configurando um declínio continuado na qualidade do habitat. Há pressão para ampliar as rotas de turismo nesta caverna. Por isso, A. gnaspinii foi categorizada como Criticamente em Perigo (CR) segundo o critério B2ab(iii).",Sim,Sim,São Paulo,|Sudeste|,Mata Atlântica,"Sub-bacia Litoral RJ SP
Sub-bacia Litoral SP",,PARQUE ESTADUAL TURÍSTICO DO ALTO DO RIBEIRA,,Não,Desconhecida,"6 - Distúrbios humanos
6.1 - Atividades recreacionais/turísticas",15 - Pesquisa,"Manejo de locais/áreas, Plano de Ação Nacional (PAN)",Plano de Ação Nacional para a Conservação das Cavernas do Brasil,"Lista Nacional Oficial de Espécies da Fauna Ameaçadas de Extinção 2014, Lista Nacional Oficial de Espécies da Fauna Ameaçadas de Extinção 2022",,,arrhopalites gnaspinii,CR,1.0,CR,CR
Animalia,Arthropoda,Entognatha,Symphypleona,Arrhopalitidae,Arrhopalites,Arrhopalites paranaensis,,Arrhopalites paranaensis,"Zeppelini, 2006",Não Informado,Invertebrados Terrestres,05/2018,Criticamente em Perigo,Não,B2ab(iii),"Arrhopalites paranaensis é endêmica do Brasil e restrita ao Monumento Natural da Gruta da Lancinha, em Rio Branco do Sul-Paraná. A área de ocupação da espécie é restrita (apenas uma localidade), possui área inferior a 10 km&sup2; e sofre pressão e desgaste oriundos das populações humanas adjacentes e da atividade de visitação turística desordenada na caverna. Os visitantes causam degradação e perda de hábitat e de indivíduos da população através do pisoteamento da fauna de solo e dos locais habitados pela espécie, como acúmulos de guano e poças d’água. É válido ressaltar que, embora a espécie tenha sido descrita em 2006, a área da caverna Lancinha e seus arredores foi estudada e os registros de espécimes de colêmbolos na área, resultantes de amostragem seguidas, confirmam que a espécie está de fato restrita à caverna citada. Por isso, A. paranaensis foi categorizada como Criticamente em Perigo (CR) pelo critério B2ab(iii).",Sim,Sim,Paraná,|Sul|,Mata Atlântica,"Sub-bacia Litoral RJ
Sub-bacia Litoral RJ SP
Sub-bacia Litoral SP",,,,Não,Desconhecida,"11 - Mudanças e extremos climáticos
11.1 - Mudança/alteração de habitat
1 - Desenvolvimento residencial e comercial
1.1 - Expansão urbana
1 - Desenvolvimento residencial e comercial
1.3 - Áreas de turismo e recreação
6 - Distúrbios humanos
6.1 - Atividades recreacionais/turísticas",15 - Pesquisa,"Manejo de locais/áreas, Plano de Ação Nacional (PAN), Proteção de locais/áreas",Plano de Ação Nacional para a Conservação das Cavernas do Brasil,"Lista Nacional Oficial de Espécies da Fauna Ameaçadas de Extinção 2014, Lista Nacional Oficial de Espécies da Fauna Ameaçadas de Extinção 2022",,,arrhopalites paranaensis,CR,1.0,CR,CR
Animalia,Chordata,Actinopterygii,Siluriformes,Callichthyidae,Aspidoras,Aspidoras mephisto,,,"Tencatt & Bichuette, 2017",Não Informado,Peixes Continentais,03/2021,Criticamente em Perigo,Não,B2ab(iii),"Aspidoras mephisto é endêmica do Brasil, conhecida apenas do sistema de cavernas Anésio-Russão (cavernas Anésio III e Russão II), bacia do alto rio Tocantins, no estado de Goiás. A Área de Ocupação foi calculada em 4 km2. É uma região bem prospectada em termos de inventários ictiológicos e espeleológicos, e a espécie foi encontrada somente nesse sistema de cavernas, evidenciando distribuição muito restrita. O sistema de cavernas Anésio-Russão não possui é abrangido por nenhuma unidade de conservação; os arredores deste sistema sofrem ações antrópicas, como desmatamento, crescimento urbano e descarga de esgoto doméstico, além de secas periódicas. Portanto, a combinação desses fatores caracteriza declínio continuado da qualidade do hábitat. Considerando a expansão urbana, inclusive com fábricas de produção de cal e cimento a 300 metros da entrada da caverna, como a principal ameaça, a distribuição muito restrita configura uma localização. Dessa forma, Aspidoras mephisto foi categorizada como Criticamente em Perigo (CR) pelo critério B2ab(iii).",Sim,Não,Goiás,|Centro-Oeste|,Cerrado,Sub-bacia Tocantins Alto,,,,Não,Desconhecida,"11 - Mudanças e extremos climáticos
11.2 - Secas
1 - Desenvolvimento residencial e comercial
1.1 - Expansão urbana
1 - Desenvolvimento residencial e comercial
1.2 - Áreas comerciais e industriais
3 - Produção energética e mineração
3.2 - Mineração
3.2.2 - Extração de seixo/pedra
9 - Poluição
9.1 - Doméstica e urbana - escoamento de água
9.1.1 - Esgoto",,,,,,,aspidoras mephisto,,,CR,NE
Animalia,Chordata,Actinopterygii,Characiformes,Characidae,Astyanax,Astyanax brucutu,,,"Zanata, Lima, Di Dario & Gerhard, 2017",Não Informado,Peixes Continentais,10/2021,Criticamente em Perigo,Não,"B1ab(iii,v)+2ab(iii,v)","Astyanax brucutu é endêmica do Brasil e ocorre no rio Pratinha, tributário do rio Santo Antônio, bacia do alto rio Paraguaçu, no estado da Bahia. A espécie depende do tipo peculiar de substrato formado por conchas de Hydrobiidae para alimentação. É encontrada apenas no rio Pratinha, local atualmente ocupado pela espécie invasora tilápia-do-nilo, que promove alterações no substrato, reduzindo a disponibilidade de alimento de A. brucutu (uma localização). Além disso, a piscina natural do rio Pratinha é intensamente impactada pelo uso público que, além de promover a alteração do substrato, promove também declínio continuado na qualidade do habitat e, possivelmente, no número de indivíduos maduros. Ainda, a Extensão de Ocorrência (EOO) foi calculada em 14 km2 e a Área de Ocupação (AOO), em 4 km2. Desta forma, Astyanax brucutu foi categorizada como Criticamente em Perigo (CR) pelos critérios B1ab(iii,v)+2ab(iii,v).",Sim,Não,Bahia,|Nordeste|,Caatinga,Sub-bacia Itapecuru-Paraguaçu,,ÁREA DE PROTEÇÃO AMBIENTAL MARIMBUS / IRAQUARA,,Não,Desconhecida,"6 - Distúrbios humanos
6.1 - Atividades recreacionais/turísticas
8 - Espécies invasoras
problemáticas e doenças
8.1 - Espécies exóticas
8.1.1 - Espécie conhecida
8.1.1.1 - Competidores",,,,,,,astyanax brucutu,,,CR,NE
Animalia,Chordata,Actinopterygii,Characiformes,Characidae,Astyanax,Astyanax eremus,,Astyanax eremus,"Ingenito & Duboc, 2014","Lambari, Piaba",Peixes Continentais,10/2019,Criticamente em Perigo,Não,B2ab(iii),"Astyanax eremus é endêmica do Brasil, conhecida unicamente de sua série-tipo, com 38 exemplares coletados em 2008, restritos ao rio Canivete no município de Balsa Nova, estado do Paraná, um pequeno afluente independente do rio Iguaçu isolado por um conjunto de quedas com cerca de dez metros cada. A região do entorno da localidade-tipo é bem amostrada, com coletas desde 1908, realizadas primeiramente por Haseman, até expedições recentes e frequentes, em especial a partir da década de 1990. Mesmo assim, a espécie foi unicamente registrada em um trecho de mata bem preservada, a qual está imersa em uma grande área ocupada por plantações de soja e trigo. A principal ameaça identificada é a perda de habitat pela expansão das atividades agrícolas. A área de ocupação (AOO) foi calculada em 4 km2, sendo identificada uma única localização e declínio continuado da qualidade do hábitat em função da degradação do ambiente. Portanto, A. eremus foi categorizada como Criticamente em Perigo (CR) pelo critério B2ab(iii).",Sim,Sim,Paraná,|Sul|,Mata Atlântica,Sub-bacia Iguaçu,,ÁREA DE PROTEÇÃO AMBIENTAL ESTADUAL DA ESCARPA DEVONIANA,,Não,Desconhecida,"2 - Agropecuária e Aquacultura
2.1 - Culturas anuais e perenes não-madeireiras
2.1.4 - Agricultura de escala desconhecida
2 - Agropecuária e Aquacultura
2.3 - Pecuária
2.3.4 - Pecuária em escala desconhecida",,"Manejo de espécies, Manejo territorial, Plano de Ação Nacional (PAN)",Plano de Ação Nacional para a Conservação dos Peixes e Eglas da Mata Atlântica,"Lista Nacional Oficial de Espécies da Fauna Ameaçadas de Extinção 2014, Lista Nacional Oficial de Espécies da Fauna Ameaçadas de Extinção 2022",,,astyanax eremus,CR,1.0,CR,CR
Animalia,Chordata,Actinopterygii,Cyprinodontiformes,Rivulidae,Atlantirivulus,Atlantirivulus lazzarotoi,,Atlantirivulus lazzarotoi,"(Costa, 2007)","Peixe das nuvens, Peixe não-anual",Peixes Continentais,09/2021,Criticamente em Perigo,Não,B2ab(iii),"Atlantirivulus lazzarotoi é endêmica do Brasil e conhecida apenas da localidade-tipo, um riacho próximo à rodovia RJ-155, na bacia do rio Jurumirim, município de Angra dos Reis, baía da Ilha Grande, no estado do Rio de Janeiro. É uma espécie rara, visto que a única população conhecida situa-se em uma pequena área de vegetação secundária em planície costeira cercada de montanhas. Apesar de ter sido empregado esforço intensivo de coleta em toda a região, a espécie não foi registrada em outros locais. A principal ameaça à espécie é a perda de habitat em virtude da expansão urbana, o que delimita uma localização. A Área de Ocupação (AOO) conhecida foi calculada em 4 km², com uma localização e declínio continuado na qualidade do habitat. Por isso, A. lazzarotoi foi categorizada como Criticamente em Perigo (CR) pelo critério B2ab(iii).",Sim,Sim,Rio de Janeiro,|Sudeste|,Mata Atlântica,Sub-bacia Litoral RJ,,,,Não,Desconhecida,"1 - Desenvolvimento residencial e comercial
1.1 - Expansão urbana
4 - Transportes e serviços de transmissão
4.1 - Estradas e ferrovias",,Plano de Ação Nacional (PAN),Plano de Ação Nacional para a Conservação dos Peixes Rivulídeos Ameaçados de Extinção - 2º ciclo,"Lista Nacional Oficial de Espécies da Fauna Ameaçadas de Extinção 2014, Lista Nacional Oficial de Espécies da Fauna Ameaçadas de Extinção 2022",,,atlantirivulus lazzarotoi,CR,1.0,CR,CR
Animalia,Chordata,Actinopterygii,Cyprinodontiformes,Rivulidae,Atlantirivulus,Atlantirivulus maricensis,,Atlantirivulus maricensis,"Costa, 2014",Peixe não-anual,Peixes Continentais,09/2021,Criticamente em Perigo,Não,"B2ab(i,ii,iii,iv,v)","Atlantirivulus maricensis é endêmica do Brasil e conhecida somente das drenagens dos rios conectados ao sistema lagunar de Maricá, no estado do Rio de Janeiro. No passado, foi registrada em duas regiões alagadas, ambas destruídas devido ao desmatamento, retirada de areia e expansão de atividades agropecuárias. Atualmente, a espécie é conhecida por apenas um registro na microbacia do rio Ubatiba, na localidade de Manoel Ribeiro, município de Maricá-RJ. A principal ameaça à espécie é a perda e alteração do hábitat pela expansão urbana e das atividades agropecuárias. A Área de Ocupação (AOO) atual da espécie foi calculada em 4 km², com uma localização, e declínio continuado na qualidade do habitat caracterizado pelo processo contínuo de degradação em função da expansão urbana e das atividades agropecuárias. Ainda, houve declínio da extensão de ocorrência, área de ocupação, perda de subpopulações e de indivíduos maduros. Desta forma, A. maricensis foi categorizada como Criticamente em Perigo (CR) pelo critério B2ab(i,ii,iii,iv,v).",Sim,Sim,Rio de Janeiro,|Sudeste|,Mata Atlântica,Sub-bacia Litoral RJ,,,,Não,Declinando,"1 - Desenvolvimento residencial e comercial
1.1 - Expansão urbana
2 - Agropecuária e Aquacultura
2.3 - Pecuária
2.3.4 - Pecuária em escala desconhecida
3 - Produção energética e mineração
3.1 - Extração de petróleo e gás natural
4 - Transportes e serviços de transmissão
4.1 - Estradas e ferrovias
9 - Poluição
9.3 - Agropecuária e florestal
9.3.3 - Herbicidas e pesticidas",,Plano de Ação Nacional (PAN),Plano de Ação Nacional para a Conservação dos Peixes Rivulídeos Ameaçados de Extinção - 2º ciclo,"Lista Nacional Oficial de Espécies da Fauna Ameaçadas de Extinção 2014, Lista Nacional Oficial de Espécies da Fauna Ameaçadas de Extinção 2022",,,atlantirivulus maricensis,CR,1.0,CR,CR
Animalia,Chordata,Actinopterygii,Cyprinodontiformes,Rivulidae,Atlantirivulus,Atlantirivulus nudiventris,,Atlantirivulus nudiventris,"(Costa & Brasil, 1991)","Peixe das nuvens, Peixe não-anual",Peixes Continentais,08/2022,Criticamente em Perigo,Sim,"B1ab(i,ii,iii,iv,v)+2ab(i,ii,iii,iv,v)","Atlantirivulus nudiventris é endêmica do Brasil e conhecida apenas de uma poça no braço direito do rio Itapemirim, a cerca de 2 km do mar, município de Itapemirim, estado do Espírito Santo. É uma espécie rara, visto que a única população conhecida ocupava um brejo, com vegetação de taboas e que se encontrava em adiantado estágio de destruição na época de descrição da espécie. Posteriormente, a área foi urbanizada e a espécie não foi encontrada depois de 1992, apesar dos esforços de coleta. A principal ameaça à espécie é a perda de habitat pelo processo de urbanização em sua restrita distribuição. Além disso, projetos de construção de um porto e um mineroduto na região representam impactos potenciais futuros. Ambas a Extensão de Ocorrência (EOO) e a Área de Ocupação (AOO) foram calculadas em 4 km², com uma localização e declínio continuado na EOO, AOO, qualidade do habitat em função da expansão urbana, número de subpopulações e número de indivíduos maduros. É inclusive possível que esteja extinta. Por isso, A. nudiventris foi categorizada como Criticamente Em Perigo (Possivelmente Extinta) - CR-PEX - pelos critérios B1ab(i,ii,iii,iv,v)+2ab(i,ii,iii,iv,v).",Sim,Sim,Espírito Santo,|Sudeste|,Mata Atlântica,,,,,Não,Declinando,"1 - Desenvolvimento residencial e comercial
1.1 - Expansão urbana
1 - Desenvolvimento residencial e comercial
1.2 - Áreas comerciais e industriais
4 - Transportes e serviços de transmissão
4.3 - Portos
7 - Modificações nos sistemas naturais
7.3 - Outras modificações nos ecossistemas",,Plano de Ação Nacional (PAN),Plano de Ação Nacional para a Conservação dos Peixes Rivulídeos Ameaçados de Extinção - 2º ciclo,"Lista Nacional Oficial de Espécies da Fauna Ameaçadas de Extinção 2014, Lista Nacional Oficial de Espécies da Fauna Ameaçadas de Extinção 2022",,,atlantirivulus nudiventris,CR,1.0,CR,CR
Animalia,Arthropoda,Diplopoda,Polydesmida,Chelodesmidae,Atlantodesmus,Atlantodesmus pickeli,,Atlantodesmus pickeli,"(Schubart, 1946)",Piolho-de-cobra,Invertebrados Terrestres,12/2021,Criticamente em Perigo,Sim,D,"Atlantodesmus pickeli é conhecida somente da localidade tipo no município de São Paulo. A área foi totalmente urbanizada e a espécie não foi mais registrada desde a sua coleta, na década de 40. A região é amplamente amostrada e, mesmo sendo de grande porte e fácil visualização, a espécie nunca mais foi coletada. Assim, suspeita-se que não existam mais que 50 indivíduos maduros. Portanto, A. pickeli foi categorizada como Criticamente em Perigo (CR) pelo critério D, sendo possívelmente extinta (PEX).",Sim,Não,São Paulo,|Sudeste|,Mata Atlântica,Sub-bacia Tietê,,,,Desconhecido,Desconhecida,"1 - Desenvolvimento residencial e comercial
1.1 - Expansão urbana",,,,,,,atlantodesmus pickeli,,,CR,NE
Animalia,Chordata,Actinopterygii,Cyprinodontiformes,Rivulidae,Austrolebias,Austrolebias bagual,,,"Volcan, Lanés & Gonçalves, 2014",Peixe anual,Peixes Continentais,05/2019,Criticamente em Perigo,Não,"B2ab(ii,iii)","Austrolebias bagual é endêmica do Brasil, conhecida apenas de sua localidade-tipo em uma lagoa temporária adjacente ao arroio Abranjo, afluente do trecho médio do rio Camaquã, no sistema da Laguna dos Patos, município de Encruzilhada do Sul, estado do Rio Grande do Sul. Sua Área de Ocupação (AOO) foi calculada de 4 km2. Apesar de esforços de amostragem recentes na região, a espécie não foi registrada novamente. A expansão da fronteira agrícola na área de ocupação de A. bagual é considerada uma ameaça significativa, representando uma única localização. Além disso, a espécie apresenta declínio continuado da sua Área de Ocupação (AOO) e da qualidade do seu habitat. Portanto, Austrolebias bagual foi categorizada como Criticamente em Perigo (CR) pelos critérios B2ab(ii,iii).",Sim,Sim,Rio Grande do Sul,|Sul|,Pampa,,,,,Não,Desconhecida,"2 - Agropecuária e Aquacultura
2.1 - Culturas anuais e perenes não-madeireiras
2.1.4 - Agricultura de escala desconhecida",,,,Lista Nacional Oficial de Espécies da Fauna Ameaçadas de Extinção 2022,,,austrolebias bagual,CR,0.0,CR,CR
Animalia,Chordata,Actinopterygii,Cyprinodontiformes,Rivulidae,Austrolebias,Austrolebias botocudo,,,"Lanés, Volcan & Maltchik, 2021","Peixe anual, Peixe das nuvens",Peixes Continentais,09/2021,Criticamente em Perigo,Não,B2ab(iii),"Austrolebias botocudo é endêmica do Brasil e ocorre em duas áreas úmidas temporárias próximas ao rio Socorro, drenagem do rio Apuaê-Inhandava, bacia do alto rio Uruguai, estado de Rio Grande do Sul. No período de 2012 a 2019, foram realizadas dezenas de expedições voltadas para rivulídeos na região, e a espécie foi localizada somente nessas duas localidades, dentre mais de 200 pontos amostrados. Por apresentar distribuição muito restrita e conhecida, a Área de Ocupação (AOO) foi calculada em 4 km². A conversão dos biótopos em pastagem foi considerada a principal ameaça, caracterizando uma única localização, uma vez que as áreas ficam a apenas 500 metros de distância uma da outra. Outras ameaças decorrem do avanço do cultivo de soja e a prática de barramento (açudagem) de áreas úmidas naturais. Portanto, há declínio continuado da qualidade do hábitat. Dessa forma, A. botocudo foi categorizada como Criticamente em Perigo (CR) pelo critério B2ab(iii).",Sim,Não,Rio Grande do Sul,|Sul|,Mata Atlântica,Sub-bacia Uruguai Alto,,,,Não,Desconhecida,"2 - Agropecuária e Aquacultura
2.1 - Culturas anuais e perenes não-madeireiras
2.1.3 - Agricultura agro-industrial
2 - Agropecuária e Aquacultura
2.3 - Pecuária
2.3.3 - Pecuária agro-industrial
7 - Modificações nos sistemas naturais
7.2 - Represas e uso de água
7.2.3 - Captação de água de superfície - uso na agricultura",,Plano de Ação Nacional (PAN),Plano de Ação Nacional para a Conservação dos Peixes Rivulídeos Ameaçados de Extinção - 2º ciclo,,"926 , 934",,austrolebias botocudo,,,CR,NE
Animalia,Chordata,Actinopterygii,Cyprinodontiformes,Rivulidae,Austrolebias,Austrolebias carvalhoi,,Austrolebias carvalhoi,"(Myers, 1947)",Peixe anual,Peixes Continentais,05/2019,Criticamente em Perigo,Não,"B2ab(ii,iii,iv)","Austrolebias carvalhoi é endêmica do Brasil e foi descrita de Porto União, no estado de Santa Catarina. Apesar de esforços de coleta, a espécie não foi registrada por 50 anos após sua descrição. Em 1997, A. carvalhoi foi registrada dentro da área urbana do município de União da Vitória, estado do Paraná, uma área adjacente à área de Santa Catarina. Esforços de coleta na região realizados após o ano 2000 não resultaram em registro adicional da espécie. A área onde a espécie ocorre em Porto União foi aterrada e em sua área foi instalado um campo de futebol. A ameaça direta mais significativa à espécie é a expansão urbana. A Área de Ocupação (AOO) calculada de A. carvalhoi é de 4 km², e os impactos da urbanização sobre sua área de distribuição remanescente permitem inferir uma única localização. Além disso, a espécie está sob declínio continuado de sua Área de Ocupação (AOO) e da qualidade de habitat. Portanto, Austrolebias carvalhoi foi categorizada como Criticamente em Perigo (CR) pelos critérios B2ab(ii,iii,iv).",Sim,Sim,Paraná,|Sul|,Mata Atlântica,Sub-bacia Iguaçu,,,,Não,Desconhecida,"1 - Desenvolvimento residencial e comercial
1.1 - Expansão urbana",,"Manejo de espécies, Manejo territorial, Plano de Ação Nacional (PAN)","Plano de Ação Nacional para a Conservação da Fauna Aquática e Semiaquática do Baixo Iguaçu, Plano de Ação Nacional para a Conservação dos Peixes Rivulídeos Ameaçados de Extinção, Plano de Ação Nacional para a Conservação dos Peixes Rivulídeos Ameaçados de Extinção - 2º ciclo","Lista Nacional Oficial de Espécies da Fauna Ameaçadas de Extinção 2014, Lista Nacional Oficial de Espécies da Fauna Ameaçadas de Extinção 2022",,,austrolebias carvalhoi,CR,1.0,CR,CR
Animalia,Chordata,Actinopterygii,Cyprinodontiformes,Rivulidae,Austrolebias,Austrolebias cheffei,,,"Volcan, Barbosa, Robe & Lanés, 2021",Peixe anual,Peixes Continentais,09/2021,Criticamente em Perigo,Não,B2ab(iii),"Austrolebias cheffei é endêmica do Brasil e conhecida somente da localidade-tipo, uma área úmida temporária no baixo curso da bacia do rio Camaquã, sistema da laguna dos Patos, município de Cristal, no estado do Rio Grande do Sul. Diversas expedições de coleta foram realizadas na bacia do rio Camaquã, no período de 2004 a 2021, e a espécie segue sendo registrada apenas na localidade-tipo. As poucas áreas úmidas que ainda restam na região devem-se provavelmente à perda maciça desse tipo de ambiente, que foi drenado para a irrigação da lavoura de arroz e, mais recentemente, para a lavoura de soja. É possível que a espécie ocorra no Parque Estadual do Camaquã, cerca de 25 km a jusante da localidade-tipo, mas são necessários esforços de coleta na área para verificar sua ocorrência nesta unidade de conservação. Embora exista uma extensa área ciliar contínua ao rio Camaquã e de difícil acesso, as espécies de peixes anuais dessa região são típicas de campo e esporadicamente ocorrem dentro de poças na mata ciliar. A área de ocupação (AOO) foi calculada em 4 km², sendo a conversão dos biótopos para cultivo de soja e arroz considerada a principal ameaça, o que delimita uma única localização. A espécie é geralmente encontrada em baixa densidade populacional e sofre com a redução da qualidade de seu habitat. Desta forma, A. cheffei foi categorizada como Criticamente em Perigo (CR) pelo critério B2ab(iii).",Sim,Não,Rio Grande do Sul,|Sul|,Pampa,,,,,Não,Desconhecida,"2 - Agropecuária e Aquacultura
2.1 - Culturas anuais e perenes não-madeireiras
2.1.4 - Agricultura de escala desconhecida",,,,,,,austrolebias cheffei,,,CR,NE
Animalia,Chordata,Actinopterygii,Cyprinodontiformes,Rivulidae,Austrolebias,Austrolebias cheradophilus,,Austrolebias cheradophilus,"(Vaz-Ferreira, Sierra de Soriano & Scaglia de Paulete, 1965)",Peixe anual,Peixes Continentais,05/2019,Criticamente em Perigo,Não,"B2ab(ii,iii)","Austrolebias cheradophilus foi registrada no município de Jaguarão, estado do Rio Grande do Sul, Brasil, e também ocorre no Uruguai. Existem duas subpopulações no Brasil, pouco abundantes, em áreas urbanas muito restritas, com Área de Ocupação (AOO) calculada em 8 km². Esforços de amostragem intensos foram realizados no entorno da área de distribuição da espécie, sem sucesso. A expansão urbana é a ameaça direta principal para A. cheradophilus e suas subpopulações estão situadas na borda de uma área urbana, distantes apenas 750 m entre si, caracterizando então uma única localização. Além disso, a espécie apresenta declínio continuado de sua Área de Ocupação (AOO) e da qualidade do seu habitat. Portanto, Austrolebias cheradophilus foi categorizada como Criticamente em Perigo (CR) pelos critérios B2ab(ii,iii).",Não,Sim,Rio Grande do Sul,|Sul|,Pampa,,,,,Não,Desconhecida,"1 - Desenvolvimento residencial e comercial
1.1 - Expansão urbana
2 - Agropecuária e Aquacultura
2.1 - Culturas anuais e perenes não-madeireiras
2.1.4 - Agricultura de escala desconhecida
2 - Agropecuária e Aquacultura
2.2 - Silvicultura
2.2.3 - Plantações em escala desconhecida
2 - Agropecuária e Aquacultura
2.3 - Pecuária
2.3.4 - Pecuária em escala desconhecida
3 - Produção energética e mineração
3.3 - Energia renovável
3.3.2 - Parques eólicos",3 - Animais de estimação/ornamentais,Plano de Ação Nacional (PAN),Plano de Ação Nacional para a Conservação dos Peixes Rivulídeos Ameaçados de Extinção - 2º ciclo,"Lista Nacional Oficial de Espécies da Fauna Ameaçadas de Extinção 2014, Lista Nacional Oficial de Espécies da Fauna Ameaçadas de Extinção 2022",,,austrolebias cheradophilus,CR,1.0,CR,CR
Animalia,Chordata,Actinopterygii,Cyprinodontiformes,Rivulidae,Austrolebias,Austrolebias cinereus,,Austrolebias vazferreirai,"(Amato, 1986)","Peixe anual, Peixe das nuvens",Peixes Continentais,05/2019,Criticamente em Perigo,Não,"B2ab(ii,iii)","Austrolebias cinereus ocorre no Brasil e Uruguai. No Brasil, é encontrada na bacia do rio Negro, que por sua vez faz parte da bacia do baixo rio Uruguai, nos municípios contíguos de Bagé e Aceguá, estado do Rio Grande do Sul. Nessa região, A. cinereus é conhecida de duas localidades próximas, com Área de Ocupação (AOO) calculada de 8 km². A principal ameaça para a espécie é a agricultura, caracterizando uma única localização pela proximidade e conectividade das duas localidades de ocorrência de A. cinereus. Além disso, a espécie está sob declínio continuado de sua Área de Ocupação (AOO) e da qualidade do seu habitat. Portanto, Austrolebias cinereus foi categorizada como Criticamente em Perigo (CR) pelo critério B2ab(ii,iii).",Não,Sim,Rio Grande do Sul,|Sul|,Pampa,,,,,Não,Declinando,"2 - Agropecuária e Aquacultura
2.1 - Culturas anuais e perenes não-madeireiras
2.1.4 - Agricultura de escala desconhecida
2 - Agropecuária e Aquacultura
2.3 - Pecuária
2.3.4 - Pecuária em escala desconhecida
3 - Produção energética e mineração
3.2 - Mineração
3.2.2 - Extração de seixo/pedra
7 - Modificações nos sistemas naturais
7.2 - Represas e uso de água
7.2.11 - Represas (tamanho desconhecido)
7 - Modificações nos sistemas naturais
7.3 - Outras modificações nos ecossistemas",,Plano de Ação Nacional (PAN),Plano de Ação Nacional para a Conservação dos Peixes Rivulídeos Ameaçados de Extinção - 2º ciclo,"Lista Nacional Oficial de Espécies da Fauna Ameaçadas de Extinção 2014, Lista Nacional Oficial de Espécies da Fauna Ameaçadas de Extinção 2022",160,,austrolebias cinereus,CR,1.0,CR,CR
Animalia,Chordata,Actinopterygii,Cyprinodontiformes,Rivulidae,Austrolebias,Austrolebias lourenciano,,,"Volcan, Barbosa, Robe & Lanés, 2021","Peixe anual, Peixe das nuvens",Peixes Continentais,05/2022,Criticamente em Perigo,Não,"B2ab(iii,v)","Austrolebias lourenciano é endêmica do Brasil e conhecida somente de poças temporárias do arroio Pinto, bacia do arroio São Lourenço, sistema da laguna dos Patos, no estado do Rio Grande do Sul. A espécie foi relativamente abundante em sua localidade-tipo. Porém, desde 2015, parte da área úmida vem sendo drenada, reduzindo a área inundada. Diante da drenagem parcial da poça temporária, vem sendo observada uma redução na densidade da espécie ano após ano, caracterizando a perda de indivíduos maduros. No segundo local onde a espécie foi registrada, na margem oposta do arroio Pinto, existem pequenos poços pouco profundos na paisagem campestre, onde normalmente são encontrados poucos exemplares. Ambos os locais estão sujeitos ao pastoreio e pisoteio do gado, em uma fazenda particular. A espécie atualmente ocupa uma área inferior a 1 ha, em baixa densidade populacional, por isso sua área de ocupação foi calculada em 4 km². Houve grandes esforços de coleta na região no período de 2011 a 2021, mas não foram feitos novos registros, o que evidencia a distribuição muito restrita dessa espécie. Há declínio continuado da qualidade de habitat, considerando que o entorno é imerso em uma matriz agrícola com avanço da cultura da soja. Além disso, a espécie está completamente sujeita ao manejo rural executado pelo proprietário. A drenagem dessa área para aproveitamento da agricultura e pecuária é a principal ameaça e por isso delimita uma única localização. Desta forma, A. lourenciano foi categorizada como Criticamente em Perigo (CR) pelo critério B2ab(iii,v).",Sim,Não,Rio Grande do Sul,|Sul|,Pampa,,,,,Não,Declinando,"2 - Agropecuária e Aquacultura
2.1 - Culturas anuais e perenes não-madeireiras
2.1.4 - Agricultura de escala desconhecida
2 - Agropecuária e Aquacultura
2.3 - Pecuária
2.3.4 - Pecuária em escala desconhecida
7 - Modificações nos sistemas naturais
7.2 - Represas e uso de água
7.2.4 - Captação de água de superfície - uso desconhecido
7 - Modificações nos sistemas naturais
7.3 - Outras modificações nos ecossistemas",,Plano de Ação Nacional (PAN),Plano de Ação Nacional para a Conservação dos Peixes Rivulídeos Ameaçados de Extinção - 2º ciclo,,,,austrolebias lourenciano,,,CR,NE
Animalia,Chordata,Actinopterygii,Cyprinodontiformes,Rivulidae,Austrolebias,Austrolebias nubium,,,"Lanés, Volcan & Maltchik, 2021",Peixe anual,Peixes Continentais,09/2021,Criticamente em Perigo,Não,B2ab(iii),"Austrolebias nubium é endêmica do Brasil e ocorre no rio Santana, um afluente do alto rio Taquari-Antas, bacia do alto rio Jacuí, sistema hidrográfico da laguna dos Patos, estado de Rio Grande do Sul. No período de 2012 a 2019, foram realizadas dezenas de expedições voltadas para rivulídeos na região, e a espécie foi localizada somente nessas duas localidades, dentre mais de 200 pontos amostrados. Por apresentar distribuição muito restrita e conhecida, a Área de Ocupação (AOO) foi calculada em 4 km². A conversão dos biótipos em pastagem foi considerada a principal ameaça, caracterizando uma única localização. Outras ameaças decorrem do avanço da soja, fruticultura e a prática de barramento (açudagem) de áreas úmidas naturais. Portanto, há declínio continuado da qualidade do hábitat. Dessa forma, A. nubium foi categorizada como Criticamente em Perigo (CR) pelo critério B2ab(iii).",Sim,Não,Rio Grande do Sul,|Sul|,Mata Atlântica,Sub-bacia Uruguai Alto,,,,Não,Desconhecida,"2 - Agropecuária e Aquacultura
2.1 - Culturas anuais e perenes não-madeireiras
2.1.4 - Agricultura de escala desconhecida
2 - Agropecuária e Aquacultura
2.3 - Pecuária
2.3.4 - Pecuária em escala desconhecida
7 - Modificações nos sistemas naturais
7.2 - Represas e uso de água
7.2.11 - Represas (tamanho desconhecido)",,,,,,,austrolebias nubium,,,CR,NE
Animalia,Chordata,Actinopterygii,Cyprinodontiformes,Rivulidae,Austrolebias,Austrolebias quirogai,,,"Loureiro, Duarte & Zarucki, 2011","Peixe anual, Peixe das nuvens",Peixes Continentais,05/2019,Criticamente em Perigo,Não,"B2ab(ii,iii)","Austrolebias quirogai ocorre no Brasil e Uruguai. No Brasil, habita alagados temporários da bacia do rio Jaguarão, no sistema da laguna dos Patos, no município de Aceguá, estado do Rio Grande do Sul. A Área de Ocupação (AOO) calculada é de 8 km². No Brasil, A. quirogai foi registrada em três localidades, sendo duas delas bastante próximas, o que permite caracterizar duas subpopulações. A principal ameaça para a espécie é a silvicultura, que está causando uma fragmentação severa de sua população no Brasil. Além disso, a espécie está sob declínio continuado de sua Área de Ocupação (AOO) e qualidade do hábitat. Portanto, Austrolebias quirogai foi categorizada como Criticamente em Perigo (CR) critério B2ab(ii,iii).",Não,Sim,Rio Grande do Sul,|Sul|,Pampa,,,,,Não,Desconhecida,"2 - Agropecuária e Aquacultura
2.2 - Silvicultura
2.2.3 - Plantações em escala desconhecida",,Plano de Ação Nacional (PAN),Plano de Ação Nacional para a Conservação dos Peixes Rivulídeos Ameaçados de Extinção - 2º ciclo,Lista Nacional Oficial de Espécies da Fauna Ameaçadas de Extinção 2022,,,austrolebias quirogai,CR,0.0,CR,CR
Animalia,Chordata,Actinopterygii,Cyprinodontiformes,Rivulidae,Austrolebias,Austrolebias varzeae,,Austrolebias varzeae,"Costa, Reis & Behr, 2004",Peixe anual,Peixes Continentais,05/2019,Criticamente em Perigo,Não,"B2ab(ii,iii)","Austrolebias varzeae é endêmica do Brasil e ocorre em duas localidades muito próximas entre si na bacia do rio Uruguai, município de Carazinho, estado do Rio Grande do Sul. A Área de Ocupação (AOO) calculada é de 4 km2. As duas localidades onde a espécie ocorre representam uma única localização, severamente fragmentada pelo cultivo de soja, sendo este o fator capaz de levar a espécie à extinção em curto prazo. Além disso, a espécie está sob declínio continuado da sua Área de Ocupação (AOO) e da qualidade de habitat. Portanto, Austrolebias varzeae foi categorizada como Criticamente em Perigo (CR) pelos critérios B2ab(ii,iii).",Sim,Sim,Rio Grande do Sul,|Sul|,Mata Atlântica,Sub-bacia Uruguai Alto,,,,Não,Desconhecida,"2 - Agropecuária e Aquacultura
2.1 - Culturas anuais e perenes não-madeireiras
2.1.4 - Agricultura de escala desconhecida
3 - Produção energética e mineração
3.3 - Energia renovável
3.3.1 - Hidrelétricas
8 - Espécies invasoras
problemáticas e doenças
8.1 - Espécies exóticas
8.1.1 - Espécie conhecida
8.1.1.2 - Predadores",,Plano de Ação Nacional (PAN),Plano de Ação Nacional para a Conservação dos Peixes Rivulídeos Ameaçados de Extinção - 2º ciclo,"Lista Nacional Oficial de Espécies da Fauna Ameaçadas de Extinção 2014, Lista Nacional Oficial de Espécies da Fauna Ameaçadas de Extinção 2022",,,austrolebias varzeae,CR,1.0,CR,CR
Animalia,Chordata,Mammalia,Artiodactyla,Balaenopteridae,Balaenoptera,Balaenoptera musculus,,Balaenoptera musculus,"(Linnaeus, 1758)",Baleia-azul,Mamíferos,10/2024,Criticamente em Perigo,Não,A1d,"Balaenoptera musculus é uma espécie oceânica cosmopolita que utiliza o Oceano Austral para alimentação e parte da população migra anualmente para águas oceânicas brasileiras, para reprodução. Existem registros de caça, avistagens e encalhes documentados no Brasil. A população da baleia-azul antártica sofreu um drástico declínio entre 1904 e 1973, resultando em menos de 1% da sua população original. Mesmo havendo evidências de que a população antártica esteja se recuperando, faltam dados que comprovem a abundância da espécie na região brasileira. Desde 2015, um maior esforço para o levantamento de cetáceos resultou em um aumento no número de registros na costa sudeste e sul do Brasil, incluindo a presença de adultos e filhotes. Como os indivíduos do Brasil são provenientes da população antártica, assume-se o mesmo declínio de mais de 90% para o período das 3 gerações (1931-2024) para a costa brasileira. Portanto, a espécie foi categorizada como Criticamente em Perigo (CR) segundo o critério A1d. A espécie não é endêmica do Brasil, porém não existem informações suficientes sobre a contribuição de indivíduos de outras áreas para o Brasil e assim manteve-se a categoria identificada na avaliação preliminar.",Não,Sim,"Espírito Santo, Paraná, Rio de Janeiro, Rio Grande do Norte, Rio Grande do Sul, Santa Catarina, São Paulo",|Nordeste|Sudeste|Sul|,Sistema Costeiro-Marinho,,,,,Sim,Desconhecida,"11 - Mudanças e extremos climáticos
11.1 - Mudança/alteração de habitat
11 - Mudanças e extremos climáticos
11.3 - Extremos térmicos
12 - Outras ameaças
3 - Produção energética e mineração
3.1 - Extração de petróleo e gás natural
4 - Transportes e serviços de transmissão
4.2 - Atropelamentos
4 - Transportes e serviços de transmissão
4.3 - Portos
4 - Transportes e serviços de transmissão
4.4 - Tráfego de embarcações
5 - Uso de recursos biológicos
5.1 - Caça e captura de animais terrestres ou marinhos
5.1.1 - Caça/captura intencional (a espécie é o alvo)
5.1.1.2 - Comercial - Nacional/Local
5 - Uso de recursos biológicos
5.4 - Pesca e uso de recursos aquáticos
5.4.6 - Captura indireta - larga escala
5.4.6.9 - Outro
7 - Modificações nos sistemas naturais
7.3 - Outras modificações nos ecossistemas
9 - Poluição
9.2 - Industrial
9.2.1 - Derramamento de óleo
9 - Poluição
9.4 - Lixo e resíduos sólidos
9.4.1 - Urbanos
9 - Poluição
9.4.2 - Industriais
9 - Poluição
9.6 - Excesso de energia
9.6.3 - Poluição sonora",,"Nível nacional, Plano de Ação Nacional (PAN), Proteção de locais/áreas","Plano de Ação Nacional para a Conservação dos Cetáceos Marinhos, Plano de Ação Nacional para a Conservação dos Mamíferos Aquáticos Grandes Cetáceos e Pinípedes","Convenção sobre Espécies Migratórias – CMS, CITES - Anexo I, Lista Nacional Oficial de Espécies da Fauna Ameaçadas de Extinção 2014, Lista Nacional Oficial de Espécies da Fauna Ameaçadas de Extinção 2022",,,balaenoptera musculus,CR,1.0,CR,CR
Animalia,Chordata,Elasmobranchii,Myliobatiformes,Dasyatidae,Bathytoshia,Bathytoshia centroura,,Bathytoshia centroura,"(Mitchill, 1815)","raia-amarela, raia-de-pedra, raia-prego, raia-prego-de-cauda-áspera",Tubarões e Raias,11/2017,Criticamente em Perigo,Não,A4bd,"Bathytoshia centroura é uma das maiores raias da família Dasyatidae, distribuída no Atlântico ocidental. No Brasil, a espécie ocorre em toda a costa e concentrava-se na região sul, no estado do Rio Grande do Sul. É capturada incidentalmente em várias modalidades de pesca, como o arrasto-de-fundo e emalhe-de-fundo. Estas pescarias mantém-se intensas na área de sua distribuição da espécie e, provavelmente, o esforço de pesca deve ter aumentado. Segundo monitoramentos de pesca com arrasto-de-fundo no Rio Grande do Sul, a espécie passou de abundante para rara a partir da década de 1980. No período de 1976 a 2002, foi observada uma redução de mais de 80% nas capturas em prospecções científicas no Rio Grande do Sul. Em outras regiões, a espécie nunca foi abundante, havendo apenas registros pontuais para a costa nordeste e central do Brasil, com indícios de reduções nas abundâncias. A espécie possui grande tamanho, que a torna intrinsecamente vulnerável à depleção populacional. Sendo assim, considerando declínios superiores a 80% em sua área de maior concentração, suspeita-se uma redução no tamanho populacional maior que 80%, em uma janela de tempo no passado e no futuro que contempla os três tempos geracionais da espécie (60 anos), visto que as ameaças identificadas se manterão no futuro próximo. Sendo assim, Bathytoshia centroura foi categorizada como Criticamente em Perigo (CR), pelo critério A4bd.",Não,Sim,"Alagoas, Amapá, Bahia, Ceará, Espírito Santo, Maranhão, Pará, Paraíba, Paraná, Pernambuco, Piauí, Rio de Janeiro, Rio Grande do Sul, Santa Catarina, São Paulo, Sergipe",|Nordeste|Norte|Sudeste|Sul|,Sistema Costeiro-Marinho,,REBIO Atol das Rocas,APA MARINHA DO LITORAL CENTRO,,Sim,Desconhecida,"5 - Uso de recursos biológicos
5.1 - Caça e captura de animais terrestres ou marinhos
5.1.1 - Caça/captura intencional (a espécie é o alvo)
5.1.1.4 - Esportiva
5 - Uso de recursos biológicos
5.4 - Pesca e uso de recursos aquáticos
5.4.3 - Captura intencional - comércio internacional
5 - Uso de recursos biológicos
5.4.5 - Captura indireta - subsistência/pequena escala
5.4.5.3 - Aparelho com anzol
5.4.5.3.3 - Espinhel fixo de fundo
5 - Uso de recursos biológicos
5.4.5.3.5 - Linha de fundo e linha de mão
5 - Uso de recursos biológicos
5.4.5.6 - Arrasto
5.4.5.6.1 - Arrasto simples
5 - Uso de recursos biológicos
5.4.5.6.2 - Arrasto duplo
5 - Uso de recursos biológicos
5.4.5.6.3 - Arrasto de praia
5 - Uso de recursos biológicos
5.4.5.7 - Emalhe
5 - Uso de recursos biológicos
5.4.5.7 - Emalhe
5.4.5.7.1 - Emalhe de fundo
5 - Uso de recursos biológicos
5.4.6 - Captura indireta - larga escala
5.4.6.2 - Linha de mão
5 - Uso de recursos biológicos
5.4.6.6 - Arrasto
5.4.6.6.1 - Arrasto simples
5 - Uso de recursos biológicos
5.4.6.6.2 - Arrasto duplo
5 - Uso de recursos biológicos
5.4.6.6.3 - Arrasto de parelha
5 - Uso de recursos biológicos
5.4.6.7 - Emalhe
5.4.6.7.1 - Emalhe de fundo
9 - Poluição
9.1 - Doméstica e urbana - escoamento de água
9.1.1 - Esgoto
9 - Poluição
9.1.2 - Escoamento urbano
9 - Poluição
9.2 - Industrial
9.2.1 - Derramamento de óleo
9 - Poluição
9.2.3 - Contaminação por metais pesados
9 - Poluição
9.2.4 - Resíduos líquidos diversos
9 - Poluição
9.4 - Lixo e resíduos sólidos
9.4.1 - Urbanos
9 - Poluição
9.4.2 - Industriais","1 - Alimentação humana
1 - Alimentação humana
1.7 - Pesca artesanal
1 - Alimentação humana
1.7 - Pesca artesanal
1.7.3 - Aparelho com anzol
1 - Alimentação humana
1.7.6 - Arrasto
1 - Alimentação humana
1.7.7 - Emalhe
1 - Alimentação humana
1.8 - Pesca industrial
1 - Alimentação humana
1.8 - Pesca industrial
1.8.6 - Arrasto
1 - Alimentação humana
1.8.7 - Emalhe
1 - Alimentação humana
1.8.8 - Espinhel","Controle e fiscalização, Criação de áreas protegidas, Instrumentos de gestão, Plano de Ação Nacional (PAN)",Plano de Ação Nacional para a Conservação dos Elasmobrânquios Ameaçados de Extinção,"Lista Nacional Oficial de Espécies da Fauna Ameaçadas de Extinção 2014, Lista Nacional Oficial de Espécies da Fauna Ameaçadas de Extinção 2022",,274,bathytoshia centroura,CR,1.0,CR,CR
Animalia,Chordata,Amphibia,Anura,Hylidae,Boana,Boana cambui,,Boana cambui,"(Pinheiro, Pezzuti, Leite, Garcia, Haddad & Faivovich, 2016)",Não Informado,Anfíbios,11/2025,Criticamente em Perigo,Não,B1ab(iii),"Boana cambui é endêmica do Brasil, do bioma Mata Atlântica, conhecida apenas da localidade-tipo, na região da Serra Negra, município de Rio Preto, no estado de Minas Gerais. Sua extensão de ocorrência é estimada em cerca de apenas 5 km², não havendo registro confirmado da espécie em localidades próximas e bem amostradas. A espécie é conhecida somente de um fragmento florestal, em propriedade particular, isolado em uma paisagem altamente fragmentada, em meio a uma matriz de pastagens e agricultura. O local também está sujeito à extração de madeira, ao uso da água do riacho e a incêndios, atividades provocam declínio continuado da qualidade do habitat da espécie e podem impactá-la rapidamente, dada sua distribuição restrita. Além disso, qualquer mudança no uso do solo nesta área particular afetaria a espécie como um todo, configurando apenas uma localização. Considerando esse cenário, Boana cambui foi avaliada como Criticamente em Perigo (CR) pelo critério B1ab(iii).",Sim,Não,Minas Gerais,|Sudeste|,Mata Atlântica,Sub-bacia Paraíba do Sul,,,,Não,Desconhecida,"2 - Agropecuária e Aquacultura
2.1 - Culturas anuais e perenes não-madeireiras
2.1.2 - Agricultura em pequenas propriedades
2 - Agropecuária e Aquacultura
2.3 - Pecuária
2.3.2 - Pecuária em pequenas propriedades
5 - Uso de recursos biológicos
5.2 - Coleta de plantas terrestres
5.2.2 - Efeitos indiretos (a espécie não é o alvo)
7 - Modificações nos sistemas naturais
7.1 - Incêndios e supressão de incêndios
7.1.1 - Aumento da frequência/intensidade de incêndios
7 - Modificações nos sistemas naturais
7.2 - Represas e uso de água
7.2.3 - Captação de água de superfície - uso na agricultura",,Proteção de recursos/habitat,,,,,boana cambui,,,CR,NE
Animalia,Chordata,Reptilia,Squamata,Viperidae,Bothrops,Bothrops insularis,,Bothrops insularis,"(Amaral, 1922)",jararaca-ilhôa,Répteis,11/2019,Criticamente em Perigo,Não,B1ab(v)+2ab(v),"Bothrops insularis é endêmica do Brasil, da Ilha da Queimada Grande, próxima à costa dos municípios de Itanhaém e Peruíbe, no litoral sul do estado de São Paulo. Sua extensão de ocorrência equivale à área da ilha, que é de 0,43km² e sua área de ocupação calculada é de 0,25 km², considerando-se que a espécie ocorre preferencialmente em ambiente de mata. A principal ameaça à espécie é a captura de indivíduos maduros para o comércio ilegal. Assim, há um declínio contínuo no número de indivíduos maduros. Considerando essa ameaça e apenas uma localização, Bothrops insularis foi caracterizada como Criticamente em Perigo (CR), pelos critérios B1ab(v)+2ab(v).",Sim,Sim,São Paulo,|Sudeste|,Desconhecido,,ARIE Ilha Queimada Grande e Queimada Pequena,APA MARINHA DO LITORAL CENTRO,,Desconhecido,Declinando,"5 - Uso de recursos biológicos
5.1 - Caça e captura de animais terrestres ou marinhos
5.1.1 - Caça/captura intencional (a espécie é o alvo)
5.1.1.3 - Comercial - Internacional
7 - Modificações nos sistemas naturais
7.1 - Incêndios e supressão de incêndios
7.1.3 - Tendência desconhecida",,"Controle e fiscalização, Plano de Ação Nacional (PAN), Reprodução em cativeiro/propagação artificial","Plano de Ação Nacional para a Conservação da Herpetofauna Insular, Plano de Ação Nacional para conservação da Herpetofauna Ameaçada da Mata Atlântica da Região Sudeste do Brasil","Lista Nacional Oficial de Espécies da Fauna Ameaçadas de Extinção 2014, Lista Nacional Oficial de Espécies da Fauna Ameaçadas de Extinção 2022",,,bothrops insularis,CR,1.0,CR,CR
Animalia,Chordata,Reptilia,Squamata,Viperidae,Bothrops,Bothrops jabrensis,,,"Barbo, Grazziotin, Pereira-Filho, Freitas, Abrantes & Kokubum, 2022",Jararaca-do-Jabre,Répteis,10/2022,Criticamente em Perigo,Não,B1ab(iii),"Bothrops jabrensis é endêmica do Brasil, conhecida apenas da localidade-tipo, o Pico do Jabre, localizado no Parque Estadual Pico do Jabre, no estado da Paraíba, entre 1.050 e 1.100 metros de altitude. A espécie parece ser bastante rara e poucos indivíduos são conhecidos. Algumas áreas de altitude no mesmo complexo de serras foram amostrados recentemente, assim como outros brejos de altitude em Pernambuco e no Ceará, mas não há registros adicionais. Assim, acredita-se que a distribuição da espécie seja bastante restrita, e sua extensão de ocorrência foi estimada em 10 km². Apesar de ser área protegida, o local sofre com incêndios e outros impactos, como desmatamentos, extração florestal, caça e acúmulo de lixo, provocado pela constante presença desordenada de turistas. Um incêndio de grandes proporções atingiu a área, inclusive as partes altas do morro, em 2017. Todas essas atividades provocam declínio continuado da qualidade do hábitat e foi considerada apenas uma localização, sendo incêndios a principal ameaça. Portanto, Bothrops jabrensis foi avaliada como Criticamente em Perigo (CR) pelo critério B1ab(iii).",Sim,Não,Paraíba,|Nordeste|,Caatinga,,,PARQUE ESTADUAL PICO DO JABRE,,Desconhecido,Desconhecida,"11 - Mudanças e extremos climáticos
11.2 - Secas
1 - Desenvolvimento residencial e comercial
1.4 - Assentamentos e pequenas propriedades rurais
2 - Agropecuária e Aquacultura
2.1 - Culturas anuais e perenes não-madeireiras
2.1.2 - Agricultura em pequenas propriedades
5 - Uso de recursos biológicos
5.1 - Caça e captura de animais terrestres ou marinhos
5.1.1 - Caça/captura intencional (a espécie é o alvo)
5 - Uso de recursos biológicos
5.3 - Extração florestal
5.3.3 - Efeitos indiretos - subsistência/pequena escala
6 - Distúrbios humanos
6.1 - Atividades recreacionais/turísticas
7 - Modificações nos sistemas naturais
7.1 - Incêndios e supressão de incêndios
7.1.1 - Aumento da frequência/intensidade de incêndios
9 - Poluição
9.4 - Lixo e resíduos sólidos
9.4.1 - Urbanos",,Proteção de locais/áreas,,,,,bothrops jabrensis,,,CR,NE
Animalia,Chordata,Reptilia,Squamata,Viperidae,Bothrops,Bothrops muriciensis,,Bothrops muriciensis,"Ferrarezzi & Freire, 2001",Jararaca-de-Murici,Répteis,11/2019,Criticamente em Perigo,Não,B1ab(iii),"Bothrops muriciensis é endêmica do Brasil, conhecida somente da Estação Ecológica (ESEC) de Murici, no estado de Alagoas, em um fragmento pequeno de floresta ombrófila densa de Mata Atlântica. Estudos realizados em localidades próximas, com características ambientais bastante similares, e monitoramento constante no local entre 2016 e 2019, sugerem que seja uma espécie bastante rara e de distribuição muito restrita, mesmo no interior da unidade de conservação. Sua extensão de ocorrência foi calculada em cerca de 1km². Boa parte da área nativa da região ao redor da ESEC foi convertida em plantio de larga escala de cana-de-açúcar. Mesmo no interior da unidade de conservação, que não possui regularização fundiária, a espécie é afetada pela perda de vegetação nativa e declínio da qualidade do hábitat, principalmente decorrentes da invasão de gado. Considerando apenas uma localização, Bothrops muriciensis foi avaliada como Criticamente em Perigo (CR) pelo critério B1ab(iii).",Sim,Sim,Alagoas,|Nordeste|,Mata Atlântica,Sub-bacia Litoral AL PE PB,ESEC de Murici,ÁREA DE PROTEÇÃO AMBIENTAL DE MURICÍ,,Desconhecido,Desconhecida,"2 - Agropecuária e Aquacultura
2.1 - Culturas anuais e perenes não-madeireiras
2.1.3 - Agricultura agro-industrial
2 - Agropecuária e Aquacultura
2.3 - Pecuária
2.3.3 - Pecuária agro-industrial
5 - Uso de recursos biológicos
5.1 - Caça e captura de animais terrestres ou marinhos
5.1.1 - Caça/captura intencional (a espécie é o alvo)
5.1.1.6 - Retaliação/controle
7 - Modificações nos sistemas naturais
7.1 - Incêndios e supressão de incêndios
7.1.3 - Tendência desconhecida
8 - Espécies invasoras
problemáticas e doenças
8.3 - Espécies nativas problemáticas
8.3.1 - Espécie conhecida
8.3.1.1 - Competidores
8 - Espécies invasoras
problemáticas e doenças
8.3.1.4 - Patógenos/parasitas",,"Conscientização/comunicação, Implementação de áreas protegidas, Implementação de corredores, Nível regional, Plano de Ação Nacional (PAN), Proteção de recursos/habitat","Plano de Ação Nacional para a Conservação da Herpetofauna Ameaçada da Mata Atlântica Nordestina, Plano de Ação Nacional para a Conservação da Herpetofauna do Nordeste - 2º ciclo","Lista Nacional Oficial de Espécies da Fauna Ameaçadas de Extinção 2014, Lista Nacional Oficial de Espécies da Fauna Ameaçadas de Extinção 2022",,,bothrops muriciensis,EN,1.0,CR,EN
Animalia,Chordata,Reptilia,Squamata,Viperidae,Bothrops,Bothrops otavioi,,Bothrops otavioi,"Barbo, Grazziotin, Sazima, Martins & Sawaya, 2012",Não Informado,Répteis,11/2019,Criticamente em Perigo,Não,"B1ab(iii,v)+2ab(iii,v)","Bothrops otavioi é endêmica do Brasil, registrada somente na Ilha da Vitória, no litoral norte do estado de São Paulo. Sua extensão de ocorrência é de 2,2 km2, que corresponde à área da ilha, e a sua área de ocupação é estimada em 1,87 km2, que corresponde à área da ilha excluindo os ambientes rochosos. A ilha é habitada por comunidades de pescadores que, por meio das atividades agrícolas e introdução de animais domésticos, provocam declínio continuado da qualidade do hábitat de B. otavioi, além do declínio do número de indivíduos maduros pela eliminação direta. Considerando apenas uma localização, Bothrops otavioi foi categorizada como Criticamente em perigo (CR) pelos critérios B1ab(iii,v)+2ab(iii,v).",Sim,Sim,São Paulo,|Sudeste|,Desconhecido,,,APA MARINHA DO LITORAL NORTE,,Desconhecido,Desconhecida,"2 - Agropecuária e Aquacultura
2.1 - Culturas anuais e perenes não-madeireiras
2.1.2 - Agricultura em pequenas propriedades
5 - Uso de recursos biológicos
5.1 - Caça e captura de animais terrestres ou marinhos
5.1.1 - Caça/captura intencional (a espécie é o alvo)
8 - Espécies invasoras
problemáticas e doenças
8.2 - Espécies domésticas
8.2.2 - Predadores",,"Plano de Ação Nacional (PAN), Proteção de recursos/habitat, Reprodução em cativeiro/propagação artificial",Plano de Ação Nacional para conservação da Herpetofauna Ameaçada da Mata Atlântica da Região Sudeste do Brasil,"Lista Nacional Oficial de Espécies da Fauna Ameaçadas de Extinção 2014, Lista Nacional Oficial de Espécies da Fauna Ameaçadas de Extinção 2022",,,bothrops otavioi,CR,1.0,CR,CR
Animalia,Chordata,Reptilia,Squamata,Viperidae,Bothrops,Bothrops sazimai,,,"Barbo, Gasparini, Almeida, Zaher, Grazziotin, Gusmão, Ferrarini & Sawaya, 2016",Não Informado,Répteis,11/2019,Criticamente em Perigo,Não,"B1ab(iii,v)+2ab(iii,v)","Bothrops sazimai é endêmica do Brasil, conhecida somente da localidade-tipo, a ilha dos Franceses, uma ilha costeira no litoral sul do Espírito Santo, distante 3,6 km da praia de Itaoca. Tanto a extensão de ocorrência como a área de ocupação foram estimadas em menos de 1 km2. A ilha dos Franceses possui pequenas praias e localiza-se muito próxima à costa, havendo um constante trânsito de turistas, que às vezes acampam na ilha. Esse fluxo de pessoas provoca acúmulo de lixo e até incêndios ocasionais, elevando o risco de destruição de parte significativa da vegetação da ilha. Além disso, há intensa captura ilegal de indivíduos para o tráfico. Por essas razões, Bothrops sazimai foi avaliada como Criticamente em Perigo (CR) pelos critérios B1ab(iii,v)+2ab(iii,v).",Sim,Não,Espírito Santo,|Sudeste|,Sistema Costeiro-Marinho,,,,,Desconhecido,Desconhecida,"5 - Uso de recursos biológicos
5.1 - Caça e captura de animais terrestres ou marinhos
5.1.1 - Caça/captura intencional (a espécie é o alvo)
5.1.1.2 - Comercial - Nacional/Local
5 - Uso de recursos biológicos
5.1.1.3 - Comercial - Internacional
6 - Distúrbios humanos
6.1 - Atividades recreacionais/turísticas
7 - Modificações nos sistemas naturais
7.1 - Incêndios e supressão de incêndios
7.1.1 - Aumento da frequência/intensidade de incêndios
9 - Poluição
9.4 - Lixo e resíduos sólidos
9.4.1 - Urbanos","3 - Animais de estimação/ornamentais
5 - Medicina humana ou veterinária",,,,,,bothrops sazimai,,,CR,NE
Animalia,Chordata,Amphibia,Anura,Brachycephalidae,Brachycephalus,Brachycephalus pernix,,Brachycephalus pernix,"Pombal, Wistuba & Bornschein, 1998","Sapinho-de-colete, Sapinho-dourado, Sapinho-pingo-de-ouro-sardento",Anfíbios,09/2018,Criticamente em Perigo,Não,B1ab(iii)+2ab(iii),"Brachycephalus pernix é endêmica do Brasil, do bioma Mata Atlântica, conhecida somente da localidade-tipo, o Morro do Anhangava, no Parque Estadual da Serra da Baitaca, no município de Quatro Barras, estado do Paraná. Apesar de esforços de amostragem na região, não há registro em outras localidades além da localidade-tipo. A espécie é de pequeno porte, com baixa capacidade de dispersão e possui hábitat específico, sendo encontrada somente na serrapilheira de floresta altomontana acima de 1.100 metros de altitude. Assim, sua distribuição está restrita à área do topo do morro (1,96 km2) e acredita-se que sua extensão de ocorrência e área de ocupação sejam menores que essa área. O turismo no Parque é intenso e não controlado, e o pisoteio da serrapilheira pelos visitantes provoca declínio da qualidade do hábitat da espécie. Considerando essa a principal ameaça, foi definida apenas uma localização. Por essas razões, Brachycephalus pernix foi avaliada como Criticamente em Perigo (CR) pelos critérios B1ab(iii)+2ab(iii).",Sim,Sim,Paraná,|Sul|,Mata Atlântica,Sub-bacia Litoral RJ SP,,ÁREA DE PROTEÇÃO AMBIENTAL DO IRAÍ,,Não,Desconhecida,"11 - Mudanças e extremos climáticos
11.1 - Mudança/alteração de habitat
6 - Distúrbios humanos
6.1 - Atividades recreacionais/turísticas",,"Conscientização/comunicação, Manejo de locais/áreas, Plano de Ação Nacional (PAN), Proteção de recursos/habitat","Plano de Ação Nacional para a Conservação da Herpetofauna do Sul - 2º ciclo, Plano de Ação Nacional para a Conservação de Répteis e Anfíbios Ameaçados da Região Sul do Brasil","Lista Nacional Oficial de Espécies da Fauna Ameaçadas de Extinção 2014, Lista Nacional Oficial de Espécies da Fauna Ameaçadas de Extinção 2022",,,brachycephalus pernix,CR,1.0,CR,CR
Animalia,Chordata,Mammalia,Primates,Atelidae,Brachyteles,Brachyteles hypoxanthus,,Brachyteles hypoxanthus,"Wied, 1820","Buriqui, Buriquim, Mariquina, Mono, Mono-carvoeiro, Mono-da-cara-manchada, Muriqui-do-norte, Muriquina",Mamíferos,09/2019,Criticamente em Perigo,Não,A4cde,"Brachyteles hypoxanthus é endêmica do Brasil, ocorrendo na Mata Atlântica de Minas Gerais, Rio de Janeiro, Espírito Santo e Bahia. Esta espécie sofre impactos resultantes da perda, degradação e fragmentação de hábitat, especialmente devido à agropecuária, à retirada de indivíduos da natureza por caça, eletrocussões e impactos da febre amarela, além de incêndios florestais e expansão da infraestrutura rodoviária e energética. Sua população atual é estimada em 1.136 indivíduos, com menos de 250 indivíduos maduros para cada subpopulação. Modelagens climáticas projetam 93% de perda de hábitat adequado para a ocorrência da espécie até 2050. Em função desse conjunto de ameaças, suspeita-se de uma redução populacional em curso de, pelo menos, 80% em 60 anos (três gerações). Sendo assim, Brachyteles hypoxanthus foi categorizada como Criticamente em Perigo (CR) pelo critério A4cde.",Sim,Sim,"Bahia, Espírito Santo, Minas Gerais, Rio de Janeiro",|Nordeste|Sudeste|,Mata Atlântica,"Sub-bacia Contas
Sub-bacia Doce
Sub-bacia Grande
Sub-bacia Jequitinhonha
Sub-bacia Litoral BA ES
Sub-bacia Litoral ES
Sub-bacia Paraíba do Sul","APA Serra da Mantiqueira, PARNA Alto Cariri, PARNA de Itatiaia, PARNA do Caparaó, REBIO Augusto Ruschi, REBIO da Mata Escura, REVIS Una","PARQUE ESTADUAL ALTO DO CARIRI, PARQUE ESTADUAL DO RIO DOCE, PARQUE ESTADUAL SERRA DO BRIGADEIRO, PARQUE ESTADUAL SERRA DO PAPAGAIO, REFÚGIO ESTADUAL DE VIDA SILVESTRE MATA DOS MURIQUIS","RPPN Estação Biológica da Mata do Sossego, RPPN Feliciano Miguel Abdala",Não,Declinando,"11 - Mudanças e extremos climáticos
11.1 - Mudança/alteração de habitat
1 - Desenvolvimento residencial e comercial
1.3 - Áreas de turismo e recreação
1 - Desenvolvimento residencial e comercial
1.4 - Assentamentos e pequenas propriedades rurais
2 - Agropecuária e Aquacultura
2.1 - Culturas anuais e perenes não-madeireiras
2.1.3 - Agricultura agro-industrial
2 - Agropecuária e Aquacultura
2.3 - Pecuária
3 - Produção energética e mineração
4 - Transportes e serviços de transmissão
4.1 - Estradas e ferrovias
4 - Transportes e serviços de transmissão
4.7 - Linhas de força/transmissão
5 - Uso de recursos biológicos
5.1 - Caça e captura de animais terrestres ou marinhos
5.1.1 - Caça/captura intencional (a espécie é o alvo)
6 - Distúrbios humanos
6.1 - Atividades recreacionais/turísticas
7 - Modificações nos sistemas naturais
7.1 - Incêndios e supressão de incêndios
7.1.1 - Aumento da frequência/intensidade de incêndios
8 - Espécies invasoras
problemáticas e doenças
8.5 - Doenças provocadas por vírus ou príons","1 - Alimentação humana
1.1 - Caça de subsistência",Plano de Ação Nacional (PAN),"Plano de Ação Nacional para a Conservação dos Mamíferos da Mata Atlântica Central, Plano de Ação Nacional para a Conservação dos Muriquis, Plano de Ação Nacional para a Conservação dos Primatas da Mata Atlântica e da Preguiça-de-Coleira","CITES - Anexo I, Lista Nacional Oficial de Espécies da Fauna Ameaçadas de Extinção 2014, Lista Nacional Oficial de Espécies da Fauna Ameaçadas de Extinção 2022",,,brachyteles hypoxanthus,CR,1.0,CR,CR
Animalia,Arthropoda,Malacostraca,Isopoda,Brasileirinidae,Brasileirinho,Brasileirinho cavaticus,,,"Prevor?nik, Ferreira & Sket, 2012",Não Informado,Invertebrados de Água Doce,05/2018,Criticamente em Perigo,Não,B1ab(iii)+2ab(iii),"Brasileirinho cavaticus é endêmica do Brasil, com distribuição restrita a um lago freático no fundo da caverna da Baixa Funda, no Município de Paripiranga, estado da Bahia. A caverna da Baixa Funda é o único habitat conhecido da espécie até agora. A espécie não foi encontrada em outras cavernas da região. Sua extensão de ocorrência e área de ocupação são estimadas em menos de 10km². A espécie era abundante na época em foi descrita. A caverna da Baixa Funda, bem como seus arredores, foi severamente alterada, e não está em área protegida. A vegetação nativa foi substituída por monoculturas, atualmente milho. Os moradores locais usam a caverna para descartar o lixo doméstico. Devido ao difícil acesso através da entrada parcialmente obstruída, a seção final da caverna permanece relativamente bem protegida dos visitantes. No entanto ainda existe uma grande ameaça humana para a localidade tipo e seus habitantes, já que muitos produtos agrícolas foram vistos na entrada, representando uma fonte potencial de contaminação química da água subterrânea. Existe forte declínio da qualidade de habitat. Até o momento não há qualquer ação do poder público no intuito de proteger esta caverna. Considerando uma localização, a espécie foi categorizada como Criticamente em Perigo pelos critérios B1ab(iii)+2ab(iii).",Sim,Sim,Bahia,|Nordeste|,Caatinga,Sub-bacia Litoral SE,,,,Não,Desconhecida,"11 - Mudanças e extremos climáticos
11.1 - Mudança/alteração de habitat
2 - Agropecuária e Aquacultura
2.1 - Culturas anuais e perenes não-madeireiras
2.1.2 - Agricultura em pequenas propriedades
7 - Modificações nos sistemas naturais
7.3 - Outras modificações nos ecossistemas
9 - Poluição
9.3 - Agropecuária e florestal
9.3.2 - Erosão do solo/sedimentação
9 - Poluição
9.3.3 - Herbicidas e pesticidas
9 - Poluição
9.4 - Lixo e resíduos sólidos
9.4.1 - Urbanos",,Plano de Ação Nacional (PAN),Plano de Ação Nacional para a Conservação das Cavernas do Brasil,Lista Nacional Oficial de Espécies da Fauna Ameaçadas de Extinção 2022,,,brasileirinho cavaticus,CR,0.0,CR,CR
Animalia,Chordata,Actinopterygii,Characiformes,Bryconidae,Brycon,Brycon orbignyanus,,Brycon orbignyanus,"(Valenciennes, 1850)",Piracanjuba,Peixes Continentais,10/2019,Criticamente em Perigo,Não,A2c,"Brycon orbignyanus se distribuía originalmente nas bacias dos rios Paraná e Uruguai, abrangendo o Brasil, Argentina, Uruguai e Paraguai. No Brasil, a Extensão de Ocorrência (EOO) original foi calculada em aproximadamente 950.000 km². No entanto, devido à sucessiva fragmentação, sobretudo da bacia do rio Paraná pelos barramentos, a espécie está extinta na maior parte de sua área de ocorrência pretérita. Atualmente ocorre apenas no último trecho de rio livre do alto rio Paraná, situado entre o remanso do reservatório de Itaipu e a usina de Porto Primavera (cerca de 82.500 km²), e na região do rio Uruguai, situado entre o Parque Estadual do Turvo e o rio Ijuí (cerca de 4.300 km²). A área total de distribuição atual é de cerca de 86.800 km², o que que representa um declínio de aproximadamente 90% da EOO original. A principal ameaça inclui as barragens de usinas hidrelétricas, sendo também afetada pela poluição e pelo desmatamento. A jusante da barragem de Porto Primavera, o hábitat dessa espécie está sendo amplamente modificado pela alteração do pulso de inundação. Nesta região, existem dois complexos de populações com alta variabilidade genética e fluxo gênico, principalmente nos trechos que compreendem o alto rio Paraná, Porto Camargo, Ilha Grande e Ivinhema. A população da bacia do rio Uruguai está comprometida em sua viabilidade devido aos impactos cumulativos ocorridos nas últimas décadas, principalmente a instalação de usinas hidrelétricas. Monitoramentos constantes devem ser mantidos nas localidades onde a espécie ainda é registrada, além da necessária revisão dos planos de construção de hidrelétricas que afetem a sua área atual de ocorrência, em especial no rio Piquiri, onde estão previstos 17 empreendimentos hidrelétricos. Nesse contexto, considerando que, atualmente, a espécie ocorre em aproximadamente 10% de sua área de distribuição original, suspeita-se um declínio populacional de pelo menos 80% ao longo dos últimos 30 anos (três gerações) baseado no declínio da área de ocupação, extensão de ocorrência e qualidade do hábitat, em função da construção de hidrelétricas, poluição e desmatamento. Por isso, B. orbignyanus foi categorizada como Criticamente em Perigo (CR) pelo critério A2c.",Não,Sim,"Mato Grosso do Sul, Minas Gerais, Paraná, Rio Grande do Sul, Santa Catarina",|Centro-Oeste|Sudeste|Sul|,"Cerrado, Mata Atlântica","Sub-bacia Grande
Sub-bacia Iguaçu
Sub-bacia Paranaíba
Sub-bacia Paranapanema
Sub-bacia Paraná RH1
Sub-bacia Uruguai Alto","APA Ilhas e Várzeas do Rio Paraná, PARNA de Ilha Grande, PARNA Iguaçu","PARQUE ESTADUAL DAS VÁRZEAS DO RIO IVINHEMA, PARQUE ESTADUAL DO TURVO",,Sim,Declinando,"3 - Produção energética e mineração
3.3 - Energia renovável
3.3.1 - Hidrelétricas
5 - Uso de recursos biológicos
5.4 - Pesca e uso de recursos aquáticos
5.4.1 - Captura intencional - subsistência/pequena escala
5.4.1.7 - Emalhe
5.4.1.7.3 - Rede de espera fina
5 - Uso de recursos biológicos
5.4.2 - Captura intencional - larga escala
5.4.2.2 - Linha de mão
7 - Modificações nos sistemas naturais
7.2 - Represas e uso de água
7.2.10 - Represas (grandes)
9 - Poluição
9.1 - Doméstica e urbana - escoamento de água
9.1.1 - Esgoto
9 - Poluição
9.1.2 - Escoamento urbano
9 - Poluição
9.3 - Agropecuária e florestal
9.3.2 - Erosão do solo/sedimentação
9 - Poluição
9.3.3 - Herbicidas e pesticidas","1 - Alimentação humana
1.7 - Pesca artesanal
1.7.3 - Aparelho com anzol
1.7.3.5 - Linha de fundo e linha de mão
1 - Alimentação humana
1.7.7 - Emalhe
1.7.7.3 - Rede de espera fina
4 - Caça/pesca esportiva",Plano de Ação Nacional (PAN),"Plano de Ação Nacional para a Conservação das Espécies da Fauna Aquática Ameaçadas de Extinção do Ecossistema Mogi-Pardo-Grande, Plano de Ação Nacional para a Conservação das Espécies de Peixes Ameaçadas de Extinção da Bacia do Alto Rio Paraná","Lista Nacional Oficial de Espécies da Fauna Ameaçadas de Extinção 2014, Lista Nacional Oficial de Espécies da Fauna Ameaçadas de Extinção 2022",,,brycon orbignyanus,CR,1.0,CR,CR
Animalia,Chordata,Mammalia,Primates,Callitrichidae,Callithrix,Callithrix flaviceps,,Callithrix flaviceps,"(Thomas, 1903)","Sagui-da-serra, Sagui-da-serra-claro, Sagui-taquara",Mamíferos,09/2019,Criticamente em Perigo,Não,A4bce,"Callithrix flaviceps é endêmico da Mata Atlântica brasileira, nos estados de Minas Gerais, Espírito Santo e Rio de Janeiro, sendo parapátrico com C. aurita e C. geoffroyi. Infere-se uma redução populacional em curso de, pelo menos, 80% em 18 anos (três gerações), em decorrência dos impactos da febre amarela, hibridação com espécies congêneres, perda, degradação e fragmentação de hábitat (devido principalmente à incidência de incêndios florestais e expansão de lavoura de café). Portanto, Callithrix flaviceps foi categorizado como Criticamente em Perigo (CR), pelo critério A4bce.",Sim,Sim,"Espírito Santo, Minas Gerais, Rio de Janeiro",|Sudeste|,Mata Atlântica,"Sub-bacia Doce
Sub-bacia Litoral ES
Sub-bacia Paraíba do Sul","PARNA do Caparaó, REBIO Augusto Ruschi",PARQUE ESTADUAL DO FORNO GRANDE,"RPPN Estação Biológica da Mata do Sossego, RPPN Feliciano Miguel Abdala, VALE DO SOL",Não,Declinando,"1 - Desenvolvimento residencial e comercial
1.1 - Expansão urbana
2 - Agropecuária e Aquacultura
2.1 - Culturas anuais e perenes não-madeireiras
2.1.3 - Agricultura agro-industrial
2 - Agropecuária e Aquacultura
2.2 - Silvicultura
2.2.2 - Plantações agro-industriais
2 - Agropecuária e Aquacultura
2.3 - Pecuária
2.3.3 - Pecuária agro-industrial
3 - Produção energética e mineração
3.2 - Mineração
4 - Transportes e serviços de transmissão
4.2 - Atropelamentos
7 - Modificações nos sistemas naturais
7.1 - Incêndios e supressão de incêndios
7.1.1 - Aumento da frequência/intensidade de incêndios
8 - Espécies invasoras
problemáticas e doenças
8.3 - Espécies nativas problemáticas
8.3.1 - Espécie conhecida
8.3.1.3 - Hibridação
8 - Espécies invasoras
problemáticas e doenças
8.5 - Doenças provocadas por vírus ou príons",,"Educação e comunicação, Manejo territorial, Plano de Ação Nacional (PAN), Proteção de locais/áreas","Plano de Ação Nacional para a Conservação dos Mamíferos da Mata Atlântica Central, Plano de Ação Nacional para a Conservação dos Primatas da Mata Atlântica e da Preguiça-de-Coleira","CITES - Anexo I, Lista Nacional Oficial de Espécies da Fauna Ameaçadas de Extinção 2014, Lista Nacional Oficial de Espécies da Fauna Ameaçadas de Extinção 2022",,,callithrix flaviceps,EN,1.0,CR,EN
Animalia,Chordata,Aves,Passeriformes,Platyrinchidae,Calyptura,Calyptura cristata,,Calyptura cristata,"(Vieillot, 1818)",tietê-de-coroa,Aves,06/2019,Criticamente em Perigo,Sim,D,"Calyptura cristata é endêmica do Rio de Janeiro. Os últimos registros confirmados na natureza são de 1996, na região da Serra dos Órgãos. As áreas comprovadas de ocorrência histórica por espécimes coletados e disponíveis em museus estão severamente degradadas. Assim sendo, acredita-se que, caso ainda exista, a população da espécie deva ser bem pequena, menor do que 50 indivíduos maduros. Dessa forma, C. cristata foi categorizada como Criticamente em Perigo (CR) Possivelmente Extinta (PEX) pelo critério D.",Sim,Sim,Rio de Janeiro,|Sudeste|,Mata Atlântica,,APA Petrópolis,,,Não,Desconhecida,"2 - Agropecuária e Aquacultura
2.1 - Culturas anuais e perenes não-madeireiras
2.1.4 - Agricultura de escala desconhecida
3 - Produção energética e mineração
3.2 - Mineração
3.2.4 - Extração de minérios - garimpo",,"Plano de Ação Nacional (PAN), Proteção de locais/áreas",Plano de Ação Nacional para a Conservação das Aves Ameaçadas do Bioma Mata Atlântica,"Lista Nacional Oficial de Espécies da Fauna Ameaçadas de Extinção 2014, Lista Nacional Oficial de Espécies da Fauna Ameaçadas de Extinção 2022",,,calyptura cristata,CR (PEX),1.0,CR,CR
Animalia,Chordata,Actinopterygii,Siluriformes,Trichomycteridae,Cambeva,Cambeva pascuali,,,"(Ochoa, Silva, Costa e Silva, Oliveira & Datovo, 2017)",Não Informado,Peixes Continentais,10/2019,Criticamente em Perigo,Não,B1ab(iii)+2ab(iii),"Cambeva pascuali é endêmica do Brasil, conhecida apenas de sua localidade-tipo, um pequeno afluente do rio Tamanduá, tributário do rio Paranapanema, bacia do alto rio Paraná, próximo à cidade de Itatinga, estado de São Paulo. A espécie é conhecida somente do material-tipo, composto por menos de 15 indivíduos. A sua região de ocorrência é relativamente bem amostrada, mas não há registros adicionais. O fato de ser facilmente identificada, já que não apresenta nadadeira pélvica, característica única dentre os congêneres simpátricos, sugere fortemente que a sua distribuição seja bastante restrita. O riacho onde a espécie foi registrada é fortemente impactado por silvicultura (eucalipto), o que afeta a qualidade do habitat de sua única localização conhecida. A extensão de ocorrência da espécie, considerando a área da sub-bacia do riacho, foi estimada em cerca de 140 km2, e sua área de ocupação foi calculada em 4 km2. Portanto, Cambeva pascuali foi categorizada como Criticamente em Perigo (CR) pelos critérios B1ab(iii)+2ab(iii).",Sim,Sim,São Paulo,|Sudeste|,Cerrado,Sub-bacia Paranapanema,,APA CORUMBATAÍ BOTUCATU TEJUPA PERIMETRO BOTUCATU,,Não,Desconhecida,"2 - Agropecuária e Aquacultura
2.2 - Silvicultura",,Plano de Ação Nacional (PAN),Plano de Ação Nacional para a Conservação das Espécies de Peixes Ameaçadas de Extinção da Bacia do Alto Rio Paraná,Lista Nacional Oficial de Espécies da Fauna Ameaçadas de Extinção 2022,,,cambeva pascuali,CR,0.0,CR,CR
Animalia,Chordata,Actinopterygii,Cyprinodontiformes,Rivulidae,Campellolebias,Campellolebias brucei,,Campellolebias brucei,"Vaz-Ferreira & Sierra, 1974",Peixe anual,Peixes Continentais,05/2019,Criticamente em Perigo,Não,"B2ab(ii,iii)","Campellolebias brucei é endêmica do Brasil, com registro em três localidades próximas entre si situadas no município de Içara, no estado de Santa Catarina. A Área de Ocupação (AOO) calculada é de 4 km2, e caracteriza-se uma única localização. A população está impactada pela BR-101 e por atividades agrícolas. Além disso, a espécie está sob declínio continuado de sua Área de Ocupação (AOO) e da qualidade do habitat. Portanto, Campellolebias brucei foi categorizada como Criticamente em Perigo (CR) pelos critérios B2ab(ii,iii).",Sim,Sim,Santa Catarina,|Sul|,Mata Atlântica,Sub-bacia Litoral SP PR SC,,,,Desconhecido,Desconhecida,"1 - Desenvolvimento residencial e comercial
1.1 - Expansão urbana
2 - Agropecuária e Aquacultura
2.1 - Culturas anuais e perenes não-madeireiras
2.1.4 - Agricultura de escala desconhecida
4 - Transportes e serviços de transmissão
4.1 - Estradas e ferrovias",3 - Animais de estimação/ornamentais,Plano de Ação Nacional (PAN),"Plano de Ação Nacional para a Conservação dos Peixes Rivulídeos Ameaçados de Extinção, Plano de Ação Nacional para a Conservação dos Peixes Rivulídeos Ameaçados de Extinção - 2º ciclo","Lista Nacional Oficial de Espécies da Fauna Ameaçadas de Extinção 2014, Lista Nacional Oficial de Espécies da Fauna Ameaçadas de Extinção 2022",,,campellolebias brucei,CR,1.0,CR,CR
Animalia,Chordata,Actinopterygii,Cyprinodontiformes,Rivulidae,Campellolebias,Campellolebias chrysolineatus,,Campellolebias chrysolineatus,"Costa, Lacerda & Brasil, 1989",Peixe anual,Peixes Continentais,05/2019,Criticamente em Perigo,Não,"B2ab(i,ii,iii)","Campellolebias chrysolineatus é endêmica do Brasil, ocorrendo na porção nordeste do litoral do estado de Santa Catarina. A Área de Ocupação (AOO) calculada é de 8 km&sup2;. Campellolebias chrysolineatus é altamente especializada, típica de floresta e já foi abundante na região. Apesar disso, atualmente são raros os registros da espécie, estando sua população severamente fragmentada pela conversão de uso de solo e expansão urbana. Além disso, C. chrysolineatus está sob declínio continuado de sua Área de Ocupação (AOO), com redução de pelo menos 90% da área de distribuição, e da qualidade do habitat. Portanto, Campellolebias chrysolineatus foi categorizada como Criticamente em Perigo (CR) pelos critérios B2ab(i,ii,iii).",Sim,Sim,Santa Catarina,|Sul|,Mata Atlântica,Sub-bacia Litoral SP PR SC,,,,Desconhecido,Declinando,"1 - Desenvolvimento residencial e comercial
1.1 - Expansão urbana
5 - Uso de recursos biológicos
5.4 - Pesca e uso de recursos aquáticos
5.4.1 - Captura intencional - subsistência/pequena escala
5.4.1.1 - Coleta manual",3 - Animais de estimação/ornamentais,Plano de Ação Nacional (PAN),"Plano de Ação Nacional para a Conservação dos Peixes Rivulídeos Ameaçados de Extinção, Plano de Ação Nacional para a Conservação dos Peixes Rivulídeos Ameaçados de Extinção - 2º ciclo","Lista Nacional Oficial de Espécies da Fauna Ameaçadas de Extinção 2014, Lista Nacional Oficial de Espécies da Fauna Ameaçadas de Extinção 2022",,,campellolebias chrysolineatus,CR,1.0,CR,CR
Animalia,Chordata,Actinopterygii,Cyprinodontiformes,Rivulidae,Campellolebias,Campellolebias dorsimaculatus,,Campellolebias dorsimaculatus,"Costa, Lacerda & Brasil, 1989","Peixe anual, Peixe das nuvens",Peixes Continentais,05/2019,Criticamente em Perigo,Não,"B2ab(ii,iii)","Campellolebias dorsimaculatus é endêmica do Brasil, sendo conhecida apenas de dois registros no município de Iguape, bacia do rio Ribeira de Iguape, estado de São Paulo. A Área de Ocupação (AOO) calculada é de 4 km², e sua população foi severamente fragmentada pela expansão imobiliária. A espécie ainda está sob declínio continuado de sua Área de Ocupação (AOO) e da qualidade do habitat. Portanto, Campellolebias dorsimaculatus foi categorizada como Criticamente em Perigo (CR) pelo critério B2ab(ii,iii).",Sim,Sim,São Paulo,|Sudeste|,Mata Atlântica,Sub-bacia Litoral SP PR SC,,,,Não,Declinando,"1 - Desenvolvimento residencial e comercial
1.1 - Expansão urbana",,Plano de Ação Nacional (PAN),"Plano de Ação Nacional para a Conservação dos Peixes Rivulídeos Ameaçados de Extinção, Plano de Ação Nacional para a Conservação dos Peixes Rivulídeos Ameaçados de Extinção - 2º ciclo","Lista Nacional Oficial de Espécies da Fauna Ameaçadas de Extinção 2014, Lista Nacional Oficial de Espécies da Fauna Ameaçadas de Extinção 2022",,,campellolebias dorsimaculatus,CR,1.0,CR,CR
Animalia,Chordata,Actinopterygii,Cyprinodontiformes,Rivulidae,Campellolebias,Campellolebias intermedius,,Campellolebias intermedius,"Costa & de Luca, 2006",Peixe anual,Peixes Continentais,05/2019,Criticamente em Perigo,Não,"B2ab(ii,iii)","Campellolebias intermedius é endêmica do Brasil, e ocorre na bacia do rio Juquiá, afluente do rio Ribeira de Iguape, no município de Juquiá, estado de São Paulo. A Área de Ocupação (AOO) calculada é de 4 km&sup2;. Campellolebias intermedius é conhecida de três localidades, duas delas descaracterizadas pela conversão do uso do solo pela expansão imobiliária litorânea. A espécie apresenta declínio continuado de sua Área de Ocupação (AOO) e da qualidade do habitat. Desse modo, Campellolebias intermedius foi categorizada como Criticamente em Perigo (CR) pelos critérios B2ab(ii,iii).",Sim,Sim,São Paulo,|Sudeste|,Mata Atlântica,Sub-bacia Litoral RJ SP,,,,Não,Declinando,"1 - Desenvolvimento residencial e comercial
1.1 - Expansão urbana",3 - Animais de estimação/ornamentais,Plano de Ação Nacional (PAN),Plano de Ação Nacional para a Conservação dos Peixes Rivulídeos Ameaçados de Extinção - 2º ciclo,"Lista Nacional Oficial de Espécies da Fauna Ameaçadas de Extinção 2014, Lista Nacional Oficial de Espécies da Fauna Ameaçadas de Extinção 2022",,,campellolebias intermedius,CR,1.0,CR,CR
Animalia,Chordata,Elasmobranchii,Carcharhiniformes,Carcharhinidae,Carcharhinus,Carcharhinus falciformis,,Carcharhinus falciformis,"(Müller & Henle, 1839)","cação-baia, cação-em-cima-d’água, cação-sedoso, focinhudo, negrinho, tubarão-lombo-preto",Tubarões e Raias,12/2016,Criticamente em Perigo,Não,A4bd,"Carcharhinus falciformis é um tubarão associado a ilhas e bancos oceânicos, sendo mais abundante em zona pelágica, encontrado ao redor do mundo em águas equatorias e tropicais. É espécie comumente capturada em pescarias com espinhéis pelágicos. Atualmente indivíduos adultos são praticamente ausentes nas pescarias e as taxas de capturas são muito baixas. Assim como em outros grandes tubarões, a história de vida conservativa confere a esta espécie uma resiliência muito baixa. O tempo geracional foi calculado em 15 anos e foi estimado um declínio populacional de 86% entre os anos de 1979 e 2007. Assumindo-se que a pressão pesqueira será mantida, se não aumentada, aliada à ausência de dados de estatística pesqueira entre 2008 e 2016, inferiu-se uma redução populacional de pelo menos 80%, no período de 1979 a 2024, baseando-se em um índice de abundância apropriado para o táxon e nos níveis reais de exploração. Por isso, C. falciformis foi categorizada como Criticamente em Perigo (CR), pelos critérios A4bd.",Não,Não,"Alagoas, Amapá, Bahia, Ceará, Espírito Santo, Maranhão, Pará, Paraíba, Paraná, Pernambuco, Piauí, Rio de Janeiro, Rio Grande do Norte, Rio Grande do Sul, Santa Catarina, São Paulo, Sergipe",|Nordeste|Norte|Sudeste|Sul|,Sistema Costeiro-Marinho,,"APA Costa dos Corais, APA do Arquipélago de Trindade e Martim Vaz, PARNA do Cabo Orange, PARNA Marinho de Fernando de Noronha, PARNA Marinho dos Abrolhos, RESEX Arraial do Cabo, RESEX Cururupu","APA MARINHA DO LITORAL CENTRO, ÁREA DE PROTEçãO AMBIENTAL DAS REENTRâNCIAS MARANHENSES",,Sim,Declinando,"11 - Mudanças e extremos climáticos
11.1 - Mudança/alteração de habitat
5 - Uso de recursos biológicos
5.1 - Caça e captura de animais terrestres ou marinhos
5.1.1 - Caça/captura intencional (a espécie é o alvo)
5.1.1.3 - Comercial - Internacional
5 - Uso de recursos biológicos
5.1.1.4 - Esportiva
5 - Uso de recursos biológicos
5.4 - Pesca e uso de recursos aquáticos
5.4.1 - Captura intencional - subsistência/pequena escala
5.4.1.3 - Aparelho com anzol
5.4.1.3.5 - Linha de fundo e linha de mão
5 - Uso de recursos biológicos
5.4.2 - Captura intencional - larga escala
5.4.2.7 - Emalhe
5.4.2.7.1 - Emalhe de fundo
5 - Uso de recursos biológicos
5.4.2.7.2 - Emalhe de superfície
5 - Uso de recursos biológicos
5.4.2.8 - Espinhel
5.4.2.8.1 - Espinhel de superfície
5 - Uso de recursos biológicos
5.4.2.8.2 - Espinhel de fundo
5 - Uso de recursos biológicos
5.4.3 - Captura intencional - comércio internacional
5 - Uso de recursos biológicos
5.4.5 - Captura indireta - subsistência/pequena escala
5.4.5.7 - Emalhe
5.4.5.7.1 - Emalhe de fundo
5 - Uso de recursos biológicos
5.4.5.7.2 - Emalhe de superfície
5 - Uso de recursos biológicos
5.4.5.7.5 - Caçoeiro
5 - Uso de recursos biológicos
5.4.5.7.6 - Feiticieira
5 - Uso de recursos biológicos
5.4.6 - Captura indireta - larga escala
5.4.6.6 - Arrasto
5.4.6.6.1 - Arrasto simples
5 - Uso de recursos biológicos
5.4.6.6.2 - Arrasto duplo
5 - Uso de recursos biológicos
5.4.6.7 - Emalhe
5.4.6.7.1 - Emalhe de fundo
5 - Uso de recursos biológicos
5.4.6.7.2 - Emalhe de superfície
5 - Uso de recursos biológicos
5.4.6.8 - Espinhel
5.4.6.8.1 - Espinhel de superfície
9 - Poluição
9.1 - Doméstica e urbana - escoamento de água
9.1.1 - Esgoto
9 - Poluição
9.1.2 - Escoamento urbano
9 - Poluição
9.2 - Industrial
9.2.1 - Derramamento de óleo
9 - Poluição
9.2.3 - Contaminação por metais pesados
9 - Poluição
9.2.4 - Resíduos líquidos diversos","1 - Alimentação humana
1.2 - Caça para comércio
1.2.2 - Internacional
1 - Alimentação humana
1.6 - Pesca - comércio internacional
1 - Alimentação humana
1.7 - Pesca artesanal
1.7.3 - Aparelho com anzol
1 - Alimentação humana
1.8 - Pesca industrial
1.8.2 - Linha de mão
1 - Alimentação humana
1.8.8 - Espinhel
1.8.8.1 - Espinhel de superfície
4 - Caça/pesca esportiva","Controle e fiscalização, Manejo/ordenamento de caça/pesca",,"CITES - Anexo II, Convenção sobre Espécies Migratórias – CMS, Memorandum of Understanding on the Conservation of Migratory Sharks - MoU",,"18 , 500",carcharhinus falciformis,,,CR,NE
Animalia,Chordata,Elasmobranchii,Carcharhiniformes,Carcharhinidae,Carcharhinus,Carcharhinus galapagensis,,Carcharhinus galapagensis,"(Snodgrass & Heller, 1905)","tubarão/cação-baia, tubarão-das-galápagos",Tubarões e Raias,12/2016,Criticamente em Perigo,Não,A2cd,"Carcharhinus galapagensis é uma espécie pelágica, cuja distribuição está restrita a proximidades de ilhas oceânicas. No Brasil, era frequentemente avistada no entorno do arquipélago São Pedro e São Paulo. Embora tenha sido considerada localmente extinta neste arquipélago, alguns poucos indivíduos foram recentemente capturados. Registros em Fernando de Noronha desde 1990 são raros, assim como em qualquer outra ilha oceânica brasileira. O tempo geracional foi calculado em 16 anos. Espécies do mesmo gênero apresentam baixa fecundidade, baixa reposição, maturação sexual tardia e, além disso, C. galapagensis possui indícios de isolamento e área de ocorrência restrita e específica. Admite-se que o esforço pesqueiro na área de ocorrência da espécie, desde o fim da década de 1960, tem aumentado e a população continue em declínio. Infere-se uma redução de no mínimo 90% da população nos últimos 48 anos, baseando-se nos níveis reais ou potenciais de exploração. Por estas razões, a espécie foi categorizada como Criticamente em Perigo (CR) sob o critério A2cd.",Não,Sim,"Ceará, Espírito Santo, Pernambuco, Rio Grande do Norte",|Nordeste|Sudeste|,Sistema Costeiro-Marinho,,"APA do Arquipelago Sao Pedro e Sao Paulo, APA Fernando de Noronha, MONA do Arquipélago de Trindade e Martim Vaz e Monte Columbia, REBIO Atol das Rocas",,,Sim,Declinando,"11 - Mudanças e extremos climáticos
11.1 - Mudança/alteração de habitat
5 - Uso de recursos biológicos
5.1 - Caça e captura de animais terrestres ou marinhos
5.1.1 - Caça/captura intencional (a espécie é o alvo)
5.1.1.3 - Comercial - Internacional
5 - Uso de recursos biológicos
5.4 - Pesca e uso de recursos aquáticos
5.4.2 - Captura intencional - larga escala
5.4.2.7 - Emalhe
5.4.2.7.1 - Emalhe de fundo
5 - Uso de recursos biológicos
5.4.2.7.2 - Emalhe de superfície
5 - Uso de recursos biológicos
5.4.2.7.3 - Emalhe de meia-água
5 - Uso de recursos biológicos
5.4.2.8 - Espinhel
5.4.2.8.1 - Espinhel de superfície
5 - Uso de recursos biológicos
5.4.3 - Captura intencional - comércio internacional
5 - Uso de recursos biológicos
5.4.5 - Captura indireta - subsistência/pequena escala
5.4.5.7 - Emalhe
5.4.5.7.1 - Emalhe de fundo
5 - Uso de recursos biológicos
5.4.5.7.2 - Emalhe de superfície
5 - Uso de recursos biológicos
5.4.5.7.5 - Caçoeiro
5 - Uso de recursos biológicos
5.4.5.7.6 - Feiticieira
5 - Uso de recursos biológicos
5.4.6 - Captura indireta - larga escala
5.4.6.6 - Arrasto
5.4.6.6.1 - Arrasto simples
5 - Uso de recursos biológicos
5.4.6.6.2 - Arrasto duplo
5 - Uso de recursos biológicos
5.4.6.7 - Emalhe
5.4.6.7.1 - Emalhe de fundo
5 - Uso de recursos biológicos
5.4.6.7.2 - Emalhe de superfície
5 - Uso de recursos biológicos
5.4.6.7.3 - Emalhe de meia-água
5 - Uso de recursos biológicos
5.4.6.8 - Espinhel
5.4.6.8.1 - Espinhel de superfície
9 - Poluição
9.2 - Industrial
9.2.1 - Derramamento de óleo
9 - Poluição
9.2.3 - Contaminação por metais pesados
9 - Poluição
9.2.4 - Resíduos líquidos diversos","14 - Artesanato
jóias
objetos decorativos
colecionismo
1 - Alimentação humana
1.6 - Pesca - comércio internacional
1 - Alimentação humana
1.8 - Pesca industrial","Manejo/ordenamento de caça/pesca, Plano de Ação Nacional (PAN)","Plano de Ação Nacional para a Conservação dos Elasmobrânquios Ameaçados de Extinção, Plano de Ação Nacional para Conservação dos Ambientes Coralíneos do Brasil","Lista Nacional Oficial de Espécies da Fauna Ameaçadas de Extinção 2014, Lista Nacional Oficial de Espécies da Fauna Ameaçadas de Extinção 2022, CITES - Anexo II",,"0 , 680",carcharhinus galapagensis,CR,1.0,CR,CR
Animalia,Chordata,Elasmobranchii,Carcharhiniformes,Carcharhinidae,Carcharhinus,Carcharhinus longimanus,,Carcharhinus longimanus,"(Poey, 1861)","tubarão-estrangeiro, tubarão galha-branca, tubarão-galha-branca-oceânico",Tubarões e Raias,11/2017,Criticamente em Perigo,Não,A2d,"Carcharhinus longimanus é um tubarão de grande porte, sendo uma das espécies de maior distribuição em águas tropicais e subtropicais, com ocorrência em toda zona oceânica pelágica do Brasil. No Atlântico Sul, é observado um forte declínio populacional e sua frequência é cada vez mais rara nas pescarias. Na maior parte de sua distribuição, incluindo o Brasil, existe a percepção de que a população de C. longimanus foi virtualmente extirpada. Os poucos dados quantitativos dependentes do contexto (inconstância na forma de reportar os dados e mudanças nos petrechos da frota) que existem não permitem uma avaliação precisa de tendência populacional. Entretanto considerando-se que atualmente ela é bastante rara nos desembarques e que o esforço de pesca aumentou desde o período em que a espécie era relativamente abundante, suspeita-se que reduções populacionais maiores que 80% tenham ocorrido ao longo das últimas três gerações em águas brasileiras. Assim a espécie foi categorizada como Criticamente em Perigo (CR), sob os critérios A2d.",Não,Sim,"Bahia, Ceará, Pernambuco, Rio Grande do Norte, Santa Catarina, São Paulo",|Nordeste|Sudeste|Sul|,Sistema Costeiro-Marinho,,"PARNA Marinho de Fernando de Noronha, PARNA Marinho dos Abrolhos, REBIO Atol das Rocas",APA MARINHA DO LITORAL CENTRO,,Sim,Declinando,"5 - Uso de recursos biológicos
5.1 - Caça e captura de animais terrestres ou marinhos
5.1.1 - Caça/captura intencional (a espécie é o alvo)
5.1.1.3 - Comercial - Internacional
5 - Uso de recursos biológicos
5.4 - Pesca e uso de recursos aquáticos
5.4.2 - Captura intencional - larga escala
5.4.2.7 - Emalhe
5.4.2.7.1 - Emalhe de fundo
5 - Uso de recursos biológicos
5.4.2.7.2 - Emalhe de superfície
5 - Uso de recursos biológicos
5.4.2.7.3 - Emalhe de meia-água
5 - Uso de recursos biológicos
5.4.2.8 - Espinhel
5.4.2.8.1 - Espinhel de superfície
5 - Uso de recursos biológicos
5.4.3 - Captura intencional - comércio internacional
5 - Uso de recursos biológicos
5.4.6 - Captura indireta - larga escala
5.4.6.8 - Espinhel
5.4.6.8.1 - Espinhel de superfície","1 - Alimentação humana
1.2 - Caça para comércio
1.2.2 - Internacional
1 - Alimentação humana
1.6 - Pesca - comércio internacional
1 - Alimentação humana
1.7 - Pesca artesanal
1.7.3 - Aparelho com anzol
1.7.3.4 - Espinhel de superfície
1 - Alimentação humana
1.8 - Pesca industrial
1.8.8 - Espinhel
1.8.8.2 - Espinhel de fundo","Controle e fiscalização, Criação de áreas protegidas, Instrumentos de gestão, Legislação e política, Manejo/ordenamento de caça/pesca, Nível nacional, Plano de Ação Nacional (PAN), Políticas e regulamentações",Plano de Ação Nacional para a Conservação dos Elasmobrânquios Ameaçados de Extinção,"Lista Nacional Oficial de Espécies da Fauna Ameaçadas de Extinção 2014, Lista Nacional Oficial de Espécies da Fauna Ameaçadas de Extinção 2022, CITES - Anexo II",,"0 , 1082",carcharhinus longimanus,VU,1.0,CR,VU
Animalia,Chordata,Elasmobranchii,Carcharhiniformes,Carcharhinidae,Carcharhinus,Carcharhinus plumbeus,,Carcharhinus plumbeus,"(Nardo, 1827)","tubarão-galhudo, tubarão-sucuri",Tubarões e Raias,12/2016,Criticamente em Perigo,Não,A4cd,"Carcharhinus plumbeus é uma espécie de distribuição circunglobal com registros de ocorrência para toda a costa brasileira. No litoral norte, nordeste e central do Brasil, há poucas informações e os registros são pontuais. Era observada frequentemente na região sul, mas atualmente os registros são escassos. A espécie possui alta fidelidade ambiental com agregação de jovens em áreas de berçário na costa do Brasil. Há registros da perda de importantes áreas de berçário nos estados do Rio Grande do Sul e Santa Catarina nas décadas de 1980 e 1990. No passado, havia capturas de jovens em áreas mais costeiras, e de adultos na plataforma continental pela pesca com uso de espinheis e redes de emalhar. Na costa nordeste os registros são mais escassos e em alguns estados não há registros desde a década de 1990, e possivelmente nunca foi tão abundante como era na região sul. O tempo geracional da espécie é de 15 anos, sendo que a idade de primeira maturação é de 13 anos para as fêmeas, com ciclo reprodutivo de dois anos, o que torna a espécie mais suscetível à sobrepesca. Considerando a ausência de indivíduos da espécie nos desembarques recentes e sua abundância no passado, é possível inferir uma redução populacional de pelo menos 80%, em 45 anos, sendo 33 anos no passado e 12 no futuro. Assumindo-se que a frota pesqueira atuante na distribuição da espécie, continua operando e permanecerá no futuro, projeta-se que essa redução persistirá. Baseando-se no declínio da qualidade do habitat e nos níveis reais ou potenciais de exploração, a espécie foi categorizada como Criticamente em Perigo (CR) pelo critério A4cd.",Não,Sim,"Alagoas, Amapá, Bahia, Ceará, Espírito Santo, Maranhão, Pará, Paraíba, Paraná, Pernambuco, Piauí, Rio de Janeiro, Rio Grande do Norte, Rio Grande do Sul, Santa Catarina, São Paulo, Sergipe",|Nordeste|Norte|Sudeste|Sul|,Sistema Costeiro-Marinho,,"APA Baleia Franca, APA Costa dos Corais, APA Fernando de Noronha, APA Guaraqueçaba, PARNA Marinho de Fernando de Noronha, PARNA Marinho dos Abrolhos, PARNA Superagui, REBIO Atol das Rocas, REBIO Marinha do Arvoredo, RESEX Arraial do Cabo, RESEX Cururupu",ÁREA DE PROTEçãO AMBIENTAL DAS REENTRâNCIAS MARANHENSES,,Sim,Declinando,"11 - Mudanças e extremos climáticos
11.1 - Mudança/alteração de habitat
5 - Uso de recursos biológicos
5.1 - Caça e captura de animais terrestres ou marinhos
5.1.1 - Caça/captura intencional (a espécie é o alvo)
5.1.1.3 - Comercial - Internacional
5 - Uso de recursos biológicos
5.1.1.4 - Esportiva
5 - Uso de recursos biológicos
5.4 - Pesca e uso de recursos aquáticos
5.4.1 - Captura intencional - subsistência/pequena escala
5.4.1.6 - Arrasto
5.4.1.6.1 - Arrasto simples
5 - Uso de recursos biológicos
5.4.1.6.2 - Arrasto duplo
5 - Uso de recursos biológicos
5.4.1.6.3 - Arrasto de praia
5 - Uso de recursos biológicos
5.4.1.7 - Emalhe
5.4.1.7.1 - Emalhe de fundo
5 - Uso de recursos biológicos
5.4.1.7.2 - Emalhe de superfície
5 - Uso de recursos biológicos
5.4.1.7.5 - Caçoeiro
5 - Uso de recursos biológicos
5.4.2 - Captura intencional - larga escala
5.4.2.2 - Linha de mão
5 - Uso de recursos biológicos
5.4.2.6 - Arrasto
5.4.2.6.1 - Arrasto simples
5 - Uso de recursos biológicos
5.4.2.6.2 - Arrasto duplo
5 - Uso de recursos biológicos
5.4.2.6.3 - Arrasto de parelha
5 - Uso de recursos biológicos
5.4.2.7 - Emalhe
5.4.2.7.1 - Emalhe de fundo
5 - Uso de recursos biológicos
5.4.2.7.2 - Emalhe de superfície
5 - Uso de recursos biológicos
5.4.2.8 - Espinhel
5.4.2.8.1 - Espinhel de superfície
5 - Uso de recursos biológicos
5.4.2.8.2 - Espinhel de fundo
5 - Uso de recursos biológicos
5.4.3 - Captura intencional - comércio internacional
5 - Uso de recursos biológicos
5.4.5 - Captura indireta - subsistência/pequena escala
5.4.5.6 - Arrasto
5.4.5.6.3 - Arrasto de praia
5 - Uso de recursos biológicos
5.4.5.7 - Emalhe
5.4.5.7.1 - Emalhe de fundo
5 - Uso de recursos biológicos
5.4.5.7.2 - Emalhe de superfície
5 - Uso de recursos biológicos
5.4.5.7.5 - Caçoeiro
5 - Uso de recursos biológicos
5.4.5.7.6 - Feiticieira
5 - Uso de recursos biológicos
5.4.6 - Captura indireta - larga escala
5.4.6.2 - Linha de mão
5 - Uso de recursos biológicos
5.4.6.6 - Arrasto
5.4.6.6.2 - Arrasto duplo
5 - Uso de recursos biológicos
5.4.6.6.3 - Arrasto de parelha
5 - Uso de recursos biológicos
5.4.6.7 - Emalhe
5.4.6.7.1 - Emalhe de fundo
5 - Uso de recursos biológicos
5.4.6.7.2 - Emalhe de superfície
5 - Uso de recursos biológicos
5.4.6.8 - Espinhel
5.4.6.8.1 - Espinhel de superfície
9 - Poluição
9.1 - Doméstica e urbana - escoamento de água
9.1.1 - Esgoto
9 - Poluição
9.1.2 - Escoamento urbano
9 - Poluição
9.2 - Industrial
9.2.1 - Derramamento de óleo
9 - Poluição
9.2.3 - Contaminação por metais pesados
9 - Poluição
9.2.4 - Resíduos líquidos diversos
9 - Poluição
9.4 - Lixo e resíduos sólidos
9.4.1 - Urbanos
9 - Poluição
9.4.2 - Industriais","14 - Artesanato
jóias
objetos decorativos
colecionismo
1 - Alimentação humana
1.2 - Caça para comércio
1.2.2 - Internacional
1 - Alimentação humana
1.6 - Pesca - comércio internacional
1 - Alimentação humana
1.7 - Pesca artesanal
1 - Alimentação humana
1.8 - Pesca industrial","Legislação, Manejo/ordenamento de caça/pesca, Plano de Ação Nacional (PAN), Proteção de locais/áreas","Plano de Ação Nacional para a Conservação dos Elasmobrânquios Ameaçados de Extinção, Plano de Ação Nacional para Conservação dos Ambientes Coralíneos do Brasil","Lista Nacional Oficial de Espécies da Fauna Ameaçadas de Extinção 2014, Lista Nacional Oficial de Espécies da Fauna Ameaçadas de Extinção 2022, CITES - Anexo II",,"20 , 280",carcharhinus plumbeus,CR,1.0,CR,CR
Animalia,Chordata,Elasmobranchii,Carcharhiniformes,Carcharhinidae,Carcharhinus,Carcharhinus porosus,,Carcharhinus porosus,"(Ranzani, 1839)",Não Informado,Tubarões e Raias,12/2016,Criticamente em Perigo,Não,A2bcd,"Carcharhinus porosus distribui-se na costa brasileira com maior frequência no Norte e Nordeste, registros na costa Sudeste e Sul são esporádicos. No Pará e Maranhão,a espécie faz parte da fauna acompanhante da pesca de emalhe dirigida à serra (Scomberomorus brasiliensis). Um declínio acentuado na sua abundância foi observado na costa do Maranhão quando se compararam as capturas a partir da década de 1980 com as atuais. Até 2004, esta espécie era um dos elasmobrânquios mais abundantes nas pescarias de curral, linha e anzol, espinhel e emalhe. Hoje em dia, não se captura mais a espécie em curral, raramente em linha e anzol, e como fauna acompanhante nas outras pescarias, ainda é observada, mas em menor quantidade e com indivíduos de menor tamanho. Os impactos da pesca industrial de arrasto de fundo (portas e parelha), apesar de capturarem um número menor de indivíduos, continuam ocorrendo. Baseando-se no declínio da qualidade do habitat e nos níveis reais ou potenciais de exploração, durante os três tempos geracionais, que totalizam 24 anos, foi inferido um declínio de no mínimo, 80%. Portanto, esta espécie é categorizada como Criticamente em Perigo (CR), sob o critério A2bcd.",Não,Sim,"Alagoas, Amapá, Bahia, Ceará, Espírito Santo, Maranhão, Pará, Paraíba, Paraná, Pernambuco, Piauí, Rio de Janeiro, Rio Grande do Norte, Rio Grande do Sul, Santa Catarina, São Paulo, Sergipe",|Nordeste|Norte|Sudeste|Sul|,Sistema Costeiro-Marinho,,"APA Baleia Franca, APA Costa dos Corais, APA Delta do Parnaíba, PARNA do Cabo Orange, RESEX Cururupu, RESEX Marinha do Delta do Parnaíba","APA MARINHA DO LITORAL NORTE, APA MARINHA DO LITORAL SUL, ÁREA DE PROTEçãO AMBIENTAL DAS REENTRâNCIAS MARANHENSES",,Sim,Declinando,"11 - Mudanças e extremos climáticos
11.1 - Mudança/alteração de habitat
5 - Uso de recursos biológicos
5.1 - Caça e captura de animais terrestres ou marinhos
5.1.1 - Caça/captura intencional (a espécie é o alvo)
5.1.1.3 - Comercial - Internacional
5 - Uso de recursos biológicos
5.1.1.4 - Esportiva
5 - Uso de recursos biológicos
5.4 - Pesca e uso de recursos aquáticos
5.4.1 - Captura intencional - subsistência/pequena escala
5.4.1.3 - Aparelho com anzol
5.4.1.3.5 - Linha de fundo e linha de mão
5 - Uso de recursos biológicos
5.4.2 - Captura intencional - larga escala
5.4.2.2 - Linha de mão
5 - Uso de recursos biológicos
5.4.2.7 - Emalhe
5.4.2.7.1 - Emalhe de fundo
5 - Uso de recursos biológicos
5.4.2.7.2 - Emalhe de superfície
5 - Uso de recursos biológicos
5.4.2.8 - Espinhel
5.4.2.8.1 - Espinhel de superfície
5 - Uso de recursos biológicos
5.4.2.8.2 - Espinhel de fundo
5 - Uso de recursos biológicos
5.4.3 - Captura intencional - comércio internacional
5 - Uso de recursos biológicos
5.4.5 - Captura indireta - subsistência/pequena escala
5.4.5.7 - Emalhe
5.4.5.7.1 - Emalhe de fundo
5 - Uso de recursos biológicos
5.4.5.7.2 - Emalhe de superfície
5 - Uso de recursos biológicos
5.4.5.7.5 - Caçoeiro
5 - Uso de recursos biológicos
5.4.5.7.6 - Feiticieira
5 - Uso de recursos biológicos
5.4.6 - Captura indireta - larga escala
5.4.6.2 - Linha de mão
5 - Uso de recursos biológicos
5.4.6.6 - Arrasto
5.4.6.6.2 - Arrasto duplo
5 - Uso de recursos biológicos
5.4.6.6.3 - Arrasto de parelha
5 - Uso de recursos biológicos
5.4.6.7 - Emalhe
5.4.6.7.1 - Emalhe de fundo
5 - Uso de recursos biológicos
5.4.6.7.2 - Emalhe de superfície
5 - Uso de recursos biológicos
5.4.6.7.3 - Emalhe de meia-água
5 - Uso de recursos biológicos
5.4.6.8 - Espinhel
5.4.6.8.1 - Espinhel de superfície
9 - Poluição
9.1 - Doméstica e urbana - escoamento de água
9.1.1 - Esgoto
9 - Poluição
9.1.2 - Escoamento urbano
9 - Poluição
9.2 - Industrial
9.2.1 - Derramamento de óleo
9 - Poluição
9.2.3 - Contaminação por metais pesados
9 - Poluição
9.2.4 - Resíduos líquidos diversos
9 - Poluição
9.4 - Lixo e resíduos sólidos
9.4.1 - Urbanos
9 - Poluição
9.4.2 - Industriais","1 - Alimentação humana
1.5 - Pesca de subsistência
1 - Alimentação humana
1.6 - Pesca - comércio internacional
1 - Alimentação humana
1.7 - Pesca artesanal
1 - Alimentação humana
1.8 - Pesca industrial","Controle e fiscalização, Identificação de novas áreas protegidas, Manejo/ordenamento de caça/pesca, Plano de Ação Nacional (PAN)",Plano de Ação Nacional para a Conservação dos Elasmobrânquios Ameaçados de Extinção,"CITES - Anexo II, Lista Nacional Oficial de Espécies da Fauna Ameaçadas de Extinção 2014, Lista Nacional Oficial de Espécies da Fauna Ameaçadas de Extinção 2022",,"8 , 80",carcharhinus porosus,CR,1.0,CR,CR
Animalia,Chordata,Elasmobranchii,Lamniformes,Carchariidae,Carcharias,Carcharias taurus,,Carcharias taurus,"Rafinesque, 1810","cação-da-areia, cação-mangona, caçoa, tubarão-mangona",Tubarões e Raias,11/2017,Criticamente em Perigo,Não,A2bcd,"Carcharias taurus é um tubarão de grande porte, com distribuição costeira, ocorrendo nos oceanos subtropicais e temperados, com exceção do Pacífico Oriental. É uma espécie K-estrategista e produz no máximo dois filhotes por gestação. Como resultado, as taxas anuais de crescimento da população são muito baixas, reduzindo sua capacidade de suportar a pressão da pesca. Subpopulações no Brasil foram dizimadas pela pesca industrial e de pequena escala, sendo observada a redução de CPUE em mais de 90%. Infere-se que a espécie tenha sofrido um declínio populacional de mais de 80% em uma janela temporal que inclui o período de três gerações (52,5 anos). Por estas razões, C. taurus foi categorizada como Criticamente em Perigo (CR), pelo critério A2bcd.",Não,Sim,"Espírito Santo, Paraná, Rio de Janeiro, Rio Grande do Sul, Santa Catarina, São Paulo",|Sudeste|Sul|,Sistema Costeiro-Marinho,,"APA Baleia Franca, PARNA Superagui, REBIO Marinha do Arvoredo","APA MARINHA DO LITORAL CENTRO, APA MARINHA DO LITORAL NORTE, APA MARINHA DO LITORAL SUL, PARQUE ESTADUAL MARINHO DA LAJE DE SANTOS",,Sim,Declinando,"5 - Uso de recursos biológicos
5.1 - Caça e captura de animais terrestres ou marinhos
5.1.1 - Caça/captura intencional (a espécie é o alvo)
5.1.1.4 - Esportiva
5 - Uso de recursos biológicos
5.4 - Pesca e uso de recursos aquáticos
5.4.1 - Captura intencional - subsistência/pequena escala
5.4.1.7 - Emalhe
5.4.1.7.1 - Emalhe de fundo
5 - Uso de recursos biológicos
5.4.1.7.2 - Emalhe de superfície
5 - Uso de recursos biológicos
5.4.1.7.5 - Caçoeiro
5 - Uso de recursos biológicos
5.4.1.7.6 - Feiticeira
5 - Uso de recursos biológicos
5.4.2 - Captura intencional - larga escala
5.4.2.8 - Espinhel
5.4.2.8.2 - Espinhel de fundo
5 - Uso de recursos biológicos
5.4.5 - Captura indireta - subsistência/pequena escala
5.4.5.3 - Aparelho com anzol
5.4.5.3.3 - Espinhel fixo de fundo
5 - Uso de recursos biológicos
5.4.5.7 - Emalhe
5.4.5.7.1 - Emalhe de fundo
5 - Uso de recursos biológicos
5.4.5.7.2 - Emalhe de superfície
5 - Uso de recursos biológicos
5.4.5.7.5 - Caçoeiro
5 - Uso de recursos biológicos
5.4.5.7.6 - Feiticieira
5 - Uso de recursos biológicos
5.4.6 - Captura indireta - larga escala
5.4.6.7 - Emalhe
5.4.6.7.1 - Emalhe de fundo
5 - Uso de recursos biológicos
5.4.6.7.2 - Emalhe de superfície
5 - Uso de recursos biológicos
5.4.6.8 - Espinhel
5.4.6.8.1 - Espinhel de superfície","14 - Artesanato
jóias
objetos decorativos
colecionismo
1 - Alimentação humana
1.7 - Pesca artesanal
1.7.6 - Arrasto
1 - Alimentação humana
1.7.7 - Emalhe
1 - Alimentação humana
1.8 - Pesca industrial
1.8.7 - Emalhe
1 - Alimentação humana
1.8.8 - Espinhel
3 - Animais de estimação/ornamentais","Plano de Ação Nacional (PAN), Proteção de locais/áreas",Plano de Ação Nacional para a Conservação dos Elasmobrânquios Ameaçados de Extinção,"Lista Nacional Oficial de Espécies da Fauna Ameaçadas de Extinção 2014, Lista Nacional Oficial de Espécies da Fauna Ameaçadas de Extinção 2022",,"5 , 230",carcharias taurus,CR,1.0,CR,CR
Animalia,Chordata,Mammalia,Rodentia,Caviidae,Cavia,Cavia intermedia,,Cavia intermedia,"Cherem, Olimpio & Ximenez, 1999",Não Informado,Mamíferos,04/2022,Criticamente em Perigo,Não,D,"Cavia intermedia é endêmica do Brasil, ocorrendo exclusivamente no estado de Santa Catarina, na maior ilha do Arquipélago Moleques do Sul, que possui área aproximada de 0,1 km&sup2;. O número de indivíduos maduros foi estimado em 33. Apesar de o arquipélago já estar protegido legalmente por fazer parte da zona intangível do Parque Estadual da Serra do Tabuleiro, o uso não autorizado da ilha, como local de acampamento e pesca, ainda ocorre por pescadores e aventureiros. Esse uso ilegal representa a principal ameaça à espécie, devido à possibilidade de introdução de espécies exóticas (predadores, competidores, patógenos), remoção de indivíduos e incêndios, que podem afetar toda a população de uma só vez. Portanto, Cavia intermedia foi categorizada como Criticamente em Perigo (CR) pelo critério D.",Sim,Sim,Santa Catarina,|Sul|,Desconhecido,,APA Baleia Franca,PARQUE ESTADUAL DA SERRA DO TABULEIRO,,Desconhecido,Estável,"6 - Distúrbios humanos
6.1 - Atividades recreacionais/turísticas
6 - Distúrbios humanos
6.3 - Trabalho e outras atividades
7 - Modificações nos sistemas naturais
7.1 - Incêndios e supressão de incêndios
7.1.3 - Tendência desconhecida",,"Conscientização/comunicação, Manejo de locais/áreas, Plano de Ação Nacional (PAN)",Plano de Ação Nacional para a Conservação dos Pequenos Mamíferos de Áreas Florestais,"Lista Nacional Oficial de Espécies da Fauna Ameaçadas de Extinção 2014, Lista Nacional Oficial de Espécies da Fauna Ameaçadas de Extinção 2022",,,cavia intermedia,CR,1.0,CR,CR
Animalia,Chordata,Mammalia,Primates,Cebidae,Cebus,Cebus kaapori,,Cebus kaapori,"Queiroz, 1992","caiarara, caiarara ka’apor, macaco-cara-branca, piticó",Mamíferos,06/2022,Criticamente em Perigo,Não,A2cd+4cd,"Cebus kaapori é endêmica do Brasil, ocorrendo no leste do Pará e oeste do Maranhão, região inserida no arco do desmatamento. A espécie é extremamente rara e sensível a perturbações ambientais. Há registros de extinções locais, principalmente devido à alta pressão de caça e degradações ambientais, inclusive incêndios florestais que atingiram 50% da área da única unidade de conservação de proteção integral com ocorrência da espécie. A distribuição da espécie é uma das menores dentre os Cebus no Brasil, e sua área de ocorrência está completamente fragmentada por causa da grande atividade antrópica na Amazônia Oriental. Considerando estimativas de perda de hábitat e o impacto da caça, suspeita-se de uma redução populacional de 85,28% para uma janela temporal entre os anos 1972 e 2020 (três gerações). Além disto, considerando modelagens de perda de hábitat com uso de variáveis climáticas, projeta-se ainda de uma redução em curso de pelo menos 80%, considerando uma janela temporal entre 2002 e 2050. Portanto, Cebus kaapori foi categorizada como Criticamente em Perigo (CR) pelo critério A2cd+4cd.",Sim,Sim,"Maranhão, Pará",|Nordeste|Norte|,Amazônia,"Sub-bacia Gurupi
Sub-bacia Mearim
Sub-bacia Tocantins Baixo",REBIO do Gurupi,ÁREA DE PROTEÇÃO AMBIENTAL DO LAGO DE TUCURUI,,Não,Declinando,"11 - Mudanças e extremos climáticos
11.1 - Mudança/alteração de habitat
1 - Desenvolvimento residencial e comercial
1.1 - Expansão urbana
1 - Desenvolvimento residencial e comercial
1.4 - Assentamentos e pequenas propriedades rurais
2 - Agropecuária e Aquacultura
2.1 - Culturas anuais e perenes não-madeireiras
2.1.3 - Agricultura agro-industrial
2 - Agropecuária e Aquacultura
2.2 - Silvicultura
2.2.2 - Plantações agro-industriais
3 - Produção energética e mineração
4 - Transportes e serviços de transmissão
4.1 - Estradas e ferrovias
5 - Uso de recursos biológicos
5.1 - Caça e captura de animais terrestres ou marinhos
5.1.1 - Caça/captura intencional (a espécie é o alvo)
5.1.1.1 - Uso de subsistência/escambo local
5 - Uso de recursos biológicos
5.3 - Extração florestal
5.3.1 - Uso intencional - subsistência/pequena escala
7 - Modificações nos sistemas naturais
7.1 - Incêndios e supressão de incêndios
7.1.1 - Aumento da frequência/intensidade de incêndios",,Plano de Ação Nacional (PAN),Plano de Ação Nacional para a Conservação dos Primatas Amazônicos,"CITES - Anexo II, Lista Nacional Oficial de Espécies da Fauna Ameaçadas de Extinção 2014, Lista Nacional Oficial de Espécies da Fauna Ameaçadas de Extinção 2022",,,cebus kaapori,CR,1.0,CR,CR
Animalia,Chordata,Aves,Piciformes,Picidae,Celeus,Celeus flavus,Celeus flavus subflavus,Celeus flavus subflavus,"Sclater & Salvin, 1877",pica-pau-amarelo,Aves,06/2019,Criticamente em Perigo,Não,C2a(i),"Celeus ﬂavus subﬂavus é endêmica do Brasil e, originalmente, ocorria de Alagoas ao norte do Espírito Santo. Encontra-se restrita a três localidades na Bahia e uma no Espírito Santo. É dependente de ﬂoresta e sofre declínio populacional devido à perda de área e à alteração na qualidade do habitat causada pelo desmatamento, corte seletivo, queimada, pastagens e silvicultura. Infere-se que o tamanho população do táxon não ultrapasse 250 indivíduos maduros e que cada subpopulação possui no máximo 48 indivíduos maduros. Por essas razões, C. f. subﬂavus foi categorizada como Criticamente em Perigo (CR) pelo critério C2a(i).",Sim,Sim,"Alagoas, Bahia, Espírito Santo",|Nordeste|Sudeste|,Mata Atlântica,Sub-bacia Doce,PARNA do Descobrimento,,,Não,Declinando,"2 - Agropecuária e Aquacultura
2.1 - Culturas anuais e perenes não-madeireiras
2.1.4 - Agricultura de escala desconhecida
2 - Agropecuária e Aquacultura
2.2 - Silvicultura
2.2.3 - Plantações em escala desconhecida
2 - Agropecuária e Aquacultura
2.3 - Pecuária
2.3.4 - Pecuária em escala desconhecida
5 - Uso de recursos biológicos
5.3 - Extração florestal
5.3.5 - Motivação desconhecida
7 - Modificações nos sistemas naturais
7.1 - Incêndios e supressão de incêndios
7.1.1 - Aumento da frequência/intensidade de incêndios",,Plano de Ação Nacional (PAN),Plano de Ação Nacional para a Conservação das Aves Ameaçadas do Bioma Mata Atlântica,"Lista Nacional Oficial de Espécies da Fauna Ameaçadas de Extinção 2014, Lista Nacional Oficial de Espécies da Fauna Ameaçadas de Extinção 2022",,,celeus flavus,,,CR,NE
Animalia,Chordata,Amphibia,Anura,Ceratophryidae,Ceratophrys,Ceratophrys ornata,,Ceratophrys ornata,"(Bell, 1843)","Sapo-de-chifre, Sapo intanha, Sapo-untanha",Anfíbios,09/2018,Criticamente em Perigo,Sim,D,"Ceratophrys ornata ocorre no Brasil, Argentina e Uruguai. A espécie tem sido registrada na região dos pampas na Argentina, mas não há registros no Uruguai desde o início da década de 1980. No Brasil, há registros históricos da espécie no bioma Pampa, no extremo sul do estado do Rio Grande do Sul, sendo o avistamento mais recente do início da década de 1990. A espécie era registrada com certa facilidade até a década de 1980, mesmo fora do período reprodutivo. As áreas alagadas na área de distribuição da espécie no país encontram-se severamente fragmentadas pela expansão de plantações de arroz e expansão urbana. A região foi bem amostrada nos últimos anos, especialmente a Estação Ecológica do Taim, mas não há registros adicionais. Embora seja de difícil encontro devido ao hábito de reprodução explosiva, outras espécies de comportamento similar têm sido encontradas na região. Suspeita-se que esteja extinta no Brasil ou que haja menos de 50 indivíduos maduros no país. Portanto, Ceratophrys ornata foi avaliada como Criticamente em Perigo (CR) pelo critério D, estando possivelmente extinta no Brasil (PEX).",Não,Sim,Desconhecido,||,Pampa,,,,,Desconhecido,Declinando,"1 - Desenvolvimento residencial e comercial
1.1 - Expansão urbana
2 - Agropecuária e Aquacultura
2.1 - Culturas anuais e perenes não-madeireiras
2.1.4 - Agricultura de escala desconhecida
5 - Uso de recursos biológicos
5.1 - Caça e captura de animais terrestres ou marinhos
5.1.1 - Caça/captura intencional (a espécie é o alvo)
5.1.1.3 - Comercial - Internacional
5 - Uso de recursos biológicos
5.1.1.6 - Retaliação/controle
7 - Modificações nos sistemas naturais
7.2 - Represas e uso de água
7.2.3 - Captação de água de superfície - uso na agricultura
9 - Poluição
9.3 - Agropecuária e florestal
9.3.3 - Herbicidas e pesticidas",3 - Animais de estimação/ornamentais,Plano de Ação Nacional (PAN),"Plano de Ação Nacional para a Conservação da Herpetofauna do Sul - 2º ciclo, Plano de Ação Nacional para a Conservação de Répteis e Anfíbios Ameaçados da Região Sul do Brasil",Lista Nacional Oficial de Espécies da Fauna Ameaçadas de Extinção 2022,,,ceratophrys ornata,CR (PEX),0.0,CR,CR
Animalia,Chordata,Elasmobranchii,Lamniformes,Cetorhinidae,Cetorhinus,Cetorhinus maximus,,Cetorhinus maximus,"(Gunnerus, 1765)",Não Informado,Tubarões e Raias,12/2016,Criticamente em Perigo,Não,A2cd,"Cetorhinus maximus é uma espécie de grande porte e baixa fecundidade (um a seis filhotes a cada dois a quatro anos). Foi considerada cosmopolita, contudo existem estudos que apontam a existência de populações distintas nos vários oceanos e que há fidelidade de sítios alimentares e reprodutivos em zonas costeiras e talude. No Brasil, existem registros pontuais nas regiões Sul e Sudeste, sendo que no estado de Santa Catarina (sul da ilha de Santa Catarina) havia uma concentração sazonal, apenas no inverno, de indivíduos adultos. Nesta localidade, pelo menos desde 1939 até 1991, a espécie foi alvo de pescaria anual dirigida, que possivelmente extirpou esta população. No período em que esta pescaria ocorreu, as capturas declinaram de nove exemplares num único dia para um único indivíduo em toda a temporada de 1991. Os dois únicos registros posteriores a esta data, trataram-se de indivíduos juvenis. Considerando que os registros de captura apontam para uma redução populacional de mais de 80% ao longo das três últimas gerações, Cetorhinus maximus foi categorizada como sendo Criticamente em Perigo (CR), pelo critério A2cd.",Não,Sim,"Paraná, Rio de Janeiro, Rio Grande do Sul, São Paulo",|Sudeste|Sul|,Sistema Costeiro-Marinho,,"APA Baleia Franca, ESEC Tupinambás",,,Sim,Desconhecida,"5 - Uso de recursos biológicos
5.1 - Caça e captura de animais terrestres ou marinhos
5.1.1 - Caça/captura intencional (a espécie é o alvo)
5.1.1.3 - Comercial - Internacional
5 - Uso de recursos biológicos
5.4 - Pesca e uso de recursos aquáticos
5.4.2 - Captura intencional - larga escala
5.4.2.6 - Arrasto
5.4.2.6.1 - Arrasto simples
5 - Uso de recursos biológicos
5.4.2.6.2 - Arrasto duplo
5 - Uso de recursos biológicos
5.4.2.6.3 - Arrasto de parelha
5 - Uso de recursos biológicos
5.4.2.7 - Emalhe
5.4.2.7.1 - Emalhe de fundo
5 - Uso de recursos biológicos
5.4.2.7.2 - Emalhe de superfície
5 - Uso de recursos biológicos
5.4.2.7.3 - Emalhe de meia-água
5 - Uso de recursos biológicos
5.4.3 - Captura intencional - comércio internacional
5 - Uso de recursos biológicos
5.4.5 - Captura indireta - subsistência/pequena escala
5.4.5.6 - Arrasto
5 - Uso de recursos biológicos
5.4.6 - Captura indireta - larga escala
5.4.6.6 - Arrasto
5.4.6.6.1 - Arrasto simples
5 - Uso de recursos biológicos
5.4.6.6.2 - Arrasto duplo
5 - Uso de recursos biológicos
5.4.6.6.3 - Arrasto de parelha
5 - Uso de recursos biológicos
5.4.6.7 - Emalhe
5.4.6.7.1 - Emalhe de fundo
5 - Uso de recursos biológicos
5.4.6.7.2 - Emalhe de superfície
5 - Uso de recursos biológicos
5.4.6.7.3 - Emalhe de meia-água
5 - Uso de recursos biológicos
5.4.6.8 - Espinhel
5.4.6.8.1 - Espinhel de superfície","13 - Outros bens de consumo
1 - Alimentação humana
1.2 - Caça para comércio
1.2.2 - Internacional
1 - Alimentação humana
1.6 - Pesca - comércio internacional
1 - Alimentação humana
1.8 - Pesca industrial
1.8.6 - Arrasto
1.8.6.1 - Arrasto simples
1 - Alimentação humana
1.8.6.2 - Arrasto duplo
1 - Alimentação humana
1.8.6.3 - Arrasto de parelha
1 - Alimentação humana
1.8.7 - Emalhe
1.8.7.1 - Emalhe de fundo
1 - Alimentação humana
1.8.7.2 - Emalhe de superfície
1 - Alimentação humana
1.8.7.3 - Emalhe de meia-água",Plano de Ação Nacional (PAN),Plano de Ação Nacional para a Conservação dos Elasmobrânquios Ameaçados de Extinção,"CITES - Anexo II, Convenção sobre Espécies Migratórias – CMS, Memorandum of Understanding on the Conservation of Migratory Sharks - MoU, Lista Nacional Oficial de Espécies da Fauna Ameaçadas de Extinção 2014, Lista Nacional Oficial de Espécies da Fauna Ameaçadas de Extinção 2022",,"0 , 1264",cetorhinus maximus,CR,1.0,CR,CR
Animalia,Arthropoda,Malacostraca,Isopoda,Styloniscidae,Chaimowiczia,Chaimowiczia obybytyra,,,"Cardoso, Bastos-Pereira & Ferreira, 2022",Não Informado,Invertebrados Terrestres,05/2024,Criticamente em Perigo,Não,B1ab(iii)+2ab(iii),"Chaimowiczia obybytyra é endêmica do Brasil, conhecida apenas da caverna Serra Verde, no município de Coribe, região da Serra do Ramalho, estado da Bahia. O entorno imediato da caverna está profundamente alterado devido ao desmatamento, que resulta em assoreamento e outras alterações nos ambientes subterrâneos, caracterizando declínio continuado da qualidade do habitat da espécie. A Extensão de Ocorrência (EOO) foi calculada em 1 km² a partir do polígono que inclui o maciço onde a caverna se encontra, e foi igualada à Área de Ocupação (AOO), calculada em 8 km². Considerando uma localização, e o declínio continuado da qualidade do habitat, C. obybytyra foi categorizada como Criticamente em Perigo (CR) segundo os critérios B1ab(iii)+2ab(iii).",Sim,Não,Bahia,|Nordeste|,Cerrado,Sub-bacia São Francisco Médio,,,,Não,Desconhecida,"2 - Agropecuária e Aquacultura
2.3 - Pecuária
2.3.4 - Pecuária em escala desconhecida
5 - Uso de recursos biológicos
5.3 - Extração florestal
5.3.5 - Motivação desconhecida",,,,,,,chaimowiczia obybytyra,,,CR,NE
Animalia,Arthropoda,Arachnida,Amblypygi,Charinidae,Charinus,Charinus caatingae,,,"Vasconcelos & Ferreira, 2016",Não Informado,Invertebrados Terrestres,05/2018,Criticamente em Perigo,Não,B2ab(iii),"Charinus caatingae é espécie endêmica do Brasil, conhecida somente a localidade-tipo: Toca da fazenda Jurema, no Município de Várzea Nova/Bahia. É uma caverna relativamente pequena (cerca de 100 metros de comprimento, Área de Ocupação menor que 10km2). Muitas outras cavernas foram amostradas na área, e espécimes de C. caatingae foram encontrados apenas nesta caverna, o que sugere que a espécie é endêmica a esta única localidade. A vegetação externa à caverna foi parcialmente removida para o estabelecimento de lavouras de milho e mandioca. Na primeira visita à caverna (em 2008), aparentemente a entrada não havia sido modificada por atividades humanas. No entanto, em 2014, a última visita à área, uma bomba elétrica foi instalada dentro da caverna para bombear água para a irrigação de culturas. Entre os impactos antropogênicos, podemos destacar a instalação de luz elétrica e modificações na área ao redor da entrada da caverna. Por isso, Charinus caatingae foi categorizada como Criticamente em Perigo (CR) pelo critério B2ab(iii).",Sim,Sim,Bahia,|Nordeste|,Caatinga,Sub-bacia São Francisco Submédio,,,,Não,Desconhecida,"11 - Mudanças e extremos climáticos
11.1 - Mudança/alteração de habitat
2 - Agropecuária e Aquacultura
2.1 - Culturas anuais e perenes não-madeireiras
2.1.4 - Agricultura de escala desconhecida
7 - Modificações nos sistemas naturais
7.2 - Represas e uso de água
7.2.7 - Captação de água subterrânea - uso na agricultura
7 - Modificações nos sistemas naturais
7.3 - Outras modificações nos ecossistemas",,Plano de Ação Nacional (PAN),Plano de Ação Nacional para a Conservação das Cavernas do Brasil,Lista Nacional Oficial de Espécies da Fauna Ameaçadas de Extinção 2022,,,charinus caatingae,CR,0.0,CR,CR
Animalia,Arthropoda,Arachnida,Amblypygi,Charinidae,Charinus,Charinus taboa,,,"Vasconcelos, Giupponi & Ferreira, 2016",Não Informado,Invertebrados Terrestres,05/2018,Criticamente em Perigo,Não,B2ab(iii),"Charinus taboa é espécie endêmica do Brasil é conhecida de duas localidades em cavernas muito próximas (no mesmo maciço calcário) em Sete Lagoas - Minas Gerais. É ameaçada pelo desmatamento e degradação do ambiente externo causados pela atividade pecuária, além de assoreamento (decorrente da degradação externa) no sistema de drenagem que passa por dentro da caverna. A Área de Ocupação foi estimada em menos de 10km2 e foi considerada apenas uma localização. Por isso, C. taboa foi categorizada como Criticamente em Perigo (CR) pelo critério B2ab(iii).",Sim,Sim,Minas Gerais,|Sudeste|,Cerrado,Sub-bacia São Francisco Alto,,,,Não,Desconhecida,"11 - Mudanças e extremos climáticos
11.1 - Mudança/alteração de habitat
1 - Desenvolvimento residencial e comercial
1.1 - Expansão urbana
2 - Agropecuária e Aquacultura
2.1 - Culturas anuais e perenes não-madeireiras
2.1.4 - Agricultura de escala desconhecida
3 - Produção energética e mineração
3.2 - Mineração
3.2.3 - Extração de minérios - subsolo
7 - Modificações nos sistemas naturais
7.3 - Outras modificações nos ecossistemas",,Plano de Ação Nacional (PAN),Plano de Ação Nacional para a Conservação das Cavernas do Brasil,Lista Nacional Oficial de Espécies da Fauna Ameaçadas de Extinção 2022,,,charinus taboa,CR,0.0,CR,CR
Animalia,Chordata,Actinopterygii,Cyprinodontiformes,Poeciliidae,Cnesterodon,Cnesterodon omorgmatos,,Cnesterodon omorgmatos,"Lucinda & Garavello, 2001",Barrigudinho,Peixes Continentais,10/2019,Criticamente em Perigo,Não,B2ab(iii),"Cnesterodon omorgmatos é uma espécie endêmica do Brasil, ocorrendo na sub-bacia do rio Jordão, bacia do rio Iguaçu, estado do Paraná. É conhecida apenas da série-tipo, com os indivíduos coletados em um riacho encachoeirado com fundo de pedras. A Área de Ocupação calculada é de 4 km2. Considerando os impactos derivados da agropecuária como principal ameaça, foi caracterizada uma única localização. Dentre as outras ameaças que afetam a bacia do rio Iguaçu como um todo estão a alteração da qualidade de água devido à silvicultura, assoreamento e poluição por agrotóxicos, os impactos dos diversos barramentos e introdução de espécies de peixes exóticos nas barragens. Dessa forma, Cnesterodon omorgmatos foi categorizada como Criticamente em Perigo (CR) pelos critérios B2ab(iii).",Sim,Sim,Paraná,|Sul|,Mata Atlântica,Sub-bacia Iguaçu,,,,Desconhecido,Desconhecida,"2 - Agropecuária e Aquacultura
2.2 - Silvicultura
2.2.3 - Plantações em escala desconhecida
2 - Agropecuária e Aquacultura
2.3 - Pecuária
2.3.4 - Pecuária em escala desconhecida
3 - Produção energética e mineração
3.3 - Energia renovável
3.3.1 - Hidrelétricas
8 - Espécies invasoras
problemáticas e doenças
8.1 - Espécies exóticas
8.1.2 - Espécie não conhecida
8.1.2.2 - Predadores
9 - Poluição
9.3 - Agropecuária e florestal
9.3.2 - Erosão do solo/sedimentação
9 - Poluição
9.3.3 - Herbicidas e pesticidas",,"Manejo de espécies, Manejo territorial, Plano de Ação Nacional (PAN)",Plano de Ação Nacional para a Conservação da Fauna Aquática e Semiaquática do Baixo Iguaçu,"Lista Nacional Oficial de Espécies da Fauna Ameaçadas de Extinção 2014, Lista Nacional Oficial de Espécies da Fauna Ameaçadas de Extinção 2022",,,cnesterodon omorgmatos,CR,1.0,CR,CR
Animalia,Arthropoda,Insecta,Coleoptera,Carabidae,Coarazuphium,Coarazuphium amazonicus,,,"Pellegrini & Ferreira, 2017",Não Informado,Invertebrados Terrestres,05/2018,Criticamente em Perigo,Não,B1ab(iii),"Coarazuphium amazonicus é distribuído em cavernas da região conhecida como Serra Norte de Carajás (Floresta Nacional de Carajás), Pará, tendo sido registrado em 12 cavernas muito próximas entre si. Sua extensão de ocorrência foi estimada em 11km2. A espécie não é encontrada em outros platôs da região. As cavernas na Serra Norte de Carajás sofrem intensa exploração mineral (minério de ferro). Considerando uma localização, a espécie foi categorizada como Criticamente em Perigo (CR) pelo critério B1ab(iii).",Sim,Sim,Pará,|Norte|,Amazônia,Sub-bacia Tocantins Baixo,FLONA Carajás,,,Não,Desconhecida,"3 - Produção energética e mineração
3.2 - Mineração
3.2.3 - Extração de minérios - subsolo",,Plano de Ação Nacional (PAN),Plano de Ação Nacional para a Conservação das Cavernas do Brasil,Lista Nacional Oficial de Espécies da Fauna Ameaçadas de Extinção 2022,,,coarazuphium amazonicus,CR,0.0,CR,CR
Animalia,Arthropoda,Insecta,Coleoptera,Carabidae,Coarazuphium,Coarazuphium formoso,,Coarazuphium formoso,"Pellegrini & Ferreira, 2011",Não Informado,Invertebrados Terrestres,05/2018,Criticamente em Perigo,Não,B2ab(iii),"Coarazuphium formoso é endêmica do Brasil, conhecida de duas cavernas no município de Campo Formoso, Bahia (Barriguda e Calor de Cima), muito próximas entre si. A espécie parece ocorrer somente nas cavernas e sua área de ocupação é estimada em menos de 10km2. A Toca da Barriguda é utilizada para fins pedagógicos e turísticos, onde há um incremento dessa visitação de forma desordenada. Considerando a área de ocupação restrita (1 localização), Coarazuphium formoso foi categorizada como Criticamente em Perigo (CR) pelo critério B2ab(iii).",Sim,Sim,Bahia,|Nordeste|,Caatinga,Sub-bacia São Francisco Submédio,APA do Boqueirao da Onça,,,Não,Desconhecida,"6 - Distúrbios humanos
6.1 - Atividades recreacionais/turísticas",,Plano de Ação Nacional (PAN),Plano de Ação Nacional para a Conservação das Cavernas do Brasil,"Lista Nacional Oficial de Espécies da Fauna Ameaçadas de Extinção 2014, Lista Nacional Oficial de Espécies da Fauna Ameaçadas de Extinção 2022",,,coarazuphium formoso,CR,1.0,CR,CR
Animalia,Arthropoda,Insecta,Coleoptera,Carabidae,Coarazuphium,Coarazuphium ricardoi,,Coarazuphium ricardoi,"Bená & Vanin, 2014",Não Informado,Invertebrados Terrestres,05/2018,Criticamente em Perigo,Não,B2ab(iii),"Coarazuphium ricardoi é endêmica do Brasil, conhecida apenas da localidade-tipo, a Gruta do Varzeão, município de Doutor Ulysses, Paraná. A gruta é extensa, com mais de 2.000 metros de desenvolvimento, e a área de ocupação da espécie é estimada em menos de 10km2. É conhecida somente do material-tipo. A espécie foi registrada somente no interior da caverna, a cerca de 30 metros de sua entrada. A gruta não se encontra em área protegida e a visitação desordenada representa ameaça. Além disso, seu entorno encontra-se bastante alterado, principalmente por plantações de Pinnus, e ela está localizada em polígono minerário com requerimento de lavra. Considerando apenas uma localização, Coarazuphium ricardoi foi categorizada como Criticamente em Perigo (CR) pelo critério B2ab(iii).",Sim,Sim,Paraná,|Sul|,Mata Atlântica,Sub-bacia Litoral RJ SP,,,,Não,Desconhecida,"2 - Agropecuária e Aquacultura
2.2 - Silvicultura
2.2.2 - Plantações agro-industriais
6 - Distúrbios humanos
6.1 - Atividades recreacionais/turísticas",,Plano de Ação Nacional (PAN),Plano de Ação Nacional para a Conservação das Cavernas do Brasil,"Lista Nacional Oficial de Espécies da Fauna Ameaçadas de Extinção 2014, Lista Nacional Oficial de Espécies da Fauna Ameaçadas de Extinção 2022",,,coarazuphium ricardoi,CR,1.0,CR,CR
Animalia,Arthropoda,Insecta,Coleoptera,Carabidae,Coarazuphium,Coarazuphium spinifemur,,,"Pellegrini & Ferreira, 2017",Não Informado,Invertebrados Terrestres,05/2018,Criticamente em Perigo,Não,B2ab(iii),"Coarazuphium spinifemur é conhecida apenas da localidade-tipo, a caverna SL-0074, na região denominada Serra Leste, no município de Curionópolis/Pará. A região é intensamente amostrada e a espécie não foi localizada em outras cavernas. Sua área de ocupação é estimada em menos de 10km2. Toda a região da Serra Leste sofre intensa exploração mineral (minério de ferro) e a caverna está localizada a apenas 240 metros da área de mineração. Considerando uma localização, a espécie foi categorizada como Criticamente em Perigo (CR) pelo critério B2ab(iii).",Sim,Sim,Pará,|Norte|,Amazônia,Sub-bacia Tocantins Baixo,,,,Não,Desconhecida,"3 - Produção energética e mineração
3.2 - Mineração
3.2.3 - Extração de minérios - subsolo",,Plano de Ação Nacional (PAN),Plano de Ação Nacional para a Conservação das Cavernas do Brasil,Lista Nacional Oficial de Espécies da Fauna Ameaçadas de Extinção 2022,,,coarazuphium spinifemur,CR,0.0,CR,CR
Animalia,Arthropoda,Insecta,Coleoptera,Carabidae,Coarazuphium,Coarazuphium tessai,,Coarazuphium tessai,"(Godoy & Vanin, 1990)",Não Informado,Invertebrados Terrestres,05/2018,Criticamente em Perigo,Não,B2ab(iii),"Coarazuphium tessai é endêmica do Brasil, registrada somente na localidade-tipo, a Gruta do Padre, município de Santana, Bahia. A espécie é conhecida somente do material-tipo (dois indivíduos) e não foi encontrada em expedições posteriores à sua descrição, não ocorrendo em toda a extensão da caverna. A sua área de ocupação é certamente menor do que 10km2. A caverna não está localizada em área protegida e seu entorno encontra-se profundamente alterado. Como a área de captação da caverna é muito grande, ela é mais suscetível a alterações do ambiente externo. Além dessas ameaças atuais, existem nas proximidades polígonos minerários com requerimento de lavra para extração de ouro no rio Corrente. Considerando o declínio da qualidade do habitat e apenas uma localização, a espécie foi categorizada como Criticamente em Perigo (CR) pelo critério B2ab(iii).",Sim,Sim,Bahia,|Nordeste|,Cerrado,Sub-bacia São Francisco Médio,,,,Não,Desconhecida,"11 - Mudanças e extremos climáticos
11.1 - Mudança/alteração de habitat
6 - Distúrbios humanos
6.1 - Atividades recreacionais/turísticas
7 - Modificações nos sistemas naturais
7.3 - Outras modificações nos ecossistemas",,Plano de Ação Nacional (PAN),Plano de Ação Nacional para a Conservação das Cavernas do Brasil,"Lista Nacional Oficial de Espécies da Fauna Ameaçadas de Extinção 2014, Lista Nacional Oficial de Espécies da Fauna Ameaçadas de Extinção 2022",,,coarazuphium tessai,CR,1.0,CR,CR
Animalia,Chordata,Reptilia,Squamata,Sphaerodactylidae,Coleodactylus,Coleodactylus elizae,,Coleodactylus elizae,"Gonçalves, Torquato, Skuk & Sena, 2012",Não Informado,Répteis,04/2021,Criticamente em Perigo,Não,B1ab(iii),"Coleodactylus elizae é endêmica do Brasil, conhecida de poucos registros na Mata Atlântica do estado de Alagoas (Maceió e Estação Ecológica de Murici). Os fragmentos florestais da região têm sido bem amostrados, mas não há registros adicionais, sugerindo uma distribuição bastante restrita. Sua extensão de ocorrência foi estimada em apenas 28 km2. A espécie parece ser bastante rara e depende de serapilheira. Os fragmentos de Mata Atlântica da região são pequenos, isolados e sofrem pressão da retirada de madeira, mineração, monocultura de cana-de-açúcar e pecuária, atividades que provocam declínio contínuo da qualidade do habitat e fragmentam severamente a população da espécie, que é de pequeno porte e possui baixa capacidade de dispersão. Mesmo no interior da unidade de conservação, o habitat da espécie sofre pressão das atividades no entorno. Por esses motivos, Coleodactylus elizae foi avaliada como Criticamente em Perigo (CR) pelo critério B1ab(iii).",Sim,Não,Alagoas,|Nordeste|,Mata Atlântica,Sub-bacia Litoral AL PE PB,ESEC de Murici,ÁREA DE PROTEÇÃO AMBIENTAL DE MURICÍ,,Desconhecido,Desconhecida,"2 - Agropecuária e Aquacultura
2.1 - Culturas anuais e perenes não-madeireiras
2.1.3 - Agricultura agro-industrial
2 - Agropecuária e Aquacultura
2.3 - Pecuária
2.3.3 - Pecuária agro-industrial
3 - Produção energética e mineração
3.2 - Mineração
3.2.3 - Extração de minérios - subsolo
5 - Uso de recursos biológicos
5.3 - Extração florestal
5.3.5 - Motivação desconhecida",,Plano de Ação Nacional (PAN),Plano de Ação Nacional para a Conservação da Herpetofauna Ameaçada da Mata Atlântica Nordestina,,,,coleodactylus elizae,,,CR,NE
Animalia,Chordata,Aves,Columbiformes,Columbidae,Columbina,Columbina cyanopis,,Columbina cyanopis,"(Pelzeln, 1870)",rolinha-do-planalto,Aves,10/2018,Criticamente em Perigo,Não,D,"Columbina cyanopis ocorria originalmente em poucas localidades do centro-oeste do Brasil. Não houve registros documentados da espécie de 1940 a 2015, quando uma pequena população foi encontrada em Minas Gerais. Buscas recentes realizadas desde 2015 falharam em encontrar novos registros. Censos populacionais preliminares revelaram uma população conhecida inferior a 20 indivíduos. Assim, C. cyanopis foi categorizada como Criticamente em Perigo (CR) pelo critério D.",Sim,Sim,"Goiás, Mato Grosso, Minas Gerais, São Paulo",|Centro-Oeste|Sudeste|,"Cerrado, Mata Atlântica",,,,,Não,Desconhecida,"2 - Agropecuária e Aquacultura
2.1 - Culturas anuais e perenes não-madeireiras
2.1.4 - Agricultura de escala desconhecida
2 - Agropecuária e Aquacultura
2.2 - Silvicultura
2.2.3 - Plantações em escala desconhecida
2 - Agropecuária e Aquacultura
2.3 - Pecuária
2.3.4 - Pecuária em escala desconhecida
7 - Modificações nos sistemas naturais
7.1 - Incêndios e supressão de incêndios
7.1.3 - Tendência desconhecida",,Plano de Ação Nacional (PAN),"Plano de Ação Nacional para a Conservação das Aves Ameaçadas do Bioma Amazônia, Plano de Ação Nacional para a Conservação das Aves do Cerrado e Pantanal, Plano de Ação Nacional para a Conservação das Aves do Cerrado e Pantanal - 2º ciclo","Lista Nacional Oficial de Espécies da Fauna Ameaçadas de Extinção 2014, Lista Nacional Oficial de Espécies da Fauna Ameaçadas de Extinção 2022",,,columbina cyanopis,CR,1.0,CR,CR
Animalia,Chordata,Aves,Passeriformes,Furnariidae,Coryphistera,Coryphistera alaudina,,Coryphistera alaudina,"Burmeister, 1860",corredor-crestudo,Aves,10/2021,Criticamente em Perigo,Não,D,"Coryphistera alaudina ocorre na Bolívia, Paraguai, Argentina, Uruguai e extremo sul do Brasil, no Rio Grande do Sul, com um registro no município de Uruguaiana e vários registros no município de Barra do Quaraí. A população é muito reduzida no país, não ultrapassando 20 indivíduos maduros, estando essencialmente restrita ao Parque Estadual do Espinilho e exclusivamente associada à formação vegetal de parque espinilho. A espécie tem uma população muito pequena e de distribuição muito restrita, tendo como ameaça o manejo inadequado das pastagens nativas, que elimina totalmente o habitat desta espécie. A população do Brasil está relativamente isolada de outras populações de países vizinhos e supõe-se que as taxas de imigração, se existentes, sejam insuficientes para gerar algum efeito de resgate. Dessa forma, C. alaudina foi categorizada como Criticamente em Perigo (CR), pelo critério D.",Não,Sim,Rio Grande do Sul,|Sul|,Pampa,,,,,Não,Desconhecida,"2 - Agropecuária e Aquacultura
2.1 - Culturas anuais e perenes não-madeireiras
2.1.4 - Agricultura de escala desconhecida
2 - Agropecuária e Aquacultura
2.3 - Pecuária
2.3.4 - Pecuária em escala desconhecida
5 - Uso de recursos biológicos
5.3 - Extração florestal
5.3.5 - Motivação desconhecida",,"Conscientização/comunicação, Controle e fiscalização, Criação de áreas protegidas, Implementação de áreas protegidas, Implementação de corredores, Plano de Ação Nacional (PAN)","Plano de Ação Nacional para a Conservação das Aves dos Campos Sulinos - 2º ciclo, Plano de Ação Nacional para a Conservação dos Passeriformes Ameaçados dos Campos Sulinos e Espinilho","Lista Nacional Oficial de Espécies da Fauna Ameaçadas de Extinção 2014, Lista Nacional Oficial de Espécies da Fauna Ameaçadas de Extinção 2022",,,coryphistera alaudina,CR,1.0,CR,CR
Animalia,Chordata,Aves,Galliformes,Cracidae,Crax,Crax fasciolata,Crax fasciolata pinima,Crax fasciolata pinima,"Pelzeln, 1870",mutum-pinima,Aves,09/2017,Criticamente em Perigo,Não,"A2cd; C2a(i,ii); D","Crax fasciolata pinima é restrita ao Centro de Endemismo Belém, com ocorrência nos estados do Pará e Maranhão. É, seguramente, uma das aves mais ameaçadas de extinção em toda a região neotropical. É conhecida por poucos exemplares depositados em museus e não se tinha registros comprovados na natureza desde 1978. Registros atuais somente na Terra Indígena Alto Turiaçu, Terra Indígena Alto Alegre do Pindaré e Rebio do Gurupi, no estado do Maranhão. A região onde ocorre é, hoje, a mais descaracterizada de toda a Amazônia. O táxon perdeu mais do que 75% de seu habitat original. É intolerante a alterações de habitat, restrita a florestas primárias e sofre intensa pressão de caça. A floresta primária nas áreas remanescentes continua sofrendo degradação e considera-se que não existe mais habitat ótimo para este táxon. Suspeita-se que o declínio populacional devido à perda de habitat e à caça tenha sido maior que 80% em três gerações (35 anos). A população é certamente menor que 50 indivíduos maduros. Por estas razões, Crax f. pinima foi categorizada como Criticamente em Perigo (CR) pelos critérios A2cd; C2a(i,ii); D.",Sim,Sim,"Maranhão, Pará",|Nordeste|Norte|,"Amazônia, Cerrado","Sub-bacia Gurupi
Sub-bacia Mearim
Sub-bacia Tocantins Baixo",REBIO do Gurupi,,,Não,Declinando,"1 - Desenvolvimento residencial e comercial
1.4 - Assentamentos e pequenas propriedades rurais
2 - Agropecuária e Aquacultura
2.2 - Silvicultura
2.2.3 - Plantações em escala desconhecida
2 - Agropecuária e Aquacultura
2.3 - Pecuária
2.3.4 - Pecuária em escala desconhecida
5 - Uso de recursos biológicos
5.1 - Caça e captura de animais terrestres ou marinhos
5.1.1 - Caça/captura intencional (a espécie é o alvo)
5.1.1.1 - Uso de subsistência/escambo local
5 - Uso de recursos biológicos
5.3 - Extração florestal
5.3.5 - Motivação desconhecida
7 - Modificações nos sistemas naturais
7.1 - Incêndios e supressão de incêndios
7.1.3 - Tendência desconhecida","14 - Artesanato
jóias
objetos decorativos
1 - Alimentação humana","Nível nacional, Plano de Ação Nacional (PAN), Reprodução em cativeiro/propagação artificial","Plano de Ação Nacional para a Conservação das Aves Ameaçadas do Bioma Amazônia, Plano de Ação Nacional para a Conservação das Aves da Caatinga - 2º ciclo, Plano de Ação Nacional para a Conservação dos Galliformes","Lista Nacional Oficial de Espécies da Fauna Ameaçadas de Extinção 2014, Lista Nacional Oficial de Espécies da Fauna Ameaçadas de Extinção 2022",,,crax fasciolata,,,CR,NE
Animalia,Chordata,Amphibia,Anura,Leptodactylidae,Crossodactylodes,Crossodactylodes itambe,,Crossodactylodes itambe,"Barata, Santos, Leite & Garcia, 2013",Sapinho-do-Itambé,Anfíbios,06/2017,Criticamente em Perigo,Não,B1ab(iii)+2ab(iii),"Crossodactylodes itambe é endêmica do Brasil, do estado de Minas Gerais, conhecida somente para o Parque Estadual do Pico do Itambé, cuja área é de 1,35 km2. A espécie foi registrada em área de transição entre os biomas Cerrado e Mata Atlântica, em altitudes acima de 1.700 metros, e os girinos foram encontrados somente em bromélias rupícolas da espécie Vriesea medusa em áreas abertas de campos rupestres. A extensão de ocorrência e a área de ocupação foram estimadas em 0,50 km2 (equivalentes à área do bromelial), correspondendo a uma única localização, cujos incêndios recorrentes são a principal ameaça e causam declínio contínuo da qualidade do hábitat. Por essas razões, Crossodactylodes itambe foi avaliada como Criticamente em Perigo (CR) pelos critérios B1ab(iii)+2ab(iii).",Sim,Sim,Minas Gerais,|Sudeste|,Mata Atlântica,,,"ÁREA DE PROTEÇÃO AMBIENTAL ÁGUAS VERTENTES, PARQUE ESTADUAL PICO DO ITAMBÉ",,Não,Desconhecida,"2 - Agropecuária e Aquacultura
2.3 - Pecuária
2.3.2 - Pecuária em pequenas propriedades
5 - Uso de recursos biológicos
5.2 - Coleta de plantas terrestres
5.2.2 - Efeitos indiretos (a espécie não é o alvo)
6 - Distúrbios humanos
6.1 - Atividades recreacionais/turísticas
7 - Modificações nos sistemas naturais
7.1 - Incêndios e supressão de incêndios
7.1.1 - Aumento da frequência/intensidade de incêndios",,Plano de Ação Nacional (PAN),,Lista Nacional Oficial de Espécies da Fauna Ameaçadas de Extinção 2022,,,crossodactylodes itambe,CR,0.0,CR,CR
Animalia,Chordata,Amphibia,Anura,Hylodidae,Crossodactylus,Crossodactylus boulengeri,,,"(De Witte, 1930)",Não Informado,Anfíbios,09/2017,Criticamente em Perigo,Sim,D,"Crossodactylus boulengeri é endêmica do Brasil, do bioma Mata Atlântica, conhecida de poucas localidades entre os estados do Rio de Janeiro (Paraty e Angra dos Reis) e São Paulo (Santo André e São José do Barreiro). Trata-se de uma região preservada. No entanto, os registros são históricos, pontuais, sendo o último encontro em 1970. As localidades conhecidas e os ambientes propícios na região têm sido amostrados por diferentes pesquisadores nos últimos 50 anos, mas a espécie não tem sido encontrada. Suspeita-se que esteja extinta ou que haja menos de 50 indivíduos maduros. Portanto, Crossodactylus boulengeri foi avaliada como Criticamente em Perigo (CR) segundo o critério D, estando possivelmente extinta (PEX).",Sim,Sim,"Rio de Janeiro, São Paulo",|Sudeste|,Mata Atlântica,"Sub-bacia Litoral RJ
Sub-bacia Litoral SP
Sub-bacia Paraíba do Sul",PARNA da Serra da Bocaina,,,Não,Declinando,"8 - Espécies invasoras
problemáticas e doenças
8.8 - Doenças de causas desconhecidas
9 - Poluição
9.2 - Industrial
9.2.4 - Tipo desconhecido
9 - Poluição
9.5 - Poluição do ar
9.5.1 - Chuva ácida
9 - Poluição
9.5.2 - Fumaça (industrial
veículos
etc)",,Plano de Ação Nacional (PAN),,Lista Nacional Oficial de Espécies da Fauna Ameaçadas de Extinção 2022,,,crossodactylus boulengeri,CR (PEX),0.0,CR,CR
Animalia,Chordata,Amphibia,Anura,Hylodidae,Crossodactylus,Crossodactylus dantei,,Crossodactylus dantei,"Carcerelli & Caramaschi, 1993",Rãzinha-de-riacho,Anfíbios,09/2018,Criticamente em Perigo,Não,B1ab(iii),"Crossodactylus dantei é endêmica do Brasil, do bioma Mata Atlântica, conhecida somente para a Estação Ecológica de Murici, no município de Murici, estado de Alagoas. Trata-se de espécie de hábitat restrito, com ocorrência associada a cursos d'água corrente em área florestal preservada da ESEC. Sua extensão de ocorrência é estimada em menos de 1km2. Embora a espécie esteja em uma unidade de conservação de proteção integral, os ambientes onde ocorre sofrem declínio continuado na qualidade, principalmente em função dos desmatamentos causados pela expansão agrícola, extração de madeira e assentamentos humanos. Foi considerad  uma localização, cuja principal ameaça é a degradação do hábitat provocada pelas invasões. Por essas razões, Crossodactylus dantei foi avaliada como Criticamente em Perigo (CR) pelo critério B1ab(iii).",Sim,Sim,Alagoas,|Nordeste|,Mata Atlântica,Sub-bacia Litoral AL PE PB,ESEC de Murici,ÁREA DE PROTEÇÃO AMBIENTAL DE MURICÍ,,Não,Desconhecida,"2 - Agropecuária e Aquacultura
2.1 - Culturas anuais e perenes não-madeireiras
2.1.4 - Agricultura de escala desconhecida
2 - Agropecuária e Aquacultura
2.3 - Pecuária
2.3.4 - Pecuária em escala desconhecida
5 - Uso de recursos biológicos
5.3 - Extração florestal
5.3.5 - Motivação desconhecida",,"Implementação de áreas protegidas, Plano de Ação Nacional (PAN), Políticas e regulamentações, Proteção de locais/áreas, Proteção de recursos/habitat","Plano de Ação Nacional para a Conservação da Herpetofauna Ameaçada da Mata Atlântica Nordestina, Plano de Ação Nacional para a Conservação da Herpetofauna do Nordeste - 2º ciclo","Lista Nacional Oficial de Espécies da Fauna Ameaçadas de Extinção 2014, Lista Nacional Oficial de Espécies da Fauna Ameaçadas de Extinção 2022",,,crossodactylus dantei,CR,1.0,CR,CR
Animalia,Chordata,Amphibia,Anura,Hylodidae,Crossodactylus,Crossodactylus dispar,,Crossodactylus dispar,"Lutz, 1925","Rã-de-riacho-de-floresta, Rãzinha-de-riacho, Rãzinha-de-riacho-distinta",Anfíbios,09/2017,Criticamente em Perigo,Sim,D,"Crossodactylus dispar é endêmica do Brasil, do bioma Mata Atlântica, com ocorrência no norte da Serra do Mar, nos estados de São Paulo e Rio de Janeiro. São conhecidos apenas registros históricos, pontuais, sendo o último encontro em 1977. Sua extensão de ocorrência foi estimada em 3.356km2. Essa região tem sido amostrada por diferentes pesquisadores e a espécie não tem sido encontrada, mesmo em unidades de conservação bem conservadas e com hábitat adequado. A causa do declínio ou desaparecimentos das subpopulações ainda não é certa. Dada às circunstâncias, suspeita-se que esteja extinta ou que haja menos de 50 indivíduos maduros. Portanto, Crossodactylus dispar foi avaliada como Criticamente em Perigo (CR) segundo o critério D, estando possivelmente extinta (PEX).",Sim,Sim,"Rio de Janeiro, São Paulo",|Sudeste|,Mata Atlântica,"Sub-bacia Litoral RJ
Sub-bacia Paraíba do Sul
Sub-bacia Tietê",PARNA da Serra da Bocaina,PARQUE ESTADUAL DA SERRA DO MAR,,Não,Declinando,"11 - Mudanças e extremos climáticos
11.3 - Extremos térmicos
12 - Outras ameaças
8 - Espécies invasoras
problemáticas e doenças
8.8 - Doenças de causas desconhecidas",,Plano de Ação Nacional (PAN),Plano de Ação Nacional para conservação da Herpetofauna Ameaçada da Mata Atlântica da Região Sudeste do Brasil,Lista Nacional Oficial de Espécies da Fauna Ameaçadas de Extinção 2022,,,crossodactylus dispar,CR (PEX),0.0,CR,CR
Animalia,Chordata,Amphibia,Anura,Hylodidae,Crossodactylus,Crossodactylus franciscanus,,,"Pimenta, Caramaschi & Cruz, 2015",Não Informado,Anfíbios,06/2017,Criticamente em Perigo,Sim,D,"Crossodactylus franciscanus é endêmica do Brasil, do bioma Cerrado, conhecida somente do estado de Minas Gerais. Embora tenha sido descrita em 2015, os dois registros conhecidos são históricos, um de 1943, para o município de Passos, e outro de 1981, no Parque Nacional da Serra da Canastra, sua localidade-tipo. Desde então, a região tem sido amostrada por diferentes pesquisadores, mas a espécie não tem sido encontrada, apesar de ser de um grupo de fácil detecção. As razões de seu declínio ainda não são bem compreendidas. Dadas as circunstâncias, é possível supor que esteja extinta ou que haja menos de 50 indivíduos maduros em sua população. Por essas razões, Crossodactylus franciscanus foi avaliada como Criticamente em Perigo (CR) segundo o critério D, estando possivelmente extinta (PEX).",Sim,Sim,Minas Gerais,|Sudeste|,Cerrado,"Sub-bacia Grande
Sub-bacia São Francisco Alto",PARNA da Serra da Canastra,,,Não,Declinando,12 - Outras ameaças,,Plano de Ação Nacional (PAN),,Lista Nacional Oficial de Espécies da Fauna Ameaçadas de Extinção 2022,,,crossodactylus franciscanus,CR (PEX),0.0,CR,CR
Animalia,Arthropoda,Chilopoda,Scolopendromorpha,Cryptopidae,Cryptops,Cryptops spelaeoraptor,,Cryptops spelaeoraptor,"Ázara & Ferreira, 2014",Não Informado,Invertebrados Terrestres,05/2024,Criticamente em Perigo,Não,B2ab(iii),"Cryptops spelaeoraptor é endêmica do Brasil, sendo conhecida apenas da localidade-tipo, a toca do Gonçalo, e da toca do Teodoro, nos municípios de Umburanas e Campo Formoso, estado da Bahia. Sua Área de Ocupação (AOO) foi calculada em 8 km². Após a coleta do holótipo, diversas outras tentativas de coleta foram feitas na toca do Gonçalo, desde 1998, e nenhum outro indivíduo foi encontrado, até o novo registro feito na toca do Teodoro, em 2024. Ambas cavernas são fortemente impactadas, principalmente pela redução regional do nível freático e pela remoção da vegetação nativa do entorno das cavernas para atividades agropecuárias que, em conjunto, causam declínio continuado na qualidade do habitat. Considerando que ambas cavernas são afetadas ao mesmo tempo pela redução intensa e regional do nível freático, e que esta ameaça poderá levar a espécie à extinção em curto prazo, foi definida uma localização. Assim, considerando a AOO restrita, uma localização e o declínio continuado da qualidade do habitat, C. spelaeoraptor foi categorizada como Criticamente em Perigo (CR) pelo critério B2ab(iii).",Sim,Sim,Bahia,|Nordeste|,Caatinga,Sub-bacia São Francisco Submédio,,,,Não,Desconhecida,"11 - Mudanças e extremos climáticos
11.1 - Mudança/alteração de habitat
2 - Agropecuária e Aquacultura
2.3 - Pecuária
2.3.2 - Pecuária em pequenas propriedades
7 - Modificações nos sistemas naturais
7.2 - Represas e uso de água
7.2.5 - Captação de água subterrânea - uso doméstico
7 - Modificações nos sistemas naturais
7.2.7 - Captação de água subterrânea - uso na agricultura
7 - Modificações nos sistemas naturais
7.3 - Outras modificações nos ecossistemas",,Plano de Ação Nacional (PAN),Plano de Ação Nacional para a Conservação das Cavernas do Brasil,"Lista Nacional Oficial de Espécies da Fauna Ameaçadas de Extinção 2014, Lista Nacional Oficial de Espécies da Fauna Ameaçadas de Extinção 2022",,,cryptops spelaeoraptor,CR,1.0,CR,CR
Animalia,Chordata,Aves,Psittaciformes,Psittacidae,Cyanopsitta,Cyanopsitta spixii,,Cyanopsitta spixii,"(Wagler, 1832)",ararinha-azul,Aves,10/2024,Criticamente em Perigo,Sim,D,"Cyanopsitta spixii é espécie endêmica do Nordeste do Brasil, com distribuição histórica ao longo do rio São Francisco, no sertão da Bahia e Pernambuco. Foram percorridos mais de 55.000 km desde 1990 e embora não tenha sido feitos registros, ainda existe dúvida sobre a existência de indivíduos na natureza. Se existir uma população remanescente, esta será certamente menor que 50 indivíduos maduros. Em 2022, foram reintroduzidos 20 indivíduos; houve eventos reprodutivos, mas ainda não há prole viável. Desta forma, C. spixii foi categorizada como Criticamente em Perigo (Possivelmente Extinta) (CR), pelo critério D.",Sim,Sim,"Bahia, Pernambuco",|Nordeste|,Caatinga,"Sub-bacia São Francisco Médio
Sub-bacia São Francisco Submédio","APA da Ararinha Azul, REVIS da Ararinha Azul",,,Não,Desconhecida,"11 - Mudanças e extremos climáticos
11.1 - Mudança/alteração de habitat
1 - Desenvolvimento residencial e comercial
1.1 - Expansão urbana
2 - Agropecuária e Aquacultura
2.2 - Silvicultura
2.2.3 - Plantações em escala desconhecida
2 - Agropecuária e Aquacultura
2.3 - Pecuária
2.3.4 - Pecuária em escala desconhecida
3 - Produção energética e mineração
3.2 - Mineração
5 - Uso de recursos biológicos
5.1 - Caça e captura de animais terrestres ou marinhos
5.1.1 - Caça/captura intencional (a espécie é o alvo)
5.1.1.2 - Comercial - Nacional/Local
5 - Uso de recursos biológicos
5.1.1.3 - Comercial - Internacional
7 - Modificações nos sistemas naturais
7.1 - Incêndios e supressão de incêndios
7.1.1 - Aumento da frequência/intensidade de incêndios
8 - Espécies invasoras
problemáticas e doenças
8.1 - Espécies exóticas
8.1.1 - Espécie conhecida
8.1.1.1 - Competidores",3 - Animais de estimação/ornamentais,"Conscientização/comunicação, Conservação ex-situ, Plano de Ação Nacional (PAN), Recuperação de espécies","Plano de Ação Nacional para a Conservação da Ararinha-azul, Plano de Ação Nacional para a Conservação da Ararinha-azul - 2º ciclo","CITES - Anexo I, Lista Nacional Oficial de Espécies da Fauna Ameaçadas de Extinção 2014, Lista Nacional Oficial de Espécies da Fauna Ameaçadas de Extinção 2022",,,cyanopsitta spixii,CR,1.0,CR,CR
Animalia,Chordata,Amphibia,Anura,Cycloramphidae,Cycloramphus,Cycloramphus diringshofeni,,Cycloramphus diringshofeni,"Bokermann, 1957",Rã-de-cachoeira,Anfíbios,09/2018,Criticamente em Perigo,Não,B1ab(iii),"Cycloramphus diringshofeni é endêmica do Brasil, do bioma Mata Atlântica da região Sul do país, com registro confirmado somente para a localidade-tipo, no município de São Bento do Sul, estado de Santa Catarina. Não há registro da espécie há mais de 60 anos, embora tenha havido esforços recentes significativos de coleta na região da localidade-tipo. Diante disso, é possível supor que sua extensão de ocorrência seja menor que 100 km2, havendo apenas uma localização, cuja principal ameaça é a perda de hábitat, causada pela conversão de áreas de vegetação nativa em plantio de Pinus e banana e expansão urbana, atividades que causam também declínio contínuo na qualidade do hábitat. Por essas razões, Cycloramphus diringshofeni foi avaliada como Criticamente em Perigo (CR) pelo critério B1ab(iii).",Sim,Sim,Santa Catarina,|Sul|,Mata Atlântica,Sub-bacia Iguaçu,,,RPPN Ano Bom,Não,Desconhecida,"1 - Desenvolvimento residencial e comercial
1.1 - Expansão urbana
2 - Agropecuária e Aquacultura
2.1 - Culturas anuais e perenes não-madeireiras
2.1.4 - Agricultura de escala desconhecida
2 - Agropecuária e Aquacultura
2.2 - Silvicultura
2.2.3 - Plantações em escala desconhecida",,Plano de Ação Nacional (PAN),"Plano de Ação Nacional para a Conservação da Herpetofauna do Sul - 2º ciclo, Plano de Ação Nacional para a Conservação de Répteis e Anfíbios Ameaçados da Região Sul do Brasil","Lista Nacional Oficial de Espécies da Fauna Ameaçadas de Extinção 2014, Lista Nacional Oficial de Espécies da Fauna Ameaçadas de Extinção 2022",,,cycloramphus diringshofeni,CR,1.0,CR,CR
Animalia,Chordata,Amphibia,Anura,Cycloramphidae,Cycloramphus,Cycloramphus stejnegeri,,Cycloramphus stejnegeri,"(Noble, 1924)",Não Informado,Anfíbios,09/2017,Criticamente em Perigo,Sim,D,"Cycloramphus stejnegeri é endêmica do Brasil e é conhecida apenas da localidade-tipo, em ambiente florestal preservados no Parque Nacional da Serra dos Órgãos, estado do Rio de Janeiro. A espécie não é encontrada desde 1979, apesar de esforços recentes de amostragem. Espécies do gênero Cycloramphus vêm sofrendo declínio populacional, mesmo em locais bem preservados, mas a causa ainda é desconhecida. Dadas as circunstâncias, é possível supor que existam menos de 50 indivíduos maduros da espécie. Por essas razões, Cycloramphus stejnegeri foi avaliada como Criticamente em Perigo (CR) segundo o critério D, estando possivelmente extinta (PEX).",Sim,Sim,Rio de Janeiro,|Sudeste|,Mata Atlântica,Sub-bacia Paraíba do Sul,"APA Petrópolis, PARNA da Serra dos Órgãos",,,Não,Declinando,12 - Outras ameaças,,"Controle e fiscalização, Plano de Ação Nacional (PAN)",Plano de Ação Nacional para conservação da Herpetofauna Ameaçada da Mata Atlântica da Região Sudeste do Brasil,Lista Nacional Oficial de Espécies da Fauna Ameaçadas de Extinção 2022,,,cycloramphus stejnegeri,CR (PEX),0.0,CR,CR
Animalia,Chordata,Actinopterygii,Cyprinodontiformes,Rivulidae,Cynolebias,Cynolebias elegans,,,"Costa, 2017",Peixe anual,Peixes Continentais,05/2019,Criticamente em Perigo,Não,B2ab(iii),"Cynolebias elegans é endêmica do Brasil e conhecida apenas da localidade-tipo, uma poça temporária na bacia do rio Verde Grande, município de Pindaí, estado da Bahia. A poça foi inicialmente explorada em 2002; naquela época, o local estava densamente coberto por vegetação aquática, tornando difícil a amostragem. Em uma segunda expedição, realizada em 2005, foi registrada a presença de gado na área, que foi fortemente desmatada, tendo sua vegetação original substituída por pastagens. Nessa época, apenas seis exemplares foram capturados, estando ausente nas demais lagoas temporárias presentes na região. Em novas tentativas, realizadas em 2009 e 2010, nenhum exemplar foi capturado na área. Em 2017 foi constatado que a poça temporária foi transformada em uma lagoa permanente, mas não há informações recentes sobre a ocorrência da espécie. A principal ameaça identificada à espécie é a destruição do hábitat pela atividade pecuária. A área de ocupação (AOO) foi calculada em 4 km2, com uma localização e declínio continuado na qualidade do hábitat em função dos impactos identificados. Por isso, C. elegans foi categorizada como Criticamente em Perigo (CR) pelo critério B2ab(iii).",Sim,Sim,Bahia,|Nordeste|,Caatinga,Sub-bacia São Francisco Médio,,,,Não,Desconhecida,"2 - Agropecuária e Aquacultura
2.3 - Pecuária
2.3.4 - Pecuária em escala desconhecida
7 - Modificações nos sistemas naturais
7.3 - Outras modificações nos ecossistemas",,,,Lista Nacional Oficial de Espécies da Fauna Ameaçadas de Extinção 2022,,,cynolebias elegans,CR,0.0,CR,CR
Animalia,Chordata,Actinopterygii,Cyprinodontiformes,Rivulidae,Cynolebias,Cynolebias parnaibensis,,Cynolebias parnaibensis,"Costa, Ramos, Alexandre & Ramos, 2010","Peixe anual, Peixe de chuva",Peixes Continentais,05/2019,Criticamente em Perigo,Não,"B2ab(ii,iii,iv)","Cynolebias parnaibensis é endêmica do Brasil e foi descrita de duas poças temporárias próximas à uma rodovia, entre os municípios de Conceição de Canindé e Jacobina do Piauí, estado do Piauí. Uma das poças foi completamente aterrada em 2010 e o asfaltamento da rodovia, em 2012, comprometeu parcialmente a localidade-tipo. Embora esforços de amostragem em toda a região tenham sido realizados de 2009 a 2014, a espécie foi somente encontrada em parte da localidade-tipo. A principal ameaça identificada à espécie é a destruição do hábitat pela atividade agropecuária. A área de ocupação (AOO) foi calculada em 4 km2, com uma localização e declínio continuado da área de ocupação, qualidade do hábitat e número de subpopulações em função do uso e ocupação do solo pelas atividades agropecuárias, acrescido do asfaltamento da estrada. Por isso, C. parnaibensis foi categorizada como Criticamente em Perigo (CR) pelos critérios B2ab(ii,iii,iv).",Sim,Sim,Piauí,|Nordeste|,Caatinga,Sub-bacia Parnaíba Médio,,,,Não,Desconhecida,"11 - Mudanças e extremos climáticos
11.1 - Mudança/alteração de habitat
2 - Agropecuária e Aquacultura
2.1 - Culturas anuais e perenes não-madeireiras
2.1.4 - Agricultura de escala desconhecida
2 - Agropecuária e Aquacultura
2.3 - Pecuária
2.3.4 - Pecuária em escala desconhecida
4 - Transportes e serviços de transmissão
4.1 - Estradas e ferrovias
6 - Distúrbios humanos
6.3 - Trabalho e outras atividades",,,,Lista Nacional Oficial de Espécies da Fauna Ameaçadas de Extinção 2022,,,cynolebias parnaibensis,CR,0.0,CR,CR
Animalia,Chordata,Actinopterygii,Characiformes,Curimatidae,Cyphocharax,Cyphocharax jagunco,,,"Dutra, Penido, Guimarães de Mello & Pessali, 2016",Não Informado,Peixes Continentais,10/2021,Criticamente em Perigo,Não,B2ab(iii),"Cyphocharax jagunco é conhecida apenas da Vereda Volta da Capoeira, um tributário do ribeirão da Areia, na bacia do alto rio Jequitinhonha, no estado de Minas Gerais. Em expedições de campo realizadas no período de 2014 a 2018, em mais de oito grandes campanhas de amostragem com aproximadamente 60 pontos de esforços de coleta, a espécie foi registrada apenas nessa vereda. A Área de Ocupação, portanto, foi calculada em 8 km&sup2;. A região onde Cyphocharax jagunco ocorre tem sido cada vez mais afetada por atividades antrópicas relacionadas ao intenso plantio e cultivo de eucalipto e a abertura de pasto para gado, além da drenagem da vereda para captação de água, aterros, incêndios e desmatamento, o que caracteriza o declínio continuado da qualidade do habitat. Além disso, observou-se que alguns trechos da Vereda Volta da Capoeira estavam totalmente secos ou com piscinas desconectadas durante a estação seca. Em janeiro de 2016, um incêndio queimou grande parte da área de ocorrência da espécie, de forma que ela ainda não voltou a ser registrada na localidade em vistorias realizadas em fevereiro e março do mesmo ano. Considerando a captação de água e a consequente destruição da vereda como a principal ameaça, foi delimitada uma única localização. Dessa forma, Cyphocharax jagunco foi categorizada como Criticamente em Perigo (CR) pelo critério B2ab(iii).",Sim,Não,Minas Gerais,|Sudeste|,Cerrado,,,,,Não,Desconhecida,"2 - Agropecuária e Aquacultura
2.2 - Silvicultura
2.2.3 - Plantações em escala desconhecida
2 - Agropecuária e Aquacultura
2.3 - Pecuária
2.3.4 - Pecuária em escala desconhecida
7 - Modificações nos sistemas naturais
7.2 - Represas e uso de água
7.2.11 - Represas (tamanho desconhecido)",,,,,,,cyphocharax jagunco,,,CR,NE
Animalia,Chordata,Reptilia,Squamata,Dactyloidae,Dactyloa,Dactyloa nasofrontalis,,Dactyloa nasofrontalis,"(Amaral, 1933)","Calanguinho, Papa-vento",Répteis,03/2021,Criticamente em Perigo,Não,B1ab(iii),"Dactyloa nasofrontalis é endêmica do Brasil, conhecida de áreas florestadas da Mata Atlântica do Espírito Santo, na região dos municípios de Santa Teresa e Lajinha. Sua extensão de ocorrência (EOO) foi estimada em 75,5 km². A espécie é conhecida de poucos registros, tendo sido o último realizado em 2016, na Reserva Biológica Augusto Ruschi, depois de mais de cinco décadas sem ter sido observada nessa localidade. A espécie necessita de florestas em bom estado de conservação e não tolera alterações do ambiente. A Mata Atlântica da região encontra-se fortemente degradada em decorrência principalmente das atividades agrícolas, que provocam declínio contínuo da qualidade do habitat. Entre 2009 e 2019 houve redução de 4 km² (6,2%) de vegetação na EOO da espécie. Mesmo florestas com pequenas perturbações podem representar barreiras no deslocamento da espécie, que é de pequeno porte e possui baixa capacidade de dispersão. Assim, sua população encontra-se severamente fragmentada. Por essas razões, Dactyloa nasofrontalis foi avaliada como Criticamente em Perigo (CR) pelo critério B1ab(iii).",Sim,Sim,Espírito Santo,|Sudeste|,Mata Atlântica,,REBIO Augusto Ruschi,,,Desconhecido,Desconhecida,"2 - Agropecuária e Aquacultura
2.1 - Culturas anuais e perenes não-madeireiras
2.1.4 - Agricultura de escala desconhecida
2 - Agropecuária e Aquacultura
2.3 - Pecuária
2.3.4 - Pecuária em escala desconhecida",,Plano de Ação Nacional (PAN),Plano de Ação Nacional para conservação da Herpetofauna Ameaçada da Mata Atlântica da Região Sudeste do Brasil,"Lista Nacional Oficial de Espécies da Fauna Ameaçadas de Extinção 2014, Lista Nacional Oficial de Espécies da Fauna Ameaçadas de Extinção 2022",,,dactyloa nasofrontalis,VU,1.0,CR,VU
Animalia,Chordata,Reptilia,Squamata,Dactyloidae,Dactyloa,Dactyloa pseudotigrina,,Dactyloa pseudotigrina,"(Amaral, 1933)","Calanguinho, Papa-vento",Répteis,03/2021,Criticamente em Perigo,Não,B1ab(iii),"Dactyloa pseudotigrina é endêmica do Brasil e conhecida de áreas florestadas da Mata Atlântica do estado do Espírito Santo. A espécie foi descrita em 1933 para a região do rio Doce (sem localidade definida), tendo sido registrada posteriormente apenas na década de 1970 e entre 2014 e 2016 na Reserva Biológica Augusto Ruschi, município de Santa Teresa. Sua extensão de ocorrência é estimada em 90 km². A espécie necessita de florestas em bom estado de conservação, sendo intolerante a alterações do ambiente. A Mata Atlântica da região encontra-se fortemente degradada em decorrência principalmente das atividades agrícolas, que provocam declínio contínuo da qualidade do hábitat. Mesmo florestas com pequenas perturbações podem representar barreiras no deslocamento da espécie, que é de pequeno porte e possui baixa capacidade de dispersão. Assim, sua população encontra-se severamente fragmentada. Por essas razões, Dactyloa pseudotigrina foi avaliada como Criticamente em Perigo (CR) pelo critério B1ab(iii).",Sim,Sim,Espírito Santo,|Sudeste|,Mata Atlântica,,REBIO Augusto Ruschi,,,Desconhecido,Desconhecida,"2 - Agropecuária e Aquacultura
2.1 - Culturas anuais e perenes não-madeireiras
2.1.4 - Agricultura de escala desconhecida
2 - Agropecuária e Aquacultura
2.3 - Pecuária
2.3.4 - Pecuária em escala desconhecida",,Plano de Ação Nacional (PAN),Plano de Ação Nacional para conservação da Herpetofauna Ameaçada da Mata Atlântica da Região Sudeste do Brasil,"Lista Nacional Oficial de Espécies da Fauna Ameaçadas de Extinção 2014, Lista Nacional Oficial de Espécies da Fauna Ameaçadas de Extinção 2022",,,dactyloa pseudotigrina,VU,1.0,CR,VU
Animalia,Chordata,Actinopterygii,Siluriformes,Loricariidae,Delturus,Delturus parahybae,,Delturus parahybae,"Eigenmann & Eigenmann, 1889","Cascudo-barbudo, Cascudo-lage",Peixes Continentais,10/2024,Criticamente em Perigo,Não,"B2ab(i,ii,iii)","Delturus parahybae é endêmica do Brasil e conhecida de dois registros históricos, sendo um da localidade-tipo, localizada na calha do rio Paraíba do Sul, e de outro exemplar de Barra do Piraí, estado do Rio de Janeiro. Além disso, há três exemplares mais recentes, coletados em 1997, 2002 e 2013 na calha do rio Pomba, afluente do rio Paraíba do Sul, estado de Minas Gerais. Apesar de intensos esforços de coleta terem sido empreendidos, não se logrou capturar a espécie nas áreas dos registros mais antigos, incluindo a localidade-tipo. Desse modo, a Área de Ocupação (AOO) onde há registros recentes da espécie é de 8 km² (B2). A principal ameaça à espécie são os barramentos. A represa da UHE Barra do Braúna inundou o local mais a montante dos registros recentes e compromete o local mais a jusante, em função da variação fluviométrica diária. Por esse motivo, o número de localizações foi considerado igual a um (a=1). Adicionalmente, a UHE Barra do Braúna, mais a construção de aproveitamentos hidrelétricos no trecho à jusante, promovem o declínio continuado da AOO, EOO e qualidade do hábitat. Deste modo, Delturus parahybae foi categorizada como Criticamente em Perigo (CR) pelo critério B2ab(i,ii,iii).",Sim,Sim,"Minas Gerais, Rio de Janeiro",|Sudeste|,Mata Atlântica,Sub-bacia Paraíba do Sul,,,,Desconhecido,Declinando,"3 - Produção energética e mineração
3.2 - Mineração
3.2.1 - Extração de areia
3 - Produção energética e mineração
3.2.4 - Extração de minérios - garimpo
3 - Produção energética e mineração
3.3 - Energia renovável
3.3.1 - Hidrelétricas
9 - Poluição
9.1 - Doméstica e urbana - escoamento de água
9.1.2 - Escoamento urbano
9 - Poluição
9.3 - Agropecuária e florestal
9.3.2 - Erosão do solo/sedimentação
9 - Poluição
9.4 - Lixo e resíduos sólidos
9.4.1 - Urbanos
9 - Poluição
9.4.2 - Industriais",,Plano de Ação Nacional (PAN),"Plano de Ação Nacional para a Conservação das Espécies Aquáticas Ameaçadas de Extinção da Bacia do Rio Paraíba do Sul, Plano de Ação Nacional para a Conservação das Espécies Aquáticas Ameaçadas de Extinção da Bacia do Rio Paraíba do Sul - 2º ciclo","Lista Nacional Oficial de Espécies da Fauna Ameaçadas de Extinção 2014, Lista Nacional Oficial de Espécies da Fauna Ameaçadas de Extinção 2022",,,delturus parahybae,CR,1.0,CR,CR
Animalia,Chordata,Reptilia,Testudines,Dermochelyidae,Dermochelys,Dermochelys coriacea,,Dermochelys coriacea,"(Linnaeus, 1766)","Careba-gigante, Careba-mole, Tartaruga-de-cerro, Tartaruga-de-couro, Tartaruga-de-leste, Tartaruga-de-quilha, Tartaruga-gigante, Tartaruga-preta, Tartaruga-sete-quilhas",Répteis,10/2018,Criticamente em Perigo,Não,D,"A tartaruga-de-couro Dermochelys coriacea é uma espécie migratória que ocorre nos oceanos tropicais e temperados de todo o mundo, com hábitos pelágicos durante a maior parte da vida. A população brasileira é geneticamente distinta de outras populações conhecidas. A única área com registros regulares de desova da espécie no Brasil é o litoral norte do Espírito Santo, e há citações de ocorrências na costa do Piauí que provavelmente são de uma subpopulação diferente. As principais ameaças no passado, que quase interromperam o ciclo biológico da espécie, foram a coleta de ovos e o abate de fêmeas nas áreas de reprodução, o que de forma geral, não acontecem mais. Atualmente, a maior ameaça é a captura incidental na pesca, no Brasil e águas internacionais. Além disso, a ocupação desordenada do ambiente costeiro, a poluição, e as atividades portuárias e de petróleo e gás, também afetam negativamente as populações. A partir dos dados de número anual de ninhos, de estimativas do intervalo de remigração e da razão machos/fêmeas, o número de indivíduos maduros foi estimado na forma de uma faixa de valores que inclui, com probabilidade considerada significativa, valores menores que 50, que é o ponto de corte entre as categorias CR e EN no critério D. Assim sendo, e tomando uma atitude de precaução quanto à classificação do risco de extinção, D. coriacea foi categorizada como Criticamente em Perigo (CR) pelo critério D.",Não,Sim,"Bahia, Espírito Santo, Pará, Piauí, Rio Grande do Norte",|Nordeste|Norte|Sudeste|,"Amazônia, Caatinga, Cerrado, Mata Atlântica, Pampa, Sistema Costeiro-Marinho",,"APA Cananéia-Iguape-Peruíbe, APA Delta do Parnaíba, PARNA Restinga de Jurubatiba, REBIO Comboios","APA DA ORLA MARíTIMA, APA DA PAISAGEM E DO AREAL DA PRAIA DO PONTAL, APA ILHA COMPRIDA, APA MARINHA DO LITORAL CENTRO, ÁREA DE PROTEÇÃO AMBIENTAL BONFIM/GUARAÍRA, ÁREA DE PROTEÇÃO AMBIENTAL CONCEIÇÃO DA BARRA, ÁREA DE PROTEÇÃO AMBIENTAL COSTA DE ITACARÉ/ SERRA GRANDE, ÁREA DE PROTEçãO AMBIENTAL DA FOZ DO RIO DAS PREGUIçAS - PEQUENOS LENçóIS - REGIãO LAGUNAR ADJACENTE, ÁREA DE PROTEÇÃO AMBIENTAL PLATAFORMA CONTINENTAL DO LITORAL NORTE, PARQUE ESTADUAL DA LAGOA DO AÇU",RPPN Morro das Aranhas,Sim,Desconhecida,"11 - Mudanças e extremos climáticos
11.1 - Mudança/alteração de habitat
1 - Desenvolvimento residencial e comercial
1.1 - Expansão urbana
1 - Desenvolvimento residencial e comercial
1.2 - Áreas comerciais e industriais
1 - Desenvolvimento residencial e comercial
1.3 - Áreas de turismo e recreação
3 - Produção energética e mineração
3.1 - Extração de petróleo e gás natural
4 - Transportes e serviços de transmissão
4.2 - Atropelamentos
4 - Transportes e serviços de transmissão
4.3 - Portos
4 - Transportes e serviços de transmissão
4.4 - Tráfego de embarcações
5 - Uso de recursos biológicos
5.4 - Pesca e uso de recursos aquáticos
7 - Modificações nos sistemas naturais
7.3 - Outras modificações nos ecossistemas
9 - Poluição
9.1 - Doméstica e urbana - escoamento de água
9 - Poluição
9.2 - Industrial
9 - Poluição
9.4 - Lixo e resíduos sólidos","15 - Pesquisa
1 - Alimentação humana","Educação e comunicação, Plano de Ação Nacional (PAN), Proteção territorial","Plano de Ação Nacional para a Conservação das Tartarugas Marinhas - 2º ciclo, Plano de Ação Nacional para Conservação das Tartarugas Marinhas","CITES - Anexo I, Lista Nacional Oficial de Espécies da Fauna Ameaçadas de Extinção 2014, Lista Nacional Oficial de Espécies da Fauna Ameaçadas de Extinção 2022",,,dermochelys coriacea,CR,1.0,CR,CR
Animalia,Chordata,Aves,Procellariiformes,Diomedeidae,Diomedea,Diomedea dabbenena,,Diomedea dabbenena,"Mathews, 1929",albatroz-de-tristão,Aves,02/2020,Criticamente em Perigo,Não,A4bd,"Diomedea dabbenena é migrante que reproduz fora do Brasil. Atualmente há registros reprodutivos apenas nas ilhas Gough e Inaccessible, sendo que a população desta última não é considerada viável. No Brasil, já foi registrada em São Paulo, Santa Catarina e Rio Grande do Sul. A população é pequena, há predação de ninhos nas colônias por camundongos (Mus musculus) introduzidos e, no Brasil, há perdas por captura em espinhel. Modelagens populacionais inferem uma perda de 96% da população em três gerações (86 anos), incluindo passado e futuro. Assim, D. dabbenena foi categorizada como Criticamente em Perigo (CR) pelo critério A4bd.",Não,Sim,"Rio Grande do Sul, Santa Catarina, São Paulo",|Sudeste|Sul|,"Mata Atlântica, Pampa, Sistema Costeiro-Marinho",Sub-bacia Litoral SP PR SC,,,RPPN Morro das Aranhas,Sim,Declinando,"5 - Uso de recursos biológicos
5.4 - Pesca e uso de recursos aquáticos
5.4.6 - Captura indireta - larga escala
5.4.6.8 - Espinhel
5.4.6.8.1 - Espinhel de superfície
8 - Espécies invasoras
problemáticas e doenças
8.1 - Espécies exóticas
8.1.1 - Espécie conhecida
8.1.1.2 - Predadores",,"Educação e comunicação, Plano de Ação Nacional (PAN)","Plano de Ação Nacional para a Conservação de Albatrozes e Petréis, Plano de Ação Nacional para a Conservação de Albatrozes e Petréis - 2º ciclo, Plano de Ação Nacional para a Conservação de Albatrozes e Petréis - 3º ciclo","Lista Nacional Oficial de Espécies da Fauna Ameaçadas de Extinção 2014, Lista Nacional Oficial de Espécies da Fauna Ameaçadas de Extinção 2022",,,diomedea dabbenena,CR,1.0,CR,CR
Animalia,Chordata,Aves,Procellariiformes,Diomedeidae,Diomedea,Diomedea exulans,,Diomedea exulans,"Linnaeus, 1758","albatroz-errante, albatroz-gigante",Aves,02/2020,Criticamente em Perigo,Não,A4bd,"Diomedea exulans ocorre nos mares do sul desde as Ilhas Geórgias do Sul para o leste até as Ilhas Antípodas e para o norte até o litoral sul e sudeste do Brasil. Os indivíduos que ocorrem no Brasil são oriundos das Ilhas Geórgias do Sul, onde o monitoramento populacional tem demonstrado declínio anual de 4,8% desde final da década de 90. O declínio populacional foi intensificado pelo aumento da frota de pesca com espinhel, uma vez que há elevada taxa de captura incidental por esse tipo de pesca. Nas colônias há predação de ovos e filhotes por ratos. Sendo assim, suspeita-se que a tendência de declínio populacional é superior a 80% em três gerações (passado e futuro). Portanto, D. exulans foi categorizada como Criticamente em Perigo (CR) pelo critério A4bd.",Não,Sim,"Rio Grande do Sul, Santa Catarina, São Paulo",|Sudeste|Sul|,"Mata Atlântica, Pampa, Sistema Costeiro-Marinho",Sub-bacia Litoral SP,,APA MARINHA DO LITORAL NORTE,,Sim,Declinando,"5 - Uso de recursos biológicos
5.4 - Pesca e uso de recursos aquáticos
5.4.6 - Captura indireta - larga escala
5.4.6.8 - Espinhel
5.4.6.8.1 - Espinhel de superfície
8 - Espécies invasoras
problemáticas e doenças
8.2 - Espécies domésticas
8.2.2 - Predadores",,"Educação e comunicação, Plano de Ação Nacional (PAN)","Plano de Ação Nacional para a Conservação de Albatrozes e Petréis, Plano de Ação Nacional para a Conservação de Albatrozes e Petréis - 2º ciclo, Plano de Ação Nacional para a Conservação de Albatrozes e Petréis - 3º ciclo","Lista Nacional Oficial de Espécies da Fauna Ameaçadas de Extinção 2014, Lista Nacional Oficial de Espécies da Fauna Ameaçadas de Extinção 2022",,,diomedea exulans,CR,1.0,CR,CR
Animalia,Arthropoda,Diplopoda,Polydesmida,Dobrodesmidae,Dobrodesmus,Dobrodesmus mirabilis,,,"Shear, Ferreira & Iniesta, 2016",Não Informado,Invertebrados Terrestres,05/2018,Criticamente em Perigo,Não,B2ab(iii),"Dobrodesmus mirabilis é conhecida apenas da localidade tipo, a gruta da Mangabeira, Ituaçu/Bahia. Inventários em outras cavernas não registraram a espécie em outras localidades, mas a região ainda não é bem amostrada. A gruta da Mangabeira é historicamente utilizada para visitação (turismo religioso), que ocorre de forma intensa e desordenada, contribuído para significativo declínio da qualidade do habitat da espécie. Considerando uma área de ocupação de menos de 10km2 e uma localização, a espécie foi categorizada como Criticamente em Perigo (CR) pelo critério B2ab(iii).",Sim,Sim,Bahia,|Nordeste|,Caatinga,Sub-bacia Contas,,,,Não,Desconhecida,"11 - Mudanças e extremos climáticos
11.1 - Mudança/alteração de habitat
1 - Desenvolvimento residencial e comercial
1.1 - Expansão urbana
1 - Desenvolvimento residencial e comercial
1.2 - Áreas comerciais e industriais
1 - Desenvolvimento residencial e comercial
1.3 - Áreas de turismo e recreação
6 - Distúrbios humanos
6.1 - Atividades recreacionais/turísticas
7 - Modificações nos sistemas naturais
7.3 - Outras modificações nos ecossistemas
9 - Poluição
9.4 - Lixo e resíduos sólidos
9.4.1 - Urbanos",,Plano de Ação Nacional (PAN),Plano de Ação Nacional para a Conservação das Cavernas do Brasil,Lista Nacional Oficial de Espécies da Fauna Ameaçadas de Extinção 2022,,,dobrodesmus mirabilis,CR,0.0,CR,CR
Animalia,Chordata,Amphibia,Anura,Aromobatidae,Dryadobates,Dryadobates carioca,,,"(Bokermann, 1967)",Não Informado,Anfíbios,11/2025,Criticamente em Perigo,Sim,D,"Dryadobates carioca é endêmica do Brasil, conhecida apenas de sua localidade-tipo, a Represa Rio Grande, Jacarepaguá, no Parque Estadual da Pedra Branca, no Rio de Janeiro. O último registro da espécie é de 1967, apesar de inventários terem sido realizados na localidade-tipo e região nas últimas décadas. Espécies de Dryadobates são diurnas e acusticamente conspícuas. Caso ainda exista alguma população remanescente, ela provavelmente é extremamente pequena, com menos de 50 indivíduos maduros. Portanto, Dryadobates carioca foi avaliada como Criticamente em Perigo (CR) pelo critério D, sendo considerada possivelmente extinta.",Sim,Não,Rio de Janeiro,|Sudeste|,Mata Atlântica,Sub-bacia Litoral RJ,,,,Não,Desconhecida,"1 - Desenvolvimento residencial e comercial
1.1 - Expansão urbana
1 - Desenvolvimento residencial e comercial
1.2 - Áreas comerciais e industriais
2 - Agropecuária e Aquacultura
2.1 - Culturas anuais e perenes não-madeireiras
2.1.2 - Agricultura em pequenas propriedades
2 - Agropecuária e Aquacultura
2.1.3 - Agricultura agro-industrial
2 - Agropecuária e Aquacultura
2.3 - Pecuária
2.3.2 - Pecuária em pequenas propriedades
2 - Agropecuária e Aquacultura
2.3.3 - Pecuária agro-industrial
5 - Uso de recursos biológicos
5.3 - Extração florestal
5.3.3 - Efeitos indiretos - subsistência/pequena escala
5 - Uso de recursos biológicos
5.3.4 - Efeitos indiretos - larga escala
8 - Espécies invasoras
problemáticas e doenças
8.7 - Doenças fúngicas",,,,,,,dryadobates carioca,,,CR,NE
Animalia,Chordata,Amphibia,Anura,Aromobatidae,Dryadobates,Dryadobates erythropus,,,"Grant & Pinheiro, 2025",Não Informado,Anfíbios,11/2025,Criticamente em Perigo,Sim,D,"Dryadobates erythropus é endêmica do Brasil, conhecida apenas do holótipo, coletado em 1963 onde atualmente é o bairro Tarumã, município de Curitiba, estado do Paraná. Não há mais ambiente apropriado para a espécie na região. Embora muitas outras localidades tenham sido amostradas ao longo das últimas seis décadas no Paraná, não há registros adicionais. Caso ainda exista alguma população remanescente, ela provavelmente é extremamente pequena, com menos de 50 indivíduos maduros. Portanto, Dryadobates erythropus foi avaliada como Criticamente em Perigo (CR) pelo critério D, sendo considerada possivelmente extinta.",Sim,Não,Paraná,|Sul|,Mata Atlântica,Sub-bacia Iguaçu,,,,Não,Desconhecida,"11 - Mudanças e extremos climáticos
11.3 - Extremos térmicos
1 - Desenvolvimento residencial e comercial
1.1 - Expansão urbana
1 - Desenvolvimento residencial e comercial
1.2 - Áreas comerciais e industriais
2 - Agropecuária e Aquacultura
2.2 - Silvicultura
2.2.1 - Plantações em pequenas propriedades
2 - Agropecuária e Aquacultura
2.2.2 - Plantações agro-industriais
2 - Agropecuária e Aquacultura
2.3 - Pecuária
2.3.4 - Pecuária em escala desconhecida
8 - Espécies invasoras
problemáticas e doenças
8.7 - Doenças fúngicas",,,,,,,dryadobates erythropus,,,CR,NE
Animalia,Arthropoda,Arachnida,Araneae,Drymusidae,Drymusa,Drymusa spelunca,,Drymusa spelunca,"Bonaldo, Rheims & Brescovit, 2006","Aranha, Falsa-aranha-violino",Invertebrados Terrestres,09/2021,Criticamente em Perigo,Não,B1ab(iii),"Drymusa spelunca é endêmica do Brasil, conhecida apenas de quatro pequenas cavernas na Floresta Nacional (Flona) de Carajás, no Pará, todas em uma mesma serra e muito próximas entre si. A extensão de ocorrência é estimada em apenas 14 km2. A Flona de Carajás contém grandes áreas de mineração, que podem ser consideradas ameaças a sobrevivência de indivíduos de D. spelunca. Embora as cavernas estejam aparentemente intactas, a exploração mineral ocorre no entorno imediato das cavernas, podendo afetar as condições internas e, consequentemente, a espécie. Considerando apenas uma localização, já que as cavernas são muito próximas, a espécie foi categorizada como Criticamente em Perigo (CR) segundo o critério B1ab(iii).",Sim,Sim,Pará,|Norte|,Amazônia,Sub-bacia Tocantins Baixo,FLONA Carajás,,,Não,Desconhecida,"3 - Produção energética e mineração
3.2 - Mineração",,Plano de Ação Nacional (PAN),Plano de Ação Nacional para a Conservação das Cavernas do Brasil,"Lista Nacional Oficial de Espécies da Fauna Ameaçadas de Extinção 2014, Lista Nacional Oficial de Espécies da Fauna Ameaçadas de Extinção 2022",,,drymusa spelunca,CR,1.0,CR,CR
Animalia,Chordata,Actinopterygii,Perciformes,Epinephelidae,Epinephelus,Epinephelus itajara,,Epinephelus itajara,"(Lichtenstein, 1822).","badejão, bodete, canapu, garoupa, mero, merote",Peixes Marinhos (ósseos),02/2020,Criticamente em Perigo,Não,A2bcde,"Epinephelus itajara, conhecida como mero, possui ampla distribuição geográfica no Atlântico, ocorrendo no Brasil do Amapá a Santa Catarina. As características da história de vida de E. itajara, como crescimento lento, maturação tardia, alta longevidade e a formação de agregações reprodutivas, tornam esta espécie altamente susceptível à pesca excessiva. No Brasil, a espécie é principalmente capturada por linha-de-mão, espinhel, arpão, armadilhas, assim como ocorre na captura incidental em pescarias de arrasto-de-fundo, emalhe-de-fundo, pargueiras, camboas e curral, em todas as fases do seu ciclo de vida. Outras ameaças identificadas foram a degradação de habitat como a supressão de áreas de manguezal (berçário da espécie), poluição e contaminação. O fato de agregações reprodutivas serem alvo de pescarias tem levado a declínios na sua abundância e total desaparecimento das mesmas em algumas áreas historicamente conhecidas. Epinephelus itajara apresenta declínios drásticos, a partir da década de 1960, em sua abundância ao longo da costa brasileira, inclusive relatados por pescadores. Nas regiões Nordeste, Sudeste e Sul esses declínios atingiram mais de 80%, chegando a extinções locais, com desaparecimento de agregações. No Norte do Brasil, entre 1998 e 2002, ocorreram reduções que chegaram a 30% dos desembarques, e a pesca se manteve mesmo após a moratória, iniciada em 2002. Atualmente, não existem indícios de recuperação da população no Brasil e nas áreas monitoradas há registros de diminuição na abundância, bem como, manutenção de extinções locais. A pressão de pesca sobre juvenis e o desaparecimento de indivíduos adultos em diversas áreas indicam uma sobrepesca com efeitos negativos ao crescimento e recrutamento. As reduções registradas desde a década de 1960, bem como os reduzidos índices de abundância mesmo após as proteções legais direcionadas à essa espécie desde 2002, direcionam à suspeição de redução no tamanho populacional, considerando os três tempos geracionais (64,5 anos) de pelo menos 80%. Sendo assim, Epinephelus itajara foi categorizada como Criticamente em Perigo (CR), sob o critério A2bcde.",Não,Sim,"Alagoas, Amapá, Bahia, Ceará, Espírito Santo, Maranhão, Pará, Paraíba, Paraná, Pernambuco, Piauí, Rio de Janeiro, Rio Grande do Norte, Santa Catarina, São Paulo, Sergipe",|Nordeste|Norte|Sudeste|Sul|,Sistema Costeiro-Marinho,,"APA Barra do Rio Mamanguape, APA Cananéia-Iguape-Peruíbe, APA Costa dos Corais, APA Delta do Parnaíba, APA do Arquipelago Sao Pedro e Sao Paulo, APA Fernando de Noronha, ESEC Maracá Jipioca, MONA Arquipélago das Ilhas Cagarras, PARNA Marinho das Ilhas dos Currais, PARNA Marinho de Fernando de Noronha, PARNA Marinho dos Abrolhos, REBIO Atol das Rocas, REBIO Marinha do Arvoredo, RESEX Acaú-Goiana, RESEX Canavieiras, RESEX do Corumbau, RESEX Mãe Grande de Curuçá, RESEX Maracanã, RESEX Marinha de Caeté-Taperaçu","APA MARINHA DO LITORAL CENTRO, APA MARINHA DO LITORAL NORTE, ÁREA DE PROTEÇÃO AMBIENTAL BAÍA DE CAMAMU, ÁREA DE PROTEÇÃO AMBIENTAL BAÍA DE TODOS OS SANTOS, ÁREA DE PROTEÇÃO AMBIENTAL CONCEIÇÃO DA BARRA, ÁREA DE PROTEçãO AMBIENTAL DA BAIXADA MARANHENSE, ÁREA DE PROTEçãO AMBIENTAL DAS REENTRâNCIAS MARANHENSES, ÁREA DE PROTEÇÃO AMBIENTAL DO CATOLÉ E FERNÃO VELHO, ÁREA DE PROTEÇÃO AMBIENTAL PONTA DA BALEIA / ABROLHOS, PARQUE ESTADUAL ACARAI, PARQUE ESTADUAL DE ITAÚNAS, PARQUE ESTADUAL MARINHO DA LAJE DE SANTOS, PARQUE ESTADUAL MARINHO DA PEDRA DA RISCA DO MEIO, PARQUE ESTADUAL MARINHO DO PARCEL DE MANUEL LUíS",,Desconhecido,Declinando,"12 - Outras ameaças
1 - Desenvolvimento residencial e comercial
1.1 - Expansão urbana
1 - Desenvolvimento residencial e comercial
1.3 - Áreas de turismo e recreação
5 - Uso de recursos biológicos
5.4 - Pesca e uso de recursos aquáticos
5.4.1 - Captura intencional - subsistência/pequena escala
5.4.1.2 - Aparelho primitivo
5.4.1.2.1 - Arpão
5 - Uso de recursos biológicos
5.4.1.3 - Aparelho com anzol
5.4.1.3.5 - Linha de fundo e linha de mão
5 - Uso de recursos biológicos
5.4.1.4 - Armadilha
5.4.1.4.3 - Cerco fixo (curral)
5 - Uso de recursos biológicos
5.4.2 - Captura intencional - larga escala
5.4.2.2 - Linha de mão
5 - Uso de recursos biológicos
5.4.2.8 - Espinhel
5.4.2.8.2 - Espinhel de fundo
5 - Uso de recursos biológicos
5.4.5 - Captura indireta - subsistência/pequena escala
5.4.5.2 - Aparelho primitivo
5.4.5.2.1 - Arpão
5 - Uso de recursos biológicos
5.4.6 - Captura indireta - larga escala
5.4.6.6 - Arrasto
5.4.6.6.2 - Arrasto duplo
5 - Uso de recursos biológicos
5.4.6.7 - Emalhe
5.4.6.7.1 - Emalhe de fundo
9 - Poluição
9.1 - Doméstica e urbana - escoamento de água
9.1.1 - Esgoto
9 - Poluição
9.2 - Industrial
9.2.1 - Derramamento de óleo
9 - Poluição
9.2.3 - Contaminação por metais pesados
9 - Poluição
9.2.4 - Resíduos líquidos diversos
9 - Poluição
9.4 - Lixo e resíduos sólidos
9.4.1 - Urbanos
9 - Poluição
9.4.2 - Industriais","1 - Alimentação humana
1.7 - Pesca artesanal
1.7.2 - Aparelho primitivo
1.7.2.1 - Arpão
1 - Alimentação humana
1.7.3 - Aparelho com anzol
1.7.3.5 - Linha de fundo e linha de mão
1 - Alimentação humana
1.7.4 - Armadilha
1.7.4.3 - Cerco fixo (curral)
1 - Alimentação humana
1.7.6 - Arrasto
1.7.6.1 - Arrasto simples
1 - Alimentação humana
1.7.6.2 - Arrasto duplo
1 - Alimentação humana
1.7.7 - Emalhe
1.7.7.1 - Emalhe de fundo
1 - Alimentação humana
1.8 - Pesca industrial
1.8.2 - Linha de mão
1 - Alimentação humana
1.8.6 - Arrasto
1.8.6.1 - Arrasto simples
1 - Alimentação humana
1.8.6.2 - Arrasto duplo
1 - Alimentação humana
1.8.7 - Emalhe
1.8.7.1 - Emalhe de fundo
1 - Alimentação humana
1.8.8 - Espinhel
1.8.8.2 - Espinhel de fundo
4 - Caça/pesca esportiva","Manejo de locais/áreas, Plano de Ação Nacional (PAN), Proteção de locais/áreas, Restauração de habitat e processos naturais","Plano de Ação Nacional para Conservação de Espécies Ameaçadas e de Importância Socioeconômica do Ecossistema Manguezal, Plano de Ação Nacional para Conservação dos Ambientes Coralíneos do Brasil","Lista Nacional Oficial de Espécies da Fauna Ameaçadas de Extinção 2014, Lista Nacional Oficial de Espécies da Fauna Ameaçadas de Extinção 2022",,,epinephelus itajara,CR,1.0,CR,CR
Animalia,Onychophora,Onychophora,Euonychophora,Peripatidae,Epiperipatus,Epiperipatus adenocryptus,,Epiperipatus adenocryptus,"Oliveira, Lacorte, Fonseca, Wieloch & Mayer, 2011",Onicóforo,Invertebrados Terrestres,10/2020,Criticamente em Perigo,Não,B1ab(iii),"Epiperipatus adenocryptus é endêmica do Brasil, sendo conhecida apenas da localidade-tipo, em Córrego dos Ferreiras, município de Santa Bárbara do Leste, estado de Minas Gerais. Atualmente, a espécie está restrita a um pequeno fragmento de mata Atlântica em topo de morro, isolado por plantações principalmente de café, e fora de unidades de conservação. Esse fragmento também possui trilhas que são usadas pela população local para cerimônias religiosas, constituindo impacto adicional à espécie. A extensão de ocorrência (EOO) foi calculada em cerca de 8 km&sup2;, com uma localização e declínio continuado na qualidade do habitat em função da expansão da atividade agrícola. Por isso, E. adenocryptus foi categorizada como Criticamente em Perigo (CR) pelo critério B1ab(iii).",Sim,Sim,Minas Gerais,|Sudeste|,Mata Atlântica,Sub-bacia Doce,,,,Não,Desconhecida,"2 - Agropecuária e Aquacultura
2.1 - Culturas anuais e perenes não-madeireiras
2.1.4 - Agricultura de escala desconhecida
6 - Distúrbios humanos
6.1 - Atividades recreacionais/turísticas",,,,"Lista Nacional Oficial de Espécies da Fauna Ameaçadas de Extinção 2014, Lista Nacional Oficial de Espécies da Fauna Ameaçadas de Extinção 2022",,,epiperipatus adenocryptus,CR,1.0,CR,CR
Animalia,Onychophora,Onychophora,Euonychophora,Peripatidae,Epiperipatus,Epiperipatus paurognostus,,Epiperipatus paurognostus,"Oliveira, Lacorte, Fonseca, Wieloch & Mayer, 2011",Onicóforo,Invertebrados Terrestres,09/2022,Criticamente em Perigo,Não,"B2ab(ii,iii)","Epiperipatus paurognostus é endêmica do Brasil, conhecida de apenas dois fragmentos de Mata Atlântica distantes entre si cerca de 3 km no município de Piedade de Caratinga, em Minas Gerais. A região onde a espécie foi registrada encontra-se bastante fragmentada, com expansão de cafezais e pastagens. Os dois fragmentos são muito pequenos e uma das localidades foi parcialmente desmatada para instalação de infraestrutura turística. Buscas mais recentes em uma das localidades não registraram a espécie. Nesse contexto, a AOO foi calculada em 8 Km&sup2;, com duas localizações e declínio continuado na extensão de ocorrência e qualidade do habitat em função da expansão da atividade agropecuária e da infraestrutura turística. Por isso, E. paurognostus foi categorizada como Criticamente em Perigo (CR) pelo critério B2ab(ii,iii).",Sim,Sim,Minas Gerais,|Sudeste|,Mata Atlântica,Sub-bacia Doce,,,,Não,Desconhecida,"1 - Desenvolvimento residencial e comercial
1.3 - Áreas de turismo e recreação
2 - Agropecuária e Aquacultura
2.1 - Culturas anuais e perenes não-madeireiras
2.1.4 - Agricultura de escala desconhecida",,,,"Lista Nacional Oficial de Espécies da Fauna Ameaçadas de Extinção 2014, Lista Nacional Oficial de Espécies da Fauna Ameaçadas de Extinção 2022",,,epiperipatus paurognostus,CR,1.0,CR,CR
Animalia,Onychophora,Not assigned,Not assigned,Peripatidae,Epiperipatus,Epiperipatus sucuriuensis,,,"(Oliveira, Lacorte, Weck-Heimann, Cordeiro, Wieloch & Mayer, 2015)",Não Informado,Invertebrados Terrestres,09/2022,Criticamente em Perigo,Não,B2ab(iii),"Epiperipatus sucuriuensis é endêmica do Brasil, conhecida apenas da localidade-tipo, um pequeno fragmento de Cerrado, tipo cerradão, no município de Chapadão do Sul, estado do Mato Grosso do Sul. Atualmente, a espécie está restrita a um pequeno fragmento de mata, que não é protegido e encontra-se isolado por atividades agropecuárias. Outros fragmentos na mesma região foram amostradas e a espécie não foi encontrada. Nesse contexto, a AOO foi estimada em 4 km2, com uma localização e declínio continuado na qualidade do habitat em função da expansão da atividade agropecuária. Por isso, E. sucuriuensis foi categorizada como Criticamente em Perigo (CR) pelo critério B2ab(iii).",Sim,Não,Mato Grosso do Sul,|Centro-Oeste|,Cerrado,Sub-bacia Paraná RH1,,,,Não,Declinando,"2 - Agropecuária e Aquacultura
2.1 - Culturas anuais e perenes não-madeireiras
2.1.4 - Agricultura de escala desconhecida
2 - Agropecuária e Aquacultura
2.3 - Pecuária
2.3.4 - Pecuária em escala desconhecida",,Proteção de recursos/habitat,,,"414 , 436",,epiperipatus sucuriuensis,,,CR,NE
Animalia,Arthropoda,Insecta,Orthoptera,Phalangopsidae,Erebonyx,Erebonyx catacumbae,,,"Mello & Ferreira, 2021",Não Informado,Invertebrados Terrestres,05/2024,Criticamente em Perigo,Não,B1ab(iii)+2ab(iii),"Erebonyx catacumbae é endêmica do Brasil, sendo conhecida apenas da localidade-tipo, a toca do Gonçalo, no município de Umburanas, estado da Bahia. Sua Extensão de Ocorrência (EOO) foi calculada em menos de 1 Km², sendo igualada à Área de Ocupação (AOO), calculada em 8 Km². A caverna onde a espécie ocorre é fortemente impactada, principalmente pela exploração de água subterrânea e intensa redução do nível freático, que afeta a população como um todo e pode levar a espécie à extinção em curto prazo, sendo, portanto, definida uma localização. Além disso, a espécie é impactada pela remoção da vegetação nativa do entorno para atividades agropecuárias que, em conjunto com a redução do nível freático, causam declínio continuado na qualidade do habitat. Esses impactos têm afetado fortemente a população da espécie, que aparentemente vem passando por um declínio ao ponto de não terem sido observados exemplares em visitas recentes à caverna. Assim, considerando a distribuição restrita, uma localização e o declínio continuado da qualidade do habitat, E. catacumbae foi categorizada como Criticamente em Perigo (CR) pelos critérios B1ab(iii)+2ab(iii).",Sim,Não,Bahia,|Nordeste|,Caatinga,Sub-bacia São Francisco Submédio,,,,Não,Declinando,"2 - Agropecuária e Aquacultura
2.1 - Culturas anuais e perenes não-madeireiras
2.1.2 - Agricultura em pequenas propriedades
2 - Agropecuária e Aquacultura
2.1.4 - Agricultura de escala desconhecida
7 - Modificações nos sistemas naturais
7.2 - Represas e uso de água
7.2.5 - Captação de água subterrânea - uso doméstico
7 - Modificações nos sistemas naturais
7.2.7 - Captação de água subterrânea - uso na agricultura",,,,,,,erebonyx catacumbae,,,CR,NE
Animalia,Arthropoda,Arachnida,Palpigradi,Eukoeneniidae,Eukoenenia,Eukoenenia jequitinhonha,,,"Souza & Ferreira, 2016",Não Informado,Invertebrados Terrestres,05/2018,Criticamente em Perigo,Não,B2ab(iii),"Eukoenenia jequitinhonha é conhecida apenas da localidade-tipo, uma caverna granítica chamada lapa do Córrego do Vieira, no município de Caraí/Minas Gerais, fora de área protegida. Apenas o holótipo é conhecido, embora expedições posteriores tenham sido feitas. Sua área de ocupação foi estimada em menos de 10km2. A vegetação no entorno da caverna encontra-se bastante alterada e convertida em pastagens, e ela está está localizada a apenas 200 metros de uma rodovia. Considerando o declínio da qualidade do habitat e uma localização, a espécie foi categorizada como Criticamente em Perigo (CR) pelo critério B2ab(iii).",Sim,Sim,Minas Gerais,|Sudeste|,Mata Atlântica,Sub-bacia Litoral BA ES,,,,Não,Desconhecida,"2 - Agropecuária e Aquacultura
2.1 - Culturas anuais e perenes não-madeireiras
2.1.4 - Agricultura de escala desconhecida
2 - Agropecuária e Aquacultura
2.3 - Pecuária
2.3.4 - Pecuária em escala desconhecida
3 - Produção energética e mineração
3.2 - Mineração
3.2.3 - Extração de minérios - subsolo
4 - Transportes e serviços de transmissão
4.1 - Estradas e ferrovias",,Plano de Ação Nacional (PAN),Plano de Ação Nacional para a Conservação das Cavernas do Brasil,Lista Nacional Oficial de Espécies da Fauna Ameaçadas de Extinção 2022,,,eukoenenia jequitinhonha,CR,0.0,CR,CR
Animalia,Arthropoda,Arachnida,Palpigradi,Eukoeneniidae,Eukoenenia,Eukoenenia potiguar,,Eukoenenia potiguar,"Ferreira, Souza, Machado & Brescovit, 2011",palpígrado,Invertebrados Terrestres,09/2021,Criticamente em Perigo,Não,B1ab(iii),"Eukoenenia potiguar é endêmica do Brasil e ocorre em quatro cavernas próximas na região da Chapada do Apodi, Rio Grande do Norte, municípios de Felipe Guerra e Governador Dix-Sept Rosado, sempre em pequeno número de indivíduos. Apesar de a espécie ser registrada apenas em 4 locais, suspeita-se que ela ocorra em outras cavernas da Chapada do Apodi e, portanto, a extensão de ocorrência foi estimada em 35 km&sup2;. A extração de petróleo e minérios na região compromete a biota das cavernas pelo grande aporte sedimentos, e pela poluição dos corpos d'água, diminuindo a qualidade do habitat. As cavernas da Chapada do Apodi fazem parte de um mesmo sistema interligado pela mesma rede de drenagem, representando uma única localização. Considerando a diminuição na qualidade do habitat e uma localização, E. potiguar foi categorizado como Criticamente em Perigo (CR) pelo critério B1ab(iii).",Sim,Sim,Rio Grande do Norte,|Nordeste|,Caatinga,,,,,Não,Desconhecida,"3 - Produção energética e mineração
3.1 - Extração de petróleo e gás natural
3 - Produção energética e mineração
3.2 - Mineração
3.2.2 - Extração de seixo/pedra",,Plano de Ação Nacional (PAN),Plano de Ação Nacional para a Conservação das Cavernas do Brasil,"Lista Nacional Oficial de Espécies da Fauna Ameaçadas de Extinção 2014, Lista Nacional Oficial de Espécies da Fauna Ameaçadas de Extinção 2022",,,eukoenenia potiguar,VU,1.0,CR,VU
Animalia,Arthropoda,Arachnida,Palpigradi,Eukoeneniidae,Eukoenenia,Eukoenenia sagarana,,Eukoenenia sagarana,"Souza & Ferreira, 2012",Não Informado,Invertebrados Terrestres,05/2018,Criticamente em Perigo,Não,B2ab(iii),"Eukoenenia sagarana é endêmica do Brasil, conhecida apenas para a localidade-tipo: Gruta da Morena, em Cordisburgo, Minas Gerais. Outras cavernas da região foram bem amostradas, mas espécie não foi registrada em outras localidades. Mesmo na Gruta da Morena, foi observada apenas em um dos salões da caverna. Sua área de ocupação é certamente menor do que 1km2. A espécie parece ser pouco abundante no local. A caverna não encontra-se em área protegida. O turismo desordenado é a principal ameaça à integridade do habitat. Portanto, Eukoenenia sagarana foi categorizada como Criticamente em Perigo (CR) pelo critério B2ab(iii).",Sim,Sim,Minas Gerais,|Sudeste|,Cerrado,Sub-bacia São Francisco Alto,,,,Não,Desconhecida,"5 - Uso de recursos biológicos
5.3 - Extração florestal
5.3.3 - Efeitos indiretos - subsistência/pequena escala
6 - Distúrbios humanos
6.1 - Atividades recreacionais/turísticas
7 - Modificações nos sistemas naturais
7.3 - Outras modificações nos ecossistemas",,Plano de Ação Nacional (PAN),Plano de Ação Nacional para a Conservação das Cavernas do Brasil,"Lista Nacional Oficial de Espécies da Fauna Ameaçadas de Extinção 2014, Lista Nacional Oficial de Espécies da Fauna Ameaçadas de Extinção 2022",,,eukoenenia sagarana,CR,1.0,CR,CR
Animalia,Arthropoda,Arachnida,Palpigradi,Eukoeneniidae,Eukoenenia,Eukoenenia spelunca,,Eukoenenia spelunca,"Souza & Ferreira, 2011",Não Informado,Invertebrados Terrestres,05/2018,Criticamente em Perigo,Não,B2ab(iii),"Eukoenenia spelunca é endêmica do Brasil, conhecida apenas da localidade-tipo, a Caverna Archimedes Passini, Vargem Alta, Espírito Santo. A área de ocupação é estimada em cerca de 1km&sup2;. A área não é protegida e o entorno da caverna vem sofrendo muitas alterações devido a ações antrópicas, principalmente o desmatamento, plantação de café e mineração. Além disso, a caverna também é impactada pelo turismo desordenado e está localizada em um polígono minerário com requerimento de lavra de mármore. Portanto, Eukoenenia spelunca foi categorizada como Criticamente em Perigo (CR) pelo critério B2ab(iii).",Sim,Sim,Espírito Santo,|Sudeste|,Mata Atlântica,Sub-bacia Litoral ES,,,,Não,Desconhecida,"2 - Agropecuária e Aquacultura
2.2 - Silvicultura
2.2.3 - Plantações em escala desconhecida
3 - Produção energética e mineração
3.2 - Mineração
3.2.3 - Extração de minérios - subsolo
5 - Uso de recursos biológicos
5.3 - Extração florestal
5.3.5 - Motivação desconhecida
7 - Modificações nos sistemas naturais
7.3 - Outras modificações nos ecossistemas",,Plano de Ação Nacional (PAN),Plano de Ação Nacional para a Conservação das Cavernas do Brasil,"Lista Nacional Oficial de Espécies da Fauna Ameaçadas de Extinção 2014, Lista Nacional Oficial de Espécies da Fauna Ameaçadas de Extinção 2022",,,eukoenenia spelunca,CR,1.0,CR,CR
Animalia,Arthropoda,Arachnida,Palpigradi,Eukoeneniidae,Eukoenenia,Eukoenenia virgemdalapa,,Eukoenenia virgemdalapa,"Souza & Ferreira, 2012",Não Informado,Invertebrados Terrestres,05/2018,Criticamente em Perigo,Não,B2ab(iii),"Eukoenenia virgemdalapa é registrada apenas para a localidade-tipo, a Caverna Lapa Nova, Vazante, Minas Gerais. É conhecida apenas do holótipo, coletado em 2009. Nas proximidades foram amostradas pelo menos outras oito cavernas e não houve registro da espécie. Mesmo na caverna em que foi registrada, não é encontrada ao longo de toda a sua extensão. Embora exista um plano de manejo para visitação da caverna, o turismo tem ocorrido de forma desordenada, e o grande aporte de visitantes pode alterar as condições microclimáticas da caverna, afetando a espécie. Também foram identificados impactos de mineração e desmatamento, descaracterizando a área do entorno da caverna. Considerando uma área de ocupação de menos de 10km² e uma localização, a espécie foi categorizada como Criticamente em Perigo pelo critério B2ab(iii).",Sim,Sim,Minas Gerais,|Sudeste|,Cerrado,Sub-bacia São Francisco Médio,,,,Não,Desconhecida,"11 - Mudanças e extremos climáticos
11.1 - Mudança/alteração de habitat
1 - Desenvolvimento residencial e comercial
1.3 - Áreas de turismo e recreação
3 - Produção energética e mineração
3.2 - Mineração
3.2.3 - Extração de minérios - subsolo
5 - Uso de recursos biológicos
5.3 - Extração florestal
5.3.5 - Motivação desconhecida
6 - Distúrbios humanos
6.1 - Atividades recreacionais/turísticas
7 - Modificações nos sistemas naturais
7.3 - Outras modificações nos ecossistemas",,Plano de Ação Nacional (PAN),Plano de Ação Nacional para a Conservação das Cavernas do Brasil,"Lista Nacional Oficial de Espécies da Fauna Ameaçadas de Extinção 2014, Lista Nacional Oficial de Espécies da Fauna Ameaçadas de Extinção 2022",,,eukoenenia virgemdalapa,CR,1.0,CR,CR
Animalia,Arthropoda,Insecta,Hymenoptera,Apidae,Eulaema,Eulaema felipei,,,"Nemésio, 2010",Abelha das orquídeas,Invertebrados Terrestres,07/2021,Criticamente em Perigo,Não,B1ab(iii),"Eulaema felipei é endêmica do Brasil, com distribuição restrita aos Brejos de Altitude do estado de Alagoas, tendo sido registrada apenas na Estação ecológica de Murici, apesar dos intensos esforços de coleta pela região e em outros ambientes similares. Sua extensão de ocorrência (EOO) é estimada em 61km2. Apesar de registrada em uma unidade de conservação, o entorno da ESEC Murici é afetado por substituição de ambientes naturais por pastagens e áreas de monocultura. O interior da unidade de conservação é afetado, principalmente, pela presença de gado, corte ilegal de madeira e fogo, portanto, apresenta apenas 1 localização. Essas atividades causam também declínio continuado da qualidade do habitat remanescente. Por essas razões, E. felipei foi categorizada como Criticamente em Perigo (CR), pelo critério B1ab(iii).",Sim,Não,Alagoas,|Nordeste|,Mata Atlântica,Sub-bacia Litoral AL PE PB,ESEC de Murici,ÁREA DE PROTEÇÃO AMBIENTAL DE MURICÍ,,Não,Desconhecida,"2 - Agropecuária e Aquacultura
2.1 - Culturas anuais e perenes não-madeireiras
2.1.4 - Agricultura de escala desconhecida
2 - Agropecuária e Aquacultura
2.3 - Pecuária
2.3.4 - Pecuária em escala desconhecida
5 - Uso de recursos biológicos
5.3 - Extração florestal
5.3.5 - Motivação desconhecida
7 - Modificações nos sistemas naturais
7.1 - Incêndios e supressão de incêndios
7.1.1 - Aumento da frequência/intensidade de incêndios",,Plano de Ação Nacional (PAN),Plano de Ação Nacional para a Conservação de Insetos Polinizadores,,,,eulaema felipei,,,CR,NE
Animalia,Chordata,Amphibia,Anura,Strabomantidae,Euparkerella,Euparkerella robusta,,Euparkerella robusta,"Izecksohn, 1988",Rãzinha-do-folhiço,Anfíbios,09/2017,Criticamente em Perigo,Não,"B1ab(i,ii,iii,iv)+2ab(i,ii,iii,iv)","Euparkerella robusta é endêmica do Brasil, do bioma Mata Atlântica, conhecida apenas da localidade-tipo, no município de Mimoso do Sul, no estado de Espírito Santo. Fragmentos de mata na região são bem amostrados, mas não há registros adicionais da espécie. Sendo assim, é possível supor que sua extensão de ocorrência seja menor que 100 km2 e sua área de ocupação menor que 10 km2. A espécie habita a serapilheira de área florestada e o remanescente em que foi encontrada não é protegido, tendo sido parcialmente convertido em área de pastagem, configurando uma única localização. A principal ameaça à espécie é a atividade agropecuária no entorno do fragmento, que provoca declínio contínuo da extensão de ocorrência, área de ocupação, qualidade do hábitat e número de localizações. Por essas razões, Euparkerella robusta foi avaliada como Criticamente em Perigo (CR) pelos critérios B1ab(i,ii,iii,iv)+2ab(i,ii,iii,iv).",Sim,Sim,Espírito Santo,|Sudeste|,Mata Atlântica,,,,,Não,Desconhecida,"2 - Agropecuária e Aquacultura
2.1 - Culturas anuais e perenes não-madeireiras
2.1.4 - Agricultura de escala desconhecida
2 - Agropecuária e Aquacultura
2.3 - Pecuária
2.3.4 - Pecuária em escala desconhecida",,"Criação de áreas protegidas, Plano de Ação Nacional (PAN), Proteção de locais/áreas",Plano de Ação Nacional para conservação da Herpetofauna Ameaçada da Mata Atlântica da Região Sudeste do Brasil,Lista Nacional Oficial de Espécies da Fauna Ameaçadas de Extinção 2022,,,euparkerella robusta,CR,0.0,CR,CR
Animalia,Mollusca,Bivalvia,Sphaeriida,Sphaeriidae,Eupera,Eupera troglobia,,,"Simone & Ferreira, 2022",Bivalve,Invertebrados Terrestres,05/2024,Criticamente em Perigo,Não,B1ab(iii)+2ab(iii),"Eupera troglobia é endêmica do Brasil, conhecida apenas da caverna Casa de Pedra, localizada no município de Lagoa da Confusão, estado do Tocantins. Outras cavernas na região foram amostradas, e a espécie não foi encontrada. Considerando o desenvolvimento da caverna (cerca de 1 km) e a área ocupada pelo maciço onde a mesma se encontra, a EOO foi considerada igual à AOO, calculada em 4 km². A região da caverna é profundamente impactada por atividades agropecuárias, turísticas e de mineração, que resultam em declínio continuado da qualidade do habitat da espécie. Considerando que se trata de espécie troglóbia filtradora, com baixa densidade populacional e concentrada em apenas uma porção de uma única caverna, um único evento de contaminação por agrotóxicos pode impactar todos os indivíduos dessa única população conhecida. Considerando uma única localização, a espécie foi categorizada como Criticamente em Perigo pelos critérios B1ab(iii)+2ab(iii).",Sim,Não,Tocantins,|Norte|,Cerrado,Sub-bacia Tocantins Alto,,,,Não,Estável,"2 - Agropecuária e Aquacultura
2.2 - Silvicultura
2.2.3 - Plantações em escala desconhecida
3 - Produção energética e mineração
3.2 - Mineração
3.2.3 - Extração de minérios - subsolo
6 - Distúrbios humanos
6.1 - Atividades recreacionais/turísticas
9 - Poluição
9.3 - Agropecuária e florestal
9.3.3 - Herbicidas e pesticidas
9 - Poluição
9.4 - Lixo e resíduos sólidos
9.4.1 - Urbanos",,,,,,,eupera troglobia,,,CR,NE
Animalia,Chordata,Actinopterygii,Siluriformes,Loricariidae,Eurycheilichthys,Eurycheilichthys apocremnus,,,"Reis, 2017",Não Informado,Peixes Continentais,11/2020,Criticamente em Perigo,Não,B1ab(iii)+2ab(iii),"Eurycheilichthys apocremnus é endêmica do Brasil, conhecida do rio Fão, na bacia do rio Taquari, no estado do Rio Grande do Sul. A espécie é pouco abundante, de distribuição restrita e ocorre em uma região impactada pela agricultura e suinocultura. A extensão de ocorrência (EOO) e a área de ocupação (AOO) foram calculadas em 264km² e 12 km², respectivamente. Considerando apenas uma localização e o declínio continuado da qualidade do habitat em função da espécie ocorrer em apenas um riacho localizado em área de intensa atividade agrícola, Eurycheilichthys apocremnus foi categorizada como Criticamente em Perigo (CR) pelos critérios B1ab(iii)+2ab(iii).",Sim,Não,Rio Grande do Sul,|Sul|,Mata Atlântica,Sub-bacia Guaíba,,,,Não,Desconhecida,"2 - Agropecuária e Aquacultura
2.1 - Culturas anuais e perenes não-madeireiras
2.1.4 - Agricultura de escala desconhecida
2 - Agropecuária e Aquacultura
2.3 - Pecuária
2.3.4 - Pecuária em escala desconhecida",,,,,,,eurycheilichthys apocremnus,,,CR,NE
Animalia,Arthropoda,Insecta,Hemiptera,Cixiidae,Ferricixius,Ferricixius davidi,,,"Hoch & Ferreira, 2012",Não Informado,Invertebrados Terrestres,05/2018,Criticamente em Perigo,Não,B2ab(iii),"Ferricixius davidi é endêmica do Brasil, conhecida apenas da região do Quadrilátero Ferrífero, e só foi registrada na caverna MP-8, no Município de Itabirito-Minas Gerais. A área de ocupação é estimada em 500 m². Seu habitat está severamente ameaçado pela extração de minério de ferro em larga escala. Considerando uma localização, F. davidi foi categorizada como Criticamente em Perigo (CR) pelo critério B2ab(iii).",Sim,Sim,Minas Gerais,|Sudeste|,Mata Atlântica,Sub-bacia São Francisco Alto,,ÁREA DE PROTEÇÃO AMBIENTAL SUL-RMBH,,Não,Desconhecida,"3 - Produção energética e mineração
3.2 - Mineração
3.2.3 - Extração de minérios - subsolo",,Plano de Ação Nacional (PAN),Plano de Ação Nacional para a Conservação das Cavernas do Brasil,Lista Nacional Oficial de Espécies da Fauna Ameaçadas de Extinção 2022,,,ferricixius davidi,CR,0.0,CR,CR
Animalia,Arthropoda,Insecta,Hemiptera,Cixiidae,Ferricixius,Ferricixius goliathi,,,"Santos, Hoch, Zampaulo, Simões e Ferreira, 2023",Não Informado,Invertebrados Terrestres,05/2024,Criticamente em Perigo,Não,B1ab(iii)+2ab(iii),"Ferricixius goliathi é endêmica do Brasil, e ocorre em uma única caverna ferruginosa, chamada ABOB_0043, localizada no município de Nova Lima, em Minas Gerais. Diversas outras cavernas na região foram amostradas, e a distribuição da espécie não foi ampliada. A caverna se encontra em uma área profundamente alterada pela mineração de minério de ferro, restando apenas um pequeno fragmento florestal completamente isolado pela cava e demais estruturas do empreendimento minerário, e as alterações resultam em declínio continuado da qualidade do habitat. Considerando a área do fragmento florestal remanescente, a EOO foi considerada igual à AOO, calculada em 4 km². A principal ameaça à região da caverna é a mineração, e um único evento relacionado à atividade pode impactar todos os indivíduos dessa única população conhecida. Considerando uma única localização, a espécie foi categorizada como Criticamente em Perigo pelos critérios B1ab(iii)+2ab(iii).",Sim,Não,Minas Gerais,|Sudeste|,Mata Atlântica,Sub-bacia São Francisco Alto,,ÁREA DE PROTEÇÃO AMBIENTAL SUL-RMBH,,Não,Desconhecida,"3 - Produção energética e mineração
3.2 - Mineração
3.2.3 - Extração de minérios - subsolo",,,,,,,ferricixius goliathi,,,CR,NE
Animalia,Arthropoda,Insecta,Hemiptera,Cixiidae,Ferricixius,Ferricixius michaeli,,,"Santos, Hoch, Zampaulo, Simões e Ferreira, 2023",Não Informado,Invertebrados Terrestres,05/2024,Criticamente em Perigo,Não,B1ab(iii)+2ab(iii),"Ferricixius michaeli é endêmica do Brasil, e ocorre em uma única caverna, chamada ICMAT-0053, no município de Matozinhos, estado de Minas Gerais. Diversas outras cavernas foram amostradas na região, e a espécie não foi encontrada. Considerando o desenvolvimento da caverna (cerca de 350 metros) e a área ocupada pelo maciço onde a mesma se encontra, a EOO foi considerada igual à AOO, calculada em 4 km². A principal ameaça à região da caverna é a mineração, e um único evento relacionado à atividade pode impactar todos os indivíduos dessa única população conhecida. Além disso, atividades agropecuárias também impactam a espécie, resultando em declínio continuado da qualidade do habitat. Considerando uma única localização, a espécie foi categorizada como Criticamente em Perigo (CR) pelos critérios B1ab(iii)+2ab(iii).",Sim,Não,Minas Gerais,|Sudeste|,Cerrado,Sub-bacia São Francisco Alto,,,,Não,Desconhecida,"2 - Agropecuária e Aquacultura
2.2 - Silvicultura
2.2.3 - Plantações em escala desconhecida
3 - Produção energética e mineração
3.2 - Mineração
3.2.3 - Extração de minérios - subsolo
9 - Poluição
9.3 - Agropecuária e florestal
9.3.2 - Erosão do solo/sedimentação
9 - Poluição
9.3.3 - Herbicidas e pesticidas
9 - Poluição
9.5 - Poluição do ar
9.5.4 - Tipo desconhecido",,,,,,,ferricixius michaeli,,,CR,NE
Animalia,Arthropoda,Insecta,Zygoptera,Coenagrionidae,Fluminagrion,Fluminagrion taxaense,,Fluminagrion taxaense,"(Santos, 1965)",Libélula,Invertebrados de Água Doce,06/2022,Criticamente em Perigo,Sim,B1ab(iii),"Fluminagrion taxaense é endêmica do Brasil conhecida em três localidades na cidade do Rio de Janeiro. Sua extensão de ocorrência (EOO) é estimada em 4km², e a região vem sofrendo intenso processo de utilização do solo pela urbanização, o que acarreta uma fragmentação continua, perda de extensão e qualidade de habitat remanescente. Indivíduos dessa espécie não foram observados desde 1966, apesar dos esforços de coleta realizados pela equipe do Museu Nacional e relatada em 2005 nos locais de sua distribuição conhecida. Acredita-se que a única porção ainda preservada de sua distribuição esteja restrita à reserva legal do Condomínio Pedra de Itaúna, considerando a expansão urbana como sua principal ameaça, temos apenas 01 localização. Portanto, Fluminagrion taxaense foi categorizada como Criticamente em Perigo (CR), pelo critério B1ab(iii), sendo Possivelmente Extinta (PEX).",Sim,Sim,Rio de Janeiro,|Sudeste|,Mata Atlântica,Sub-bacia Litoral RJ,,,,Desconhecido,Desconhecida,"1 - Desenvolvimento residencial e comercial
1.1 - Expansão urbana",,,,"Lista Nacional Oficial de Espécies da Fauna Ameaçadas de Extinção 2014, Lista Nacional Oficial de Espécies da Fauna Ameaçadas de Extinção 2022",,,fluminagrion taxaense,CR (PEX),1.0,CR,CR
Animalia,Arthropoda,Insecta,Odonata,Coenagrionidae,Forcepsioneura,Forcepsioneura machadorum,,,"Vilela, Venâncio & Santos, 2020","libélula, Libélula",Invertebrados de Água Doce,06/2022,Criticamente em Perigo,Não,B1ab(iii),"Forcepsioneura machadorum é endêmica do Brasil, conhecida apenas de sua localidade-tipo, no Campus Glória (campus da Universidade Federal de Uberlândia), município de Uberlândia, Minas Gerais. Apesar da área já ter sido bem amostrada, não houve registros em localidades adicionais. A área da localidade-tipo está intensamente modificada pela expansão urbana (sua principal ameaça) e agropecuária, que modificam a paisagem promovendo declínio continuado da qualidade do habitat remanescente e caracterizando apenas 01 localização. Considerando a área florestada da Fazendo Experimental, a EOO foi estimada em 4km². Por essas razões, F. machadorum foi categorizada como Criticamente em Perigo (CR), pelo critério B1ab(iii).",Sim,Não,Minas Gerais,|Sudeste|,Cerrado,Sub-bacia Paranaíba,,,,Não,Desconhecida,"1 - Desenvolvimento residencial e comercial
1.1 - Expansão urbana
2 - Agropecuária e Aquacultura
2.1 - Culturas anuais e perenes não-madeireiras
2.1.4 - Agricultura de escala desconhecida",,,,,,,forcepsioneura machadorum,,,CR,NE
Animalia,Chordata,Aves,Passeriformes,Thamnophilidae,Formicivora,Formicivora erythronotos,,Formicivora erythronotos,"Hartlaub, 1852",formigueiro-de-cabeça-negra,Aves,06/2019,Criticamente em Perigo,Não,C2a(ii),"Formicivora erythronotos é endêmica do sudeste do Brasil, ocorrendo apenas no sul do Rio de Janeiro. Habita áreas arbustivas, ambientes em regeneração e matas secundárias em planícies costeiras. Estima-se que haja menos de 250 indivíduos maduros, sendo que de 90 a 100% deles estão em uma única subpopulação, localizada nos Vales do Mambucaba e do Ariró. Há declínio populacional continuado suspeitado em função da perda de habitat, pois sua área de ocorrência tem sido constantemente ameaçada pela expansão imobiliária, especialmente em Mambucaba e Ariró devido ao aumento da infraestrutura turística, e também pela expansão de pastagens e monoculturas. Dessa forma, F. erythronotos foi categorizada como Criticamente em Perigo (CR) pelo critério C2a(ii).",Sim,Sim,Rio de Janeiro,|Sudeste|,Mata Atlântica,Sub-bacia Litoral RJ,PARNA da Serra da Bocaina,,RPPN Gleba O Saquinho de Itapirapuá,Não,Declinando,"1 - Desenvolvimento residencial e comercial
1.1 - Expansão urbana
1 - Desenvolvimento residencial e comercial
1.3 - Áreas de turismo e recreação
2 - Agropecuária e Aquacultura
2.2 - Silvicultura
2.2.3 - Plantações em escala desconhecida
2 - Agropecuária e Aquacultura
2.3 - Pecuária
2.3.4 - Pecuária em escala desconhecida
6 - Distúrbios humanos
6.1 - Atividades recreacionais/turísticas",,"Criação de áreas protegidas, Educação e comunicação, Manejo de espécies, Manejo de locais/áreas, Plano de Ação Nacional (PAN), Políticas e regulamentações",Plano de Ação Nacional para a Conservação das Aves Ameaçadas do Bioma Mata Atlântica,"Lista Nacional Oficial de Espécies da Fauna Ameaçadas de Extinção 2014, Lista Nacional Oficial de Espécies da Fauna Ameaçadas de Extinção 2022",,,formicivora erythronotos,CR,1.0,CR,CR
Animalia,Chordata,Aves,Passeriformes,Thamnophilidae,Formicivora,Formicivora paludicola,,Formicivora paludicola,"Buzzetti, Belmontes-Lopes, Reinert, Silveira & Bornschein, 2013",bicudinho-do-brejo-paulista,Aves,12/2020,Criticamente em Perigo,Não,C2a(i),"Formicivora paludicola é endêmica do Brasil, com distribuição restrita a Mata Atlântica do estado de São Paulo. Ocupa brejos naturais com taboas, juncos e outras plantas aquáticas. Ocorre em altas densidades, entretanto possui pequeno tamanho populacional por estar retrita a poucos brejos em área de grande adensamento humano. Infere-se que a população não excede 250 indivíduos maduros e que cada subpopulação possui no máximo 50 indivíduos maduros. Há suspeitas de declínio populacional continuado devido a perda na qualidade do habitat decorrente da construção de hidrelétricas, extração de areia, ocorrência de queimadas e introdução de plantas exóticas. Dessa forma, F. paludicola foi categorizada como Criticamente em Perigo (CR) pelo critério C2a(i).",Sim,Sim,São Paulo,|Sudeste|,Mata Atlântica,"Sub-bacia Paraíba do Sul
Sub-bacia Tietê",,,,Não,Declinando,"3 - Produção energética e mineração
3.2 - Mineração
3.2.1 - Extração de areia
3 - Produção energética e mineração
3.3 - Energia renovável
3.3.1 - Hidrelétricas
7 - Modificações nos sistemas naturais
7.1 - Incêndios e supressão de incêndios
7.1.1 - Aumento da frequência/intensidade de incêndios
8 - Espécies invasoras
problemáticas e doenças
8.1 - Espécies exóticas
8.1.2 - Espécie não conhecida
8.1.2.1 - Competidores",,"Controle e fiscalização, Criação de áreas protegidas, Manejo de espécies, Plano de Ação Nacional (PAN)",Plano de Ação Nacional para a Conservação das Aves Ameaçadas do Bioma Mata Atlântica,"Lista Nacional Oficial de Espécies da Fauna Ameaçadas de Extinção 2014, Lista Nacional Oficial de Espécies da Fauna Ameaçadas de Extinção 2022",,,formicivora paludicola,CR,1.0,CR,CR
Animalia,Chordata,Aves,Suliformes,Fregatidae,Fregata,Fregata minor,,Fregata minor,"(Gmelin, 1789)",tesourão-grande,Aves,03/2022,Criticamente em Perigo,Não,"A2ace; C2a(i,ii); D","Fregata minor ocorre nos oceanos Índico, Pacífico e Atlântico, especialmente nas zonas tropicais. No Brasil, ocorre no Atlântico Sul, nas ilhas da Trindade e Martin Vaz. Reproduz-se somente na Ilha da Trindade. Dados de censos populacionais indicam que a população no país não é superior a 50 indivíduos maduros, sendo que 100% da população reprodutiva encontra-se em uma única subpopulação. Esses censos também indicam uma redução populacional passada de 94% em três gerações (45 anos), sendo necessário elucidar as causas desse declínio. Dessa forma, F. minor foi categorizada como Criticamente em Perigo (CR) A2ace; C2a(i,ii); D.",Não,Sim,Espírito Santo,|Sudeste|,"Mata Atlântica, Sistema Costeiro-Marinho",,MONA do Arquipélago de Trindade e Martim Vaz e Monte Columbia,,,Não,Declinando,"3 - Produção energética e mineração
3.3 - Energia renovável
3.3.2 - Parques eólicos
5 - Uso de recursos biológicos
5.4 - Pesca e uso de recursos aquáticos
5.4.7 - Motivação desconhecida
8 - Espécies invasoras
problemáticas e doenças
8.1 - Espécies exóticas
8.1.2 - Espécie não conhecida
8.1.2.1 - Competidores",,"Controle de espécies invasoras/problemáticas, Manejo de locais/áreas, Plano de Ação Nacional (PAN), Restauração de habitat e processos naturais",Plano de Ação Nacional para a Conservação das Aves Marinhas,"Lista Nacional Oficial de Espécies da Fauna Ameaçadas de Extinção 2014, Lista Nacional Oficial de Espécies da Fauna Ameaçadas de Extinção 2022",,,fregata minor,CR,1.0,CR,CR
Animalia,Chordata,Aves,Suliformes,Fregatidae,Fregata,Fregata trinitatis,,Fregata ariel,"Miranda-Ribeiro, 1919",tesourão-pequeno,Aves,12/2019,Criticamente em Perigo,Não,"B1ab(iv,v); C2a(i,ii); D","Fregata trinitatis ocorre nos oceanos Índico, Pacífico e Atlântico. No Brasil, é atualmente restrita nas Ilhas da Trindade e Martin Vaz, no Espírito Santo. Estes os únicos registros para o Atlântico. A espécie era anteriormente difundida em diversas ilhas tropicais do Atlântico Sul, como Santa Helena e Ascensão, mas essas populações foram extintas, nos últimos 500 anos, devido ao impacto humano. Sua extensão de ocorrência não é maior que 10 km2. Há registro de 15 ninhos em um período de três gerações passadas e observações atuais indicam a existência de pouquíssimos indivíduos maduros (menos de 10). Sendo assim, F. trinitatis foi categorizada como Criticamente em Perigo (CR), pelos critérios B1ab(iv,v); C2a(i,ii); D.",Não,Sim,Espírito Santo,|Sudeste|,"Mata Atlântica, Sistema Costeiro-Marinho",,MONA do Arquipélago de Trindade e Martim Vaz e Monte Columbia,,,Não,Declinando,"3 - Produção energética e mineração
3.3 - Energia renovável
3.3.2 - Parques eólicos
5 - Uso de recursos biológicos
5.4 - Pesca e uso de recursos aquáticos
5.4.7 - Motivação desconhecida",,"Controle de espécies invasoras/problemáticas, Manejo de locais/áreas, Plano de Ação Nacional (PAN), Restauração de habitat e processos naturais",Plano de Ação Nacional para a Conservação das Aves Marinhas,"Lista Nacional Oficial de Espécies da Fauna Ameaçadas de Extinção 2014, Lista Nacional Oficial de Espécies da Fauna Ameaçadas de Extinção 2022",,,fregata trinitatis,CR,1.0,CR,CR
Animalia,Chordata,Elasmobranchii,Carcharhiniformes,Triakidae,Galeorhinus,Galeorhinus galeus,,Galeorhinus galeus,"(Linnaeus, 1758)",Não Informado,Tubarões e Raias,11/2017,Criticamente em Perigo,Não,A4bd,"Galeorhinus galeus é uma espécie de águas temperadas com distribuição no oceano Atlântico, Pacífico e Indo-Pacífico. No Atlântico Sul ocidental, ocorre desde Rio de Janeiro até a costa da Patagônia. No Brasil, as maiores abundâncias eram registradas para a costa Sul, sobretudo no talude do Rio Grande do Sul, onde era capturada em grande quantidade pela frota industrial. Sua história de vida é caracterizada por baixo crescimento, alta longevidade, baixa fecundidade e baixa mortalidade natural, fazendo dessa espécie extremamente vulnerável a sobrepesca. Levantamentos de pesca científica mostraram que a biomassa da população migratória de G. galeus no sul do Brasil sofreu um declínio de 90% no período de 1972 a 2001. Esta redução provavelmente é uma subestimação do declínio da abundância dos adultos. Dados recentes (2016 e 2017) não registraram a captura da espécie na pescaria costeira do Rio Grande do Sul. Considerando as taxa de declínio no Brasil e Argentina, bem como a perspectiva da manutenção das ameaças no futuro próximo, G. galeus foi categorizada como Criticamente em Perigo (CR) considerando o critério A4bd.",Não,Sim,"Paraná, Rio de Janeiro, Rio Grande do Sul, Santa Catarina, São Paulo",|Sudeste|Sul|,Sistema Costeiro-Marinho,,"REBIO Marinha do Arvoredo, RESEX Marinha Pirajubaé",,,Sim,Declinando,"5 - Uso de recursos biológicos
5.4 - Pesca e uso de recursos aquáticos
5.4.2 - Captura intencional - larga escala
5.4.2.6 - Arrasto
5.4.2.6.1 - Arrasto simples
5 - Uso de recursos biológicos
5.4.2.6.2 - Arrasto duplo
5 - Uso de recursos biológicos
5.4.2.6.3 - Arrasto de parelha
5 - Uso de recursos biológicos
5.4.2.7 - Emalhe
5.4.2.7.1 - Emalhe de fundo
5 - Uso de recursos biológicos
5.4.6 - Captura indireta - larga escala
5.4.6.6 - Arrasto
5.4.6.6.1 - Arrasto simples
5 - Uso de recursos biológicos
5.4.6.6.2 - Arrasto duplo
5 - Uso de recursos biológicos
5.4.6.6.3 - Arrasto de parelha
5 - Uso de recursos biológicos
5.4.6.7 - Emalhe
5.4.6.7.1 - Emalhe de fundo","1 - Alimentação humana
1.2 - Caça para comércio
1.2.2 - Internacional
1 - Alimentação humana
1.6 - Pesca - comércio internacional
1 - Alimentação humana
1.8 - Pesca industrial
1.8.6 - Arrasto
1 - Alimentação humana
1.8.7 - Emalhe
1 - Alimentação humana
1.8.8 - Espinhel","Controle e fiscalização, Criação de áreas protegidas, Manejo/ordenamento de caça/pesca, Plano de Ação Nacional (PAN)",Plano de Ação Nacional para a Conservação dos Elasmobrânquios Ameaçados de Extinção,"Lista Nacional Oficial de Espécies da Fauna Ameaçadas de Extinção 2014, Lista Nacional Oficial de Espécies da Fauna Ameaçadas de Extinção 2022, Convenção sobre Espécies Migratórias – CMS",,"40 , 500",galeorhinus galeus,CR,1.0,CR,CR
Animalia,Platyhelminthes,Rhabditophora,Tricladida,Dugesiidae,Girardia,Girardia arenicola,,,"Hellmann & Leal-Zanchet, 2018",Planária,Invertebrados de Água Doce,05/2018,Criticamente em Perigo,Não,B1ab(iii)+2ab(iii),"Girardia arenicola é endêmica do Brasil e conhecida apenas da localidade-tipo, a gruta Areias de Cima, Iporanga/São Paulo, Parque Estadual Turístico do Alto Ribeira. Embora a caverna esteja em uma área protegida em bom estado de conservação, as áreas de recarga do sistema estão fora da unidade de conservação e sofrem com aporte de poluentes, principalmente esgoto doméstico e descarte de água cinza, provocando declínio da qualidade da água e, portanto, do habitat da espécie. Sua extensão de ocorrência e área do ocupação foram estimadas em menos de 10km2. Considerando uma localização, a espécie foi avaliada como Criticamente em Perigo pelos critérios B1ab(iii)+2ab(iii).",Sim,Sim,São Paulo,|Sudeste|,Mata Atlântica,Sub-bacia Litoral RJ SP,,PARQUE ESTADUAL TURÍSTICO DO ALTO DO RIBEIRA,,Não,Desconhecida,"9 - Poluição
9.1 - Doméstica e urbana - escoamento de água
9.1.1 - Esgoto
9 - Poluição
9.1.2 - Escoamento urbano
9 - Poluição
9.2 - Industrial
9.2.2 - Infiltraçao oriunda de mineração
9 - Poluição
9.2.3 - Contaminação por metais pesados",,Plano de Ação Nacional (PAN),Plano de Ação Nacional para a Conservação das Cavernas do Brasil,Lista Nacional Oficial de Espécies da Fauna Ameaçadas de Extinção 2022,,,girardia arenicola,CR,0.0,CR,CR
Animalia,Platyhelminthes,Rhabditophora,Tricladida,Dugesiidae,Girardia,Girardia desiderensis,,,"Souza & Leal-Zanchet, 2016",Não Informado,Invertebrados de Água Doce,02/2019,Criticamente em Perigo,Não,B1ab(iii)+2ab(iii),"Girardia desiderensis é endêmica do Brasil e conhecida apenas para a localidade-tipo, a gruta da Baixa Fria, no município de São Desidério/Bahia. A espécie foi encontrada somente em uma poça dentro da caverna. A caverna não está em área protegida e localiza-se muito próxima à BR 135, entre os municípios de São Desidério a Correntina, que, apesar de embargada, continua sendo utilizada. Há estudos sendo realizados para retomada do projeto, e o aumento do tráfego de veículos, principalmente caminhões, aliado à existência de polígonos minerários com autorização de pesquisa, constituem ameaças potenciais. Considerando uma localização e as ameaças atuais, G. desiderensis foi categorizada como Criticamente em Perigo (CR) pelos critérios B1ab(iii)+2ab(iii).",Sim,Sim,Bahia,|Nordeste|,Cerrado,Sub-bacia São Francisco Médio,,,,Não,Desconhecida,"2 - Agropecuária e Aquacultura
2.1 - Culturas anuais e perenes não-madeireiras
2.1.3 - Agricultura agro-industrial
4 - Transportes e serviços de transmissão
4.1 - Estradas e ferrovias
9 - Poluição
9.3 - Agropecuária e florestal
9.3.4 - Tipo desconhecido",,Plano de Ação Nacional (PAN),Plano de Ação Nacional para a Conservação das Cavernas do Brasil,Lista Nacional Oficial de Espécies da Fauna Ameaçadas de Extinção 2022,,,girardia desiderensis,CR,0.0,CR,CR
Animalia,Platyhelminthes,Rhabditophora,Tricladida,Dugesiidae,Girardia,Girardia multidiverticulata,,,"De Souza, Morais, Cordeiro & Leal-Zanchet, 2015",Não Informado,Invertebrados de Água Doce,05/2018,Criticamente em Perigo,Não,B2ab(iii),"Girardia multidiverticulata é endêmica do Brasil e conhecida somente da localidade-tipo, a gruta Buraco do Bicho, no Município de Bodoquena, Mato Grosso do Sul. Sua extensão de ocorrência é estimada em menos de 10km2. A caverna não está em área protegida e seu entorno próximo encontra-se impactado pelo uso de agrotóxicos, amplamente utilizados em um plato próximo à caverna. Além disso, seu entorno sofre com retirada de madeira e a região possui polígonos minerários com concessão de lavra de calcário. Essas ameaças provocam declínio da qualidade do habitat. Considerando uma localização, a espécie foi categorizada como Criticamente em Perigo (CR) segundo o critério B2ab(iii).",Sim,Sim,Mato Grosso do Sul,|Centro-Oeste|,Cerrado,Sub-bacia Paraguai 01,,,,Não,Desconhecida,"2 - Agropecuária e Aquacultura
2.1 - Culturas anuais e perenes não-madeireiras
2.1.2 - Agricultura em pequenas propriedades
2 - Agropecuária e Aquacultura
2.1.3 - Agricultura agro-industrial
3 - Produção energética e mineração
3.2 - Mineração
3.2.3 - Extração de minérios - subsolo",,Plano de Ação Nacional (PAN),Plano de Ação Nacional para a Conservação das Cavernas do Brasil,Lista Nacional Oficial de Espécies da Fauna Ameaçadas de Extinção 2022,,,girardia multidiverticulata,CR,0.0,CR,CR
Animalia,Platyhelminthes,Rhabditophora,Tricladida,Dugesiidae,Girardia,Girardia paucipuntacta,,,"Helmann & Leal-Zanchet, 2018",Planária,Invertebrados de Água Doce,05/2018,Criticamente em Perigo,Não,B1ab(iii)+2ab(iii),"Girardia paucipunctata é endêmica do Brasil e conhecida apenas da localidade-tipo, a gruta Areias de Cima, em Iporanga/São Paulo, Parque Estadual Turístico do Alto Ribeira. Embora a caverna esteja em uma área protegida em bom estado de conservação, as áreas de recarga do sistema estão fora da unidade de conservação e sofrem com aporte de poluentes, principalmente esgoto doméstico e descarte de água cinza, provocando declínio da qualidade da água e, portanto, do habitat da espécie. Sua extensão de ocorrência e área do ocupação foram estimadas em menos de 10km2. Considerando uma localização, a espécie foi avaliada como Criticamente em Perigo (CR) pelos critérios B1ab(iii)+2ab(iii).",Sim,Sim,São Paulo,|Sudeste|,Mata Atlântica,Sub-bacia Litoral RJ SP,,PARQUE ESTADUAL TURÍSTICO DO ALTO DO RIBEIRA,,Não,Desconhecida,"9 - Poluição
9.1 - Doméstica e urbana - escoamento de água
9.1.1 - Esgoto
9 - Poluição
9.1.2 - Escoamento urbano
9 - Poluição
9.2 - Industrial
9.2.2 - Infiltraçao oriunda de mineração",,Plano de Ação Nacional (PAN),Plano de Ação Nacional para a Conservação das Cavernas do Brasil,Lista Nacional Oficial de Espécies da Fauna Ameaçadas de Extinção 2022,,,girardia paucipuntacta,CR,0.0,CR,CR
Animalia,Chordata,Aves,Passeriformes,Thraupidae,Gubernatrix,Gubernatrix cristata,,Gubernatrix cristata,"(Vieillot, 1817)",cardeal-amarelo,Aves,10/2021,Criticamente em Perigo,Não,"C1+2a(i,ii); D","Gubernatrix cristata ocorre na Argentina, Uruguai e Brasil (apenas no Rio Grande do Sul). Habita manchas de florestas espinhosas em áreas campestres, regiões arbustivas semidescampadas, áreas abertas com árvores esparsas, cercas-vivas e parque espinilho. Estima-se que haja 38 indivíduos maduros no Brasil, onde mais de 90% dos indivíduos estão concentrados em uma única subpopulação. Há declínio populacional continuado de cerca de 28% em uma geração da espécie, devido à forte pressão de captura. Dessa forma, G. cristata foi categorizada como Criticamente em Perigo (CR) pelo critério C1+2a(i,ii); D.",Não,Sim,Rio Grande do Sul,|Sul|,Pampa,Sub-bacia Ibicuí,APA Ibirapuitã,,,Não,Declinando,"2 - Agropecuária e Aquacultura
2.1 - Culturas anuais e perenes não-madeireiras
2.1.4 - Agricultura de escala desconhecida
2 - Agropecuária e Aquacultura
2.2 - Silvicultura
2.2.3 - Plantações em escala desconhecida
2 - Agropecuária e Aquacultura
2.3 - Pecuária
2.3.4 - Pecuária em escala desconhecida
5 - Uso de recursos biológicos
5.1 - Caça e captura de animais terrestres ou marinhos
5.1.1 - Caça/captura intencional (a espécie é o alvo)
5.1.1.2 - Comercial - Nacional/Local
8 - Espécies invasoras
problemáticas e doenças
8.3 - Espécies nativas problemáticas
8.3.1 - Espécie conhecida
8.3.1.1 - Competidores
8 - Espécies invasoras
problemáticas e doenças
8.3.1.4 - Patógenos/parasitas",3 - Animais de estimação/ornamentais,"Controle e fiscalização, Criação de áreas protegidas, Educação e comunicação, Implementação de áreas protegidas, Manejo territorial, Plano de Ação Nacional (PAN), Políticas e regulamentações, Reprodução em cativeiro/propagação artificial","Plano de Ação Nacional para a Conservação das Aves dos Campos Sulinos - 2º ciclo, Plano de Ação Nacional para a Conservação dos Passeriformes Ameaçados dos Campos Sulinos e Espinilho","Lista Nacional Oficial de Espécies da Fauna Ameaçadas de Extinção 2014, Lista Nacional Oficial de Espécies da Fauna Ameaçadas de Extinção 2022, CITES - Anexo II",,,gubernatrix cristata,CR,1.0,CR,CR
Animalia,Chordata,Elasmobranchii,Myliobatiformes,Gymnuridae,Gymnura,Gymnura altavela,,Gymnura altavela,"(Linnaeus, 1758)","raia-borboleta, raia-manteiga",Tubarões e Raias,12/2016,Criticamente em Perigo,Não,A2bcd,"Gymnura altavela é uma espécie de raia irregularmente distribuída em águas tropicais e temperadas das plataformas continentais, do Atlântico oriental e ocidental. No Brasil, é mais comum na costa sul e sudeste. Suas características de história de vida, com tamanho da ninhada variando até no máximo cinco filhotes por ano, comportamento gregário, costeiro associado a estuários, a torna mais suscetível às ameaças. Além da pesca, outros impactos de natureza antrópica, como a poluição, empreendimentos portuários, a destruição de marismas, estuários e manguezais, aumentam a fragilidade da espécie. Uma redução de aproximadamente 99% foi estimada na CPUE em cruzeiros de pesquisa, em capturas com rede de arrasto na costa do Rio Grande do Sul, entre os anos de 1982 e 2005. Considerando que o esforço pesqueiro não apresenta diminuição desde 2005, e que os ambientes costeiros e estuarinos estão sob contínua degradação, perante a vulnerabilidade ecológica da espécie, infere-se um cenário de contínua redução populacional ao longo dos últimos 12 anos (três tempos geracionais) de pelo menos 80%. Portanto, a espécie foi categorizada como Criticamente em Perigo (CR), baseando-se nos critérios A2bcd.",Não,Sim,"Bahia, Ceará, Espírito Santo, Paraíba, Paraná, Pernambuco, Rio de Janeiro, Rio Grande do Norte, Rio Grande do Sul, Santa Catarina, São Paulo, Sergipe",|Nordeste|Sudeste|Sul|,Sistema Costeiro-Marinho,,"APA Baleia Franca, APA Cananéia-Iguape-Peruíbe, APA Guaraqueçaba, ESEC Tupinambás, ESEC Tupiniquins, MONA Arquipélago das Ilhas Cagarras, PARNA Marinho das Ilhas dos Currais, PARNA Marinho dos Abrolhos, PARNA Superagui, REBIO Marinha do Arvoredo","APA MARINHA DO LITORAL CENTRO, APA MARINHA DO LITORAL NORTE, APA MARINHA DO LITORAL SUL, ÁREA DE PROTEÇÃO AMBIENTAL BAÍA DE TODOS OS SANTOS, ÁREA DE PROTEÇÃO AMBIENTAL DO PAU BRASIL, PARQUE ESTADUAL MARINHO DA LAJE DE SANTOS",,Não,Declinando,"11 - Mudanças e extremos climáticos
11.1 - Mudança/alteração de habitat
5 - Uso de recursos biológicos
5.4 - Pesca e uso de recursos aquáticos
5.4.5 - Captura indireta - subsistência/pequena escala
5.4.5.3 - Aparelho com anzol
5.4.5.3.3 - Espinhel fixo de fundo
5 - Uso de recursos biológicos
5.4.5.3.5 - Linha de fundo e linha de mão
5 - Uso de recursos biológicos
5.4.5.4 - Armadilha
5.4.5.4.3 - Cerco fixo (curral)
5 - Uso de recursos biológicos
5.4.5.6 - Arrasto
5.4.5.6.1 - Arrasto simples
5 - Uso de recursos biológicos
5.4.5.6.2 - Arrasto duplo
5 - Uso de recursos biológicos
5.4.5.6.3 - Arrasto de praia
5 - Uso de recursos biológicos
5.4.5.7 - Emalhe
5.4.5.7.1 - Emalhe de fundo
5 - Uso de recursos biológicos
5.4.6 - Captura indireta - larga escala
5.4.6.5 - Cerco
5 - Uso de recursos biológicos
5.4.6.6 - Arrasto
5.4.6.6.1 - Arrasto simples
5 - Uso de recursos biológicos
5.4.6.6.2 - Arrasto duplo
5 - Uso de recursos biológicos
5.4.6.6.3 - Arrasto de parelha
5 - Uso de recursos biológicos
5.4.6.7 - Emalhe
5.4.6.7.1 - Emalhe de fundo
9 - Poluição
9.1 - Doméstica e urbana - escoamento de água
9.1.1 - Esgoto
9 - Poluição
9.1.2 - Escoamento urbano
9 - Poluição
9.2 - Industrial
9.2.1 - Derramamento de óleo
9 - Poluição
9.2.3 - Contaminação por metais pesados
9 - Poluição
9.2.4 - Resíduos líquidos diversos
9 - Poluição
9.4 - Lixo e resíduos sólidos
9.4.1 - Urbanos
9 - Poluição
9.4.2 - Industriais","1 - Alimentação humana
1.7 - Pesca artesanal
1 - Alimentação humana
1.8 - Pesca industrial
2 - Alimentação animal","Controle e fiscalização, Criação de áreas protegidas, Identificação de novas áreas protegidas, Implementação de corredores, Manejo/ordenamento de caça/pesca, Plano de Ação Nacional (PAN)",Plano de Ação Nacional para a Conservação dos Elasmobrânquios Ameaçados de Extinção,"Lista Nacional Oficial de Espécies da Fauna Ameaçadas de Extinção 2014, Lista Nacional Oficial de Espécies da Fauna Ameaçadas de Extinção 2022",,"10 , 300",gymnura altavela,CR,1.0,CR,CR
Animalia,Arthropoda,Arachnida,Araneae,Dipluridae,Harmonicon,Harmonicon cerberus,,Harmonicon cerberus,"Pedroso & Baptista, 2014","Aranha, Aranha-de-Teia-em-Funil",Invertebrados Terrestres,09/2021,Criticamente em Perigo,Não,B2ab(iii),"Harmonicon cerberus é endêmica do Brasil, conhecida de apenas uma caverna na Floresta Nacional de Carajás, Pará. A espécie é troglomórfica, e estudos em outras cavernas e no ambiente externo não a localizaram. Após a coleta do material-tipo, há dez anos, a espécie não foi mais observada. A extensão da caverna é de menos de 100 m e sua área de ocupação é estimada em menos de 10 km2. A caverna está próxima (cerca de 1 km) das áreas de prospecção de minério, o que representa uma ameaça direta à espécie. Embora a caverna seja tombada pelo IPHAN, a atividade mineradora do entorno pode afetar o interior da caverna e, consequentemente, a espécie. Considerando apenas uma localização, a espécie foi categorizada como Criticamente em Perigo (CR) segundo o critério B2ab(iii).",Sim,Sim,Pará,|Norte|,Amazônia,Sub-bacia Tocantins Baixo,FLONA Carajás,,,Não,Desconhecida,"3 - Produção energética e mineração
3.2 - Mineração
3.2.3 - Extração de minérios - subsolo",,Plano de Ação Nacional (PAN),Plano de Ação Nacional para a Conservação das Cavernas do Brasil,"Lista Nacional Oficial de Espécies da Fauna Ameaçadas de Extinção 2014, Lista Nacional Oficial de Espécies da Fauna Ameaçadas de Extinção 2022",,,harmonicon cerberus,CR,1.0,CR,CR
Animalia,Chordata,Actinopterygii,Characiformes,Characidae,Hasemania,Hasemania maxillaris,,Hasemania maxillaris,"Ellis, 1911",Lambari,Peixes Continentais,10/2019,Criticamente em Perigo,Sim,D,"Hasemania maxillaris é endêmica da bacia do rio Iguaçu, conhecida da localidade-tipo ""Porto União"", hoje União da Vitória, estado do Paraná, de um registro de 1908 e de outro exemplar mais antigo (1907) coletado no rio Negro, bacia do alto rio Iguaçu. A espécie não foi mais registrada na região, apesar da realização de esforços de coletas, em áreas bastante amostradas para estudos ictiológicos. Outras espécies de lambaris são coletadas rotineiramente. A ausência de registros há mais de 100 anos desde a descrição original, combinada com os frequentes esforços de coleta, e ao fato da localidade-tipo situar-se em áreas hoje intensamente antropizadas, permitem inferir que a população dessa espécie possa estar extinta. Dessa forma, Hasemania maxillaris foi avaliada como Criticamente em Perigo Possivelmente Extinta (CR PEX) pelo critério D.",Sim,Sim,Paraná,|Sul|,Mata Atlântica,Sub-bacia Iguaçu,,,,Desconhecido,Desconhecida,"1 - Desenvolvimento residencial e comercial
1.1 - Expansão urbana
3 - Produção energética e mineração
3.3 - Energia renovável
3.3.1 - Hidrelétricas
7 - Modificações nos sistemas naturais
7.3 - Outras modificações nos ecossistemas",,,,Lista Nacional Oficial de Espécies da Fauna Ameaçadas de Extinção 2022,,,hasemania maxillaris,CR (PEX),0.0,CR,CR
Animalia,Chordata,Actinopterygii,Characiformes,Characidae,Hasemania,Hasemania melanura,,Hasemania melanura,"Ellis, 1911",Lambari,Peixes Continentais,10/2019,Criticamente em Perigo,Sim,D,"Hasemania melanura é endêmica do Brasil, conhecida apenas da série-tipo, na bacia do rio Iguaçu, coletada em 1908, registrada apenas para “Porto União”, antigo nome da atual cidade União da Vitória, no estado do Paraná. Há um exemplar coletado em 1949 em Canoinha, estado de Santa Catarina, depositado no Museu Nacional do Rio de Janeiro, que se encontra perdido. Apesar de diversas amostragens terem sido realizadas na região da localidade-tipo, os esforços não obtiveram sucesso em capturar a espécie, embora outras espécies de lambaris tenham sido coletadas rotineiramente. A ausência de registros há mais de 100 anos desde a descrição original, combinada com os frequentes esforços de coleta, e ao fato da localidade-tipo situar-se em áreas hoje intensamente antropizadas, permitem inferir que a população dessa espécie possa estar extinta. Dessa forma, Hasemania melanura foi avaliada como Criticamente em Perigo Possivelmente Extinta (CR PEX) pelo critério D.",Sim,Sim,Paraná,|Sul|,Mata Atlântica,Sub-bacia Iguaçu,,,,Desconhecido,Desconhecida,"1 - Desenvolvimento residencial e comercial
1.1 - Expansão urbana
3 - Produção energética e mineração
3.3 - Energia renovável
3.3.1 - Hidrelétricas
7 - Modificações nos sistemas naturais
7.3 - Outras modificações nos ecossistemas",,,,Lista Nacional Oficial de Espécies da Fauna Ameaçadas de Extinção 2022,,,hasemania melanura,CR (PEX),0.0,CR,CR
Animalia,Chordata,Actinopterygii,Siluriformes,Heptapteridae,Heptapterus,Heptapterus multiradiatus,,Heptapterus multiradiatus,"Ihering, 1907",Bagrinho-do-tietê,Peixes Continentais,10/2019,Criticamente em Perigo,Sim,B1ab(iii),"Heptapterus multiradiatus é endêmica do Brasil, com distribuição extremamente restrita aos riachos do alto rio Tietê, na região da grande São Paulo e Ribeirão Pires. Existem três registros da espécie em coleções, sendo que duas dessas localidades foram destruídas pela expansão urbana. O último lote foi coletado em 1966; desde então, esforços de coleta direcionados foram empreendidos, sem sucesso. A Extensão de Ocorrência (EOO) da espécie é estimada em menos de 100 km2. As espécies do gênero são sensíveis a alterações ambientais e foi considerada apenas uma localização, com declínio continuado da qualidade do habitat. Por esses motivos, a espécie foi listada como Criticamente em Perigo (CR) pelo critério B1ab(iii), estando possivelmente extinta (PEX).",Sim,Sim,São Paulo,|Sudeste|,Mata Atlântica,Sub-bacia Tietê,,,,Desconhecido,Desconhecida,"1 - Desenvolvimento residencial e comercial
1.1 - Expansão urbana
7 - Modificações nos sistemas naturais
7.3 - Outras modificações nos ecossistemas
9 - Poluição
9.1 - Doméstica e urbana - escoamento de água
9.1.1 - Esgoto",,"Manejo de espécies, Manejo territorial, Plano de Ação Nacional (PAN)","Plano de Ação Nacional para a Conservação das Espécies de Peixes Ameaçadas de Extinção da Bacia do Alto Rio Paraná, Plano de Ação Nacional para a Conservação dos Peixes e Eglas da Mata Atlântica","Lista Nacional Oficial de Espécies da Fauna Ameaçadas de Extinção 2014, Lista Nacional Oficial de Espécies da Fauna Ameaçadas de Extinção 2022",,,heptapterus multiradiatus,CR (PEX),1.0,CR,CR
Animalia,Chordata,Amphibia,Anura,Strabomantidae,Holoaden,Holoaden bradei,,Holoaden bradei,"Lutz, 1958","Rãzinha-verrugosa-da-serra-de-Bradei, Sapinho-manicure",Anfíbios,09/2017,Criticamente em Perigo,Sim,D,"Holoaden bradei é endêmica do Brasil, do bioma Mata Atlântica, com registros somente para o Parque Nacional do Itatiaia, na divisa dos estados de Minas Gerais e Rio de Janeiro. Sua extensão de ocorrência foi estimada em 19 km2. A espécie foi registrada no solo de áreas de altitude acima de 2.000 metros. Todos os registros são históricos e Holoaden bradei não é observada desde 1979, apesar dos esforços de amostragem direcionados para ela. As causas do declínio populacional são desconhecidas. Dadas as circunstâncias, é possível supor que existam menos de 50 indivíduos maduros ou mesmo que esteja extinta. Por essas razões, Holoaden bradei foi avaliada como Criticamente em Perigo (CR) pelo critério D, estando possivelmente extinta (PEX).",Sim,Sim,"Minas Gerais, Rio de Janeiro",|Sudeste|,Mata Atlântica,"Sub-bacia Grande
Sub-bacia Paraíba do Sul",PARNA de Itatiaia,,,Não,Declinando,"11 - Mudanças e extremos climáticos
11.3 - Extremos térmicos
12 - Outras ameaças
6 - Distúrbios humanos
6.1 - Atividades recreacionais/turísticas
7 - Modificações nos sistemas naturais
7.1 - Incêndios e supressão de incêndios
7.1.1 - Aumento da frequência/intensidade de incêndios",,Plano de Ação Nacional (PAN),Plano de Ação Nacional para conservação da Herpetofauna Ameaçada da Mata Atlântica da Região Sudeste do Brasil,"Lista Nacional Oficial de Espécies da Fauna Ameaçadas de Extinção 2014, Lista Nacional Oficial de Espécies da Fauna Ameaçadas de Extinção 2022",,,holoaden bradei,CR (PEX),1.0,CR,CR
Animalia,Arthropoda,Malacostraca,Amphipoda,Hyalellidae,Hyalella,Hyalella epikarstica,,,"Rodrigues, Bueno & Ferreira, 2014",Não Informado,Invertebrados de Água Doce,05/2018,Criticamente em Perigo,Não,B1ab(iii)+2ab(iii),"Hyallela epikarstica é endêmica do Brasil e conhecida apenas da localidade-tipo, a gruta Areias de Cima, Iporanga/São Paulo, Parque Estadual Turístico do Alto Ribeira. Embora a caverna esteja em uma área protegida em bom estado de conservação, as áreas de recarga do sistema estão fora da unidade de conservação e sofrem com aporte de poluentes, principalmente esgoto doméstico e descarte de água cinza, provocando declínio da qualidade da água e, portanto, do habitat da espécie. Sua Extensão de Ocorrência e Área de Ocupação foram estimadas em menos de 10 km². Considerando uma localização, a espécie foi avaliada como Criticamente em Perigo (CR) pelos critérios B1ab(iii)+2ab(iii).",Sim,Sim,São Paulo,|Sudeste|,Mata Atlântica,Sub-bacia Litoral RJ SP,,PARQUE ESTADUAL TURÍSTICO DO ALTO DO RIBEIRA,,Não,Desconhecida,"9 - Poluição
9.1 - Doméstica e urbana - escoamento de água
9.1.1 - Esgoto
9 - Poluição
9.1.2 - Escoamento urbano
9 - Poluição
9.2 - Industrial
9.2.2 - Infiltraçao oriunda de mineração",,Plano de Ação Nacional (PAN),Plano de Ação Nacional para a Conservação das Cavernas do Brasil,Lista Nacional Oficial de Espécies da Fauna Ameaçadas de Extinção 2022,,,hyalella epikarstica,CR,0.0,CR,CR
Animalia,Arthropoda,Malacostraca,Amphipoda,Hyalellidae,Hyalella,Hyalella formosa,,,"Cardoso & Araujo, 2014",Não Informado,Invertebrados de Água Doce,05/2018,Criticamente em Perigo,Não,B2ab(iii),"Hyalella formosa é endêmica do Brasil e conhecida apenas da localidade-tipo, a Caverna das Andorinhas, no Município de Ponta Grossa/Paraná. Sua área de ocupação é estimada em menos de 10km2. A caverna não está em área protegida e a vegetação em seu entorno imediato encontra-se quase que totalmente convertida em plantações. A espécie habita o lençol freático, ambiente que pode ser afetado pelas alteração do uso do solo e pelo uso de agrotóxicos. Além disso, a caverna está inserida em um polígono minerário com requerimento de lavra. Portanto, a espécie foi categorizada como Criticamente em Perigo (CR) segundo o critério B2ab(iii).",Sim,Sim,Paraná,|Sul|,Mata Atlântica,Sub-bacia Litoral RJ SP,,ÁREA DE PROTEÇÃO AMBIENTAL ESTADUAL DA ESCARPA DEVONIANA,,Não,Desconhecida,"11 - Mudanças e extremos climáticos
11.1 - Mudança/alteração de habitat
2 - Agropecuária e Aquacultura
2.1 - Culturas anuais e perenes não-madeireiras
2.1.3 - Agricultura agro-industrial
2 - Agropecuária e Aquacultura
2.2 - Silvicultura
2.2.2 - Plantações agro-industriais
5 - Uso de recursos biológicos
5.3 - Extração florestal
5.3.5 - Motivação desconhecida
7 - Modificações nos sistemas naturais
7.3 - Outras modificações nos ecossistemas
9 - Poluição
9.3 - Agropecuária e florestal
9.3.4 - Tipo desconhecido",,Plano de Ação Nacional (PAN),Plano de Ação Nacional para a Conservação das Cavernas do Brasil,Lista Nacional Oficial de Espécies da Fauna Ameaçadas de Extinção 2022,,,hyalella formosa,CR,0.0,CR,CR
Animalia,Arthropoda,Malacostraca,Amphipoda,Hyalellidae,Hyalella,Hyalella imbya,,,"Rodrigues & Bueno, 2012",Não Informado,Invertebrados de Água Doce,05/2018,Criticamente em Perigo,Sim,B1ab(iii)+2ab(iii),"Hyalella imbya é endêmica do Brasil e conhecida somente da localidade-tipo, um habitat hipotelminorreico no município de Roque Gonzales, estado do Rio Grande do Sul. Habitats hipotelminorreicos compreendem o mais superficial entre todos os ambientes subterrâneos. Indivíduos foram coletados em 2002. Posteriormente, em 2012, em uma expedição direcionada a encontrar a espécie, constatou-se que seu ambiente encontrava-se modificado, provavelmente devido a um barramento próximo ao local, estando totalmente seco (não mais existia o habitat hipotelminorreico). Habitat semelhante não foi encontrado nas proximidades. A região no entorno imediato encontra-se com a vegetação natural totalmente convertida. O gênero é muito bem amostrado no Rio Grande do Sul. Portanto, foi categorizada como Criticamente em Perigo (CR) pelos critérios B1ab(iii)+2ab(iii), estando possivelmente extinta.",Sim,Sim,Rio Grande do Sul,|Sul|,Pampa,Sub-bacia Uruguai Médio,,,,Não,Desconhecida,"11 - Mudanças e extremos climáticos
11.1 - Mudança/alteração de habitat
1 - Desenvolvimento residencial e comercial
1.1 - Expansão urbana
2 - Agropecuária e Aquacultura
2.1 - Culturas anuais e perenes não-madeireiras
2.1.4 - Agricultura de escala desconhecida
7 - Modificações nos sistemas naturais
7.2 - Represas e uso de água
7.2.11 - Represas (tamanho desconhecido)
7 - Modificações nos sistemas naturais
7.3 - Outras modificações nos ecossistemas
9 - Poluição
9.1 - Doméstica e urbana - escoamento de água
9.1.3 - Tipo desconhecido
9 - Poluição
9.3 - Agropecuária e florestal
9.3.4 - Tipo desconhecido",,Plano de Ação Nacional (PAN),Plano de Ação Nacional para a Conservação das Cavernas do Brasil,Lista Nacional Oficial de Espécies da Fauna Ameaçadas de Extinção 2022,,,hyalella imbya,CR (PEX),0.0,CR,CR
Animalia,Chordata,Amphibia,Anura,Hylodidae,Hylodes,Hylodes glaber,,Hylodes glaber,"(Miranda-Ribeiro, 1926)",Itatiaia Tree Toad,Anfíbios,09/2017,Criticamente em Perigo,Sim,D,"Hylodes glaber é endêmica do Brasil, do bioma Mata Atlântica, sendo conhecida apenas da localidade-tipo, um riachos a 1.850 metros de altitude no Parque Nacional do Itatiaia, na fronteira entre os estados de Minas Gerais e Rio de Janeiro. A espécie não é encontrada desde 1978, apesar de esforços recentes de amostragem na região. Dadas as circunstâncias, suspeita-se que esteja extinta ou que haja menos de 50 indivíduos maduros. Por essas razões, Hylodes glaber foi avaliada como Criticamente em Perigo (CR) pelo critério D, estando possivelmente extinta (PEX).",Sim,Sim,Minas Gerais,|Sudeste|,Mata Atlântica,Sub-bacia Grande,PARNA de Itatiaia,,,Não,Declinando,"11 - Mudanças e extremos climáticos
11.3 - Extremos térmicos
12 - Outras ameaças
6 - Distúrbios humanos
6.1 - Atividades recreacionais/turísticas",,Plano de Ação Nacional (PAN),Plano de Ação Nacional para conservação da Herpetofauna Ameaçada da Mata Atlântica da Região Sudeste do Brasil,Lista Nacional Oficial de Espécies da Fauna Ameaçadas de Extinção 2022,,,hylodes glaber,CR (PEX),0.0,CR,CR
Animalia,Chordata,Amphibia,Anura,Hylodidae,Hylodes,Hylodes mertensi,,Hylodes mertensi,"(Bokermann, 1956)",Rã-de-riacho-de-Mertens,Anfíbios,11/2018,Criticamente em Perigo,Não,B1ab(iii),"Hylodes mertensi é endêmica do Brasil, sendo conhecida apenas da localidade-tipo, um fragmento de Mata Atlântica no Parque Estadual da Serra do Mar, no estado de São Paulo. A espécie possui habitat específico, tendo sido registrada em riacho no interior de floresta montanhosa. Seu último registro foi há mais de 60 anos, em 1956. Embora não haja amostragens recentes na localidade-tipo, há amostragens voltadas para anfíbios em regiões próximas, mas Hylodes mertensi não foi registrada, sugerindo que tenha distribuição bastante restrita. Assim, é possível supor que sua extensão de ocorrência seja menor que 100 km2. Embora seu registro seja em uma unidade de conservação de proteção integral, essa região sofre impacto da poluição proveniente do polo industrial da cidade de Cubatão, causando declínio contínuo da qualidade do hábitat. Considerando apenas uma localização, tendo a poluição como principal ameaça, Hylodes mertensi foi avaliada como Criticamente em Perigo (CR) pelo critério B1ab(iii).",Sim,Sim,São Paulo,|Sudeste|,Mata Atlântica,Sub-bacia Litoral SP,,PARQUE ESTADUAL DA SERRA DO MAR,,Não,Desconhecida,"9 - Poluição
9.5 - Poluição do ar
9.5.1 - Chuva ácida
9 - Poluição
9.5.2 - Fumaça (industrial
veículos
etc)",,Plano de Ação Nacional (PAN),Plano de Ação Nacional para conservação da Herpetofauna Ameaçada da Mata Atlântica da Região Sudeste do Brasil,Lista Nacional Oficial de Espécies da Fauna Ameaçadas de Extinção 2022,,,hylodes mertensi,CR,0.0,CR,CR
Animalia,Chordata,Actinopterygii,Siluriformes,Loricariidae,Hypancistrus,Hypancistrus zebra,,Hypancistrus zebra,"Isbrücker & Nijssen, 1991",Não Informado,Peixes Continentais,10/2019,Criticamente em Perigo,Não,A4cd,"Hypancistrus zebra é endêmica do Brasil, ocorrendo na região da Volta Grande do Rio Xingu, estado do Pará. A principal ameaça sobre a espécie é o impacto decorrente da construção da usina hidrelétrica (UHE) Belo Monte. A Área de Ocupação (AOO) calculada da espécie é de 528km2, e está totalmente incluída na área diretamente afetada por esta UHE. Após o enchimento do reservatório da UHE Belo Monte em 2016, parte da sua população foi intensamente afetada a montante do barramento de Pimental, pela transformação do habitat lótico para lêntico. A jusante de Pimental, a espécie está sendo impactada pela redução da vazão original e perda da regularidade natural do ciclo hidrológico, provavelmente tendo consequências no ciclo reprodutivo da espécie que acarretarão declínio populacional nos próximos anos. Adicionalmente, no trecho de vazão reduzida, a espécie está mais vulnerável à captura para o comércio ilegal de peixes ornamentais. Apesar da proibição da captura desta espécie, a pesca ilegal continua ocorrendo e cerca de 10 mil indivíduos/mês são contrabandeados via Colômbia, de onde são exportados regularmente. Considerando o impacto da construção de Belo Monte (declínio na qualidade do habitat) e a captura excessiva da espécie para o comércio ilegal de peixes ornamentais (níveis potenciais de exploração), uma janela de tempo de 10 anos entre 2016 e 2026 (tempo geracional estimado de 2,5 anos), suspeita-se um declínio populacional superior a 80%, com altíssimo risco de extinção. Nesse contexto, H. zebra foi categorizada como Criticamente em Perigo (CR) sob o critério A4cd.",Sim,Sim,Pará,|Norte|,Amazônia,Sub-bacia Xingu,,,,Não,Declinando,"3 - Produção energética e mineração
3.3 - Energia renovável
3.3.1 - Hidrelétricas
5 - Uso de recursos biológicos
5.4 - Pesca e uso de recursos aquáticos
5.4.3 - Captura intencional - comércio internacional",3 - Animais de estimação/ornamentais,"Conservação ex-situ, Plano de Ação Nacional (PAN), Proteção de locais/áreas","Plano de Ação Nacional para a Conservação das Espécies Endêmicas e Ameaçadas de Extinção da Fauna da Região do Baixo e Médio Xingu, Plano de Ação Nacional para a Conservação dos Peixes Amazônicos","CITES - Anexo II, Lista Nacional Oficial de Espécies da Fauna Ameaçadas de Extinção 2014, Lista Nacional Oficial de Espécies da Fauna Ameaçadas de Extinção 2022",,,hypancistrus zebra,CR,1.0,CR,CR
Animalia,Mollusca,Gastropoda,Stylommatophora,Odontostomidae,Hyperaulax,Hyperaulax ramagei,,,"(Smith, 1890)",Não Informado,Invertebrados Terrestres,07/2022,Criticamente em Perigo,Não,"B2ab(ii,iii,iv)","Hyperaulax ramagei é endêmica do Brasil, do Arquipélago de Fernando de Noronha, Pernambuco. Os registros são na maioria históricos e um mais recente em 2013, nenhum encontrado com exemplares vivos (somente conchas). Um registro de 2003 registrou os únicos exemplares vivos encontrados até hoje. A principal ameaça é a predação pelas espécies exóticas introduzidas no Arquipélago de Fernando de Noronha, como ratos domésticos (Ratus ratus), tejus (Salvator merianae) e gatos que pode estar suprimido a população de H. ramagei. Outra ameaça identificada é o pisoteio realizado por turistas alterando significativamente o ambiente e consequentemente declínio na qualidade do habitat. Considerando que sua distribuição é bem limitada, sua Área de Ocupação (AOO) foi calculada em 4 km², a espécie encontra-se restrita a uma localização (=1), associada ao declínio continuado inferido na qualidade do habitat e número de localizações, H. ramagei foi categorizada como Criticamente em Perigo (CR), pelo critério B2ab(ii,iii,iv).",Sim,Não,Pernambuco,|Nordeste|,Mata Atlântica,,PARNA Marinho de Fernando de Noronha,,,Não,Desconhecida,"1 - Desenvolvimento residencial e comercial
1.3 - Áreas de turismo e recreação
8 - Espécies invasoras
problemáticas e doenças
8.1 - Espécies exóticas",,Plano de Recuperação,,,,,hyperaulax ramagei,,,CR,NE
Animalia,Chordata,Actinopterygii,Characiformes,Characidae,Hyphessobrycon,Hyphessobrycon taurocephalus,,Hyphessobrycon taurocephalus,"Ellis, 1911",Lambari,Peixes Continentais,10/2019,Criticamente em Perigo,Sim,D,"Hyphessobrycon taurocephalus é endêmica do Brasil, conhecida apenas da série-tipo coletada em 1908 nas cercanias de uma antiga estação ferroviária, em ramal já desativado, às margens do rio Iguaçu, na localidade de Serrinha, próxima à cidade de Balsa Nova, no estado do Paraná. Diversos esforços de amostragem foram realizados na região da localidade-tipo e proximidades sem sucesso em capturar a espécie, embora outras espécies de lambaris tenham sido coletadas rotineiramente. A ausência de registros há mais de 100 anos desde a descrição original, combinada com os frequentes esforços de coleta, e ao fato da localidade-tipo situar-se em área hoje intensamente antropizada, permitem inferir que a população dessa espécie pode estar extinta. Por isso, H. taurocephalus foi categorizada como Criticamente em Perigo (CR) pelo critério D, estando possivelmente extinta (PE).",Sim,Sim,Paraná,|Sul|,Mata Atlântica,Sub-bacia Iguaçu,,,,Desconhecido,Desconhecida,"1 - Desenvolvimento residencial e comercial
1.1 - Expansão urbana
3 - Produção energética e mineração
3.3 - Energia renovável
3.3.1 - Hidrelétricas",,,,Lista Nacional Oficial de Espécies da Fauna Ameaçadas de Extinção 2022,,,hyphessobrycon taurocephalus,CR (PEX),0.0,CR,CR
Animalia,Chordata,Actinopterygii,Siluriformes,Loricariidae,Hypostomus,Hypostomus subcarinatus,,Hypostomus subcarinatus,"Castelnau, 1855",Cascudo,Peixes Continentais,11/2018,Criticamente em Perigo,Não,B2ab(iii),"Hypostomus subcarinatus é endêmica do Brasil e conhecida apenas de uma população na Lagoa da Pampulha, em Belo Horizonte, estado de Minas Gerais. Apesar de extenso esforço de coletas nas últimas décadas nas bacias dos rios São Francisco, Doce, Jequitinhonha, Pardo, Paraná, e Paraíba do Sul, nenhum material atribuível a espécie foi encontrado. Trata-se de uma lagoa artificial pertencente à bacia do rio das Velhas, localizada no centro da região metropolitana de Belo Horizonte, que recebe esgotos domésticos e industriais de forma intensa. A Área de Ocupação (AOO) foi calculada em 8 km2, com uma localização e declínio continuado da qualidade do habitat em função da poluição severa. Por isso, H. subcarinatus foi categorizada como Criticamente em Perigo (CR) pelo critério B2ab(iii).",Sim,Sim,Minas Gerais,|Sudeste|,Cerrado,Sub-bacia São Francisco Alto,,,,Desconhecido,Desconhecida,"8 - Espécies invasoras
problemáticas e doenças
8.1 - Espécies exóticas
8.1.1 - Espécie conhecida
8.1.1.1 - Competidores
8 - Espécies invasoras
problemáticas e doenças
8.1.1.2 - Predadores
9 - Poluição
9.1 - Doméstica e urbana - escoamento de água
9.1.1 - Esgoto
9 - Poluição
9.2 - Industrial
9.2.4 - Tipo desconhecido",1 - Alimentação humana,Plano de Ação Nacional (PAN),Plano de Ação Nacional para a Conservação das Espécies Ameaçadas de Extinção da Fauna Aquática da Bacia do Rio São Francisco - 2º ciclo,Lista Nacional Oficial de Espécies da Fauna Ameaçadas de Extinção 2022,,,hypostomus subcarinatus,CR,0.0,CR,CR
Animalia,Chordata,Actinopterygii,Cyprinodontiformes,Rivulidae,Hypsolebias,Hypsolebias adornatus,,Hypsolebias adornatus,"(Costa, 2000)",Peixe anual,Peixes Continentais,05/2019,Criticamente em Perigo,Não,"B1ab(i,ii,iv); D","Hypsolebias adornatus é endêmica do Brasil, e foi registrada em duas poças temporárias no estado da Bahia, no município de Sítio do Mato. A localidade-tipo ainda existe, com exemplares coletados em 2018, mas situa-se à beira de uma estrada em mau estado de conservação; a segunda poça foi destruída, mas as causas do seu desaparecimento são desconhecidas. Além disso, a espécie é muito apreciada por aquaristas, o que representa mais uma ameaça à sua população. Tanto a extensão de ocorrência quanto a área de ocupação da espécie são certamente menores que os limiares quantitativos de 100 km2 e 10 km2, respectivamente. O número de localizações foi calculado em um, considerando os impactos da estrada como principal ameaça à espécie. A destruição de uma das poças caracteriza declínio continuado em EOO, AOO e no número de subpopulações. Portanto, Hypsolebias adornatus foi categorizada como Criticamente em Perigo (CR) pelos critérios B1+2ab(i,ii,iv).",Sim,Sim,Bahia,|Nordeste|,Cerrado,Sub-bacia São Francisco Médio,,,,Não,Desconhecida,"4 - Transportes e serviços de transmissão
4.1 - Estradas e ferrovias
5 - Uso de recursos biológicos
5.4 - Pesca e uso de recursos aquáticos
5.4.3 - Captura intencional - comércio internacional
7 - Modificações nos sistemas naturais
7.3 - Outras modificações nos ecossistemas",3 - Animais de estimação/ornamentais,Plano de Ação Nacional (PAN),Plano de Ação Nacional para a Conservação dos Peixes Rivulídeos Ameaçados de Extinção - 2º ciclo,"Lista Nacional Oficial de Espécies da Fauna Ameaçadas de Extinção 2014, Lista Nacional Oficial de Espécies da Fauna Ameaçadas de Extinção 2022",,,hypsolebias adornatus,CR,1.0,CR,CR
Animalia,Chordata,Actinopterygii,Cyprinodontiformes,Rivulidae,Hypsolebias,Hypsolebias auratus,,Hypsolebias auratus,"(Costa & Nielsen, 2000)",Peixe anual,Peixes Continentais,05/2019,Criticamente em Perigo,Não,"B2ab(ii,iii)","Hypsolebias auratus é endêmica do Brasil e conhecida apenas de sua localidade-tipo, uma lagoa temporária de água doce, na várzea do rio Taboca, drenagem do rio Paracatu, município de Lagoa Grande, estado de Minas Gerais. A principal ameaça identificada é a destruição do hábitat pela implantação/ampliação de rodovias. Além disso, a drenagem das áreas alagáveis do rio Paracatu para expansão da atividade agrícola e a contaminação por pesticidas representam impactos adicionais. Em 2003, a lagoa temporária foi parcialmente destruída, sendo dividida ao meio para a construção de uma estrada e, posteriormente, o entorno foi convertido em pastagens. A área de ocupação (AOO) foi calculada em 4 km&sup2;, com uma única localização e declínio continuado na área de ocupação e na qualidade do habitat. Por isso, H. auratus foi categorizada como Criticamente em Perigo (CR) pelo critério B2ab(ii,iii).",Sim,Sim,Minas Gerais,|Sudeste|,Cerrado,Sub-bacia São Francisco Médio,,,,Não,Desconhecida,"2 - Agropecuária e Aquacultura
2.1 - Culturas anuais e perenes não-madeireiras
2.1.4 - Agricultura de escala desconhecida
2 - Agropecuária e Aquacultura
2.3 - Pecuária
2.3.4 - Pecuária em escala desconhecida
4 - Transportes e serviços de transmissão
4.1 - Estradas e ferrovias
7 - Modificações nos sistemas naturais
7.2 - Represas e uso de água
7.2.3 - Captação de água de superfície - uso na agricultura
9 - Poluição
9.3 - Agropecuária e florestal
9.3.3 - Herbicidas e pesticidas",3 - Animais de estimação/ornamentais,Plano de Ação Nacional (PAN),"Plano de Ação Nacional para a Conservação das Espécies Ameaçadas de Extinção da Fauna Aquática da Bacia do Rio São Francisco, Plano de Ação Nacional para a Conservação dos Peixes Rivulídeos Ameaçados de Extinção, Plano de Ação Nacional para a Conservação dos Peixes Rivulídeos Ameaçados de Extinção - 2º ciclo","Lista Nacional Oficial de Espécies da Fauna Ameaçadas de Extinção 2014, Lista Nacional Oficial de Espécies da Fauna Ameaçadas de Extinção 2022",,,hypsolebias auratus,CR,1.0,CR,CR
Animalia,Chordata,Actinopterygii,Cyprinodontiformes,Rivulidae,Hypsolebias,Hypsolebias fulminantis,,Hypsolebias fulminantis,"(Costa & Brasil, 1993)","Peixe anual, Peixe das nuvens",Peixes Continentais,05/2019,Criticamente em Perigo,Não,"B1ab(i,ii,iii,iv)+2ab(i,ii,iii,iv)","Hypsolebias fulminantis é endêmica do Brasil, da drenagem do rio das Rãs, bacia do rio São Francisco, estado da Bahia, vivendo em poças temporárias em suas várzeas. Na década de 80 era bastante abundante, encontrada em dezenas de poças numa ampla área. Atualmente, os ambientes do entorno da localidade-tipo estão altamente alterados, sendo que a espécie é ainda registrada em apenas três poças, com redução inferida de mais de 90% das subpopulações, extensão de ocorrência igual a 39 km² e área de ocupação inferior a 10 km². As ameaças sobre a espécie vão desde a destruição de seu hábitat ligada ao desenvolvimento agrícola e olarias, e coleta para aquariofilia, até o avanço desordenado da urbanização sobre os limites dos seus biótopos. Considerando a expansão urbana como principal ameaça, foram caracterizadas três localizações, referentes a cada localidade remanescente. Portanto, Hypsolebias fulminantis foi categorizada como Criticamente em Perigo (CR) pelos critérios B1ab(i,ii,iii,iv)+2ab(i,ii,iii,iv).",Sim,Sim,Bahia,|Nordeste|,Caatinga,Sub-bacia São Francisco Médio,,,,Não,Declinando,"1 - Desenvolvimento residencial e comercial
1.1 - Expansão urbana
1 - Desenvolvimento residencial e comercial
1.2 - Áreas comerciais e industriais
2 - Agropecuária e Aquacultura
2.1 - Culturas anuais e perenes não-madeireiras
2.1.4 - Agricultura de escala desconhecida
3 - Produção energética e mineração
3.3 - Energia renovável
3.3.2 - Parques eólicos
5 - Uso de recursos biológicos
5.4 - Pesca e uso de recursos aquáticos
5.4.1 - Captura intencional - subsistência/pequena escala
5.4.1.6 - Arrasto
5.4.1.6.1 - Arrasto simples
9 - Poluição
9.3 - Agropecuária e florestal
9.3.2 - Erosão do solo/sedimentação",3 - Animais de estimação/ornamentais,Plano de Ação Nacional (PAN),"Plano de Ação Nacional para a Conservação das Espécies Ameaçadas de Extinção da Fauna Aquática da Bacia do Rio São Francisco, Plano de Ação Nacional para a Conservação dos Peixes Rivulídeos Ameaçados de Extinção, Plano de Ação Nacional para a Conservação dos Peixes Rivulídeos Ameaçados de Extinção - 2º ciclo","Lista Nacional Oficial de Espécies da Fauna Ameaçadas de Extinção 2014, Lista Nacional Oficial de Espécies da Fauna Ameaçadas de Extinção 2022",,,hypsolebias fulminantis,CR,1.0,CR,CR
Animalia,Chordata,Actinopterygii,Cyprinodontiformes,Rivulidae,Hypsolebias,Hypsolebias gilbertobrasili,,Hypsolebias gilbertobrasili,"Costa, 2012","Killifish, Peixe anual",Peixes Continentais,05/2019,Criticamente em Perigo,Não,B2ab(iii),"Hypsolebias gilbertobrasili é endêmica do Brasil e conhecida apenas da localidade-tipo, um alagado sazonal que consistia em canais rasos dentro de uma floresta de Caatinga, situada numa depressão rasa que corre perpendicularmente ao rio São Francisco, ao sul da cidade de Bom Jesus da Lapa, estado da Bahia. A depressão se estende para o oeste em direção ao rio São Francisco, onde a área é intensamente desmatada. A leste, a depressão se estende por cerca de 4,5 km dentro de floresta de savana pantanosa, à época de sua descrição. Estudos de campo indicam que a espécie provavelmente se restringe a essa área de depressão, sendo substituída em áreas limítrofes por H. pterophyllus e, nas várzeas da margem oposta do rio São Francisco, por H. flagellatus. Imagens de satélite analisadas em 2019 comprovam a conversão da savana pantanosa em área aberta antropizada. A principal ameaça identificada à espécie é a destruição do hábitat. A área de ocupação (AOO) foi calculada em 4 km2, com uma localização e declínio continuado da qualidade do hábitat em função do impacto identificado. Por isso, H. gilbertobrasili foi categorizada como Criticamente em Perigo (CR) pelo critério B2ab(iii).",Sim,Sim,Bahia,|Nordeste|,Caatinga,Sub-bacia São Francisco Médio,,,,Não,Desconhecida,"7 - Modificações nos sistemas naturais
7.3 - Outras modificações nos ecossistemas",,,,Lista Nacional Oficial de Espécies da Fauna Ameaçadas de Extinção 2022,,,hypsolebias gilbertobrasili,CR,0.0,CR,CR
Animalia,Chordata,Actinopterygii,Cyprinodontiformes,Rivulidae,Hypsolebias,Hypsolebias hamadryades,,,"Costa, Amorim & Mattos, 2018",Peixe anual,Peixes Continentais,05/2019,Criticamente em Perigo,Não,B2ab(iii),"Hypsolebias hamadryades é endêmica do Brasil e conhecida apenas de sua localidade-tipo, uma lagoa situada nas planícies do rio Gorutuba, na bacia do rio São Francisco, município de Janaúba, estado de Minas Gerais. Esforços de coleta no entorno da localidade-tipo não obtiveram sucesso em registrar a espécie que, aparentemente, só ocorre naquela lagoa. A principal ameaça é a destruição do hábitat pela expansão urbana da cidade de Janaúba. A área de ocupação (AOO) foi calculada em 4 km&sup2;, com uma única localização e declínio continuado na qualidade do hábitat em decorrência do uso e ocupação do solo (rodovias, extração de argila e urbanização). Por isso, H. hamadryades foi categorizada como Criticamente em Perigo (CR) pelo critério B2ab(iii).",Sim,Sim,Minas Gerais,|Sudeste|,Cerrado,Sub-bacia São Francisco Médio,,,,Não,Desconhecida,"11 - Mudanças e extremos climáticos
11.1 - Mudança/alteração de habitat
1 - Desenvolvimento residencial e comercial
1.1 - Expansão urbana",3 - Animais de estimação/ornamentais,,,Lista Nacional Oficial de Espécies da Fauna Ameaçadas de Extinção 2022,,,hypsolebias hamadryades,CR,0.0,CR,CR
Animalia,Chordata,Actinopterygii,Cyprinodontiformes,Rivulidae,Hypsolebias,Hypsolebias janaubensis,,Hypsolebias janaubensis,"(Costa, 2006)","Peixe anual, Peixe das nuvens",Peixes Continentais,05/2019,Criticamente em Perigo,Não,"B1ab(ii,iii,iv)+2ab(ii,iii,iv)","Hypsolebias janaubensis é endêmica do Brasil, conhecida de poucas poças temporárias, fora de áreas protegidas, na cidade de Janaúba e proximidades, estado de Minas Gerais. A extensão de ocorrência (EOO) e a área de ocupação (AOO) são de 8 km². Sabe-se que uma das lagoas foi aterrada (a oeste), e duas das demais localidades, incluindo a localidade-tipo, podem ser consideradas severamente fragmentadas pelo uso e ocupação do solo (rodovias, extração de argila e urbanização). Foi constatado declínio continuado na área de ocorrência, na qualidade do hábitat e no número de subpopulações. Portanto, Hypsolebias janaubensis foi categorizada como Criticamente em Perigo (CR) pelos critérios B1+2ab(ii,iii,iv).",Sim,Sim,Minas Gerais,|Sudeste|,Cerrado,Sub-bacia São Francisco Médio,,,,Não,Declinando,"1 - Desenvolvimento residencial e comercial
1.1 - Expansão urbana
3 - Produção energética e mineração
3.2 - Mineração
3.2.5 - Extração de Argila e Brita
4 - Transportes e serviços de transmissão
4.1 - Estradas e ferrovias
7 - Modificações nos sistemas naturais
7.3 - Outras modificações nos ecossistemas",3 - Animais de estimação/ornamentais,Plano de Ação Nacional (PAN),Plano de Ação Nacional para a Conservação dos Peixes Rivulídeos Ameaçados de Extinção - 2º ciclo,"Lista Nacional Oficial de Espécies da Fauna Ameaçadas de Extinção 2014, Lista Nacional Oficial de Espécies da Fauna Ameaçadas de Extinção 2022",,,hypsolebias janaubensis,CR,1.0,CR,CR
Animalia,Chordata,Actinopterygii,Cyprinodontiformes,Rivulidae,Hypsolebias,Hypsolebias lopesi,,Hypsolebias lopesi,"(Nielsen, Shibatta, Suzart & Martín, 2010",Peixe anual,Peixes Continentais,05/2019,Criticamente em Perigo,Não,B2ab(iii),"Hypsolebias lopesi é endêmica do Brasil e conhecida apenas da localidade-tipo, uma poça temporária no riacho Santana, município de Muquém de São Francisco, estado da Bahia. A principal ameaça à espécie é a perda e degradação do habitat em função das atividades agropecuárias. Além disso, sabe-se que a poça, localizada dentro dos limites de uma propriedade rural, foi escavada e perenizada para ser utilizada como bebedouro para gado. Esforços de amostragem, sem sucesso, foram realizados de 2014 a 2016, em diferentes épocas do ano, inclusive na localidade-tipo. A área de ocupação (AOO) foi calculada em 4 km&sup2;, com uma única localização e declínio continuado da qualidade do habitat pela forte modificação da paisagem. Por isso, H. lopesi foi categorizada como Criticamente em Perigo (CR) pelo critério B2ab(iii).",Sim,Sim,Bahia,|Nordeste|,Cerrado,Sub-bacia São Francisco Médio,,,,Não,Desconhecida,"2 - Agropecuária e Aquacultura
2.1 - Culturas anuais e perenes não-madeireiras
2.1.4 - Agricultura de escala desconhecida
2 - Agropecuária e Aquacultura
2.3 - Pecuária
2.3.4 - Pecuária em escala desconhecida
7 - Modificações nos sistemas naturais
7.2 - Represas e uso de água
7.2.3 - Captação de água de superfície - uso na agricultura
7 - Modificações nos sistemas naturais
7.3 - Outras modificações nos ecossistemas",3 - Animais de estimação/ornamentais,Plano de Ação Nacional (PAN),Plano de Ação Nacional para a Conservação dos Peixes Rivulídeos Ameaçados de Extinção - 2º ciclo,"Lista Nacional Oficial de Espécies da Fauna Ameaçadas de Extinção 2014, Lista Nacional Oficial de Espécies da Fauna Ameaçadas de Extinção 2022",,,hypsolebias lopesi,CR,1.0,CR,CR
Animalia,Chordata,Actinopterygii,Cyprinodontiformes,Rivulidae,Hypsolebias,Hypsolebias marginatus,,Hypsolebias marginatus,"(Costa & Brasil, 1996)","annual fish, killifish, pearl fish, peixe anual, Peixe das nuvens",Peixes Continentais,12/2019,Criticamente em Perigo,Sim,"B2ab(ii,iii,iv); D","Hypsolebias marginatus é endêmica do Brasil e foi descrita de apenas uma poça temporária próxima ao rio dos Patos, um afluente do alto rio Maranhão, bacia do rio Tocantins, município de Barro Alto, estado de Goiás. A área da localidade-tipo, único local de registro da espécie (AOO de 4km2, com aplicação do gride de 2x2km), foi destruída devido à expansão da atividade agropecuária, substituída pelo cultivo de soja. Adicionalmente, a região possui intensa atividade pecuária e de mineração. Além disso, o relevo acidentado das áreas adjacentes à localidade-tipo não favorece a ocorrência de poças temporárias, habitat típico da espécie, o que diminui a probabilidade de sua ocorrência. Outros esforços de amostragem de Rivulidae na região não tiveram sucesso em registrar a espécie. Nesse contexto, não existem registros adicionais da espécie e suspeita-se que esteja extinta ou que haja menos de 50 indivíduos maduros. Por esse motivo, H. marginatus foi categorizada como Criticamente em Perigo (CR) pelos critérios B2ab(ii,iii,iv); D, estando possivelmente extinta.",Sim,Sim,Goiás,|Centro-Oeste|,Cerrado,Sub-bacia Tocantins Alto,,,,Não,Declinando,"2 - Agropecuária e Aquacultura
2.1 - Culturas anuais e perenes não-madeireiras
2.1.3 - Agricultura agro-industrial
2 - Agropecuária e Aquacultura
2.3 - Pecuária
2.3.4 - Pecuária em escala desconhecida
3 - Produção energética e mineração
3.2 - Mineração
3.2.6 - Tipo desconhecido",3 - Animais de estimação/ornamentais,Plano de Ação Nacional (PAN),"Plano de Ação Nacional para a Conservação dos Peixes Rivulídeos Ameaçados de Extinção, Plano de Ação Nacional para a Conservação dos Peixes Rivulídeos Ameaçados de Extinção - 2º ciclo","Lista Nacional Oficial de Espécies da Fauna Ameaçadas de Extinção 2014, Lista Nacional Oficial de Espécies da Fauna Ameaçadas de Extinção 2022",,,hypsolebias marginatus,CR (PEX),1.0,CR,CR
Animalia,Chordata,Actinopterygii,Cyprinodontiformes,Rivulidae,Hypsolebias,Hypsolebias radiosus,,Hypsolebias radiosus,"(Costa & Brasil, 2004)",Peixe anual,Peixes Continentais,08/2019,Criticamente em Perigo,Não,B2ab(iii),"Hypsolebias radiosus é endêmica do Brasil e conhecida somente da localidade-tipo, em um brejo temporário localizado na cabeceira do rio Crixás, drenagem do rio Paranã, bacia do alto rio Tocantins, estado de Goiás. Trata-se de uma área com relevo acidentado, incomum para a ocorrência de peixes anuais e esforços de amostragem não resultaram em novos registros da espécie. Na bacia do rio Paranã a atividade mineradora representa a principal ameaça à espécie. A região também é afetada por intensa expansão agropecuária. O único brejo em que a espécie foi registrada representa uma localização, com área de ocupação estimada em menos de 10 km&sup2; e declínio continuado na qualidade do habitat. Portanto, H. radiosus foi categorizada como Criticamente em Perigo (CR), pelo critério B2ab(iii).",Sim,Não,Goiás,|Centro-Oeste|,Cerrado,Sub-bacia Tocantins Alto,,,,Não,Declinando,"2 - Agropecuária e Aquacultura
3 - Produção energética e mineração
3.2 - Mineração",,Plano de Ação Nacional (PAN),,,,,hypsolebias radiosus,,,CR,NE
Animalia,Chordata,Actinopterygii,Cyprinodontiformes,Rivulidae,Hypsolebias,Hypsolebias rufus,,Hypsolebias rufus,"(Costa, Nielsen & de Luca, 2001)",Peixe anual,Peixes Continentais,05/2019,Criticamente em Perigo,Não,"B2ab(ii,iii,iv)","Hypsolebias rufus é endêmica do Brasil e conhecida de apenas uma poça temporária no trecho médio do rio São Francisco, no município de Ibiaí, estado de Minas Gerais. À época de sua descrição eram conhecidas duas poças com indivíduos da espécie, mas uma delas foi destruída devido à extração de terra para construção civil. A poça remanescente está localizada às margens de uma rodovia. A principal ameaça identificada é a destruição de hábitat por um eventual acidente com carga perigosa ou mesmo a duplicação da estrada. Além disso, a extração de terra e a captura para aquariofilia representam impactos adicionais. A área de ocupação (AOO) foi calculada em 4 km&sup2;, com uma única localização e declínio continuado na área de ocupação, qualidade do hábitat e número de subpopulações. Por isso, H. rufus foi categorizada como Criticamente em Perigo (CR) pelo critério B2ab(ii,iii,iv).",Sim,Sim,Minas Gerais,|Sudeste|,Cerrado,Sub-bacia São Francisco Médio,,,,Não,Declinando,"3 - Produção energética e mineração
3.2 - Mineração
3.2.1 - Extração de areia
4 - Transportes e serviços de transmissão
4.1 - Estradas e ferrovias
7 - Modificações nos sistemas naturais
7.3 - Outras modificações nos ecossistemas",3 - Animais de estimação/ornamentais,Plano de Ação Nacional (PAN),"Plano de Ação Nacional para a Conservação das Espécies Ameaçadas de Extinção da Fauna Aquática da Bacia do Rio São Francisco, Plano de Ação Nacional para a Conservação dos Peixes Rivulídeos Ameaçados de Extinção, Plano de Ação Nacional para a Conservação dos Peixes Rivulídeos Ameaçados de Extinção - 2º ciclo","Lista Nacional Oficial de Espécies da Fauna Ameaçadas de Extinção 2014, Lista Nacional Oficial de Espécies da Fauna Ameaçadas de Extinção 2022",,,hypsolebias rufus,CR,1.0,CR,CR
Animalia,Chordata,Actinopterygii,Cyprinodontiformes,Rivulidae,Hypsolebias,Hypsolebias tocantinensis,,Hypsolebias tocantinensis,"Nielsen, Cruz & Baptista, 2012",Peixe anual,Peixes Continentais,08/2019,Criticamente em Perigo,Não,B2ab(iii),"Hypsolebias tocantinensis é endêmica do Brasil e foi descrita de uma poça temporária próxima ao rio Lajeado, na bacia do rio Tocantins, estado do Maranhão. A espécie é conhecida apenas desta única poça com área de ocupação estimada em 4km2 (B2), que foi impactada pela construção da BR-010 (uma localização), estando inserida em uma paisagem completamente alterada por pastagens e uma estação de piscicultura, apresentando declínio da qualidade do habitat (biii). Por essas razões, H. tocantinensis foi categorizada como Criticamente em Perigo (CR) pelo critério B2ab(iii).",Sim,Sim,Maranhão,|Nordeste|,Cerrado,Sub-bacia Tocantins Alto,,,,Não,Declinando,"2 - Agropecuária e Aquacultura
2.3 - Pecuária
2.3.4 - Pecuária em escala desconhecida
2 - Agropecuária e Aquacultura
2.4 - Aquacultura marinha e de água doce
2.4.3 - Aquacultura em escala desconhecida
4 - Transportes e serviços de transmissão
4.1 - Estradas e ferrovias",,Plano de Ação Nacional (PAN),Plano de Ação Nacional para a Conservação dos Peixes Rivulídeos Ameaçados de Extinção - 2º ciclo,"Lista Nacional Oficial de Espécies da Fauna Ameaçadas de Extinção 2014, Lista Nacional Oficial de Espécies da Fauna Ameaçadas de Extinção 2022",,,hypsolebias tocantinensis,CR,1.0,CR,CR
Animalia,Chordata,Actinopterygii,Cyprinodontiformes,Rivulidae,Hypsolebias,Hypsolebias trilineatus,,Hypsolebias trilineatus,"(Costa & Brasil, 1994)",Peixe anual,Peixes Continentais,05/2019,Criticamente em Perigo,Não,B2ab(iii),"Hypsolebias trilineatus é endêmica do Brasil e conhecida de três registros em poças temporárias numa mesma área na várzea do médio rio Paracatu, bacia do médio rio São Francisco, perto da cidade de Brasilândia, estado de Minas Gerais. A principal ameaça à espécie é a destruição de hábitat pela construção e manutenção de estradas e acessos às fazendas da região. Além disso, atividades agropecuárias e o avanço da urbanização representam impactos adicionais. As poças vem sendo gradativamente fragmentadas por estradas e acessos, mas não se sabe a porção da população que foi efetivamente fragmentada. A vegetação do entorno também foi destruída. A área de ocupação (AOO) foi calculada em 8 km2, os três registros da espécie representam uma única localização e existe declínio continuado da qualidade de hábitat em função dos impactos identificados. Por isso, H. trilineatus foi categorizada como Criticamente em Perigo (CR) pelo critério B2ab(iii).",Sim,Sim,Minas Gerais,|Sudeste|,Cerrado,Sub-bacia São Francisco Médio,,,,Não,Desconhecida,"1 - Desenvolvimento residencial e comercial
1.1 - Expansão urbana
2 - Agropecuária e Aquacultura
2.1 - Culturas anuais e perenes não-madeireiras
2.1.4 - Agricultura de escala desconhecida
2 - Agropecuária e Aquacultura
2.3 - Pecuária
2.3.4 - Pecuária em escala desconhecida
4 - Transportes e serviços de transmissão
4.1 - Estradas e ferrovias
7 - Modificações nos sistemas naturais
7.3 - Outras modificações nos ecossistemas",3 - Animais de estimação/ornamentais,Plano de Ação Nacional (PAN),"Plano de Ação Nacional para a Conservação das Espécies Ameaçadas de Extinção da Fauna Aquática da Bacia do Rio São Francisco, Plano de Ação Nacional para a Conservação dos Peixes Rivulídeos Ameaçados de Extinção, Plano de Ação Nacional para a Conservação dos Peixes Rivulídeos Ameaçados de Extinção - 2º ciclo","Lista Nacional Oficial de Espécies da Fauna Ameaçadas de Extinção 2014, Lista Nacional Oficial de Espécies da Fauna Ameaçadas de Extinção 2022",,,hypsolebias trilineatus,CR,1.0,CR,CR
Animalia,Chordata,Actinopterygii,Cyprinodontiformes,Rivulidae,Hypsolebias,Hypsolebias virgulatus,,Hypsolebias virgulatus,"(Costa & Brasil, 2006)",Peixe anual,Peixes Continentais,05/2019,Criticamente em Perigo,Não,B2ab(iii),"Hypsolebias virgulatus é endêmica do Brasil, conhecida apenas da localidade-tipo, uma poça temporária localizada a aproximadamente 7 km do ribeirão Entre Rios, município de Unaí, bacia do rio São Francisco, estado de Minas Gerais. A principal ameaça à espécie é a perda do habitat pela expansão agrícola, visto que a vegetação nativa na região da microbacia da localidade-tipo foi completamente descaracterizada e substituída por plantações de soja. A Área de Ocupação (AOO) foi calculada em 4 km&sup2;, sendo identificada uma localização e declínio continuado da qualidade do habitat. Por isso, H. virgulatus foi categorizada como Criticamente em Perigo (CR) pelo critério B2ab(iii).",Sim,Sim,Minas Gerais,|Sudeste|,Cerrado,Sub-bacia São Francisco Médio,,,,Não,Desconhecida,"2 - Agropecuária e Aquacultura
2.1 - Culturas anuais e perenes não-madeireiras
2.1.4 - Agricultura de escala desconhecida
7 - Modificações nos sistemas naturais
7.3 - Outras modificações nos ecossistemas",,Plano de Ação Nacional (PAN),Plano de Ação Nacional para a Conservação dos Peixes Rivulídeos Ameaçados de Extinção - 2º ciclo,"Lista Nacional Oficial de Espécies da Fauna Ameaçadas de Extinção 2014, Lista Nacional Oficial de Espécies da Fauna Ameaçadas de Extinção 2022",,,hypsolebias virgulatus,CR,1.0,CR,CR
Animalia,Arthropoda,Arachnida,Opiliones,Gonyleptidae,Iandumoema,Iandumoema uai,,Iandumoema uai,"Pinto-da-Rocha, 1996",Não Informado,Invertebrados Terrestres,05/2018,Criticamente em Perigo,Não,B1ab(iii)+2ab(iii),"Iandumoema uai é espécie endêmica do Brasil, conhecida de duas cavernas: a gruta Olhos d´Água e a a Lapa do Cipó, no Município de Itacarambi/MG, localizados no Parque Nacional Cavernas do Peruaçu. Essas cavernas constituem um único sistema. A extensão de ocorrência e a área de ocupação são estimadas em menos de 10km². Amostragens em outras cavernas dentro do Parque não localizaram a espécie. A ressurgência da Olhos d´Água localiza-se fora dos limites do Parque Nacional. Tem sido observada diminuição da precipitação e aumento do uso de água subterrânea para fins agrícolas na região, acompanhado pela construção de várias represas a montante do sumidouro e dentro da caverna Olhos d´Água para armazenar água para uso durante a estação seca. A Lapa D'Água João Ferreira é impactada pela retirada de água. Esses impactos alteram a quantidade de alimento disponível à comunidade de troglóbios nas cavernas. Considerando uma localização, a espécie foi categorizada como Criticamente em Perigo (CR) pelos critérios B1ab(iii)+2ab(iii).",Sim,Sim,Minas Gerais,|Sudeste|,Cerrado,Sub-bacia São Francisco Médio,"APA Cavernas do Peruaçu, PARNA Cavernas do Peruaçu",,,Não,Desconhecida,"11 - Mudanças e extremos climáticos
11.1 - Mudança/alteração de habitat
2 - Agropecuária e Aquacultura
2.1 - Culturas anuais e perenes não-madeireiras
2.1.4 - Agricultura de escala desconhecida
5 - Uso de recursos biológicos
5.3 - Extração florestal
5.3.5 - Motivação desconhecida
7 - Modificações nos sistemas naturais
7.2 - Represas e uso de água
7.2.8 - Captação de água subterrânea - uso desconhecido
7 - Modificações nos sistemas naturais
7.2.9 - Represas (pequenas)
7 - Modificações nos sistemas naturais
7.3 - Outras modificações nos ecossistemas",,Plano de Ação Nacional (PAN),"Plano de Ação Nacional para a Conservação das Cavernas do Brasil, Plano de Ação Nacional para Conservação do Patrimônio Espeleológico nas Áreas Cársticas da Bacia do Rio São Francisco","Lista Nacional Oficial de Espécies da Fauna Ameaçadas de Extinção 2014, Lista Nacional Oficial de Espécies da Fauna Ameaçadas de Extinção 2022",,,iandumoema uai,CR,1.0,CR,CR
Animalia,Arthropoda,Malacostraca,Isopoda,Pudeoniscidae,Iansaoniscus,Iansaoniscus georginae,,,"Campos-Filho, Araujo & Taiti, 2017",Não Informado,Invertebrados Terrestres,02/2019,Criticamente em Perigo,Não,B2ab(iii),"Iansaoniscus georginae é endêmica do Brasil e tem distribuição restrita à localidade-tipo, a caverna das Borboletas, em Paripiranga/Bahia. Outras cavernas da região foram amostradas e a espécie não foi localizada. A região não tem proteção legal, sofre impacto pela agricultura e pastagens e, mais recentemente, pela extração de calcário para produção de cimento. Já está em licenciamento empreendimento minerário próxima a caverna, o que representa uma ameaça potencial. Considerando as ameaças atuais e uma localização, a espécie foi categorizada como Criticamente em Perigo (CR) pelo critério B2ab(iii).",Sim,Sim,Bahia,|Nordeste|,Caatinga,Sub-bacia Litoral SE,,,,Não,Desconhecida,"2 - Agropecuária e Aquacultura
2.1 - Culturas anuais e perenes não-madeireiras
2.1.4 - Agricultura de escala desconhecida
2 - Agropecuária e Aquacultura
2.3 - Pecuária
2.3.4 - Pecuária em escala desconhecida
3 - Produção energética e mineração
3.2 - Mineração
3.2.3 - Extração de minérios - subsolo",,Plano de Ação Nacional (PAN),Plano de Ação Nacional para a Conservação das Cavernas do Brasil,Lista Nacional Oficial de Espécies da Fauna Ameaçadas de Extinção 2022,,,iansaoniscus georginae,CR,0.0,CR,CR
Animalia,Arthropoda,Malacostraca,Isopoda,Pudeoniscidae,Iansaoniscus,Iansaoniscus iraquara,,,"Campos-Filho, Araujo & Taiti, 2017",Tatuzinho,Invertebrados Terrestres,02/2019,Criticamente em Perigo,Não,B2ab(iii),"Iansaoniscus iraquara é restrita à localidade-tipo, a caverna Buraco do Cão (Bolo de Noiva), município de Iraquara/Bahia. A caverna é alvo de visitação, que ocorre de forma ordenada. No entanto, as principais ameaças na região de Iraquara são a exploração drástica e descontrolada das águas subterrâneas e a poluição dos aquíferos por pesticidas. O nível das águas subterrâneas da região está diminuindo drasticamente nos últimos dois anos, algo que poderia alterar não apenas as funções do ecossistema aquático, e a caverna encontra-se próxima a um polígono minerário com requerimento de pesquisa, o que representa ameaças potenciais a espécie. Considerando as ameaças atuais e uma localização, a espécie foi categorizada como Criticamente em Perigo (CR) pelo critério B2ab(iii).",Sim,Sim,Bahia,|Nordeste|,Caatinga,Sub-bacia Itapecuru-Paraguaçu,,ÁREA DE PROTEÇÃO AMBIENTAL MARIMBUS / IRAQUARA,,Não,Desconhecida,"11 - Mudanças e extremos climáticos
11.1 - Mudança/alteração de habitat
1 - Desenvolvimento residencial e comercial
1.3 - Áreas de turismo e recreação
2 - Agropecuária e Aquacultura
2.1 - Culturas anuais e perenes não-madeireiras
2.1.4 - Agricultura de escala desconhecida
6 - Distúrbios humanos
6.1 - Atividades recreacionais/turísticas
7 - Modificações nos sistemas naturais
7.2 - Represas e uso de água
7.2.7 - Captação de água subterrânea - uso na agricultura
9 - Poluição
9.3 - Agropecuária e florestal
9.3.3 - Herbicidas e pesticidas",,Plano de Ação Nacional (PAN),Plano de Ação Nacional para a Conservação das Cavernas do Brasil,Lista Nacional Oficial de Espécies da Fauna Ameaçadas de Extinção 2022,,,iansaoniscus iraquara,CR,0.0,CR,CR
Animalia,Arthropoda,Arachnida,Araneae,Gnaphosidae,Indiani,Indiani gaspar,,,"Rodrigues, Cizauskas & Lemos, 2020",Aranha,Invertebrados Terrestres,02/2025,Criticamente em Perigo,Não,B1ab(iii)+2ab(iii),"Indiani gaspar é endêmica do Brasil, conhecida apenas de duas cavernas calcárias nas proximidades da cidade de Prados, no estado de Minas Gerais. As cavernas encontram-se em área de empreendimento minerário, que alterou profundamente o entorno imediato das cavernas, resultando em declínio continuado da qualidade do habitat. A Extensão de Ocorrência (EOO) foi calculada em menos de 1 km², com base na extensão do maciço rochoso onde as cavernas estão inseridas, sendo igualada à Área de Ocupação (AOO) calculada em 4 km². As duas cavernas são afetadas pelo empreendimento, e podem ser impactadas por um único evento relacionado à mineração, caracterizando uma localização. Por isso, I. gaspar foi categorizada como Criticamente em Perigo (CR) pelos critérios B1ab(iii)+2ab(iii).",Sim,Não,Minas Gerais,|Sudeste|,Mata Atlântica,Sub-bacia Grande,,,,Desconhecido,Desconhecida,"3 - Produção energética e mineração
3.2 - Mineração
3.2.3 - Extração de minérios - subsolo",,,,,,,indiani gaspar,,,CR,NE
Animalia,Chordata,Amphibia,Anura,Brachycephalidae,Ischnocnema,Ischnocnema epipeda,,Ischnocnema epipeda,"(Heyer, 1984)",Rãzinha-da-mata,Anfíbios,09/2017,Criticamente em Perigo,Sim,D,"Ischnocnema epipeda é endêmica do Brasil, do bioma Mata Atlântica, conhecida somente da localidade-tipo, na Reserva Biológica Augusto Ruschi, no estado do Espírito Santo, cuja área é de 35 km2. A espécie foi registrada no folhiço no interior de floresta e a última coleta foi em 1978. Desde então, a região tem sido amostrada por diferentes pesquisadores e a espécie não foi mais encontrada. A causa do desaparecimento é desconhecida. Dadas essas circunstâncias, é possível supor que existam menos de 50 indivíduos maduros da espécie. Por essas razões, Ischnocnema epipeda foi avaliada como Criticamente em Perigo (CR) pelo critério D, estando possivelmente extinta (PEX).",Sim,Sim,Espírito Santo,|Sudeste|,Mata Atlântica,,REBIO Augusto Ruschi,,,Não,Declinando,"1 - Desenvolvimento residencial e comercial
1.1 - Expansão urbana
2 - Agropecuária e Aquacultura
2.1 - Culturas anuais e perenes não-madeireiras
2.1.4 - Agricultura de escala desconhecida
2 - Agropecuária e Aquacultura
2.2 - Silvicultura
2.2.3 - Plantações em escala desconhecida
5 - Uso de recursos biológicos
5.3 - Extração florestal
5.3.2 - Uso intencional - larga escala
6 - Distúrbios humanos
6.1 - Atividades recreacionais/turísticas",,Plano de Ação Nacional (PAN),Plano de Ação Nacional para conservação da Herpetofauna Ameaçada da Mata Atlântica da Região Sudeste do Brasil,Lista Nacional Oficial de Espécies da Fauna Ameaçadas de Extinção 2022,,,ischnocnema epipeda,CR (PEX),0.0,CR,CR
Animalia,Chordata,Amphibia,Anura,Brachycephalidae,Ischnocnema,Ischnocnema garciai,,,"Taucce, Canedo & Haddad, 2018",Rãzinha-da-mata-do-Garcia,Anfíbios,09/2018,Criticamente em Perigo,Não,B2ab(iii),"Ischnocnema garciai é endêmica do Brasil, do bioma Mata Atlântica, registrada somente para a localidade-tipo, a Usina da Fumaça, no município de Muriaé, na região da Serra do Brigadeiro, no estado de Minas Gerais. Fragmentos florestais nas proximidades têm sido frequentemente amostrados desde 2005, mas a espécie não foi registrada em outras localidades. Assim, sua área de ocupação foi estimada em 5km2, considerando o tamanho do fragmento onde a espécie foi encontrada. Esse remanescente não é protegido e seu entorno encontra-se bastante desmatado devido às atividades agropecuárias, além de estar às margens de uma represa, cujas comportas da barragem são periodicamente abertas, afetando diretamente parte do hábitat da espécie e possivelmente diminuindo o recrutamento. Além disso, há atividade de turismo no local, o que provoca risco de incêndio e declínio contínuo da qualidade do hábitat devido ao acúmulo de lixo no fragmento. Considerando essas ameaças e uma localização, Ischnocnema garciai foi avaliada como Criticamente em Perigo (CR) pelo o critério B2ab(iii).",Sim,Sim,Minas Gerais,|Sudeste|,Mata Atlântica,Sub-bacia Paraíba do Sul,,,,Não,Desconhecida,"2 - Agropecuária e Aquacultura
2.1 - Culturas anuais e perenes não-madeireiras
2.1.4 - Agricultura de escala desconhecida
2 - Agropecuária e Aquacultura
2.3 - Pecuária
2.3.4 - Pecuária em escala desconhecida
3 - Produção energética e mineração
3.2 - Mineração
3.2.3 - Extração de minérios - subsolo
6 - Distúrbios humanos
6.1 - Atividades recreacionais/turísticas
7 - Modificações nos sistemas naturais
7.1 - Incêndios e supressão de incêndios
7.1.1 - Aumento da frequência/intensidade de incêndios
7 - Modificações nos sistemas naturais
7.2 - Represas e uso de água
7.2.10 - Represas (grandes)
9 - Poluição
9.4 - Lixo e resíduos sólidos
9.4.1 - Urbanos",,Plano de Ação Nacional (PAN),,Lista Nacional Oficial de Espécies da Fauna Ameaçadas de Extinção 2022,,,ischnocnema garciai,CR,0.0,CR,CR
Animalia,Arthropoda,Arachnida,Scorpiones,Buthidae,Ischnotelson,Ischnotelson guanambiensis,,Rhopalurus guanambiensis,"(Lenarducci et al., 2005)","alacrau, Escorpião, lacrau",Invertebrados Terrestres,04/2022,Criticamente em Perigo,Não,B2ab(iii),"Ischnotelson guanambiensis é registrada para a sua localidade-tipo, o município de Guanambi, no centro-sul do estado da Bahia. Amostragens até 2015 vinham registrando a espécie sempre em baixas abundâncias, somente nesta localidade. O contexto geral da paisagem é de alto nível de fragmentação, devido à urbanização, o que diminui a qualidade do habitat da espécie. Sua área de ocupação é de 4km&sup2;. Considerando uma localização e um declínio continuado estimado na qualidade do habitat, I. guanambiensis foi categorizada como Criticamente em Perigo (CR), pelo critério B2ab(iii).",Sim,Não,Bahia,|Nordeste|,Desconhecido,Sub-bacia São Francisco Médio,,,,Não,Desconhecida,"1 - Desenvolvimento residencial e comercial
1.1 - Expansão urbana
2 - Agropecuária e Aquacultura
2.1 - Culturas anuais e perenes não-madeireiras
2.1.4 - Agricultura de escala desconhecida
2 - Agropecuária e Aquacultura
2.2 - Silvicultura
2.2.3 - Plantações em escala desconhecida
2 - Agropecuária e Aquacultura
2.3 - Pecuária
2.3.4 - Pecuária em escala desconhecida
3 - Produção energética e mineração
3.2 - Mineração
3.2.6 - Tipo desconhecido",,,,,,,ischnotelson guanambiensis,,,CR,NE
Animalia,Arthropoda,Arachnida,Araneae,Ctenidae,Isoctenus,Isoctenus corymbus,,Isoctenus corymbus,"Polotow, Brescovit & Pellegatti-Franco, 2005",Aranha,Invertebrados Terrestres,09/2021,Criticamente em Perigo,Não,B1ab(iii),"Isoctenus corymbus é endêmica do Brasil, conhecida apenas para a Lapa do Angélica, no Parque Estadual de Terra Ronca, São Domingos, Goiás. Amostragens fora da caverna onde a espécie ocorre e outras do entorno não detectaram a espécie. Isoctenus corymbus foi capturada somente na zona afótica, e a sua extensão de ocorrência é estimada em 13 km2. O turismo é intenso na caverna, o que representa a principal ameaça. Assim, considerando apenas uma localização, a espécie foi categorizada como Criticamente em Perigo (CR) pelo critério B1ab(iii).",Sim,Sim,Goiás,|Centro-Oeste|,Cerrado,Sub-bacia Tocantins Alto,,PARQUE ESTADUAL DE TERRA RONCA,,Não,Desconhecida,"6 - Distúrbios humanos
6.1 - Atividades recreacionais/turísticas",,Plano de Ação Nacional (PAN),Plano de Ação Nacional para a Conservação das Cavernas do Brasil,"Lista Nacional Oficial de Espécies da Fauna Ameaçadas de Extinção 2014, Lista Nacional Oficial de Espécies da Fauna Ameaçadas de Extinção 2022",,,isoctenus corymbus,CR,1.0,CR,CR
Animalia,Chordata,Elasmobranchii,Carcharhiniformes,Carcharhinidae,Isogomphodon,Isogomphodon oxyrhynchus,,Isogomphodon oxyrhynchus,"(Müller & Henle, 1839)","cação-pato, cação-quati",Tubarões e Raias,12/2016,Criticamente em Perigo,Não,A2bd,"Isogomphodon oxyrhynchus é uma espécie de tubarão tropical com distribuição restrita e endêmica das águas costeiras do norte da América do Sul. No Brasil, ocorre na região norte, com registos confirmados até o Maranhão. Apresenta uma alta vulnerabilidade intrínseca por ter uma baixa fecundidade e uma alta taxa de mortalidade por pesca. A espécie é capturada incidentalmente na pesca artesanal com redes de emalhar e na pesca de arrasto industrial. A pressão de pesca é intensa em toda a área de ocorrência, que é naturalmente pequena, e o impacto tende a continuar a aumentar no futuro. A população pequena pode limitar a recolonização de áreas onde a espécie declinou. Estima-se que a população sofreu declínio superior a 90% no tempo de três gerações (39 anos), baseando-se no índice de abundância apropriado para o táxon e nos níveis de exploração. Por isso, I. oxyrhynchus foi categorizada como Criticamente em Perigo (CR), sob o critério A2bd",Não,Sim,"Amapá, Maranhão, Pará",|Nordeste|Norte|,Sistema Costeiro-Marinho,,"PARNA do Cabo Orange, RESEX Cururupu",ÁREA DE PROTEçãO AMBIENTAL DAS REENTRâNCIAS MARANHENSES,,Desconhecido,Declinando,"5 - Uso de recursos biológicos
5.4 - Pesca e uso de recursos aquáticos
5.4.5 - Captura indireta - subsistência/pequena escala
5.4.5.6 - Arrasto
5.4.5.6.1 - Arrasto simples
5 - Uso de recursos biológicos
5.4.5.6.2 - Arrasto duplo
5 - Uso de recursos biológicos
5.4.5.7 - Emalhe
5.4.5.7.1 - Emalhe de fundo
5 - Uso de recursos biológicos
5.4.5.7.2 - Emalhe de superfície
5 - Uso de recursos biológicos
5.4.5.7.5 - Caçoeiro
5 - Uso de recursos biológicos
5.4.5.7.6 - Feiticieira","1 - Alimentação humana
1.8 - Pesca industrial","Controle e fiscalização, Manejo/ordenamento de caça/pesca, Plano de Ação Nacional (PAN)","Plano de Ação Nacional para a Conservação dos Elasmobrânquios Ameaçados de Extinção, Plano de Ação Nacional para Conservação de Espécies Ameaçadas e de Importância Socioeconômica do Ecossistema Manguezal","CITES - Anexo II, Lista Nacional Oficial de Espécies da Fauna Ameaçadas de Extinção 2014, Lista Nacional Oficial de Espécies da Fauna Ameaçadas de Extinção 2022",,"4 , 40",isogomphodon oxyrhynchus,CR,1.0,CR,CR
Animalia,Chordata,Elasmobranchii,Lamniformes,Lamnidae,Isurus,Isurus oxyrinchus,,Isurus oxyrinchus,"Rafinesque, 1810","anequim, mako-verdadeiro, marracho, tubarão-cavala, tubarão-mako",Tubarões e Raias,12/2016,Criticamente em Perigo,Não,A4bd,"Isurus oxyrinchus é um tubarão altamente migratório encontrado entre 50ºN e 50ºS em todos os oceanos, incluindo o litoral brasileiro. É espécie alvo em pescarias com espinhéis e esportiva, sendo também fauna acompanhante em pescarias artesanais. Atualmente indivíduos adultos são praticamente ausentes nas pescarias. Assim como em outros Lamniformes, a história de vida conservativa confere a esta espécie uma resiliência muito baixa. O tempo geracional foi calculado em 20 anos e assumiu-se que a pressão pesqueira será mantida, se não aumentada. A partir dos declínios estimados entre 1979 e 2007 e das projeções futuras até o ano de 2040, infere-se uma redução populacional de pelo menos 80%, baseando-se em um índice de abundância apropriado para o táxon e em níveis reais de exploração. Por isso, I. oxyrinchus foi categorizado como Criticamente Em Perigo (CR), pelos critérios A4bd.",Não,Não,"Alagoas, Amapá, Bahia, Ceará, Espírito Santo, Maranhão, Pará, Paraíba, Paraná, Pernambuco, Piauí, Rio de Janeiro, Rio Grande do Norte, Rio Grande do Sul, Santa Catarina, São Paulo, Sergipe",|Nordeste|Norte|Sudeste|Sul|,Sistema Costeiro-Marinho,,"APA do Arquipélago de Trindade e Martim Vaz, MONA do Arquipelago Sao Pedro e Sao Paulo","APA MARINHA DO LITORAL CENTRO, PARQUE ESTADUAL MARINHO DA LAJE DE SANTOS",,Sim,Declinando,"5 - Uso de recursos biológicos
5.1 - Caça e captura de animais terrestres ou marinhos
5.1.1 - Caça/captura intencional (a espécie é o alvo)
5.1.1.4 - Esportiva
5 - Uso de recursos biológicos
5.4 - Pesca e uso de recursos aquáticos
5.4.1 - Captura intencional - subsistência/pequena escala
5.4.1.3 - Aparelho com anzol
5.4.1.3.5 - Linha de fundo e linha de mão
5 - Uso de recursos biológicos
5.4.2 - Captura intencional - larga escala
5.4.2.8 - Espinhel
5.4.2.8.1 - Espinhel de superfície
5 - Uso de recursos biológicos
5.4.3 - Captura intencional - comércio internacional
5 - Uso de recursos biológicos
5.4.5 - Captura indireta - subsistência/pequena escala
5.4.5.3 - Aparelho com anzol
5.4.5.3.5 - Linha de fundo e linha de mão
5 - Uso de recursos biológicos
5.4.5.7 - Emalhe
5.4.5.7.1 - Emalhe de fundo
5 - Uso de recursos biológicos
5.4.5.7.2 - Emalhe de superfície
5 - Uso de recursos biológicos
5.4.5.7.5 - Caçoeiro
5 - Uso de recursos biológicos
5.4.5.7.6 - Feiticieira
5 - Uso de recursos biológicos
5.4.6 - Captura indireta - larga escala
5.4.6.2 - Linha de mão
5 - Uso de recursos biológicos
5.4.6.6 - Arrasto
5.4.6.6.1 - Arrasto simples
5 - Uso de recursos biológicos
5.4.6.6.2 - Arrasto duplo
5 - Uso de recursos biológicos
5.4.6.6.3 - Arrasto de parelha
5 - Uso de recursos biológicos
5.4.6.7 - Emalhe
5.4.6.7.1 - Emalhe de fundo
5 - Uso de recursos biológicos
5.4.6.7.2 - Emalhe de superfície
5 - Uso de recursos biológicos
5.4.6.7.3 - Emalhe de meia-água
5 - Uso de recursos biológicos
5.4.6.8 - Espinhel
5.4.6.8.1 - Espinhel de superfície","14 - Artesanato
jóias
objetos decorativos
1 - Alimentação humana",,,"Convenção sobre Espécies Migratórias – CMS, CITES - Anexo II",,"0 , 900",isurus oxyrinchus,,,CR,NE
Animalia,Chordata,Actinopterygii,Siluriformes,Trichomycteridae,Ituglanis,Ituglanis bambui,,Ituglanis bambui,"Bichuette & Trajano, 2004",Bagrinho-de-caverna,Peixes Continentais,03/2021,Criticamente em Perigo,Não,"B2ab(iii,v)","Ituglanis bambui é endêmica do Brasil, conhecida de uma única caverna, a Lapa do rio Angélica, do sistema Angélica-Bezerra, drenagem do rio Paranã, bacia do alto rio Tocantins, estado de Goiás. A Área de Ocupação (AOO) foi calculada em 4 km². A caverna é muito visitada turisticamente, e a visitação se intensificou nos últimos anos, ocorrendo sem nenhum ordenamento; portanto, foi considerada a principal ameaça à espécie e configura-se uma única localização. Além do pisoteio e assoreamento do rio, a presença dos turistas provoca o afastamento dos morcegos, diminuindo a quantidade de guano e, consequentemente, dos artrópodes terrestres que fazem parte da dieta da espécie. Em 2011, foi observada redução da população em torno de 35%, o que pode estar relacionada com a visitação intensa e desordenada. No entanto, a aplicação do critério B preencheu requisitos para uma categoria de maior ameaça em relação ao critério A. Portanto, Ituglanis bambui foi categorizada como Criticamente em Perigo (CR) pelo critério B2ab(iii,v).",Sim,Sim,Goiás,|Centro-Oeste|,Cerrado,Sub-bacia Tocantins Alto,,PARQUE ESTADUAL DE TERRA RONCA,,Não,Declinando,"11 - Mudanças e extremos climáticos
11.2 - Secas
6 - Distúrbios humanos
6.1 - Atividades recreacionais/turísticas
9 - Poluição
9.3 - Agropecuária e florestal
9.3.2 - Erosão do solo/sedimentação",,Plano de Ação Nacional (PAN),Plano de Ação Nacional para a Conservação das Cavernas do Brasil,"Lista Nacional Oficial de Espécies da Fauna Ameaçadas de Extinção 2014, Lista Nacional Oficial de Espécies da Fauna Ameaçadas de Extinção 2022",,,ituglanis bambui,CR,1.0,CR,CR
Animalia,Chordata,Actinopterygii,Siluriformes,Trichomycteridae,Ituglanis,Ituglanis epikarsticus,,Ituglanis epikarsticus,"Bichuette & Trajano, 2004",Bagrinho-de-caverna,Peixes Continentais,03/2021,Criticamente em Perigo,Não,B2ab(iii),"Ituglanis epikarsticus é endêmica do Brasil e ocorre em uma única caverna, a caverna São Mateus do sistema São Mateus-Imbira, bacia do rio Paranã, alto rio Tocantins, no estado de Goiás. Ocorre em um ambiente bastante específico, um aquífero superior formado por água de infiltração na rocha, o qual aflora através de um “chuveiro” no teto da caverna, abastecendo várias poças de travertinos. A Área de Ocupação (AOO) foi calculada em 4 km² e a caverna está localizada no interior do Parque Estadual de Terra Ronca. A população fonte está no epicarste, embora exemplares sejam também observados nos travertinos. Apesar do ambiente principal da espécie estar aparentemente protegido, foram observadas reduções na vazão do aquífero superior nas últimas três décadas. Além disso, o acesso à visitação da caverna é feito pelos travertinos, e ocorre o pisoteio das poças onde a espécie é encontrada. As ameaças decorrem do avanço da agropecuária sobre o Parque, do uso de agrotóxicos aplicados por deriva, do desmatamento que causa diminuição da recarga hídrica; todos esses impactos caracterizam declínio continuado da qualidade do habitat. Considerando a contaminação química como principal ameaça, delimita-se uma localização. Portanto, Ituglanis epikarsticus foi categorizada como Criticamente em Perigo (CR) pelo critério B2ab(iii).",Sim,Sim,Goiás,|Centro-Oeste|,Cerrado,Sub-bacia Tocantins Alto,,PARQUE ESTADUAL DE TERRA RONCA,,Não,Desconhecida,"11 - Mudanças e extremos climáticos
11.2 - Secas
2 - Agropecuária e Aquacultura
2.3 - Pecuária
2.3.4 - Pecuária em escala desconhecida
6 - Distúrbios humanos
6.1 - Atividades recreacionais/turísticas
7 - Modificações nos sistemas naturais
7.3 - Outras modificações nos ecossistemas
9 - Poluição
9.3 - Agropecuária e florestal
9.3.2 - Erosão do solo/sedimentação
9 - Poluição
9.3.3 - Herbicidas e pesticidas",,Plano de Ação Nacional (PAN),Plano de Ação Nacional para a Conservação das Cavernas do Brasil,"Lista Nacional Oficial de Espécies da Fauna Ameaçadas de Extinção 2014, Lista Nacional Oficial de Espécies da Fauna Ameaçadas de Extinção 2022",,,ituglanis epikarsticus,VU,1.0,CR,VU
Animalia,Chordata,Actinopterygii,Siluriformes,Trichomycteridae,Ituglanis,Ituglanis mambai,,Ituglanis mambai,"Bichuette & Trajano, 2008",Não Informado,Peixes Continentais,03/2021,Criticamente em Perigo,Não,B2ab(iii),"Ituglanis mambai é endêmica do Brasil, conhecida de uma única localidade, um riacho subterrâneo na caverna Lapa do Sumidouro, na porção alta da bacia do rio Tocantins, no estado de Goiás. A Área de Ocupação (AOO) foi calculada em 4 km2. Os estudos disponíveis sobre densidade populacional estimaram uma população muito pequena, com menos de 250 indivíduos maduros. As ameaças decorrem do avanço da agropecuária, do uso de agrotóxicos, e do consequente assoreamento; todos esses impactos caracterizam declínio continuado da qualidade do habitat. Considerando o assoreamento como principal ameaça, delimita-se uma localização. Portanto, Ituglanis mambai foi categorizada como Criticamente em Perigo (CR) pelo critério B2ab(iii).",Sim,Sim,Goiás,|Centro-Oeste|,Cerrado,Sub-bacia Tocantins Alto,APA Nascentes do Rio Vermelho,,,Não,Desconhecida,"2 - Agropecuária e Aquacultura
2.1 - Culturas anuais e perenes não-madeireiras
2.1.4 - Agricultura de escala desconhecida
2 - Agropecuária e Aquacultura
2.3 - Pecuária
2.3.4 - Pecuária em escala desconhecida
6 - Distúrbios humanos
6.1 - Atividades recreacionais/turísticas
9 - Poluição
9.3 - Agropecuária e florestal
9.3.2 - Erosão do solo/sedimentação
9 - Poluição
9.3.3 - Herbicidas e pesticidas",,"Plano de Ação Nacional (PAN), Proteção de locais/áreas, Proteção de recursos/habitat",Plano de Ação Nacional para a Conservação das Cavernas do Brasil,"Lista Nacional Oficial de Espécies da Fauna Ameaçadas de Extinção 2014, Lista Nacional Oficial de Espécies da Fauna Ameaçadas de Extinção 2022",,,ituglanis mambai,EN,1.0,CR,EN
Animalia,Chordata,Actinopterygii,Siluriformes,Trichomycteridae,Ituglanis,Ituglanis passensis,,Ituglanis passensis,"Fernandez & Bichuette, 2002",Bagrinho-de-caverna,Peixes Continentais,03/2021,Criticamente em Perigo,Não,B2ab(iii),"Ituglanis passensis é endêmica do Brasil, encontrada em uma única caverna, a Lapa do Passa Três do sistema São Vicente, bacia do rio Paranã, alto rio Tocantins, no interior do Parque Estadual de Terra Ronca (PETER), no estado de Goiás. A Área de Ocupação (AOO) foi calculada em 4 km2. Estudos populacionais estimaram a população adulta em torno de 700 indivíduos. O rio percorre um trecho epígeo antes de penetrar no ambiente subterrâneo (sumidouro), passando por área ainda não indenizada do PETER, onde há intensa ocupação de gado. A expansão do desmatamento e a degradação das matas ciliares podem provocar assoreamento do rio e consequente diminuição do carreamento de matéria orgânica, reduzindo o alimento para as populações subterrâneas. No período de 2015 a 2020, foram observadas secas totais do riacho epígeo, assim como do trecho subterrâneo a jusante. Todos esses impactos caracterizam declínio continuado na qualidade do habitat. Considerando o assoreamento e as consequentes secas intermitentes como principal ameaça, delimita-se uma localização. Portanto, Ituglanis passensis foi categorizada como Criticamente em Perigo (CR) pelo critério B2ab(iii).",Sim,Sim,Goiás,|Centro-Oeste|,Cerrado,Sub-bacia Tocantins Alto,,PARQUE ESTADUAL DE TERRA RONCA,,Não,Desconhecida,"11 - Mudanças e extremos climáticos
11.2 - Secas
2 - Agropecuária e Aquacultura
2.3 - Pecuária
2.3.4 - Pecuária em escala desconhecida
9 - Poluição
9.3 - Agropecuária e florestal
9.3.2 - Erosão do solo/sedimentação",,Plano de Ação Nacional (PAN),Plano de Ação Nacional para a Conservação das Cavernas do Brasil,"Lista Nacional Oficial de Espécies da Fauna Ameaçadas de Extinção 2014, Lista Nacional Oficial de Espécies da Fauna Ameaçadas de Extinção 2022",,,ituglanis passensis,VU,1.0,CR,VU
Animalia,Chordata,Mammalia,Rodentia,Cricetidae,Juscelinomys,Juscelinomys candango,,Juscelinomys candango,"Moojen, 1965","Candango akodont, Candango Mouse, Rato-candango",Mamíferos,10/2021,Criticamente em Perigo,Sim,D,"Juscelinomys candango é conhecida apenas de nove espécimes da localidade-tipo, a Fundação Zoobotânica de Brasília, Distrito Federal. Essa localidade foi totalmente descaracterizada, e apesar de muitos esforços de coleta, nenhum indivíduo foi registrado desde 1960. Portanto, Juscelinomys candango foi categorizada como Criticamente em Perigo, Possivelmente Extinta (CR-PEX), pelo critério D.",Sim,Sim,Distrito Federal,|Centro-Oeste|,Cerrado,Sub-bacia Paranaíba,,,,Desconhecido,Desconhecida,"1 - Desenvolvimento residencial e comercial
1.1 - Expansão urbana",,Plano de Ação Nacional (PAN),Plano de Ação Nacional para a Conservação dos Pequenos Mamíferos de Áreas Abertas,"Lista Nacional Oficial de Espécies da Fauna Ameaçadas de Extinção 2014, Lista Nacional Oficial de Espécies da Fauna Ameaçadas de Extinção 2022",,,juscelinomys candango,CR (PEX),1.0,CR,CR
Animalia,Chordata,Actinopterygii,Characiformes,Characidae,Kolpotocheirodon,Kolpotocheirodon figueiredoi,,Kolpotocheirodon figueiredoi,"Malabarba, Lima & Weitzman, 2004",Não Informado,Peixes Continentais,10/2021,Criticamente em Perigo,Não,B1ab(iii)+2ab(iii),"Kolpotocheirodon figueiredoi é endêmica do Brasil e conhecida apenas de um pequeno trecho do rio Pratinha, drenagem do rio Santo Antônio, bacia do rio Paraguaçu, no estado da Bahia. Esta localidade está inserida em uma área privada de recreação popular, considerada um aquário natural, intensamente explorada por turistas e comunidade local. A Extensão de Ocorrência (EOO), é calculada em 14 km², considerando a área da microbacia onde a espécie é registrada, e a Área de Ocupação (AOO) calculada é de 4 km². Considerando o intenso turismo como a principal ameaça, é possível definir uma única localização. A intensificação dessas atividades também promove o declínio continuado da qualidade do habitat. Dessa forma, Kolpotocheirodon figueiredoi foi categorizada como Criticamente em Perigo (CR) pelos critérios B1ab(iii)+2ab(iii).",Sim,Sim,Bahia,|Nordeste|,Caatinga,Sub-bacia Itapecuru-Paraguaçu,,ÁREA DE PROTEÇÃO AMBIENTAL MARIMBUS / IRAQUARA,,Desconhecido,Desconhecida,"6 - Distúrbios humanos
6.1 - Atividades recreacionais/turísticas",,Plano de Ação Nacional (PAN),Plano de Ação Nacional para a Conservação dos Peixes e Eglas da Mata Atlântica,"Lista Nacional Oficial de Espécies da Fauna Ameaçadas de Extinção 2014, Lista Nacional Oficial de Espécies da Fauna Ameaçadas de Extinção 2022",,,kolpotocheirodon figueiredoi,CR,1.0,CR,CR
Animalia,Chordata,Actinopterygii,Cyprinodontiformes,Rivulidae,Kryptolebias,Kryptolebias gracilis,,Kryptolebias gracilis,"Costa, 2007","Peixe das nuvens, Peixe não-anual",Peixes Continentais,05/2019,Criticamente em Perigo,Não,"B1ab(i,ii,iii,iv)+2ab(i,ii,iii,iv)","Kryptolebias gracilis é endêmica do Brasil e conhecida da drenagem do rio Mato Grosso, Sistema Lagunar de Saquarema, município de Saquarema, estado do Rio de Janeiro. A espécie era abundante na década de 1980, mas sofreu declínios acentuados e, atualmente, é conhecida de poucos registros e apenas uma localidade. A principal ameaça, no passado, foi a extração de areia que alterou o fluxo hídrico do Sistema Lagunar de Saquarema. Atualmente a principal ameaça é a degradação do ambiente resultante da expansão urbana. A extensão de ocorrência da espécie foi estimada em menos de 100 km² (B1) e a área de ocupação foi estimada em menos de 10 km². A população remanescente está severamente fragmentada (a), com declínio continuado na extensão de ocorrência (bi), área de ocupação (bii), qualidade do habitat (biii) e número de subpopulações (biv). Portanto, Kryptolebias gracilis foi categorizada como Criticamente em Perigo (CR) pelos critérios B1ab(i,ii,iii,iv)+2ab(i,ii,iii,iv).",Sim,Sim,Rio de Janeiro,|Sudeste|,Mata Atlântica,Sub-bacia Litoral RJ,,,,Não,Declinando,"1 - Desenvolvimento residencial e comercial
1.1 - Expansão urbana
3 - Produção energética e mineração
3.2 - Mineração
3.2.1 - Extração de areia",,Plano de Ação Nacional (PAN),Plano de Ação Nacional para a Conservação dos Peixes Rivulídeos Ameaçados de Extinção - 2º ciclo,"Lista Nacional Oficial de Espécies da Fauna Ameaçadas de Extinção 2014, Lista Nacional Oficial de Espécies da Fauna Ameaçadas de Extinção 2022",,,kryptolebias gracilis,CR,1.0,CR,CR
Animalia,Mollusca,Bivalvia,Unionida,Mycetopodidae,Leila,Leila blainvilliana,,Leila blainvilliana,"(Lea, 1834)",Marisco-de-água-doce,Invertebrados de Água Doce,02/2022,Criticamente em Perigo,Não,A2ace,"Leila blainvilliana tem registros de ocorrências confirmados para o Brasil, Paraguai, Uruguai e Argentina. No Brasil, é registrada apenas no Rio Grande do Sul, na região do lago Guaíba. Trata-se de animal com aproximadamente 17 cm e, portanto, de fácil detecção e identificação e que prefere cursos inferiores de rios, com grande volume de água para sua manutenção. Na década de 70, a espécie era abundante no lago Guaíba, junto aos municípios de Porto Alegre, Viamão, Guaíba, Eldorado e Barra do Ribeiro. Apesar dos esforços de busca recentes, não houve nenhum registro da espécie e todos os registros conhecidos são atualmente considerados históricos. Atualmente, as baias destes municípios sofrem impactos pelo desflorestamentos das matas ciliares, ocupação em grande escala de agroindústria, represamento dos cursos d'água, assoreamento pelo esgoto doméstico e tomadas pelos bivalves invasores como Corbicula spp. e do mexilhão-dourado, Limnoperna fortunei. Considerando o tempo geracional estimado em 15 anos, infere-se um declínio populacional próximo de 100% nos últimos 45 anos (três gerações), prazo coincidente com a introdução de Corbicula na região. Por essas razões, Leila blainvilliana foi categorizada como Criticamente em Perigo (CR), pelo critério A2ace.",Não,Não,Rio Grande do Sul,|Sul|,Pampa,Sub-bacia Guaíba,,,,Não,Declinando,"2 - Agropecuária e Aquacultura
2.1 - Culturas anuais e perenes não-madeireiras
2.1.3 - Agricultura agro-industrial
7 - Modificações nos sistemas naturais
7.2 - Represas e uso de água
7.2.10 - Represas (grandes)
7 - Modificações nos sistemas naturais
7.3 - Outras modificações nos ecossistemas
8 - Espécies invasoras
problemáticas e doenças
8.1 - Espécies exóticas
8.1.1 - Espécie conhecida
8.1.1.1 - Competidores
9 - Poluição
9.1 - Doméstica e urbana - escoamento de água
9.1.2 - Escoamento urbano",,,,,,,leila blainvilliana,,,CR,NE
Animalia,Chordata,Mammalia,Carnivora,Felidae,Leopardus,Leopardus munoai,,,"(Ximénez, 1961)",Não Informado,Mamíferos,11/2020,Criticamente em Perigo,Não,C2a(ii),"Leopardus munoai ocorre no Uruguai, extremo nordeste da Argentina e no Brasil, é restrita às áreas abertas da porção sul do estado do Rio Grande do Sul tendo sua distribuição delimitada pelas florestas de Mata-Atlântica ao norte. A espécie apresenta abundância muito baixa no Pampa, ocorre em áreas de campos naturais que estão fragmentados por rodovias e convertidos em áreas agrícolas. Estima-se que nos últimos 15 anos ocorreu uma perda de 25,4% de área de seu habitat e um aumento de 29% nas áreas destinadas às atividades agrícolas e silvicultura em sua distribuição. O Ministério da Agricultura projeta aumentos de 32,9% na produção de soja, 31,4% na produção de papel e 18,8% na produção de celulose no RS nos próximos 10 anos. Isto indica que as perdas observadas nos anos passados devem continuar aumentando. Outras ameaças que a espécie enfrenta são as queimadas, além da predação e doenças transmitidas por cães domésticos e atropelamentos. Considerando a baixa densidade de gatos-palheiros no Pampa, usando as estimativas populacionais dos pequenos felinos em geral (0,01 indivíduos/km²) e a sua dependência por áreas bem preservadas, que em 2009 correspondiam a aproximadamente 80.852 km², a população estimada da espécie neste bioma é de 243 indivíduos maduros. Apesar de ter sido registrada na Área de Proteção Ambiental do Ibirapuitã, menos de 0.73% das áreas de adequabilidade alta para a espécie estão contidas em áreas protegidas em toda a sua distribuição. Estima-se que todos os indivíduos estejam em uma única subpopulação e, por isso, Leopardus munoai foi categorizada como Criticamente em Perigo (CR) pelo critério C2a(ii).",Não,Não,Rio Grande do Sul,|Sul|,"Pampa, Sistema Costeiro-Marinho","Sub-bacia Guaíba
Sub-bacia Ibicuí",APA Ibirapuitã,,,Não,Declinando,"1 - Desenvolvimento residencial e comercial
1.1 - Expansão urbana
2 - Agropecuária e Aquacultura
2.1 - Culturas anuais e perenes não-madeireiras
2.1.4 - Agricultura de escala desconhecida
2 - Agropecuária e Aquacultura
2.2 - Silvicultura
2.2.3 - Plantações em escala desconhecida
2 - Agropecuária e Aquacultura
2.3 - Pecuária
2.3.4 - Pecuária em escala desconhecida
4 - Transportes e serviços de transmissão
4.1 - Estradas e ferrovias
4 - Transportes e serviços de transmissão
4.2 - Atropelamentos
5 - Uso de recursos biológicos
5.1 - Caça e captura de animais terrestres ou marinhos
5.1.1 - Caça/captura intencional (a espécie é o alvo)
5.1.1.6 - Retaliação/controle
7 - Modificações nos sistemas naturais
7.1 - Incêndios e supressão de incêndios
7.1.1 - Aumento da frequência/intensidade de incêndios
8 - Espécies invasoras
problemáticas e doenças
8.1 - Espécies exóticas
8.1.1 - Espécie conhecida
8.1.1.4 - Patógenos/Parasitas
8 - Espécies invasoras
problemáticas e doenças
8.2 - Espécies domésticas",,Plano de Ação Nacional (PAN),"Plano de Ação Nacional para a Conservação dos Pequenos Felinos - 2º ciclo, Plano de Ação Nacional para a Conservação dos Pequenos Felinos Ameaçados de Extinção",,,,leopardus munoai,,,CR,NE
Animalia,Chordata,Aves,Passeriformes,Furnariidae,Leptasthenura,Leptasthenura platensis,,Leptasthenura platensis,"Reichenbach, 1853",rabudinho,Aves,10/2021,Criticamente em Perigo,Não,D,"Leptasthenura platensis ocorre na Argentina, Uruguai, Paraguai e sul do Brasil - apenas no Rio Grande do Sul, em formação parque espinilho. Dentre as espécies que ocorrem nesse habitat, no Brasil, esta é a que apresenta os menores contingentes populacionais. Também apresenta maior especificidade de habitat, restringindo-se a áreas de parque espinilho stricto sensu. Com base em amostragens quantitativas observadas em campo, estima-se que a população total no Brasil seja de 28 indivíduos maduros. Tendo em vista a mobilidade supostamente baixa da espécie, suspeita-se que não haja fluxo significativo de indivíduos a partir do território uruguaio e argentino, não alterando a categoria definida. Dessa forma, L. platensis foi categorizada como Criticamente em Perigo (CR) pelo critério D.",Não,Sim,Rio Grande do Sul,|Sul|,Pampa,,,,,Não,Declinando,"2 - Agropecuária e Aquacultura
2.1 - Culturas anuais e perenes não-madeireiras
2.1.4 - Agricultura de escala desconhecida
2 - Agropecuária e Aquacultura
2.3 - Pecuária
2.3.4 - Pecuária em escala desconhecida
5 - Uso de recursos biológicos
5.3 - Extração florestal
5.3.5 - Motivação desconhecida
7 - Modificações nos sistemas naturais
7.1 - Incêndios e supressão de incêndios
7.1.1 - Aumento da frequência/intensidade de incêndios",,"Conscientização/comunicação, Controle e fiscalização, Criação de áreas protegidas, Implementação de áreas protegidas, Implementação de corredores, Plano de Ação Nacional (PAN), Proteção de locais/áreas","Plano de Ação Nacional para a Conservação das Aves dos Campos Sulinos - 2º ciclo, Plano de Ação Nacional para a Conservação dos Passeriformes Ameaçados dos Campos Sulinos e Espinilho","Lista Nacional Oficial de Espécies da Fauna Ameaçadas de Extinção 2014, Lista Nacional Oficial de Espécies da Fauna Ameaçadas de Extinção 2022",,,leptasthenura platensis,CR,1.0,CR,CR
Animalia,Arthropoda,Arachnida,Palpigradi,Eukoeneniidae,Leptokoenenia,Leptokoenenia pelada,,Leptokoenenia pelada,"Souza & Ferreira, 2013",palpígrado,Invertebrados Terrestres,09/2021,Criticamente em Perigo,Não,B2ab(iii),"Leptokoenenia pelada é endêmica do Brasil, conhecida apenas da localidade-tipo, uma caverna na região da Serra Pelada, em Curionópolis, estado do Pará. Houve esforço amostral em outras cavernas nas proximidades e essa espécie não foi registrada. A AOO foi estimada em 4 km&sup2;. A caverna onde a espécie foi encontrada é afetada pela exploração de minério de ferro e inserida em um contexto de desmatamento intenso. Portanto, L. pelada foi categorizada como Criticamente em Perigo (CR) pelos critério B2ab(iii).",Sim,Sim,Pará,|Norte|,Amazônia,Sub-bacia Tocantins Baixo,,,,Não,Desconhecida,"3 - Produção energética e mineração
3.2 - Mineração
3.2.3 - Extração de minérios - subsolo
7 - Modificações nos sistemas naturais
7.3 - Outras modificações nos ecossistemas",,Plano de Ação Nacional (PAN),Plano de Ação Nacional para a Conservação das Cavernas do Brasil,"Lista Nacional Oficial de Espécies da Fauna Ameaçadas de Extinção 2014, Lista Nacional Oficial de Espécies da Fauna Ameaçadas de Extinção 2022",,,leptokoenenia pelada,CR,1.0,CR,CR
Animalia,Chordata,Actinopterygii,Cyprinodontiformes,Rivulidae,Leptolebias,Leptolebias marmoratus,,Leptolebias marmoratus,"(Ladiges, 1934)","Peixe anual, Peixe das nuvens",Peixes Continentais,05/2019,Criticamente em Perigo,Não,"B1ab(i,ii,iii,iv)","Leptolebias marmoratus é endêmica do Brasil e ocorria originalmente nas planícies costeiras da baixada fluminense, próximo a riachos que drenam em direção à baía de Guanabara, estado do Rio de Janeiro. A espécie foi considerada comum na base da serra de Petrópolis, em Raiz da Serra (hoje Inhomirim), durante as décadas de 1930 e 1940; porém, desapareceu após a devastação das florestas locais e foi considerada como presumivelmente extinta. Foi redescoberta no ano de 2000, em poças florestais na Vila de Cava, Nova Iguaçu, Rio de Janeiro, em uma localidade a aproximadamente 30 km em linha reta da localidade-tipo, sendo esta considerada a única subpopulação hoje existente. É exclusiva de pequenos canais em florestas, e no passado foi considerada abundante na região da localidade-tipo. Apesar de existirem esforços de amostragem na região de ocorrência da espécie, não foram encontrados exemplares da mesma na última década. A Extensão de Ocorrência (EOO) calculada é de 24 km². Em função da forte redução de seus ambientes originais, considera-se a população severamente fragmentada. Desta forma, Leptolebias marmoratus foi categorizada como Criticamente em Perigo (CR) pelo critério B1ab(i,ii,iii,iv).",Sim,Sim,Rio de Janeiro,|Sudeste|,Mata Atlântica,Sub-bacia Litoral RJ,,ÁREA DE PROTEçãO AMBIENTAL DO ALTO IGUAçU,,Não,Declinando,"1 - Desenvolvimento residencial e comercial
1.1 - Expansão urbana",,Plano de Ação Nacional (PAN),"Plano de Ação Nacional para a Conservação dos Peixes Rivulídeos Ameaçados de Extinção, Plano de Ação Nacional para a Conservação dos Peixes Rivulídeos Ameaçados de Extinção - 2º ciclo","Lista Nacional Oficial de Espécies da Fauna Ameaçadas de Extinção 2014, Lista Nacional Oficial de Espécies da Fauna Ameaçadas de Extinção 2022",,,leptolebias marmoratus,CR,1.0,CR,CR
Animalia,Chordata,Actinopterygii,Cyprinodontiformes,Rivulidae,Leptopanchax,Leptopanchax citrinipinnis,,Leptolebias citrinipinnis,"Costa, Lacerda & Tanizaki, 1988","Peixe anual, Peixe das nuvens",Peixes Continentais,05/2019,Criticamente em Perigo,Não,"B2ab(i,ii,iii,iv)","Leptopanchax citrinipinnis é endêmica do Brasil, sendo conhecida apenas da restinga de Maricá, entre Barra de Maricá e Itaipuaçu, estado do Rio de Janeiro. Sua Área de Ocupação (AOO) atual foi calculada em 4 km². A espécie é rara e de distribuição restrita, presente em biótopos específicos da restinga, a qual vem sendo destruída ao longo dos últimos anos em função de forte especulação imobiliária e degradação de habitat, gerando severa fragmentação da população. A implantação de um complexo turístico residencial na área de ocorrência da espécie é uma ameaça real e grave, e descaracterizou um dos registros. Apesar da proposição da criação de uma RPPN pelo empreendedor, a mesma não contemplará a proteção dos pontos de ocorrência conhecidos para a espécie. Considerando a presença das ameaças e os declínios populacionais passados, Leptopanchax citrinipinnis foi categorizada como Criticamente em Perigo (CR) pelo critério B2ab(i,ii,iii,iv).",Sim,Sim,Rio de Janeiro,|Sudeste|,Mata Atlântica,Sub-bacia Litoral RJ,,ÁREA DE PROTEÇÃO AMBIENTAL DE MARICÁ,,Desconhecido,Declinando,"1 - Desenvolvimento residencial e comercial
1.3 - Áreas de turismo e recreação
6 - Distúrbios humanos
6.1 - Atividades recreacionais/turísticas",,Plano de Ação Nacional (PAN),"Plano de Ação Nacional para a Conservação dos Peixes Rivulídeos Ameaçados de Extinção, Plano de Ação Nacional para a Conservação dos Peixes Rivulídeos Ameaçados de Extinção - 2º ciclo","Lista Nacional Oficial de Espécies da Fauna Ameaçadas de Extinção 2014, Lista Nacional Oficial de Espécies da Fauna Ameaçadas de Extinção 2022",,,leptopanchax citrinipinnis,CR,1.0,CR,CR
Animalia,Chordata,Actinopterygii,Cyprinodontiformes,Rivulidae,Leptopanchax,Leptopanchax itanhaensis,,Leptolebias itanhaensis,"(Costa, 2008)","Peixe anual, Peixe das nuvens",Peixes Continentais,05/2019,Criticamente em Perigo,Não,"B2ab(i,ii,iii,iv)","Leptopanchax itanhaensis é endêmica do Brasil, conhecida da localidade-tipo e mais um ponto nas proximidades, localizados em área urbanizada no município de Itanhaém, estado de São Paulo. A poça de onde a espécie foi descrita foi destruída em 2007. Esforços intensos de coleta já foram realizados na área de entorno, a princípio sem sucesso. Em 2017 a espécie foi reencontrada em duas outras poças muito próximas, na região da localidade-tipo, constituindo-se em uma única localidade. O entorno do local encontra-se visivelmente degradado, há despejo de efluentes próximos e não há sistema de coleta ou tratamento de esgoto nas residências do entorno. A principal ameaça identificada é a expansão urbana e o interesse que a espécie desperta para o mercado de aquariofilia. Sua Área de Ocupação (AOO) é de 4 km². Dessa forma, Leptopanchax itanhaensis foi categorizada como Criticamente em Perigo (CR) pelo critério B2ab(i,ii,iii,iv).",Sim,Sim,São Paulo,|Sudeste|,Mata Atlântica,Sub-bacia Litoral SP,,,,Desconhecido,Desconhecida,"1 - Desenvolvimento residencial e comercial
1.1 - Expansão urbana
5 - Uso de recursos biológicos
5.4 - Pesca e uso de recursos aquáticos
5.4.1 - Captura intencional - subsistência/pequena escala
5.4.1.1 - Coleta manual
9 - Poluição
9.1 - Doméstica e urbana - escoamento de água
9.1.1 - Esgoto",3 - Animais de estimação/ornamentais,Plano de Ação Nacional (PAN),Plano de Ação Nacional para a Conservação dos Peixes Rivulídeos Ameaçados de Extinção - 2º ciclo,"Lista Nacional Oficial de Espécies da Fauna Ameaçadas de Extinção 2014, Lista Nacional Oficial de Espécies da Fauna Ameaçadas de Extinção 2022",,,leptopanchax itanhaensis,CR,1.0,CR,CR
Animalia,Chordata,Actinopterygii,Cyprinodontiformes,Rivulidae,Leptopanchax,Leptopanchax opalescens,,Leptolebias opalescens,"(Myers, 1942)","Peixe anual, Peixe das nuvens",Peixes Continentais,05/2019,Criticamente em Perigo,Não,"B2ab(i,ii,iii,iv)","Leptopanchax opalescens é endêmica do Brasil, ocorrendo em pequenas poças dentro e nas bordas de florestas, no estado do Rio de Janeiro. Foi abundante no passado, com diversos registros datados da década de 1940. Com o avanço da ocupação da baixada fluminense, seus habitats originais foram destruídos ou degradados, resultando na fragmentação severa da população. A espécie havia sido registrada pela última vez na década de 1980 em Nova Iguaçu Seropédica, e só foi reencontrada em 2012, no campo militar de Gericinó, localizado no município do Rio de Janeiro. A atual Área de Ocupação (AOO) da espécie é de 4 km². Próximo a essa área está prevista a construção de um autódromo, cujo desenvolvimento da obra pode afetar o único ponto onde a espécie ainda é registrada. Dessa forma, Leptopanchax opalescens foi categorizada como Criticamente em Perigo (CR) pelo critério B2ab(i,ii,iii,iv).",Sim,Sim,Rio de Janeiro,|Sudeste|,Mata Atlântica,Sub-bacia Litoral RJ,,,,Desconhecido,Declinando,"1 - Desenvolvimento residencial e comercial
1.1 - Expansão urbana
6 - Distúrbios humanos
6.2 - Exercícios militares
distúrbio civil
guerra",,Plano de Ação Nacional (PAN),"Plano de Ação Nacional para a Conservação dos Peixes Rivulídeos Ameaçados de Extinção, Plano de Ação Nacional para a Conservação dos Peixes Rivulídeos Ameaçados de Extinção - 2º ciclo","Lista Nacional Oficial de Espécies da Fauna Ameaçadas de Extinção 2014, Lista Nacional Oficial de Espécies da Fauna Ameaçadas de Extinção 2022",,,leptopanchax opalescens,CR,1.0,CR,CR
Animalia,Chordata,Actinopterygii,Cyprinodontiformes,Rivulidae,Leptopanchax,Leptopanchax sanguineus,,,"Costa, 2019",Peixe anual,Peixes Continentais,09/2021,Criticamente em Perigo,Sim,B2ab(iii),"Leptopanchax sanguineus é endêmica do Brasil e conhecida apenas do material-tipo, coletado em uma poça temporária próxima à vila de Citrolândia, bacia do rio Magé, no estado do Rio de Janeiro. Essa poça localizava-se num fragmento bem preservado de cerca de 200.000 m2 da floresta original que anteriormente ocupava as planícies ao redor da serra costeira, na área da atual Reserva Particular do Patrimônio Natural Campo Escoteiro Geraldo Hugo Nunes. Os canais de pântanos rasos e temporários desapareceram, provavelmente em decorrência do rebaixamento do lençol freático causado pelo desvio das águas dos riachos para abastecer uma piscicultura ornamental nas proximidades da RPPN, configurando a principal ameaça à espécie. L. sanguineus não é encontrada desde 1987, apesar de esforços anuais de amostragem entre 1989 e 2000 e esforços mensais em 2001, além de tentativas esporádicas em outras localidades da bacia do rio Magé, incluindo seus cursos superior e inferior, indicando que a espécie pode já estar extinta. Nesse contexto, a Área de Ocupação (AOO) foi calculada em 4 km², com uma localização e declínio continuado na qualidade do habitat em função do rebaixamento do lençol freático e consequente desaparecimento dos canais de pântanos rasos e temporários. Por isso, L. sanguineus foi categorizada como Criticamente em Perigo (CR) pelo critério B2ab(iii), estando Possivelmente Extinta (PEX).",Sim,Não,Rio de Janeiro,|Sudeste|,Mata Atlântica,Sub-bacia Litoral RJ,,,,Não,Declinando,"7 - Modificações nos sistemas naturais
7.2 - Represas e uso de água
7.2.11 - Represas (tamanho desconhecido)
7 - Modificações nos sistemas naturais
7.3 - Outras modificações nos ecossistemas",,,,,,,leptopanchax sanguineus,,,CR,NE
Animalia,Chordata,Actinopterygii,Cyprinodontiformes,Rivulidae,Leptopanchax,Leptopanchax splendens,,Leptolebias splendens,"Myers, 1942","Peixe anual, Peixe das nuvens",Peixes Continentais,05/2019,Criticamente em Perigo,Não,"B2ab(i,ii,iii,iv)","Leptopanchax splendens é endêmica do Brasil, exclusiva de poças efêmeras na bacia do rio Estrela, entorno da baía de Guanabara, estado do Rio de Janeiro. Foi abundante no passado, com diversos registros datados da década de 1940. A espécie vem sofrendo severa fragmentação do seu habitat devido à expansão do ambiente urbano. Com o avanço da ocupação da baixada fluminense, seus habitats originais foram destruídos e a espécie deixou de ser amostrada. Em 2018, uma subpopulação foi encontrada no município de Duque de Caxias, em um fragmento de floresta. A atual Área de Ocupação (AOO) da espécie é de 4 km² e a principal ameaça a esta subpopulação remanescente é a proximidade de uma mineração de calcário para produção de cimento, cujo local é de propriedade do empreendedor. Portanto, Leptopanchax splendens foi categorizada como Criticamente em Perigo (CR) pelo critério B2ab(i,ii,iii,iv).",Sim,Sim,Rio de Janeiro,|Sudeste|,Mata Atlântica,Sub-bacia Litoral RJ,,,,Desconhecido,Declinando,"1 - Desenvolvimento residencial e comercial
1.1 - Expansão urbana
3 - Produção energética e mineração
3.2 - Mineração
3.2.2 - Extração de seixo/pedra",,Plano de Ação Nacional (PAN),"Plano de Ação Nacional para a Conservação dos Peixes Rivulídeos Ameaçados de Extinção, Plano de Ação Nacional para a Conservação dos Peixes Rivulídeos Ameaçados de Extinção - 2º ciclo","Lista Nacional Oficial de Espécies da Fauna Ameaçadas de Extinção 2014, Lista Nacional Oficial de Espécies da Fauna Ameaçadas de Extinção 2022",,,leptopanchax splendens,CR,1.0,CR,CR
Animalia,Arthropoda,Arachnida,Pseudoscorpiones,Chernetidae,Maxchernes,Maxchernes iporangae,,Maxchernes iporangae,"Mahnert & Andrade, 1998",Não Informado,Invertebrados Terrestres,05/2018,Criticamente em Perigo,Não,B2ab(iii),"Maxchernes iporangae é uma espécie endêmica do Brasil, guanóbio e troglóbio, registrada para duas cavernas do Parque Estadual Turístico do Alto Ribeira, Iporanga, São Paulo. A ocorrência desta espécie na Caverna Ressurgência das Areias de Águas Quentes pode ser acidental, visto a especificidade de microhabitat de M. iporangae e a possibilidade de dispersão do único indivíduo encontrado por forese. Para a avaliação foi considerado apenas o registro na gruta Alambari de Baixo, e sua área de ocupação é estimada em menos de 10 km². A população de M. iporangae apresenta grande densidade em pilhas de guano no interior de cavernas. A principal ameaça é a passagem de turistas que, além do pisoteio, causam perturbações nas colônias de morcegos, que são os principais responsáveis por fornecer o microhabitat onde eles habitam. Mesmo com o plano de manejo espeleológico implementado, a condição ambiental da caverna não sofreu alteração. Portanto Maxchernes iporangae foi classificada como Criticamente em Perigo (CR), pelo critério B2ab(iii).",Sim,Sim,São Paulo,|Sudeste|,Mata Atlântica,Sub-bacia Litoral RJ SP,,PARQUE ESTADUAL TURÍSTICO DO ALTO DO RIBEIRA,,Não,Desconhecida,"11 - Mudanças e extremos climáticos
11.1 - Mudança/alteração de habitat
6 - Distúrbios humanos
6.1 - Atividades recreacionais/turísticas",,Plano de Ação Nacional (PAN),Plano de Ação Nacional para a Conservação das Cavernas do Brasil,"Lista Nacional Oficial de Espécies da Fauna Ameaçadas de Extinção 2014, Lista Nacional Oficial de Espécies da Fauna Ameaçadas de Extinção 2022",,,maxchernes iporangae,CR,1.0,CR,CR
Animalia,Mollusca,Gastropoda,Stylommatophora,Strophocheilidae,Megalobulimus,Megalobulimus fragilior,,Megalobulimus fragilior,"(Ihering, 1901)",Aruá-do-mato,Invertebrados Terrestres,07/2022,Criticamente em Perigo,Não,"B2ab(ii,iii,iv)","Megalobulimus fragilior é endêmica do Brasil, com registros de ocorrência para os municípios Santo André e Cubatão, São Paulo. A última coleta foi realizada em 1998 e a espécie também é rara em coleções. A população encontra-se severamente fragmentada devido à intensa exploração da mata atlântica, que atualmente está restrita a pequenos fragmentos, principalmente devido à urbanização, presença de rodovias e poluição do polo industrial de Cubatão. Por ser uma espécie de baixa mobilidade e dispersão, assume-se que esteja restrita aos remanescentes, com Área de Ocupação calculada em 8 km². Além disso, é um gênero facilmente confundido com a espécie exótica Achatina fulica, capaz de transmitir doenças, podendo desta forma, ser alvo de coleta e abate pela população. Outras ameaças relevantes são a poluição e o aumento da incidência de fogo, que contribuem para o declínio continuado da área de ocupação, qualidade do habitat e número de localizações (=2). Portanto, M. fragilior foi categorizada como Criticamente em Perigo (CR), pelos critérios B2ab(ii,iii,iv).",Sim,Não,São Paulo,|Sudeste|,Mata Atlântica,Sub-bacia Litoral SP,,PARQUE ESTADUAL DA SERRA DO MAR,,Não,Desconhecida,"1 - Desenvolvimento residencial e comercial
1.1 - Expansão urbana
4 - Transportes e serviços de transmissão
4.1 - Estradas e ferrovias
7 - Modificações nos sistemas naturais
7.1 - Incêndios e supressão de incêndios
7.1.1 - Aumento da frequência/intensidade de incêndios
8 - Espécies invasoras
problemáticas e doenças
8.1 - Espécies exóticas
9 - Poluição
9.2 - Industrial","14 - Artesanato
jóias
objetos decorativos
3 - Animais de estimação/ornamentais",Educação e comunicação,,,,,megalobulimus fragilior,,,CR,NE
Animalia,Mollusca,Gastropoda,Stylommatophora,Strophocheilidae,Megalobulimus,Megalobulimus parafragilior,,Megalobulimus parafragilior,Leme & Indrusiak,Caracol-gigante,Invertebrados Terrestres,07/2022,Criticamente em Perigo,Não,"B2ab(ii,iii,iv)","Megalobulimus parafragilior é endêmica do Brasil, com registros de ocorrência para Cubatão (localidade tipo), no Parque Estadual da Serra do Mar (núcleo Itutinga-Pilões), estado de São Paulo. Não há dados populacionais disponíveis, entretanto o habitat, descrito para espécie, encontra-se fragmentado, devido à intensa exploração da mata atlântica, principalmente devido à urbanização, presença de rodovias e poluição no polo industrial de Cubatão, SP. Além disso, M. parafragilior pode ser facilmente confundida com a espécie exótica Achatina fulica, e desta forma, pode ser alvo de coleta e abate pelos moradores da região. Por ser uma espécie de baixa mobilidade e dispersão, assume-se que esteja restrita aos remanescentes, com Área de Ocupação calculada em 4 km². Portanto, considerou-se um declínio continuado da área de ocupação, qualidade do habitat e número de localizações (=1). Portanto, M. parafragilior foi categorizada como Criticamente em Perigo (CR), pelo critério B2ab(ii,iii,iv).",Sim,Não,São Paulo,|Sudeste|,Mata Atlântica,Sub-bacia Litoral SP,,PARQUE ESTADUAL DA SERRA DO MAR,,Não,Desconhecida,"1 - Desenvolvimento residencial e comercial
1.1 - Expansão urbana
7 - Modificações nos sistemas naturais
8 - Espécies invasoras
problemáticas e doenças
8.1 - Espécies exóticas","14 - Artesanato
jóias
objetos decorativos
1 - Alimentação humana
3 - Animais de estimação/ornamentais",Educação e comunicação,,,,,megalobulimus parafragilior,,,CR,NE
Animalia,Chordata,Amphibia,Anura,Bufonidae,Melanophryniscus,Melanophryniscus admirabilis,,Melanophryniscus admirabilis,"Di Bernardo, Maneyro & Grillo, 2006","Sapinho-admirável-de-barriga-vermelha, Sapinho-da-barriga-colorida",Anfíbios,09/2018,Criticamente em Perigo,Não,B1ab(iii)+2ab(iii),"Melanophryniscus admirabilis é endêmica do Brasil, com registros somente ao longo de um trecho de 2,2 km do rio Forqueta, em um vale estreito limitado por encostas íngremes, nos municípios de Arvorezinha e Soledade, no limite sul da Mata Atlântica no estado do Rio Grande do Sul. A espécie é de encontro frequente na sua localidade, contudo, provavelmente a população é reduzida. Estima-se que sua extensão de ocorrência seja menor que 1 km&sup2; e, dada a pouca disponibilidade de ambientes utilizados pela espécie, a área de ocupação é ainda menor. Atualmente, as principais ameaças são a perda e fragmentação do hábitat, coleta ilegal de espécimes, uso de agroquímicos provenientes das plantações de fumo adjacentes às encostas do vale do rio Forqueta e impactos impostos pelos turistas, que causam também declínio contínuo da qualidade do hábitat. O projeto de instalação de uma pequena central hidrelétrica teve a licença negada em 2014, mas ainda é uma ameaça potencial. Considerando uma localização, Melanophryniscus admirabilis foi avaliada como Criticamente em Perigo (CR) pelos critérios B1ab(iii)+2ab(iii).",Sim,Sim,Rio Grande do Sul,|Sul|,Mata Atlântica,Sub-bacia Guaíba,,,,Não,Desconhecida,"2 - Agropecuária e Aquacultura
2.1 - Culturas anuais e perenes não-madeireiras
2.1.4 - Agricultura de escala desconhecida
3 - Produção energética e mineração
3.3 - Energia renovável
3.3.1 - Hidrelétricas
5 - Uso de recursos biológicos
5.1 - Caça e captura de animais terrestres ou marinhos
5.1.1 - Caça/captura intencional (a espécie é o alvo)
5.1.1.2 - Comercial - Nacional/Local
5 - Uso de recursos biológicos
5.1.1.3 - Comercial - Internacional
6 - Distúrbios humanos
6.1 - Atividades recreacionais/turísticas
8 - Espécies invasoras
problemáticas e doenças
8.1 - Espécies exóticas
8.1.1 - Espécie conhecida
8.1.1.4 - Patógenos/Parasitas
9 - Poluição
9.3 - Agropecuária e florestal
9.3.3 - Herbicidas e pesticidas",3 - Animais de estimação/ornamentais,"Conscientização/comunicação, Criação de áreas protegidas, Plano de Ação Nacional (PAN)","Plano de Ação Nacional para a Conservação da Herpetofauna do Sul - 2º ciclo, Plano de Ação Nacional para a Conservação de Répteis e Anfíbios Ameaçados da Região Sul do Brasil","Lista Nacional Oficial de Espécies da Fauna Ameaçadas de Extinção 2014, Lista Nacional Oficial de Espécies da Fauna Ameaçadas de Extinção 2022",,,melanophryniscus admirabilis,CR,1.0,CR,CR
Animalia,Chordata,Actinopterygii,Cyprinodontiformes,Rivulidae,Melanorivulus,Melanorivulus amambaiensis,,,"Volcan, Severo-Neto & Lanés, 2018","Peixe das nuvens, Peixe não-anual",Peixes Continentais,08/2021,Criticamente em Perigo,Não,B2ab(iii),"Melanorivulus amambaiensis é endêmica do Brasil e conhecida apenas de sua localidade-tipo, um pequeno riacho de primeira ordem afluente do rio Amambaí, no estado do Mato Grosso do Sul. Foram realizados esforços intensivos de coleta na região, por uma equipe de especialistas em rivulídeos, nos locais mais propícios para ocorrência desse grupo e a espécie só foi localizada nesta pequena drenagem. A principal ameaça que afeta a espécie é a destruição de habitat pela expansão das atividades agropecuárias. Por apresentar uma distribuição muito restrita, à beira de uma rodovia, em uma área altamente modificada pela agricultura, os impactos dessas atividades nos permitem delimitar uma única localização. Além disso, a região foi fragmentada pela BR 487, onde há alta frequência de tráfego de veículos com cargas potencialmente perigosas, que representam uma ameaça adicional para a população de M. amambaiensis. A Área de Ocupação (AOO) foi calculada em 4 km², com uma localização e declínio continuado na qualidade do habitat. Portanto, Melanorivulus amambaiensis foi categorizada como Criticamente em Perigo (CR) pelo critério B2ab(iii).",Sim,Não,Mato Grosso do Sul,|Centro-Oeste|,Mata Atlântica,Sub-bacia Paraná RH1,,,,Não,Desconhecida,"2 - Agropecuária e Aquacultura
2.1 - Culturas anuais e perenes não-madeireiras
2.1.4 - Agricultura de escala desconhecida
2 - Agropecuária e Aquacultura
2.3 - Pecuária
2.3.4 - Pecuária em escala desconhecida
4 - Transportes e serviços de transmissão
4.1 - Estradas e ferrovias",,Plano de Ação Nacional (PAN),Plano de Ação Nacional para a Conservação dos Peixes Rivulídeos Ameaçados de Extinção - 2º ciclo,,327,,melanorivulus amambaiensis,,,CR,NE
Animalia,Chordata,Actinopterygii,Cyprinodontiformes,Rivulidae,Melanorivulus,Melanorivulus egens,,Melanorivulus egens,"(Costa, 2005)","Peixe das nuvens, Peixe não-anual",Peixes Continentais,08/2021,Criticamente em Perigo,Não,B2ab(iii),"Melanorivulus egens é endêmica do Brasil e conhecida apenas de sua localidade-tipo, no rio São Domingos, drenagem do alto rio Verde, na bacia do rio Paraná, município de Camapuã, no estado do Mato Grosso do Sul. Esforços recentes de coleta em 2016 não registraram a espécie em outras localidades da região. A principal ameaça que afeta a espécie é a destruição de habitat pela expansão das atividades agropecuárias, especialmente o plantio da soja. A Área de Ocupação (AOO) foi calculada em 4 km², com uma localização e declínio continuado na qualidade do habitat. Portanto, Melanorivulus egens foi categorizada como Criticamente em Perigo (CR) pelo critério B2ab(iii).",Sim,Não,Mato Grosso do Sul,|Centro-Oeste|,Cerrado,Sub-bacia Paraná RH1,,,,Desconhecido,Desconhecida,"2 - Agropecuária e Aquacultura
2.1 - Culturas anuais e perenes não-madeireiras
2.1.4 - Agricultura de escala desconhecida
2 - Agropecuária e Aquacultura
2.3 - Pecuária
2.3.4 - Pecuária em escala desconhecida",3 - Animais de estimação/ornamentais,Plano de Ação Nacional (PAN),Plano de Ação Nacional para a Conservação dos Peixes Rivulídeos Ameaçados de Extinção - 2º ciclo,,,,melanorivulus egens,,,CR,NE
Animalia,Chordata,Aves,Anseriformes,Anatidae,Mergus,Mergus octosetaceus,,Mergus octosetaceus,"Vieillot, 1817",pato-mergulhão,Aves,10/2018,Criticamente em Perigo,Não,C2a(i),"Mergus octosetaceus ocorria no nordeste da Argentina e Paraguai, além do centro, sudeste e sul do Brasil. A população total brasileira é estimada em menos de 250 indivíduos maduros, sendo que todas as subpopulações possuem menos de 50 indivíduos maduros. A espécie parece estar extinta ou funcionalmente extinta na Argentina e no Paraguai. Há declínio populacional continuado devido à perda e alteração de habitat, especialmente causadas pelo desmatamento, poluição das águas dos rios, instalação de empreendimentos hidrelétricos e turismo desordenado. Sendo assim, M. octosetaceus foi categorizada como Criticamente em Perigo (CR), pelo critério C2a(i).",Não,Sim,"Bahia, Goiás, Minas Gerais, Paraná, Rio de Janeiro, Santa Catarina, São Paulo, Tocantins",|Centro-Oeste|Nordeste|Norte|Sudeste|Sul|,"Cerrado, Mata Atlântica","Sub-bacia Grande
Sub-bacia Paranaíba
Sub-bacia São Francisco Alto
Sub-bacia São Francisco Médio
Sub-bacia Tietê
Sub-bacia Tocantins Alto","ESEC Serra Geral do Tocantins, PARNA da Chapada dos Veadeiros, PARNA da Serra da Canastra","Área de Proteção Ambiental Jalapão, ÁREA DE PROTEÇÃO AMBIENTAL POUSO ALTO, PARQUE ESTADUAL DA SERRA DO MAR, PARQUE ESTADUAL DO JALAPãO","Reserva Natural do Tombador, RPPN Cachoeira do Cerradão, RPPN Fazenda Campo Alegre, RPPN Fazenda Mata Funda",Não,Declinando,"2 - Agropecuária e Aquacultura
2.3 - Pecuária
2.3.4 - Pecuária em escala desconhecida
3 - Produção energética e mineração
3.3 - Energia renovável
3.3.1 - Hidrelétricas
6 - Distúrbios humanos
6.1 - Atividades recreacionais/turísticas
9 - Poluição
9.1 - Doméstica e urbana - escoamento de água
9.1.1 - Esgoto
9 - Poluição
9.3 - Agropecuária e florestal
9.3.3 - Herbicidas e pesticidas",,"Conservação ex-situ, Criação de áreas protegidas, Educação e comunicação, Empreendimentos ""sustentáveis"", Manejo de locais/áreas, Outra, Plano de Ação Nacional (PAN)","Plano de Ação Nacional para a Conservação do Pato-Mergulhão, Plano de Ação Nacional para a Conservação do Pato-mergulhão - 2º ciclo","Lista Nacional Oficial de Espécies da Fauna Ameaçadas de Extinção 2014, Lista Nacional Oficial de Espécies da Fauna Ameaçadas de Extinção 2022",,,mergus octosetaceus,CR,1.0,CR,CR
Animalia,Chordata,Aves,Passeriformes,Rhinocryptidae,Merulaxis,Merulaxis stresemanni,,Merulaxis stresemanni,"Sick, 1960",Entufado-baiano,Aves,03/2020,Criticamente em Perigo,Não,"A2ac; B2ab(ii,iii,iv,v); C1+2a(i,ii); D","Merulaxis stresemanni é endêmica do Brasil, ocorrendo apenas na Bahia e no nordeste de Minas Gerais. Apesar de exaustivas buscas nas áreas de ocorrência potencial, o único local onde a espécie tem sido registrada na última década tem sido a Reserva Mata do Passarinho (30 km2), que abrange os municípios de Macarani na Bahia e Bandeira em Minas Gerais, onde foram registrados apenas seis indivíduos até 2015. Após um grande incêndio no bloco florestal da Mata do Passarinho, em janeiro de 2016, apenas uma única fêmea vem sendo detectada na região (AOO menor que 10 km2). Isso representou um declínio populacional maior que 25% em um tempo geracional (3,2 anos). A região onde a espécie ocorre é severamente fragmentada e é afetada pela expansão da pecuária, da cacauicultura e da silvicultura (eucalipto), queimadas e pequenos desmates nas bordas da ﬂoresta remanescente para agricultura familiar. Dessa forma, M. stresemanni foi avaliada como Criticamente em Perigo (CR) A2ac; B2ab(ii,iii,iv,v); C1+2a(i,ii); D.",Sim,Sim,"Bahia, Minas Gerais",|Nordeste|Sudeste|,Mata Atlântica,Sub-bacia Jequitinhonha,,,MATA DO PASSARINHO,Não,Declinando,"2 - Agropecuária e Aquacultura
2.1 - Culturas anuais e perenes não-madeireiras
2.1.2 - Agricultura em pequenas propriedades
2 - Agropecuária e Aquacultura
2.2 - Silvicultura
2.2.3 - Plantações em escala desconhecida
2 - Agropecuária e Aquacultura
2.3 - Pecuária
2.3.4 - Pecuária em escala desconhecida
5 - Uso de recursos biológicos
5.3 - Extração florestal
5.3.5 - Motivação desconhecida
7 - Modificações nos sistemas naturais
7.1 - Incêndios e supressão de incêndios
7.1.1 - Aumento da frequência/intensidade de incêndios
8 - Espécies invasoras
problemáticas e doenças
8.2 - Espécies domésticas
8.2.2 - Predadores",,"Criação de áreas protegidas, Implementação de corredores, Manejo de espécies, Plano de Ação Nacional (PAN)",Plano de Ação Nacional para a Conservação das Aves Ameaçadas do Bioma Mata Atlântica,"Lista Nacional Oficial de Espécies da Fauna Ameaçadas de Extinção 2014, Lista Nacional Oficial de Espécies da Fauna Ameaçadas de Extinção 2022",800,,merulaxis stresemanni,CR,1.0,CR,CR
Animalia,Arthropoda,Arachnida,Araneae,Pholcidae,Metagonia,Metagonia diamantina,,Metagonia diamantina,"Machado, Ferreira & Brescovit, 2011",Não Informado,Invertebrados Terrestres,05/2018,Criticamente em Perigo,Não,B2ab(iii),"Metagonia diamantina é endêmica do Brasil, conhecida apenas da localidade-tipo, a caverna Lapa do Bode em Itaetê, Bahia. M. diamantina foi coletada, até o momento, apenas dentro da caverna, demonstrando uma certa especificidade da espécie a esse tipo de ambiente. A área de ocupação da espécie, estimada pela área da caverna, é calculada em apenas 0,004 km&sup2;. A visitação turística na caverna também pode afetar as condições internas, comprometendo a qualidade do habitat. Por essas razões, e considerando apenas uma localização, M. diamantina foi categorizada como Criticamente em Perigo (CR) pelo critério B2ab(iii).",Sim,Sim,Bahia,|Nordeste|,Caatinga,Sub-bacia Itapecuru-Paraguaçu,,,,Não,Desconhecida,"11 - Mudanças e extremos climáticos
11.1 - Mudança/alteração de habitat
1 - Desenvolvimento residencial e comercial
1.4 - Assentamentos e pequenas propriedades rurais
2 - Agropecuária e Aquacultura
2.3 - Pecuária
2.3.4 - Pecuária em escala desconhecida
6 - Distúrbios humanos
6.1 - Atividades recreacionais/turísticas
7 - Modificações nos sistemas naturais
7.3 - Outras modificações nos ecossistemas",,Plano de Ação Nacional (PAN),Plano de Ação Nacional para a Conservação das Cavernas do Brasil,"Lista Nacional Oficial de Espécies da Fauna Ameaçadas de Extinção 2014, Lista Nacional Oficial de Espécies da Fauna Ameaçadas de Extinção 2022",,,metagonia diamantina,CR,1.0,CR,CR
Animalia,Arthropoda,Arachnida,Araneae,Pholcidae,Metagonia,Metagonia potiguar,,Metagonia potiguar,"Ferreira, Souza, Machado & Brescovit, 2011","Aranha, Aranha-de-pernas-longas, aranha-treme-treme, aranha-vibratória",Invertebrados Terrestres,09/2022,Criticamente em Perigo,Não,B1ab(iii)+2ab(iii),"Metagonia potiguar é conhecida pela localidade-tipo e outras cavernas na Chapada do Apodi, município de Felipe Guerra, Rio Grande do Norte. A extensão de ocorrência (EOO) foi estimada em 6 km&sup2;, e a área de ocupação (AOO) em 16 km&sup2;. A mineração de calcário e a exploração de petróleo são intensas na região, afetando as cavernas e seu entorno simultaneamente, o que compromete diretamente o habitat da espécie. As cavernas da Chapada do Apodi estão interligadas e formam um único sistema, assim para o cálculo de localização foi considerada que todas às cavernas da região correspondem a uma única unidade (1 localização), que está sob a mesma ameaça da mineração. Sendo assim, M. potiguar foi categorizada como Criticamente em Perigo (CR) pelos critérios B1ab(iii)+B2b(iii).",Sim,Sim,Rio Grande do Norte,|Nordeste|,Caatinga,,,,,Não,Desconhecida,"3 - Produção energética e mineração
3.1 - Extração de petróleo e gás natural
3 - Produção energética e mineração
3.2 - Mineração
3.2.2 - Extração de seixo/pedra",,Plano de Ação Nacional (PAN),Plano de Ação Nacional para a Conservação das Cavernas do Brasil,"Lista Nacional Oficial de Espécies da Fauna Ameaçadas de Extinção 2014, Lista Nacional Oficial de Espécies da Fauna Ameaçadas de Extinção 2022",,,metagonia potiguar,CR,1.0,CR,CR
Animalia,Arthropoda,Insecta,Coleoptera,Staphylinidae,Metopioxys,Metopioxys carajas,,,"Asenjo, Petrobon & Ferreira, 2019",Não Informado,Invertebrados Terrestres,05/2024,Criticamente em Perigo,Não,B1ab(iii),"Metopioxys carajas é endêmica do Brasil, com registros em apenas cinco cavernas ferruginosas localizadas na Floresta Nacional de Carajás, no município de Parauapebas, estado do Pará. A Extensão de Ocorrência (EOO) foi calculada em 79 km², a partir da extensão dos corpos ferruginosos onde a espécie ocorre. A mineração de minério de ferro no entorno das cavernas tem ocasionado declínio continuado na qualidade do habitat. Além disso, as cavernas onde a espécie ocorre estão localizadas em um platô ferruginoso que poderá ser completamente afetado pela mineração, impactando a população como um todo e, portanto, caracterizando uma localização. Tendo em vista a distribuição restrita e a situação de impactos identificados, M. carajas foi categorizada como Criticamente em Perigo (CR) segundo o critério B1ab(iii).",Sim,Não,Pará,|Norte|,Amazônia,Sub-bacia Tocantins Baixo,FLONA Carajás,,,Desconhecido,Desconhecida,"3 - Produção energética e mineração
3.2 - Mineração
3.2.3 - Extração de minérios - subsolo",,,,,,,metopioxys carajas,,,CR,NE
Animalia,Chordata,Actinopterygii,Siluriformes,Pseudopimelodidae,Microglanis,Microglanis maculatus,,Microglanis maculatus,"Shibatta, 2014",Não Informado,Peixes Continentais,04/2019,Criticamente em Perigo,Não,B2ab(iii),"Microglanis maculatus é endêmica do Brasil, ocorrendo em um afluente do rio dos Patos, bacia do alto rio Tocantins, município de Barro Alto, estado de Goiás. É conhecida apenas de quatro exemplares, coletados exclusivamente na localidade-tipo, em 2004 e 2010. Sua área de ocupação (AOO) foi calculada em 4 km². Foram feitas tentativas de coleta em diversos trechos do mesmo riacho e em outros riachos da cabeceira do rio Tocantins, mas nenhum espécime adicional foi capturado. A região de ocorrência da espécie tem sido historicamente modificada por diferentes formas de uso e ocupação de solo, tais como agropecuária e abertura de estradas. A montante da localidade-tipo, há atividade de mineração, considerada como a principal ameaça, pelo potencial de assorear o único curso d'água onde a espécie ocorre. Considerando a distribuição extremamente restrita e apenas uma localização (mineração a montante da localidade-tipo), bem como o declínio continuado do habitat em função das alterações de uso do solo na região, M. maculatus foi categorizada como Criticamente em Perigo (CR) pelo critério B2ab(iii).",Sim,Sim,Goiás,|Centro-Oeste|,Cerrado,Sub-bacia Tocantins Alto,,,,Não,Desconhecida,"2 - Agropecuária e Aquacultura
2.3 - Pecuária
2.3.4 - Pecuária em escala desconhecida
3 - Produção energética e mineração
3.2 - Mineração
3.2.3 - Extração de minérios - subsolo
4 - Transportes e serviços de transmissão
4.1 - Estradas e ferrovias
9 - Poluição
9.3 - Agropecuária e florestal
9.3.2 - Erosão do solo/sedimentação",,,,Lista Nacional Oficial de Espécies da Fauna Ameaçadas de Extinção 2022,,,microglanis maculatus,CR,0.0,CR,CR
Animalia,Chordata,Actinopterygii,Siluriformes,Loricariidae,Microlepidogaster,Microlepidogaster perforata,,Microlepidogaster perforatus,"Eigenmann & Eigenmann, 1889",Cascudinho,Peixes Continentais,09/2023,Criticamente em Perigo,Não,"B2ab(i,ii,iii)","Microlepidogaster perforata é endêmica do Brasil e ocorre na bacia do rio Carandaí, município de Carandaí, estado de Minas Gerais. Sua área de ocupação (AOO) foi calculada em 4 km². Buscas realizadas em 2012 indicam que a espécie desapareceu de uma das localidades onde era amostrada há décadas atrás, e prospecções em localidades adjacentes também fracassaram. Dessa forma, a espécie atualmente é conhecida de apenas uma única localidade, na periferia da zona urbana de Carandaí. Considerando como principais ameaças a ocupação urbana e o consequente despejo de efluentes domésticos e industriais nos corpos d'água do município de Carandaí, caracteriza-se uma única localização. Além disso, a expansão urbana também resulta no declínio continuado da qualidade do hábitat pela deterioração da qualidade do corpo d'água que a espécie ocupa. Por essas razões, Microlepidogaster perforata foi categorizada como Criticamente em Perigo (CR) pelo critério B2ab(i,ii,iii).",Sim,Sim,Minas Gerais,|Sudeste|,Mata Atlântica,Sub-bacia Grande,,,,Desconhecido,Desconhecida,"1 - Desenvolvimento residencial e comercial
1.1 - Expansão urbana
9 - Poluição
9.1 - Doméstica e urbana - escoamento de água
9.1.1 - Esgoto
9 - Poluição
9.2 - Industrial
9.2.4 - Tipo desconhecido",,Plano de Ação Nacional (PAN),"Plano de Ação Nacional para a Conservação das Espécies de Peixes Ameaçadas de Extinção da Bacia do Alto Rio Paraná, Plano de Ação Nacional para a Conservação dos Peixes e Eglas da Mata Atlântica","Lista Nacional Oficial de Espécies da Fauna Ameaçadas de Extinção 2014, Lista Nacional Oficial de Espécies da Fauna Ameaçadas de Extinção 2022",,,microlepidogaster perforata,,,CR,NE
Animalia,Cnidaria,Hydrozoa,Anthoathecata,Milleporidae,Millepora,Millepora braziliensis,,Millepora braziliensis,"Verrill, 1868",Não Informado,Invertebrados Marinhos,03/2024,Criticamente em Perigo,Não,A4abc,"Millepora braziliensis é endêmica do Brasil, com registros do Pará a Alagoas, incluindo o Arquipélago de Fernando de Noronha. Ocorre em Unidades de Conservação e profundidades de até 20 metros. A principal ameaça à espécie são os eventos extremos de aquecimento da água do mar causando branqueamento e mortalidade. Outras ameaças como turismo desordenado, poluição marinha e sobrepesca podem afetar sinergisticamente sua população. Além disso, a espécie é comercializada para fins ornamentais e de artesanato. Considerando que em parte de sua distribuição são observadas reduções populacionais relevantes e prováveis extinções em algumas localidades, infere-se um declínio de pelo menos 84% da população da espécie numa janela de tempo no passado (2005) e no futuro (2035) incluindo os 3 tempos geracionais da espécie. Sendo assim, M. braziliensis foi categorizada como Criticamente em Perigo (CR) pelos critérios A4abc.",Sim,Não,"Alagoas, Maranhão, Pará, Paraíba, Pernambuco, Rio Grande do Norte",|Nordeste|Norte|,Sistema Costeiro-Marinho,,"APA Costa dos Corais, PARNA Marinho de Fernando de Noronha",PARQUE ESTADUAL MARINHO DO PARCEL DE MANUEL LUíS,,Não,Declinando,"11 - Mudanças e extremos climáticos
11.1 - Mudança/alteração de habitat
11 - Mudanças e extremos climáticos
11.3 - Extremos térmicos
5 - Uso de recursos biológicos
5 - Uso de recursos biológicos
5.4 - Pesca e uso de recursos aquáticos
6 - Distúrbios humanos
6.1 - Atividades recreacionais/turísticas
9 - Poluição",3 - Animais de estimação/ornamentais,,,CITES - Anexo II,,20,millepora braziliensis,,,CR,NE
Animalia,Chordata,Actinopterygii,Cyprinodontiformes,Rivulidae,Moema,Moema piriana,,Moema piriana,"Costa, 1989","annual killifish, Peixe anual",Peixes Continentais,08/2019,Criticamente em Perigo,Sim,B1ab(iii),"Moema piriana é endêmica do Brasil e conhecida apenas da localidade-tipo, uma poça de local indeterminado no município de Primavera, estado do Pará, com registros entre 1973 e 1988. Após 1988, a espécie não foi mais registrada, embora tenha havido esforços sucessivos de coleta na região, que é bem explorada para inventários ictiológicos. A extensão de ocorrência (EOO) estimada de M. piriana é certamente menor do que 100 km2 (B1), inserida em uma paisagem completamente alterada por desmatamento e atividade de mineração. Portanto, presume-se declínio continuado na qualidade do habitat da espécie (biii). Como o táxon é conhecido de uma única localidade, e, considerando o desmatamento da região como a principal ameaça, configura-se uma única localização (a). Por essas razões, M. piriana foi categorizada como Criticamente em Perigo (CR) pelos critérios B1ab(iii), estando possivelmente extinta.",Sim,Sim,Pará,|Norte|,Amazônia,Sub-bacia Gurupi,,,,Não,Declinando,"3 - Produção energética e mineração
3.2 - Mineração
3.2.6 - Tipo desconhecido
7 - Modificações nos sistemas naturais
7.3 - Outras modificações nos ecossistemas",,Plano de Ação Nacional (PAN),Plano de Ação Nacional para a Conservação dos Peixes Rivulídeos Ameaçados de Extinção - 2º ciclo,"Lista Nacional Oficial de Espécies da Fauna Ameaçadas de Extinção 2014, Lista Nacional Oficial de Espécies da Fauna Ameaçadas de Extinção 2022",,,moema piriana,CR (PEX),1.0,CR,CR
Animalia,Chordata,Elasmobranchii,Carcharhiniformes,Triakidae,Mustelus,Mustelus fasciatus,,Mustelus fasciatus,"(Garman, 1913)","cação-listrado, cação-malhado, canejo-listrado",Tubarões e Raias,11/2017,Criticamente em Perigo,Não,A2bcd,"Mustelus fasciatus é um pequeno tubarão costeiro, endêmico de uma área restrita do Atlântico Sul ocidental, ocorrendo historicamente de Santa Catarina à Argentina. A área de distribuição dos neonatos de Mustelus fasciatus sofreu redução de 90% entre as décadas de 1980 e 2000. Para os adultos, uma redução de pelo menos 95% da abundância no Brasil foi inferida com base em registros de CPUE (captura por unidade de esforço) de pesca científica e desembarques comerciais desde a década de 1980. Redução semelhante da população foi observada na Argentina e no Uruguai, na década 1990. No Brasil, o fator causal do declínio é a pesca demersal, principalmente de arrasto e de emalhe na plataforma continental. Estas pescarias ainda continuam, sendo o esforço de pesca mantido ou aumentado entre as décadas de 1980 e 2010. Face aos declínios constatados nas abundâncias relativas e redução da extensão de ocorrência, suspeita-se que uma redução maior que 80% no tamanho populacional em um período que compreende três tempos geracionais (30 anos) no passado. Por esta razão, Mustelus fasciatus foi categorizada como Criticamente em Perigo (CR), sob o critério A2bcd.",Não,Sim,"Rio Grande do Sul, Santa Catarina",|Sul|,Sistema Costeiro-Marinho,,"APA Baleia Franca, PARNA da Lagoa do Peixe",,,Sim,Declinando,"11 - Mudanças e extremos climáticos
11.1 - Mudança/alteração de habitat
5 - Uso de recursos biológicos
5.1 - Caça e captura de animais terrestres ou marinhos
5.1.1 - Caça/captura intencional (a espécie é o alvo)
5.1.1.3 - Comercial - Internacional
5 - Uso de recursos biológicos
5.4 - Pesca e uso de recursos aquáticos
5.4.1 - Captura intencional - subsistência/pequena escala
5.4.1.3 - Aparelho com anzol
5.4.1.3.5 - Linha de fundo e linha de mão
5 - Uso de recursos biológicos
5.4.1.6 - Arrasto
5.4.1.6.1 - Arrasto simples
5 - Uso de recursos biológicos
5.4.1.6.2 - Arrasto duplo
5 - Uso de recursos biológicos
5.4.1.6.3 - Arrasto de praia
5 - Uso de recursos biológicos
5.4.1.7 - Emalhe
5.4.1.7.1 - Emalhe de fundo
5 - Uso de recursos biológicos
5.4.1.7.2 - Emalhe de superfície
5 - Uso de recursos biológicos
5.4.2 - Captura intencional - larga escala
5.4.2.6 - Arrasto
5.4.2.6.1 - Arrasto simples
5 - Uso de recursos biológicos
5.4.2.6.2 - Arrasto duplo
5 - Uso de recursos biológicos
5.4.2.6.3 - Arrasto de parelha
5 - Uso de recursos biológicos
5.4.2.7 - Emalhe
5.4.2.7.1 - Emalhe de fundo
5 - Uso de recursos biológicos
5.4.2.7.2 - Emalhe de superfície
5 - Uso de recursos biológicos
5.4.2.8 - Espinhel
5.4.2.8.1 - Espinhel de superfície
5 - Uso de recursos biológicos
5.4.2.8.2 - Espinhel de fundo
5 - Uso de recursos biológicos
5.4.3 - Captura intencional - comércio internacional
5 - Uso de recursos biológicos
5.4.5 - Captura indireta - subsistência/pequena escala
5.4.5.3 - Aparelho com anzol
5.4.5.3.5 - Linha de fundo e linha de mão
5 - Uso de recursos biológicos
5.4.5.6 - Arrasto
5.4.5.6.1 - Arrasto simples
5 - Uso de recursos biológicos
5.4.5.6.2 - Arrasto duplo
5 - Uso de recursos biológicos
5.4.5.6.3 - Arrasto de praia
5 - Uso de recursos biológicos
5.4.5.7 - Emalhe
5.4.5.7.1 - Emalhe de fundo
5 - Uso de recursos biológicos
5.4.5.7.2 - Emalhe de superfície
5 - Uso de recursos biológicos
5.4.6 - Captura indireta - larga escala
5.4.6.6 - Arrasto
5.4.6.6.1 - Arrasto simples
5 - Uso de recursos biológicos
5.4.6.6.2 - Arrasto duplo
5 - Uso de recursos biológicos
5.4.6.6.3 - Arrasto de parelha
5 - Uso de recursos biológicos
5.4.6.7 - Emalhe
5.4.6.7.1 - Emalhe de fundo
5 - Uso de recursos biológicos
5.4.6.7.2 - Emalhe de superfície
5 - Uso de recursos biológicos
5.4.6.8 - Espinhel
5.4.6.8.1 - Espinhel de superfície
9 - Poluição
9.1 - Doméstica e urbana - escoamento de água
9.1.1 - Esgoto
9 - Poluição
9.1.2 - Escoamento urbano
9 - Poluição
9.2 - Industrial
9.2.1 - Derramamento de óleo
9 - Poluição
9.2.3 - Contaminação por metais pesados
9 - Poluição
9.2.4 - Resíduos líquidos diversos
9 - Poluição
9.4 - Lixo e resíduos sólidos
9.4.1 - Urbanos
9 - Poluição
9.4.2 - Industriais","1 - Alimentação humana
1.2 - Caça para comércio
1.2.2 - Internacional
1 - Alimentação humana
1.6 - Pesca - comércio internacional
1 - Alimentação humana
1.7 - Pesca artesanal
1.7.6 - Arrasto
1 - Alimentação humana
1.7.7 - Emalhe
1 - Alimentação humana
1.8 - Pesca industrial
1.8.6 - Arrasto
1 - Alimentação humana
1.8.7 - Emalhe
3 - Animais de estimação/ornamentais","Plano de Ação Nacional (PAN), Proteção de locais/áreas",Plano de Ação Nacional para a Conservação dos Elasmobrânquios Ameaçados de Extinção,"Lista Nacional Oficial de Espécies da Fauna Ameaçadas de Extinção 2014, Lista Nacional Oficial de Espécies da Fauna Ameaçadas de Extinção 2022",,"0 , 150",mustelus fasciatus,CR,1.0,CR,CR
Animalia,Chordata,Elasmobranchii,Carcharhiniformes,Triakidae,Mustelus,Mustelus schmitti,,Mustelus schmitti,"Springer, 1939",Não Informado,Tubarões e Raias,11/2017,Criticamente em Perigo,Não,A2bd,"Mustelus schmitti distribui-se no Atlântico Sul ocidental, desde o sul da Patagônia até o Rio de Janeiro. No início da década de 1990, já haviam estimativas de redução nas abundâncias relativas da espécie entorno de 85%. Sobre a população assim reduzida, já capturada por diversas modalidades, dentre elas o arrasto-de-fundo industrial e pescarias de beira de praia, como o arrastão e calão, desenvolveu-se uma nova pescaria com rede de emalhe-de-fundo, que continua intensa até hoje. Dados de pescas científicas indicam que entre 1972 a 2002 ocorreu uma redução nas capturas por unidade de esforço (CPUE) de cerca de 90%. Este declínio da biomassa provavelmente é uma subestimação da redução da abundância dos adultos. Dados do período 1997-2017 estimam uma redução de 80% do número de indivíduos desembarcados pela pesca de arrasto de fundo no Porto de Itajaí/Navegantes-SC. Em vista dos declínios observados em sua abundância relativa desde a década de 1980, que inclui um período de três gerações (39 anos), infere-se uma redução no tamanho populacional em mais de 80%. Sendo assim, M. schmitti foi categorizada como Criticamente em Perigo (CR), sob o critério A2bd.",Não,Sim,"Paraná, Rio de Janeiro, Rio Grande do Sul, Santa Catarina, São Paulo",|Sudeste|Sul|,Desconhecido,,APA Baleia Franca,,,Sim,Declinando,"11 - Mudanças e extremos climáticos
11.1 - Mudança/alteração de habitat
5 - Uso de recursos biológicos
5.4 - Pesca e uso de recursos aquáticos
5.4.1 - Captura intencional - subsistência/pequena escala
5.4.1.6 - Arrasto
5.4.1.6.3 - Arrasto de praia
5 - Uso de recursos biológicos
5.4.1.7 - Emalhe
5.4.1.7.1 - Emalhe de fundo
5 - Uso de recursos biológicos
5.4.1.7.2 - Emalhe de superfície
5 - Uso de recursos biológicos
5.4.2 - Captura intencional - larga escala
5.4.2.6 - Arrasto
5.4.2.6.1 - Arrasto simples
5 - Uso de recursos biológicos
5.4.2.6.2 - Arrasto duplo
5 - Uso de recursos biológicos
5.4.2.7 - Emalhe
5 - Uso de recursos biológicos
5.4.5 - Captura indireta - subsistência/pequena escala
5.4.5.6 - Arrasto
5.4.5.6.2 - Arrasto duplo
5 - Uso de recursos biológicos
5.4.5.6.3 - Arrasto de praia
5 - Uso de recursos biológicos
5.4.5.7 - Emalhe
5.4.5.7.1 - Emalhe de fundo
5 - Uso de recursos biológicos
5.4.6 - Captura indireta - larga escala
5.4.6.6 - Arrasto
5.4.6.6.1 - Arrasto simples
5 - Uso de recursos biológicos
5.4.6.6.2 - Arrasto duplo
5 - Uso de recursos biológicos
5.4.6.6.3 - Arrasto de parelha
5 - Uso de recursos biológicos
5.4.6.7 - Emalhe
5.4.6.7.1 - Emalhe de fundo
9 - Poluição
9.1 - Doméstica e urbana - escoamento de água
9.1.1 - Esgoto
9 - Poluição
9.1.2 - Escoamento urbano
9 - Poluição
9.2 - Industrial
9.2.1 - Derramamento de óleo
9 - Poluição
9.2.3 - Contaminação por metais pesados
9 - Poluição
9.4 - Lixo e resíduos sólidos
9.4.1 - Urbanos
9 - Poluição
9.4.2 - Industriais","1 - Alimentação humana
1.2 - Caça para comércio
1.2.2 - Internacional
1 - Alimentação humana
1.6 - Pesca - comércio internacional
1 - Alimentação humana
1.7 - Pesca artesanal
1 - Alimentação humana
1.8 - Pesca industrial
1.8.6 - Arrasto
1 - Alimentação humana
1.8.7 - Emalhe","Criação de áreas protegidas, Implementação de corredores, Manejo/ordenamento de caça/pesca, Plano de Ação Nacional (PAN)",Plano de Ação Nacional para a Conservação dos Elasmobrânquios Ameaçados de Extinção,"Lista Nacional Oficial de Espécies da Fauna Ameaçadas de Extinção 2014, Lista Nacional Oficial de Espécies da Fauna Ameaçadas de Extinção 2022",,"20 , 200",mustelus schmitti,CR,1.0,CR,CR
Animalia,Arthropoda,Insecta,Hymenoptera,Formicidae,Mycetagroicus,Mycetagroicus urbanus,,Mycetagroicus urbanus,"Brandão & Mayhé-Nunes, 2001","Formiga, Formiga cultivadora de fungo",Invertebrados Terrestres,12/2024,Criticamente em Perigo,Sim,B1ab(iii)+2ab(iii),"Mycetagroicus urbanus é endêmica do Brasil, conhecida somente de um registro de 1943 para o Parque Ibirapuera, em São Paulo. Desde então, a espécie não foi mais registrada, apesar de ser facilmente identificável, dos frequentes esforços de coleta nas áreas apropriadas à sobrevivência da população e com utilização de métodos de coleta adequados. A área do parque é inferior à 4 km², considerada equivalente à sua extensão de ocorrência (EOO) e sua área de ocupação (AOO). O processo de expansão urbana na cidade de São Paulo removeu praticamente toda a área de vegetação nativa em que a espécie poderia ocorrer, levando ao declínio continuado da qualidade do habitat remanescente. Considerando essa principal ameaça, há apenas uma localização. Portanto, M. urbanus foi categorizada como Criticamente em Perigo (CR), pelo critério B1ab(iii)+2ab(iii), sendo Possivelmente Extinta (PE).",Sim,Sim,São Paulo,|Sudeste|,Mata Atlântica,Sub-bacia Tietê,,,,Não,Desconhecida,"1 - Desenvolvimento residencial e comercial
1.1 - Expansão urbana
7 - Modificações nos sistemas naturais
7.3 - Outras modificações nos ecossistemas
9 - Poluição
9.1 - Doméstica e urbana - escoamento de água
9.1.3 - Tipo desconhecido",,,,"Lista Nacional Oficial de Espécies da Fauna Ameaçadas de Extinção 2014, Lista Nacional Oficial de Espécies da Fauna Ameaçadas de Extinção 2022",,,mycetagroicus urbanus,CR,1.0,CR,CR
Animalia,Chordata,Elasmobranchii,Myliobatiformes,Myliobatidae,Myliobatis,Myliobatis goodei,,Myliobatis goodei,"Garman, 1885",raia-focinho-de-boi,Tubarões e Raias,11/2017,Criticamente em Perigo,Não,A2bd,"Myliobatis goodei ocorre no Atlântico ocidental, da Carolina do Sul, EUA, até a Argentina. No Brasil, concentra-se no estado do Rio Grande do Sul, onde existe registro de uma queda de mais de 99% nas capturas oriundas de cruzeiros de pesquisa entre 1974 a 2005, e pouquíssimos registros de ocorrência em áreas vizinhas. A pressão de pesca sobre a espécie manteve-se igual ou ainda maior devido ao direcionamento das pescarias à categoria emplastro, ocorrida a partir da década de 2000. Esta espécie, assim como outras do gênero, possui o comportamento de migração e agregação em berçários costeiros no Rio Grande do Sul durante o verão, o que aumenta sua susceptibilidade à pesca dentro de sua área de reprodução, principalmente pela captura de fêmeas grávidas. Suspeita-se que a redução populacional ocorrida nesta área seja extensiva para a população brasileira como um todo e deve ter ocorrido na ordem de pelo menos 80% considerando os três tempos geracionais (45 anos), categorizando a espécie como Criticamente Em Perigo (CR) pelos critérios A2bd.",Não,Sim,"Alagoas, Amapá, Bahia, Ceará, Espírito Santo, Maranhão, Pará, Paraíba, Paraná, Pernambuco, Piauí, Rio de Janeiro, Rio Grande do Norte, Rio Grande do Sul, Santa Catarina, São Paulo, Sergipe",|Nordeste|Norte|Sudeste|Sul|,Sistema Costeiro-Marinho,,"APA Barra do Rio Mamanguape, REBIO Marinha do Arvoredo","APA MARINHA DO LITORAL CENTRO, ÁREA DE PROTEÇÃO AMBIENTAL DO PAU BRASIL",,Desconhecido,Declinando,"5 - Uso de recursos biológicos
5.4 - Pesca e uso de recursos aquáticos
5.4.5 - Captura indireta - subsistência/pequena escala
5.4.5.3 - Aparelho com anzol
5.4.5.3.3 - Espinhel fixo de fundo
5 - Uso de recursos biológicos
5.4.5.3.5 - Linha de fundo e linha de mão
5 - Uso de recursos biológicos
5.4.5.6 - Arrasto
5.4.5.6.1 - Arrasto simples
5 - Uso de recursos biológicos
5.4.5.6.2 - Arrasto duplo
5 - Uso de recursos biológicos
5.4.5.6.3 - Arrasto de praia
5 - Uso de recursos biológicos
5.4.5.7 - Emalhe
5.4.5.7.1 - Emalhe de fundo
5 - Uso de recursos biológicos
5.4.5.7.2 - Emalhe de superfície
5 - Uso de recursos biológicos
5.4.5.7.3 - Rede de espera fina
5 - Uso de recursos biológicos
5.4.5.7.4 - Rede volta/bate-bate
5 - Uso de recursos biológicos
5.4.5.7.6 - Feiticieira
5 - Uso de recursos biológicos
5.4.6 - Captura indireta - larga escala
5.4.6.5 - Cerco
5 - Uso de recursos biológicos
5.4.6.6 - Arrasto
5.4.6.6.1 - Arrasto simples
5 - Uso de recursos biológicos
5.4.6.7 - Emalhe
5.4.6.7.1 - Emalhe de fundo
5 - Uso de recursos biológicos
5.4.6.7.2 - Emalhe de superfície
5 - Uso de recursos biológicos
5.4.6.7.3 - Emalhe de meia-água
9 - Poluição
9.1 - Doméstica e urbana - escoamento de água
9.1.1 - Esgoto
9 - Poluição
9.1.2 - Escoamento urbano
9 - Poluição
9.2 - Industrial
9.2.1 - Derramamento de óleo
9 - Poluição
9.2.3 - Contaminação por metais pesados
9 - Poluição
9.4 - Lixo e resíduos sólidos","1 - Alimentação humana
1.7 - Pesca artesanal
1.7.6 - Arrasto
1.7.6.1 - Arrasto simples
1 - Alimentação humana
1.7.6.2 - Arrasto duplo
1 - Alimentação humana
1.7.6.3 - Arrasto de praia
1 - Alimentação humana
1.8 - Pesca industrial
1.8.6 - Arrasto
1.8.6.1 - Arrasto simples
1 - Alimentação humana
1.8.6.2 - Arrasto duplo
1 - Alimentação humana
1.8.6.3 - Arrasto de parelha
1 - Alimentação humana
1.8.7 - Emalhe
1.8.7.1 - Emalhe de fundo
3 - Animais de estimação/ornamentais","Controle e fiscalização, Legislação e política, Plano de Ação Nacional (PAN)",Plano de Ação Nacional para a Conservação dos Elasmobrânquios Ameaçados de Extinção,"Lista Nacional Oficial de Espécies da Fauna Ameaçadas de Extinção 2014, Lista Nacional Oficial de Espécies da Fauna Ameaçadas de Extinção 2022",,"0 , 180",myliobatis goodei,CR,1.0,CR,CR
Animalia,Chordata,Elasmobranchii,Myliobatiformes,Myliobatidae,Myliobatis,Myliobatis ridens,,Myliobatis ridens,"Ruocco, Lucifora, Astarloa, Mabragaña & Delpiani, 2012","raia-focinho-de-boi, raia-manteiga, raia-sapo",Tubarões e Raias,11/2017,Criticamente em Perigo,Não,A2bd,"Myliobatis ridens é considerada como espécie endêmica do Atlântico Sul ocidental, com registros inequívocos de Santa Catarina até o norte da Argentina. É uma espécie simpátrica com M. goodei e M. freminvillei. Tradicionalmente, esta espécie tinha sido considerada como M. goodei. As maiores ocorrências para M. goodei e M. ridens, agrupadas, concentram-se no Rio Grande do Sul, onde houve um declínio populacional de mais de 90% de acordo com dados de CPUE oriundos de pesquisas entre 1974 a 2005. A pressão de pesca sobre a espécie manteve-se igual ou ainda maior devido ao direcionamento das pescarias à categoria emplastro, ocorrida a partir da década de 2000. Esta espécie, assim como outras do gênero, possui o comportamento de migração e agregação em berçários costeiros no Rio Grande do Sul durante o verão, o que aumenta sua susceptibilidade à pesca dentro de sua área de reprodução, principalmente pela captura de fêmeas grávidas. Suspeita-se que a redução populacional seja de pelo menos 80% considerando os três tempos geracionais (45 anos), categorizando a espécie como Criticamente Em Perigo (CR) pelos critérios A2bd.",Não,Sim,"Paraná, Rio Grande do Sul, Santa Catarina",|Sul|,Desconhecido,,PARNA da Lagoa do Peixe,,,Sim,Declinando,"5 - Uso de recursos biológicos
5.4 - Pesca e uso de recursos aquáticos
5.4.5 - Captura indireta - subsistência/pequena escala
5.4.5.3 - Aparelho com anzol
5.4.5.3.3 - Espinhel fixo de fundo
5 - Uso de recursos biológicos
5.4.5.3.5 - Linha de fundo e linha de mão
5 - Uso de recursos biológicos
5.4.5.6 - Arrasto
5.4.5.6.1 - Arrasto simples
5 - Uso de recursos biológicos
5.4.5.6.2 - Arrasto duplo
5 - Uso de recursos biológicos
5.4.5.6.3 - Arrasto de praia
5 - Uso de recursos biológicos
5.4.5.6.4 - Arrasto de parelha
5 - Uso de recursos biológicos
5.4.5.7 - Emalhe
5.4.5.7.1 - Emalhe de fundo
5 - Uso de recursos biológicos
5.4.5.7.2 - Emalhe de superfície
5 - Uso de recursos biológicos
5.4.5.7.3 - Rede de espera fina
5 - Uso de recursos biológicos
5.4.5.7.6 - Feiticieira
5 - Uso de recursos biológicos
5.4.6 - Captura indireta - larga escala
5.4.6.6 - Arrasto
5.4.6.6.1 - Arrasto simples
5 - Uso de recursos biológicos
5.4.6.6.2 - Arrasto duplo
5 - Uso de recursos biológicos
5.4.6.6.3 - Arrasto de parelha
5 - Uso de recursos biológicos
5.4.6.7 - Emalhe
5.4.6.7.1 - Emalhe de fundo
5 - Uso de recursos biológicos
5.4.6.7.2 - Emalhe de superfície
9 - Poluição
9.1 - Doméstica e urbana - escoamento de água
9.1.1 - Esgoto
9 - Poluição
9.1.2 - Escoamento urbano
9 - Poluição
9.2 - Industrial
9.2.1 - Derramamento de óleo
9 - Poluição
9.2.3 - Contaminação por metais pesados
9 - Poluição
9.4 - Lixo e resíduos sólidos
9.4.1 - Urbanos
9 - Poluição
9.4.2 - Industriais","1 - Alimentação humana
1.7 - Pesca artesanal
1.7.3 - Aparelho com anzol
1.7.3.3 - Espinhel fixo de fundo
1 - Alimentação humana
1.7.6 - Arrasto
1.7.6.1 - Arrasto simples
1 - Alimentação humana
1.7.6.2 - Arrasto duplo
1 - Alimentação humana
1.7.6.3 - Arrasto de praia
1 - Alimentação humana
1.7.6.4 - Arrasto de parelha
1 - Alimentação humana
1.7.7 - Emalhe
1.7.7.1 - Emalhe de fundo
1 - Alimentação humana
1.7.7.2 - Emalhe de superfície
1 - Alimentação humana
1.7.7.5 - Caçoeiro
1 - Alimentação humana
1.7.7.6 - Feiticeira
1 - Alimentação humana
1.8 - Pesca industrial
1.8.6 - Arrasto
1.8.6.1 - Arrasto simples
1 - Alimentação humana
1.8.6.2 - Arrasto duplo
1 - Alimentação humana
1.8.6.3 - Arrasto de parelha
1 - Alimentação humana
1.8.7 - Emalhe
1.8.7.1 - Emalhe de fundo
1 - Alimentação humana
1.8.7.2 - Emalhe de superfície
1 - Alimentação humana
1.8.7.3 - Emalhe de meia-água
3 - Animais de estimação/ornamentais","Controle e fiscalização, Criação de áreas protegidas, Educação e comunicação, Plano de Ação Nacional (PAN)",Plano de Ação Nacional para a Conservação dos Elasmobrânquios Ameaçados de Extinção,"Lista Nacional Oficial de Espécies da Fauna Ameaçadas de Extinção 2014, Lista Nacional Oficial de Espécies da Fauna Ameaçadas de Extinção 2022",,"5 , 47",myliobatis ridens,CR,1.0,CR,CR
Animalia,Chordata,Aves,Passeriformes,Thamnophilidae,Myrmotherula,Myrmotherula fluminensis,,Myrmotherula fluminensis,"Gonzaga, 1988",choquinha-fluminense,Aves,06/2019,Criticamente em Perigo,Sim,D,"Myrmotherula ﬂuminensis é endêmica do estado do Rio de Janeiro. O único registro conhecido (exemplar-tipo) é proveniente das proximidades do sopé da Serra dos Órgãos, em área altamente pressionada devido à construção do Complexo Petroquímico do Rio de Janeiro. Pesquisas falharam em detectar a espécie e caso ainda exista uma população, esta certamente será muito pequena, com menos de 50 indivíduos maduros. Dessa forma, M. ﬂuminensis foi categorizada como Criticamente em Perigo (CR), Possivelmente Extinta (PEX), pelo critério D.",Sim,Sim,Rio de Janeiro,|Sudeste|,Mata Atlântica,,,,,Não,Desconhecida,"3 - Produção energética e mineração
3.1 - Extração de petróleo e gás natural",,"Manejo territorial, Plano de Ação Nacional (PAN)",Plano de Ação Nacional para a Conservação das Aves Ameaçadas do Bioma Mata Atlântica,"Lista Nacional Oficial de Espécies da Fauna Ameaçadas de Extinção 2014, Lista Nacional Oficial de Espécies da Fauna Ameaçadas de Extinção 2022",,,myrmotherula fluminensis,CR (PEX),1.0,CR,CR
Animalia,Chordata,Aves,Passeriformes,Thamnophilidae,Myrmotherula,Myrmotherula snowi,,Myrmotherula snowi,"Teixeira & Gonzaga, 1985",choquinha-de-alagoas,Aves,06/2019,Criticamente em Perigo,Não,"B1ab(iii,v); C2a(i,ii); D","Myrmotherula snowi é endêmica do Brasil e ocorre apenas na Estação Ecológica de Murici, em Alagoas. Anteriormente ocorria em Pernambuco, porém desde 2007 não há registros documentados nesse estado. O cálculo de extensão de ocorrência (EOO) foi aplicado apenas aos registros atuais conhecidos da espécie na região da ESEC Murici, resultando em 93 km&sup2;. É considerada severamente fragmentada, uma vez que sua ocorrência está restrita aos fragmentos de mata sem conectividade, menores que o necessário para sustentar uma população viável. A população é estimada em no máximo 50 indivíduos maduros, com declínio populacional continuado, sendo que de 90 a 100% desses indivíduos encontram-se em uma única subpopulação remanescente. A partir das ameaças, como a extração de madeira, a substituição de florestas por pastagens e plantações, e das extinções locais pode-se identificar um declínio continuado na qualidade do habitat e no número de indivíduos maduros. Desta forma, M. snowi foi categorizada como Criticamente em Perigo (CR) pelos critérios B1ab(iii,v); C2a(i,ii); D.",Sim,Sim,"Alagoas, Pernambuco",|Nordeste|,"Caatinga, Mata Atlântica",Sub-bacia Litoral AL PE PB,ESEC de Murici,ÁREA DE PROTEÇÃO AMBIENTAL DE MURICÍ,,Não,Declinando,"2 - Agropecuária e Aquacultura
2.1 - Culturas anuais e perenes não-madeireiras
2.1.2 - Agricultura em pequenas propriedades
2 - Agropecuária e Aquacultura
2.1.4 - Agricultura de escala desconhecida
5 - Uso de recursos biológicos
5.1 - Caça e captura de animais terrestres ou marinhos
5.1.2 - Efeitos indiretos (a espécie não é o alvo)
5 - Uso de recursos biológicos
5.3 - Extração florestal
5.3.5 - Motivação desconhecida",,"Controle e fiscalização, Criação de áreas protegidas, Implementação de áreas protegidas, Implementação de corredores, Manejo de espécies, Plano de Ação Nacional (PAN), Reprodução em cativeiro/propagação artificial, Restauração de habitat e processos naturais",Plano de Ação Nacional para a Conservação das Aves Ameaçadas do Bioma Mata Atlântica,"Lista Nacional Oficial de Espécies da Fauna Ameaçadas de Extinção 2014, Lista Nacional Oficial de Espécies da Fauna Ameaçadas de Extinção 2022",,,myrmotherula snowi,CR,1.0,CR,CR
Animalia,Chordata,Actinopterygii,Cyprinodontiformes,Rivulidae,Nematolebias,Nematolebias catimbau,,Nematolebias catimbau,"Costa, Amorim & Aranha, 2014","Peixe anual, Peixe das nuvens",Peixes Continentais,05/2019,Criticamente em Perigo,Não,"B2ab(i,ii,iii)","Nematolebias catimbau é endêmica do Brasil, conhecida somente das planícies do rio Catimbau, que drena para a Lagoa Saquarema, no estado do Rio de Janeiro. A espécie não foi encontrada em outras drenagens conectadas ao sistema Saquarema, incluindo o rio Mato Grosso, o maior da bacia. É sempre encontrada em poças temporárias rasas, formadas durante a estação chuvosa. Todas as poças estavam em área de vegetação aberta. Poças adjacentes à estrada RJ-106 perderam vegetação original nos últimos anos e foram parcialmente drenadas, enquanto toda a região ao norte dessa estrada foi modificada para a agricultura, não restando outras poças temporárias. Atualmente, três subpopulações são conhecidas, estando próximas de áreas agrícolas e de expansão urbana, separadas umas das outras por trechos desmatados que fragmentam severamente o habitat potencial da espécie e potencialmente interrompem o fluxo gênico. A Área de Ocupação (AOO) foi calculada em 8 km². Portanto, Nematolebias catimbau foi categorizada como Criticamente em Perigo (CR) pelo critério B2ab(i,ii,iii).",Sim,Sim,Rio de Janeiro,|Sudeste|,Mata Atlântica,Sub-bacia Litoral RJ,,,,Não,Declinando,"2 - Agropecuária e Aquacultura
2.1 - Culturas anuais e perenes não-madeireiras
2.1.4 - Agricultura de escala desconhecida
7 - Modificações nos sistemas naturais
7.2 - Represas e uso de água
7.2.3 - Captação de água de superfície - uso na agricultura",,Plano de Ação Nacional (PAN),Plano de Ação Nacional para a Conservação dos Peixes Rivulídeos Ameaçados de Extinção - 2º ciclo,"Lista Nacional Oficial de Espécies da Fauna Ameaçadas de Extinção 2014, Lista Nacional Oficial de Espécies da Fauna Ameaçadas de Extinção 2022",,,nematolebias catimbau,CR,1.0,CR,CR
Animalia,Chordata,Actinopterygii,Cyprinodontiformes,Rivulidae,Nematolebias,Nematolebias papilliferus,,Nematolebias papilliferus,"Costa, 2002","Peixe anual, Peixe das nuvens",Peixes Continentais,05/2019,Criticamente em Perigo,Não,"B2ab(i,ii,iii,iv)","Nematolebias papilliferus é endêmica do Brasil e conhecida somente nos sistemas lagunares de Maricá, no estado do Rio de Janeiro. A espécie era conhecida de três localidades no passado, das quais duas estão totalmente antropizadas e descaracterizadas, o que fragmentou severamente seu habitat e, consequentemente, sua população pela interrupção de fluxo gênico. A localidade-tipo é uma poça temporária próxima a um pequeno córrego do sistema lagunar de Maricá, que foi parcialmente drenado. Originalmente eram conhecidas diversas subpopulações que ocupavam áreas amplas, mas atualmente as poucas remanescentes encontram-se em ambientes de, no máximo, 50 m². A Área de Ocupação (AOO) da espécie é de 4 km². A principal ameaça é dada pela expansão urbana e especulação imobiliária. Sua área de ocorrência remanescente sofre com o despejo de lixo e degradação continuada por aterro e drenagem das águas. Em função da redução de sua distribuição ao longo dos últimos anos, Nematolebias papilliferus foi categorizada como Criticamente em Perigo (CR) pelo critério B2ab(i,ii,iii,iv).",Sim,Sim,Rio de Janeiro,|Sudeste|,Mata Atlântica,Sub-bacia Litoral RJ,,,,Não,Declinando,"1 - Desenvolvimento residencial e comercial
1.1 - Expansão urbana
7 - Modificações nos sistemas naturais
7.3 - Outras modificações nos ecossistemas",,Plano de Ação Nacional (PAN),Plano de Ação Nacional para a Conservação dos Peixes Rivulídeos Ameaçados de Extinção - 2º ciclo,"Lista Nacional Oficial de Espécies da Fauna Ameaçadas de Extinção 2014, Lista Nacional Oficial de Espécies da Fauna Ameaçadas de Extinção 2022",,,nematolebias papilliferus,CR,1.0,CR,CR
Animalia,Chordata,Aves,Passeriformes,Thraupidae,Nemosia,Nemosia rourei,,Nemosia rourei,"Cabanis, 1870",saíra-apunhalada,Aves,06/2019,Criticamente em Perigo,Não,C2a(i); D,"Nemosia rourei é endêmica do sudeste do Brasil, com distribuição original para regiões serranas do Espírito Santo e Rio de Janeiro. Os registros atuais restringem-se a apenas duas localidades no Espírito Santo, em Vargem Alta e Santa Teresa. Habita, preferencialmente, florestas úmidas e densas de montana e sua população é severamente fragmentada, tendo mais de 50% dos indivíduos separados por distâncias intransponíveis para espécie. Estima-se o tamanho populacional não ultrapassa 50 indivíduos maduros e há tendência de declínio populacional continuado decorrente da degradação e converção do habitat em plantações de café, pedreiras, extração ilegal de palmeiras e exploração madeireira. Dessa forma, N. rourei foi categorizada como Criticamente em Perigo (CR) pelos critérios C2a(i); D.",Sim,Sim,"Espírito Santo, Rio de Janeiro",|Sudeste|,Mata Atlântica,,REBIO Augusto Ruschi,,,Não,Declinando,"2 - Agropecuária e Aquacultura
2.1 - Culturas anuais e perenes não-madeireiras
2.1.4 - Agricultura de escala desconhecida
3 - Produção energética e mineração
3.2 - Mineração
3.2.2 - Extração de seixo/pedra
3 - Produção energética e mineração
3.2.3 - Extração de minérios - subsolo
5 - Uso de recursos biológicos
5.3 - Extração florestal
5.3.5 - Motivação desconhecida",,"Conscientização/comunicação, Criação de áreas protegidas, Implementação de corredores, Plano de Ação Nacional (PAN)",Plano de Ação Nacional para a Conservação das Aves Ameaçadas do Bioma Mata Atlântica,"Lista Nacional Oficial de Espécies da Fauna Ameaçadas de Extinção 2014, Lista Nacional Oficial de Espécies da Fauna Ameaçadas de Extinção 2022","850 , 1250",,nemosia rourei,CR,1.0,CR,CR
Animalia,Chordata,Actinopterygii,Siluriformes,Loricariidae,Neoplecostomus,Neoplecostomus botucatu,,Neoplecostomus botucatu,"Roxo, Oliveira & Zawadzki, 2012",Cascudo,Peixes Continentais,07/2021,Criticamente em Perigo,Não,B2ab(iii),"Neoplecostomus botucatu é endêmica do Brasil e conhecida apenas da localidade-tipo, o córrego Águas de Madalena, um tributário do rio Pardo, bacia do rio Paranapanema, município de Botucatu, estado de São Paulo. Desde a sua descrição foram realizadas intensas amostragens na região de entorno da localidade-tipo, mas a espécie só é encontrada nos mesmos locais. A Área de Ocupação (AOO) calculada, portanto, é de 4 km2. As espécies de Neoplecostomus vivem em ambientes de correnteza, com leito rochoso e com alta taxa de oxigenação da água. Está em curso a ampliação do barramento a montante da área de ocorrência da espécie, o que pode afetar o regime hídrico do corpo d'água, caracterizando uma única localização. Além disso, o declínio continuado da qualidade do habitat já vem ocorrendo em virtude da poluição e expansão urbana. Por esses motivos, Neoplecostomus botucatu foi categorizada como Criticamente Em Perigo (CR) pelo critério B2ab(iii).",Sim,Sim,Desconhecido,||,Desconhecido,,,,,Desconhecido,Desconhecida,"1 - Desenvolvimento residencial e comercial
1.1 - Expansão urbana
1 - Desenvolvimento residencial e comercial
1.2 - Áreas comerciais e industriais
6 - Distúrbios humanos
6.1 - Atividades recreacionais/turísticas
7 - Modificações nos sistemas naturais
7.2 - Represas e uso de água
7.2.11 - Represas (tamanho desconhecido)",,Plano de Ação Nacional (PAN),"Plano de Ação Nacional para a Conservação das Espécies de Peixes Ameaçadas de Extinção da Bacia do Alto Rio Paraná, Plano de Ação Nacional para a Conservação dos Peixes e Eglas da Mata Atlântica","Lista Nacional Oficial de Espécies da Fauna Ameaçadas de Extinção 2014, Lista Nacional Oficial de Espécies da Fauna Ameaçadas de Extinção 2022",,,neoplecostomus botucatu,VU,1.0,CR,VU
Animalia,Arthropoda,Chilopoda,Scolopendromorpha,Scolopocryptopidae,Newportia,Newportia spelaea,,,"Ázara & Ferreira, 2014",Não Informado,Invertebrados Terrestres,05/2018,Criticamente em Perigo,Não,B2ab(iii),"Newportia spelaea é endêmica do Brasil, conhecida apenas da localidade-tipo, a toca do Gonçalo, em Campo Formoso, Bahia. Somente o holótipo é conhecido e a espécie parece ser rara no local. A localidade-tipo e outras cavernas da região foram visitadas diversas vezes desde 1998, mas apenas um indivíduo foi registrado. A caverna é fortemente impactada principalmente pela redução do nível da água, resultando em declínio da qualidade de habitat. Além disso, a vegetação do entorno encontra-se bastante desmatada e a região possui polígonos minerários com requerimento de lavra. Considerando uma área de ocupação menor do que 10km2 e uma localização, a espécie foi categorizada em Criticamente em Perigo (CR) pelo critério B2ab(iii).",Sim,Sim,Bahia,|Nordeste|,Caatinga,Sub-bacia São Francisco Submédio,,,,Não,Desconhecida,"11 - Mudanças e extremos climáticos
11.1 - Mudança/alteração de habitat
11 - Mudanças e extremos climáticos
11.2 - Secas
2 - Agropecuária e Aquacultura
2.1 - Culturas anuais e perenes não-madeireiras
2.1.2 - Agricultura em pequenas propriedades
2 - Agropecuária e Aquacultura
2.1.3 - Agricultura agro-industrial
7 - Modificações nos sistemas naturais
7.2 - Represas e uso de água
7.2.5 - Captação de água subterrânea - uso doméstico
7 - Modificações nos sistemas naturais
7.2.7 - Captação de água subterrânea - uso na agricultura
7 - Modificações nos sistemas naturais
7.3 - Outras modificações nos ecossistemas",,Plano de Ação Nacional (PAN),Plano de Ação Nacional para a Conservação das Cavernas do Brasil,Lista Nacional Oficial de Espécies da Fauna Ameaçadas de Extinção 2022,,,newportia spelaea,CR,0.0,CR,CR
Animalia,Chordata,Actinopterygii,Cyprinodontiformes,Rivulidae,Notholebias,Notholebias cruzi,,Notholebias cruzi,"(Costa, 1988)","Peixe anual, Peixe das nuvens",Peixes Continentais,05/2019,Criticamente em Perigo,Não,"B2ab(i,ii,iii,iv)","Notholebias cruzi é endêmica do Brasil, e, historicamente, costumava ser abundante entre os municípios de Barra de São João e Rio das Ostras, no estado do Rio de Janeiro. Ocorre em sintopia com Ophthalmolebias constanciae e Nematolebias whitei. O aterramento continuado de brejos em toda área de distribuição da espécie fragmentou sua população e provocou o declínio continuado de seus ambientes originais e da qualidade do hábitat. A área de ocupação (AOO) conhecida atualmente é de 8 km². Algumas poças foram reduzidas de 1500 m² para 25 m², não existindo registro dessa espécie desde 2002, embora existam esforços de amostragem na região, em vários anos após 2002. Portanto, Notholebias cruzi foi categorizada como Criticamente em Perigo (CR) pelo critério B2ab(i,ii,iii,iv).",Sim,Sim,Rio de Janeiro,|Sudeste|,Mata Atlântica,Sub-bacia Litoral RJ,,,RPPN Morro Grande,Não,Declinando,"1 - Desenvolvimento residencial e comercial
1.1 - Expansão urbana
7 - Modificações nos sistemas naturais
7.3 - Outras modificações nos ecossistemas",,Plano de Ação Nacional (PAN),"Plano de Ação Nacional para a Conservação dos Peixes Rivulídeos Ameaçados de Extinção, Plano de Ação Nacional para a Conservação dos Peixes Rivulídeos Ameaçados de Extinção - 2º ciclo","Lista Nacional Oficial de Espécies da Fauna Ameaçadas de Extinção 2014, Lista Nacional Oficial de Espécies da Fauna Ameaçadas de Extinção 2022",,,notholebias cruzi,CR,1.0,CR,CR
Animalia,Chordata,Actinopterygii,Cyprinodontiformes,Rivulidae,Notholebias,Notholebias fractifasciatus,,Notholebias fractifasciatus,"(Costa, 1988)","Peixe anual, Peixes das nuvens",Peixes Continentais,05/2019,Criticamente em Perigo,Não,"B2ab(i,ii,iii,iv)","Notholebias fractifasciatus é endêmica do Brasil e ocorre em brejos na região de Inoã, no sistema da lagoa de Maricá, estado do Rio de Janeiro. A principal ameaça identificada é a destruição dos ambientes alagáveis pela drenagem e aterros em virtude da expansão imobiliária. Além disso, o despejo de lixo representa impacto adicional. A espécie era conhecida de três localidades, onde ocorria em abundância, mas duas subpopulações foram perdidas por causa da expansão urbana. A área de ocupação foi calculada em 4 km&sup2;, com uma única localização e declínio continuado na extensão de ocorrência, área de ocupação, qualidade do hábitat e número de subpopulações. Por isso, N. fractifasciatus foi categorizada como Criticamente em Perigo (CR) pelo critério B2ab(i,ii,iii,iv).",Sim,Sim,Rio de Janeiro,|Sudeste|,Mata Atlântica,Sub-bacia Litoral RJ,,,,Não,Declinando,"1 - Desenvolvimento residencial e comercial
1.1 - Expansão urbana
7 - Modificações nos sistemas naturais
7.3 - Outras modificações nos ecossistemas
9 - Poluição
9.4 - Lixo e resíduos sólidos
9.4.1 - Urbanos",,Plano de Ação Nacional (PAN),"Plano de Ação Nacional para a Conservação dos Peixes Rivulídeos Ameaçados de Extinção, Plano de Ação Nacional para a Conservação dos Peixes Rivulídeos Ameaçados de Extinção - 2º ciclo","Lista Nacional Oficial de Espécies da Fauna Ameaçadas de Extinção 2014, Lista Nacional Oficial de Espécies da Fauna Ameaçadas de Extinção 2022",,,notholebias fractifasciatus,CR,1.0,CR,CR
Animalia,Chordata,Actinopterygii,Cyprinodontiformes,Rivulidae,Notholebias,Notholebias vermiculatus,,Notholebias vermiculatus,"Costa & Amorim, 2013","Peixe anual, Peixe das nuvens",Peixes Continentais,05/2019,Criticamente em Perigo,Não,"B1ab(i,ii,iii,iv)","Notholebias vermiculatus é endêmica do Brasil e conhecida de poucas áreas isoladas, nos municípios de Saquarema e Maricá, estado do Rio de Janeiro. A localidade-tipo consiste de uma série de poças temporárias na planície de inundação próxima ao rio Catimbau que drena para a lagoa Saquarema. Esse complexo de poças cruzava a RJ-106 em sua porção média, mas foi severamente perturbado após 2007, quando a espécie desapareceu depois que os últimos vestígios da vegetação marginal original foram removidos, fragmentando severamente o habitat da espécie, o que contribuiu para a fragmentação da população. Toda a região situada ao norte da rodovia foi drenada para a agricultura e atualmente é ocupada por plantações. Entretanto, a espécie ainda é encontrada em poças ao sul da rodovia. Uma segunda localidade é uma área alagada temporária próxima à lagoa Jaconé, menor do que 1 km², que sofrerá impactos da construção de um porto (Empreendimentos Terminais Ponta Negra) e do Gasoduto Rota 3, da Petrobrás. A Extensão de Ocorrência (EOO) foi calculada em 13 km² a partir do MPC formado pelos registros conhecidos. Considerando o declínio da extensão de ocorrência, área de ocupação, qualidade do habitat e potencialmente do número de subpopulações localizadas na área do empreendimento, Notholebias vermiculatus foi categorizada como Criticamente em Perigo (CR) pelo critério B1ab(i,ii,iii,iv).",Sim,Sim,Rio de Janeiro,|Sudeste|,Mata Atlântica,Sub-bacia Litoral RJ,,,,Não,Declinando,"2 - Agropecuária e Aquacultura
2.1 - Culturas anuais e perenes não-madeireiras
2.1.4 - Agricultura de escala desconhecida
3 - Produção energética e mineração
3.1 - Extração de petróleo e gás natural
4 - Transportes e serviços de transmissão
4.3 - Portos",,Plano de Ação Nacional (PAN),Plano de Ação Nacional para a Conservação dos Peixes Rivulídeos Ameaçados de Extinção - 2º ciclo,"Lista Nacional Oficial de Espécies da Fauna Ameaçadas de Extinção 2014, Lista Nacional Oficial de Espécies da Fauna Ameaçadas de Extinção 2022",,,notholebias vermiculatus,CR,1.0,CR,CR
Animalia,Chordata,Elasmobranchii,Hexanchiformes,Hexanchidae,Notorynchus,Notorynchus cepedianus,,Notorynchus cepedianus,"(Péron, 1807)","cação-bruxa, tubarão-de-sete-fendas-pintado",Tubarões e Raias,11/2017,Criticamente em Perigo,Não,A2cd,"Notorhyncus cepedianus é uma espécie demersal com distribuição global em águas temperadas das regiões costeiras. Era encontrada no Brasil do Rio de Janeiro ao Rio Grande do Sul, em maior abundância com o aumento da latitude. As principais ameaças relacionam-se às interações com a pesca, principalmente em capturas incidentais de arrastos-de-portas, emalhe-de-fundo e superfície. Os registros na região norte de sua distribuição no Brasil (RJ e SP) são exclusivamente históricos. Há o registro de pescarias direcionadas a esta espécie no RS entre a década de 1970 e 1980, que incidia sobre as fêmeas grávidas com arrasto de beira de praia e de jovens com redes-de-emalhe, e que ocasionou o desaparecimento da espécie em áreas da costa onde era anteriormente abundante. Entre 1980 e 1983, neonatos de N. cepedianus foram registrados na praia do Cassino (RS), uma área considerada um importante berçário para outros elasmobrânquios, onde a espécie não é mais observada atualmente. Tal fato remete a um declínio da sua área de ocupação e extensão de ocorrência. Em 2005, neonatos foram registrados na frota de Passos de Torres, mais ao norte no estado do Rio Grande do Sul. Dentro do cenário apresentado estima-se que houve um declínio populacional de pelo menos 90% no Brasil nos últimos 60 anos (três tempos geracionais). Desta forma, a espécie foi categorizada como Criticamente em Perigo (CR) pelo critério A2cd.",Não,Sim,"Paraná, Rio de Janeiro, Rio Grande do Sul, São Paulo",|Sudeste|Sul|,Sistema Costeiro-Marinho,,"REBIO Marinha do Arvoredo, RESEX Marinha Pirajubaé",APA MARINHA DO LITORAL CENTRO,,Sim,Declinando,"5 - Uso de recursos biológicos
5.4 - Pesca e uso de recursos aquáticos
5.4.1 - Captura intencional - subsistência/pequena escala
5.4.1.6 - Arrasto
5.4.1.6.3 - Arrasto de praia
5 - Uso de recursos biológicos
5.4.1.7 - Emalhe
5.4.1.7.1 - Emalhe de fundo
5 - Uso de recursos biológicos
5.4.1.7.2 - Emalhe de superfície
5 - Uso de recursos biológicos
5.4.2 - Captura intencional - larga escala
5.4.2.7 - Emalhe
5.4.2.7.1 - Emalhe de fundo
5 - Uso de recursos biológicos
5.4.5 - Captura indireta - subsistência/pequena escala
5.4.5.6 - Arrasto
5.4.5.6.1 - Arrasto simples
5 - Uso de recursos biológicos
5.4.5.6.2 - Arrasto duplo
5 - Uso de recursos biológicos
5.4.5.6.3 - Arrasto de praia
5 - Uso de recursos biológicos
5.4.5.7 - Emalhe
5.4.5.7.1 - Emalhe de fundo
5 - Uso de recursos biológicos
5.4.5.7.2 - Emalhe de superfície
5 - Uso de recursos biológicos
5.4.6 - Captura indireta - larga escala
5.4.6.6 - Arrasto
5.4.6.6.1 - Arrasto simples
5 - Uso de recursos biológicos
5.4.6.6.2 - Arrasto duplo
5 - Uso de recursos biológicos
5.4.6.6.3 - Arrasto de parelha
5 - Uso de recursos biológicos
5.4.6.7 - Emalhe
5.4.6.7.1 - Emalhe de fundo
5 - Uso de recursos biológicos
5.4.6.7.2 - Emalhe de superfície
5 - Uso de recursos biológicos
5.4.6.8 - Espinhel
5.4.6.8.1 - Espinhel de superfície","1 - Alimentação humana
1 - Alimentação humana
1.7 - Pesca artesanal","Controle e fiscalização, Educação e comunicação, Plano de Ação Nacional (PAN), Proteção de recursos/habitat",Plano de Ação Nacional para a Conservação dos Elasmobrânquios Ameaçados de Extinção,"Lista Nacional Oficial de Espécies da Fauna Ameaçadas de Extinção 2014, Lista Nacional Oficial de Espécies da Fauna Ameaçadas de Extinção 2022",,"6 , 400",notorynchus cepedianus,CR,1.0,CR,CR
Animalia,Chordata,Aves,Nyctibiiformes,Nyctibiidae,Nyctibius,Nyctibius leucopterus,,Nyctibius leucopterus,"(Wied, 1821)",urutau-de-asa-branca,Aves,06/2019,Criticamente em Perigo,Não,C2a(i),"Nyctibius leucopterus é endêmica da Mata Atlântica da Bahia e do Espírito Santo, estando restrita a poucos fragmentos florestais bem preservados. A população da Amazônia, ainda tratada na literatura sob o nome de N. leucopterus, representa um táxon distinto, ainda não formalmente descrito. Nesta avaliação, apenas a população da Mata Atlântica foi considerada e os únicos registros conhecidos provêm da Bahia (Reserva Biológica de Una, RPPN Estação Veracel e Parque Nacional do Pau Brasil) e norte do Espírito Santo (Reserva Natural Vale e Reserva Biológica de Sooretama). A escassez de registros em áreas bem inventariadas permite suspeitar que o tamanho populacional é menor que 250 indivíduos maduros, com menos de 50 indivíduos em cada subpopulação. Além disso, há declínio populacional continuado a ponto de estar restrita apenas a unidades de conservação, devido à perda de habitat e fragmentação da população. Dessa forma, N. leucopterus foi categorizada como Criticamente em Perigo (CR) pelo critério C2a(i).",Sim,Sim,"Amapá, Amazonas, Bahia, Espírito Santo, Maranhão, Mato Grosso, Pará, Roraima",|Centro-Oeste|Nordeste|Norte|Sudeste|,"Amazônia, Mata Atlântica","Sub-bacia Amapá Litoral
Sub-bacia Doce
Sub-bacia Foz Amazonas
Sub-bacia Gurupi
Sub-bacia Madeira
Sub-bacia Mearim
Sub-bacia Negro
Sub-bacia Paru
Sub-bacia Tocantins Baixo","ESEC do Jari, ESEC Juami-Japurá, FLONA do Tapajós, FLONA Trairão, PARNA Amazônia, PARNA do Pau Brasil, PARNA Jaú, PARNA Montanhas do Tumucumaque, REBIO de Sooretama, REBIO de Una, REBIO do Gurupi, RESEX Auati-Paraná, RESEX Gurupá-Melgaço, RESEX Rio Cajari, REVIS Una","ÁREA DE PROTEÇÃO AMBIENTAL DE PRESIDENTE FIGUEIREDO - CAVERNA DO MOROAGA, ÁREA DE PROTEÇÃO AMBIENTAL SANTO ANTÔNIO, FLORESTA ESTADUAL DO PARU, PARQUE ESTADUAL RIO NEGRO SETOR NORTE, RESERVA DE DESENVOLVIMENTO SUSTENTÁVEL AMANÃ, RESERVA DE DESENVOLVIMENTO SUSTENTÁVEL DO RIO NEGRO","Estação Veracel, RPPN Adão e Eva, RPPN Ecoparque de Una, RPPN Laço de Amor",Não,Desconhecida,"5 - Uso de recursos biológicos
5.3 - Extração florestal
5.3.5 - Motivação desconhecida",,Plano de Ação Nacional (PAN),Plano de Ação Nacional para a Conservação das Aves Ameaçadas do Bioma Mata Atlântica,"Lista Nacional Oficial de Espécies da Fauna Ameaçadas de Extinção 2014, Lista Nacional Oficial de Espécies da Fauna Ameaçadas de Extinção 2022",,,nyctibius leucopterus,CR,1.0,CR,CR
Animalia,Chordata,Amphibia,Anura,Hylidae,Nyctimantis,Nyctimantis pomba,,Aparasphenodon pomba,"(Assis, Santana, da Silva, Quintela & Feio, 2013)","Painted tree frog, Perereca, Perereca-de-capacete, Perereca-pintada",Anfíbios,09/2017,Criticamente em Perigo,Não,B1ab(iii)+2ab(iii),"Nyctimantis pomba é endêmica do Brasil, do bioma Mata Atlântica, sendo conhecida somente da localidade-tipo, que corresponde a um fragmento de mata em área particular no município de Cataguases, às margens do rio Pomba, no estado de Minas Gerais. A espécie é rara, mas tem sido encontrada com certa frequência somente em um único bambuzal associado à mata. A região onde ocorre está sob forte pressão, decorrente de queimadas, supressão de vegetação e atividades agropastoris. A extensão de ocorrência e a área de ocupação são menores que 0,50 km2, correspondendo a uma única localização, que está sujeita ao declínio de área e qualidade do hábitat devido às ameaças citadas. Por essas razões, Nyctimantis pomba foi avaliada como Criticamente em Perigo (CR) pelos critérios B1ab(iii)+2ab(iii).",Sim,Sim,Minas Gerais,|Sudeste|,Mata Atlântica,Sub-bacia Paraíba do Sul,,,,Não,Desconhecida,"1 - Desenvolvimento residencial e comercial
1.2 - Áreas comerciais e industriais
2 - Agropecuária e Aquacultura
2.1 - Culturas anuais e perenes não-madeireiras
2.1.4 - Agricultura de escala desconhecida
2 - Agropecuária e Aquacultura
2.3 - Pecuária
2.3.4 - Pecuária em escala desconhecida
5 - Uso de recursos biológicos
5.3 - Extração florestal
5.3.5 - Motivação desconhecida
7 - Modificações nos sistemas naturais
7.1 - Incêndios e supressão de incêndios
7.1.1 - Aumento da frequência/intensidade de incêndios
7 - Modificações nos sistemas naturais
7.3 - Outras modificações nos ecossistemas
8 - Espécies invasoras
problemáticas e doenças
8.1 - Espécies exóticas
8.1.1 - Espécie conhecida
8.1.1.1 - Competidores
8 - Espécies invasoras
problemáticas e doenças
8.1.1.4 - Patógenos/Parasitas",,"Criação de áreas protegidas, Plano de Ação Nacional (PAN), Reprodução em cativeiro/propagação artificial",Plano de Ação Nacional para conservação da Herpetofauna Ameaçada da Mata Atlântica da Região Sudeste do Brasil,"Lista Nacional Oficial de Espécies da Fauna Ameaçadas de Extinção 2014, Lista Nacional Oficial de Espécies da Fauna Ameaçadas de Extinção 2022",,,nyctimantis pomba,CR,1.0,CR,CR
Animalia,Chordata,Aves,Galliformes,Odontophoridae,Odontophorus,Odontophorus capueira,Odontophorus capueira plumbeicollis,Odontophorus capueira plumbeicollis,"Cory, 1915",uru,Aves,10/2024,Criticamente em Perigo,Não,"B2ab(i,ii,iii,v); C2a(i); D","Odontophorus capueira plumbeicollis é endêmica do Brasil, com registros históricos nos estados de Alagoas, Ceará, Paraíba, Pernambuco e Sergipe. Atualmente ocorre apenas em duas localidades: Serra de Baturité (Ceará) e Rebio de Pedra Talhada (Alagoas). Habita brejos de altitude na Caatinga e, historicamente, florestas úmidas na Mata Atlântica. A área de ocupação (AOO) foi calculada em 8 km², considerando os registros conhecidos e inferidos. A população está severamente fragmentada, pois todos os indivíduos se encontram em apenas duas subpopulações muito pequenas para serem consideradas viáveis e estão isoladas entre si por uma distância intransponível para o táxon. Há declínio continuado observado na extensão de ocorrência, na área de ocupação, na qualidade do habitat e no número de indivíduos maduros. Estima-se que a população possui menos de 20 indivíduos maduros em cada uma das duas subpopulações e apresenta declínio continuado, com diversas extinções locais. A caça é a maior ameaça ao táxon, além da perda de habitat, predação por animais domésticos, transmissão de doenças por aves domésticas e mudanças climáticas, que gerarão grande redução na adequabilidade do habitat. Adicionalmente, o desequilíbrio ecológico local tem aumentado a incidência de predação natural. Desta forma, O. c. plumbeicollis foi categorizada como Criticamente em Perigo (CR), pelos critérios B2ab(i,ii,iii,v); C2a(i); D.",Sim,Sim,"Alagoas, Ceará, Paraíba, Pernambuco, Sergipe",|Nordeste|,"Caatinga, Mata Atlântica","Sub-bacia Litoral AL PE PB
Sub-bacia Litoral CE PB
Sub-bacia Litoral CE PI
Sub-bacia São Francisco Baixo",REBIO de Pedra Talhada,ÁREA DE PROTEÇÃO AMBIENTAL DA SERRA DE BATURITÉ,,Não,Declinando,"11 - Mudanças e extremos climáticos
2 - Agropecuária e Aquacultura
2.1 - Culturas anuais e perenes não-madeireiras
2.1.3 - Agricultura agro-industrial
5 - Uso de recursos biológicos
5.1 - Caça e captura de animais terrestres ou marinhos
5.1.1 - Caça/captura intencional (a espécie é o alvo)
5.1.1.1 - Uso de subsistência/escambo local
5 - Uso de recursos biológicos
5.3 - Extração florestal
8 - Espécies invasoras
problemáticas e doenças
8.2 - Espécies domésticas
8.2.2 - Predadores
8 - Espécies invasoras
problemáticas e doenças
8.2.4 - Patógenos/Parasitas",1 - Alimentação humana,"Conservação ex-situ, Criação de áreas protegidas, Expansão de áreas protegidas, Plano de Ação Nacional (PAN)","Plano de Ação Nacional para a Conservação das Aves Ameaçadas do Bioma Mata Atlântica, Plano de Ação Nacional para a Conservação das Aves Ameaçadas do Bioma Mata Atlântica - 2º ciclo, Plano de Ação Nacional para a Conservação das Aves da Caatinga, Plano de Ação Nacional para a Conservação das Aves da Caatinga - 2º ciclo, Plano de Ação Nacional para a Conservação das Aves da Caatinga - 3º ciclo, Plano de Ação Nacional para a Conservação dos Galliformes","Lista Nacional Oficial de Espécies da Fauna Ameaçadas de Extinção 2014, Lista Nacional Oficial de Espécies da Fauna Ameaçadas de Extinção 2022",,,odontophorus capueira,,,CR,NE
Animalia,Arthropoda,Entognatha,Diplura,Campodeidae,Oncinocampa,Oncinocampa trajanoae,,,"Condé, 1997",Não Informado,Invertebrados Terrestres,05/2018,Criticamente em Perigo,Não,B2ab(iii),"Oncinocampa trajanoae é endêmica do Brasil e tem distribuição restrita ao sistema Areias, composto pelas grutas das Areias I (Gruta Areias de Cima), Gruta das Areias II e Ressurgência das Areias de Água Quente, no Município de Iporanga/São Paulo. Parte do sistema está inserida no Parque Estadual Turístico do Alto Ribeira (PETAR). As cavernas da região são bem amostradas, mas a espécie não foi registrada em outras cavidades. A área de ocupação da espécie é restrita (menor do que 10km2). Embora parte do sistema esteja em uma área protegida em bom estado de conservação, as áreas de recarga estão fora da unidade de conservação e sofrem com aporte de poluentes, principalmente esgoto doméstico, descarte de água cinza e metais pesados decorrentes de mineração, provocando declínio da qualidade da água. Esses impactos no ambiente aquático provavelmente interferem no ambiente terrestre em função da dinâmica hídrica do sistema (inundações cíclicas). Considerando uma localização, a espécie foi categorizada como Criticamente em Perigo (CR) de acordo com o critério B2ab(iii).",Sim,Sim,São Paulo,|Sudeste|,Mata Atlântica,Sub-bacia Litoral RJ SP,,PARQUE ESTADUAL TURÍSTICO DO ALTO DO RIBEIRA,,Não,Desconhecida,"6 - Distúrbios humanos
6.1 - Atividades recreacionais/turísticas
9 - Poluição
9.2 - Industrial
9.2.2 - Infiltraçao oriunda de mineração
9 - Poluição
9.3 - Agropecuária e florestal
9.3.3 - Herbicidas e pesticidas",,Plano de Ação Nacional (PAN),Plano de Ação Nacional para a Conservação das Cavernas do Brasil,Lista Nacional Oficial de Espécies da Fauna Ameaçadas de Extinção 2022,,,oncinocampa trajanoae,CR,0.0,CR,CR
Animalia,Chordata,Actinopterygii,Cyprinodontiformes,Rivulidae,Ophthalmolebias,Ophthalmolebias bokermanni,,Ophthalmolebias bokermanni,"(Carvalho & Cruz, 1987)","Peixe anual, Peixes das Nuvens",Peixes Continentais,05/2019,Criticamente em Perigo,Não,B2ab(iii),"Ophthalmolebias bokermanni é endêmica do Brasil e conhecida apenas da localidade-tipo, um alagado temporário na CEPLAC (Comissão Executiva do Plano da Lavoura Cacaueira), na várzea do rio Cachoeira, município de Ilhéus, estado da Bahia. A espécie habita poças temporárias de água doce no interior de mata densa. A principal ameaça identificada é a perda de hábitat devido à destruição das florestas e cabrucas próximas às margens do rio Cachoeira. A área de ocupação (AOO) foi calculada em 4 km&sup2;, com uma única localização e declínio continuado da qualidade do hábitat. Por isso, O. bokermanni foi categorizada como Criticamente em Perigo (CR) pelo critério B2ab(iii).",Sim,Sim,Bahia,|Nordeste|,Mata Atlântica,,,,,Não,Desconhecida,"11 - Mudanças e extremos climáticos
11.1 - Mudança/alteração de habitat
2 - Agropecuária e Aquacultura
2.1 - Culturas anuais e perenes não-madeireiras
2.1.4 - Agricultura de escala desconhecida
7 - Modificações nos sistemas naturais
7.3 - Outras modificações nos ecossistemas",,Plano de Ação Nacional (PAN),"Plano de Ação Nacional para a Conservação dos Peixes Rivulídeos Ameaçados de Extinção, Plano de Ação Nacional para a Conservação dos Peixes Rivulídeos Ameaçados de Extinção - 2º ciclo","Lista Nacional Oficial de Espécies da Fauna Ameaçadas de Extinção 2014, Lista Nacional Oficial de Espécies da Fauna Ameaçadas de Extinção 2022",,,ophthalmolebias bokermanni,CR,1.0,CR,CR
Animalia,Chordata,Actinopterygii,Cyprinodontiformes,Rivulidae,Ophthalmolebias,Ophthalmolebias constanciae,,Ophthalmolebias constanciae,"(Myers, 1942)","Peixe anual, Peixe das nuvens",Peixes Continentais,11/2020,Criticamente em Perigo,Não,"B1ab(i,ii,iii,iv)+2ab(i,ii,iii,iv)","Ophthalmolebias constanciae é endêmica do Brasil, ocorrendo em poças em meio à vegetação de restinga, entre os municípios de Rio das Ostras e Cabo Frio, no estado do Rio de Janeiro. No passado, várias subpopulações abundantes eram encontradas nesses municípios, mas atualmente restam apenas três. Em Casimiro de Abreu, distrito de Barra de São João, encontrava-se a subpopulação mais saudável; contudo, o alagado foi parcialmente aterrado em 2018. Apesar de haverem sido empreendidos esforços para recuperar o ambiente, não é possível avaliar no momento a efetividade de tais ações. Em Rio das Ostras, a segunda subpopulação ocorre na beira da praia, entre casas e está completamente descaracterizada, com poucos indivíduos, apesar de ser a subpopulação com maior densidade populacional. Uma terceira subpopulação foi descoberta recentemente, na área da localidade-tipo, em Botafogo, município de Cabo Frio. É rara nessa localidade, onde ocorre em simpatria com Nematolebias whitei. A Extensão de Ocorrência (EOO) calculada é de 1 km², considerando os registros conhecidos, o que sugere que a AOO seja ainda inferior a esse valor. Em função dos declínios continuados na extensão de ocorrência, área de ocupação, qualidade do habitat e redução do número de subpopulações, além de se tratar de uma espécie de interesse ornamental, Ophthalmolebias constanciae foi categorizada como Criticamente em Perigo (CR) pelos critérios B1+2ab(i,ii,iii,iv).",Sim,Sim,Rio de Janeiro,|Sudeste|,Mata Atlântica,Sub-bacia Litoral RJ,,,,Não,Declinando,"1 - Desenvolvimento residencial e comercial
1.1 - Expansão urbana
5 - Uso de recursos biológicos
5.4 - Pesca e uso de recursos aquáticos
5.4.1 - Captura intencional - subsistência/pequena escala
5.4.1.4 - Armadilha
5.4.1.4.5 - Puçá",3 - Animais de estimação/ornamentais,Plano de Ação Nacional (PAN),"Plano de Ação Nacional para a Conservação dos Peixes Rivulídeos Ameaçados de Extinção, Plano de Ação Nacional para a Conservação dos Peixes Rivulídeos Ameaçados de Extinção - 2º ciclo","Lista Nacional Oficial de Espécies da Fauna Ameaçadas de Extinção 2014, Lista Nacional Oficial de Espécies da Fauna Ameaçadas de Extinção 2022",,,ophthalmolebias constanciae,CR,1.0,CR,CR
Animalia,Chordata,Actinopterygii,Cyprinodontiformes,Rivulidae,Ophthalmolebias,Ophthalmolebias perpendicularis,,Ophthalmolebias perpendicularis,"(Costa, Nielsen & de Luca, 2001)",Peixe anual,Peixes Continentais,05/2019,Criticamente em Perigo,Não,"B2ab(ii,iii)","Ophthalmolebias perpendicularis é endêmica do Brasil e conhecida apenas da localidade-tipo, uma poça temporária na bacia do rio Jequitinhonha, estado da Bahia. A principal ameaça identificada é a destruição do hábitat ocupado pela espécie, causada pela remoção da cobertura vegetal, originalmente Mata Atlântica, para a utilização em atividades agropecuárias. A espécie é sensível a alterações ambientais e o único registro foi em 2000, mesmo havendo esforço de amostragem posterior. A área de ocupação (AOO) foi calculada em 4 km&sup2;, com uma única localização e declínio continuado da área de ocupação e qualidade do hábitat. Por isso, O. perpendicularis foi categorizada como Criticamente em Perigo (CR) pelo critério B2ab(ii,iii).",Sim,Sim,Bahia,|Nordeste|,Mata Atlântica,,,,,Não,Declinando,"2 - Agropecuária e Aquacultura
2.1 - Culturas anuais e perenes não-madeireiras
2.1.4 - Agricultura de escala desconhecida
2 - Agropecuária e Aquacultura
2.3 - Pecuária
2.3.4 - Pecuária em escala desconhecida
7 - Modificações nos sistemas naturais
7.3 - Outras modificações nos ecossistemas",,Plano de Ação Nacional (PAN),"Plano de Ação Nacional para a Conservação dos Peixes Rivulídeos Ameaçados de Extinção, Plano de Ação Nacional para a Conservação dos Peixes Rivulídeos Ameaçados de Extinção - 2º ciclo","Lista Nacional Oficial de Espécies da Fauna Ameaçadas de Extinção 2014, Lista Nacional Oficial de Espécies da Fauna Ameaçadas de Extinção 2022",,,ophthalmolebias perpendicularis,CR,1.0,CR,CR
Animalia,Chordata,Actinopterygii,Cyprinodontiformes,Rivulidae,Ophthalmolebias,Ophthalmolebias rosaceus,,Ophthalmolebias rosaceus,"(Costa, Nielsen & de Luca, 2001)","Peixe anual, Peixe das nuvens",Peixes Continentais,05/2019,Criticamente em Perigo,Não,"B2ab(ii,iii)","Ophthalmolebias rosaceus é endêmica do Brasil, conhecida apenas de sua localidade-tipo, na bacia do médio rio Pardo, município de Itapetinga, estado da Bahia. Trata-se de uma espécie sensível às alterações do ambiente, cujo único habitat conhecido é uma poça temporária próxima ao rio Pardo, na estrada entre Potiraguá e Itapetinga, onde foi registrada apenas no ano 2.000, mesmo havendo esforço de amostragem posterior. A Área de Ocupação (AOO) conhecida, portanto, é de 4 km². O entorno da localidade-tipo é acidentado, sem ambientes promissores para a ocorrência da espécie. Acredita-se, porém, que no passado, a espécie tinha uma área de ocorrência maior, hoje descaracterizada principalmente pela conversão do seu habitat em áreas de pastagem, caracterizando o declínio da qualidade do habitat. Considera-se, portanto, a pecuária como principal ameaça, configurando apenas uma localização (a=1). Por esses motivos, Ophthalmolebias rosaceus foi categorizada como Criticamente em Perigo (CR) pelo critério B2ab(ii,iii).",Sim,Sim,Bahia,|Nordeste|,Mata Atlântica,,,,,Não,Desconhecida,"2 - Agropecuária e Aquacultura
2.1 - Culturas anuais e perenes não-madeireiras
2.1.4 - Agricultura de escala desconhecida
2 - Agropecuária e Aquacultura
2.3 - Pecuária
2.3.4 - Pecuária em escala desconhecida
7 - Modificações nos sistemas naturais
7.3 - Outras modificações nos ecossistemas",,Plano de Ação Nacional (PAN),"Plano de Ação Nacional para a Conservação dos Peixes Rivulídeos Ameaçados de Extinção, Plano de Ação Nacional para a Conservação dos Peixes Rivulídeos Ameaçados de Extinção - 2º ciclo","Lista Nacional Oficial de Espécies da Fauna Ameaçadas de Extinção 2014, Lista Nacional Oficial de Espécies da Fauna Ameaçadas de Extinção 2022",,,ophthalmolebias rosaceus,CR,1.0,CR,CR
Animalia,Arthropoda,Insecta,Lepidoptera,Nymphalidae,Orobrassolis,Orobrassolis ornamentalis,,Orobrassolis ornamentalis,"(Stichel, 1906)",Borboleta,Invertebrados Terrestres,09/2024,Criticamente em Perigo,Não,B1ab(iii),"Orobrassolis ornamentalis é endêmica do Brasil, registrada apenas em uma pequena porção de campos de altitude na Serra da Mantiqueira, entre os estados de São Paulo e Minas Gerais. Sua extensão de ocorrência é calculada em 51 km². A área de distribuição da espécie é fortemente afetada pela expansão urbana, incêndios e atividades agropecuárias. Diante da intensa fragmentação e declínio continuado da qualidade dos habitats remanescentes e, considerando a alta especificidade da espécie e sua baixa capacidade de dispersão, infere-se que a população esteja severamente fragmentada. Adicionalmente, observações de campo indicam que cada registro suporta uma subpopulação de tamanho similar, o que implica ausência de uma subpopulação com mais de 50% dos indivíduos. Por essas razões, O. ornamentalis foi categorizada como Criticamente em Perigo (CR), pelo critério B1ab(iii).",Sim,Sim,"Minas Gerais, São Paulo",|Sudeste|,Mata Atlântica,"Sub-bacia Grande
Sub-bacia Paraíba do Sul",APA Serra da Mantiqueira,"APA CAMPOS DO JORDÃO, PARQUE ESTADUAL DE CAMPOS DO JORDÃO",,Desconhecido,Desconhecida,"1 - Desenvolvimento residencial e comercial
1.1 - Expansão urbana
2 - Agropecuária e Aquacultura
2.3 - Pecuária
2.3.4 - Pecuária em escala desconhecida
7 - Modificações nos sistemas naturais
7.1 - Incêndios e supressão de incêndios
7.1.1 - Aumento da frequência/intensidade de incêndios",,"Plano de Ação Nacional (PAN), Proteção de recursos/habitat",Plano de Ação Nacional para a Conservação de Lepidópteros,"Lista Nacional Oficial de Espécies da Fauna Ameaçadas de Extinção 2014, Lista Nacional Oficial de Espécies da Fauna Ameaçadas de Extinção 2022",,,orobrassolis ornamentalis,CR,1.0,CR,CR
Animalia,Chordata,Aves,Galliformes,Cracidae,Ortalis,Ortalis remota,,Ortalis guttata remota,"Pinto, 1960","aracuã, aracuan",Aves,06/2019,Criticamente em Perigo,Não,C2a(i),"Ortalis remota é endêmica do Brasil, ocorrendo no noroeste de São Paulo, com um registro histórico no Mato Grosso do Sul. Pouco se conhece sobre sua biologia. Sua população é severamente fragmentada e houve grande perda de habitat em toda sua distribuição, gerando declínio populacional. Infere-se que a população atual seja inferior a 250 indivíduos maduros e que em cada subpopulação há menos de 50 indivíduos. Há declínio populacional continuado devido à perda de habitat e fragmentação da população. Portanto, O. remota foi categorizada como Criticamente em Perigo (CR), pelo critério C2a(i).",Sim,Sim,"Mato Grosso do Sul, São Paulo",|Centro-Oeste|Sudeste|,"Cerrado, Mata Atlântica","Sub-bacia Grande
Sub-bacia Tietê",,,,Não,Declinando,"1 - Desenvolvimento residencial e comercial
1.1 - Expansão urbana
2 - Agropecuária e Aquacultura
2.1 - Culturas anuais e perenes não-madeireiras
2.1.4 - Agricultura de escala desconhecida
2 - Agropecuária e Aquacultura
2.3 - Pecuária
2.3.4 - Pecuária em escala desconhecida",,Plano de Ação Nacional (PAN),"Plano de Ação Nacional para a Conservação das Aves Ameaçadas do Bioma Mata Atlântica, Plano de Ação Nacional para a Conservação das Aves do Cerrado e Pantanal - 2º ciclo","Lista Nacional Oficial de Espécies da Fauna Ameaçadas de Extinção 2014, Lista Nacional Oficial de Espécies da Fauna Ameaçadas de Extinção 2022",,,ortalis remota,CR,1.0,CR,CR
Animalia,Chordata,Actinopterygii,Ophidiiformes,Ophidiidae,Otophidium,Otophidium chickcharney,,Otophidium chickcharney,"Böhlke e Robins, 1959",Não Informado,Peixes Marinhos (ósseos),11/2018,Criticamente em Perigo,Sim,D,"Otophidium chickcharney é conhecida apenas nas Bahamas e no Brasil, em águas rasas de fundo arenoso na zona de arrebentação de ambientes recifais (poças e piscinas de maré). Embora no Atlântico Norte a espécie ocorra até 15 m de profundidade, os registros confirmados no Brasil provêm de poças de maré na Bahia (Itapoã, Itaparica e Arembepe). Os únicos exemplares (quatro lotes) conhecidos no Brasil foram coletados na década de 1970 e desde então a espécie não foi coletada em qualquer outro local do país, apesar dos extensivos esforços em áreas de poças de maré do litoral Norte e Nordeste do Brasil, incluindo ilhas oceânicas. Não são conhecidos dados sobre a contribuição de populações estrangeiras para a manutenção das populações nacionais. No Brasil, sua distribuição é restrita e os habitats em que ela ocorre são sujeitos a impactos como turismo, urbanização, poluição por esgoto doméstico, pisoteio e ocupação desordenada, havendo constante declínio da qualidade destes habitats. Nesse contexto, suspeita-se que houve uma redução populacional extrema, o que provavelmente levou a espécie a extinção no Brasil baseado no declínio da qualidade do habitat, restando poucos (O. chickcharney foi categorizada como Criticamente em Perigo (CR), pelo critério D, sendo considerada Possivelmente Extinta (PEX).",Não,Sim,Bahia,|Nordeste|,Sistema Costeiro-Marinho,,,ÁREA DE PROTEÇÃO AMBIENTAL BAÍA DE TODOS OS SANTOS,,Desconhecido,Desconhecida,"1 - Desenvolvimento residencial e comercial
1.1 - Expansão urbana
1 - Desenvolvimento residencial e comercial
1.3 - Áreas de turismo e recreação
6 - Distúrbios humanos
6.1 - Atividades recreacionais/turísticas
7 - Modificações nos sistemas naturais
7.3 - Outras modificações nos ecossistemas
9 - Poluição
9.1 - Doméstica e urbana - escoamento de água
9.1.1 - Esgoto",,,,Lista Nacional Oficial de Espécies da Fauna Ameaçadas de Extinção 2022,,"0 , 25",otophidium chickcharney,CR (PEX),0.0,CR,CR
Animalia,Arthropoda,Arachnida,Opiliones,Gonyleptidae,Pachylospeleus,Pachylospeleus strinatii,,Pachylospeleus strinatii,"(Silhavý, 1974)",Não Informado,Invertebrados Terrestres,05/2018,Criticamente em Perigo,Não,B2ab(iii),"Pachylospeleus strinatii tem distribuição restrita ao sistema Areias, composto pelas grutas das Areias I (Gruta Areias de Cima), Gruta das Areias II e Ressurgência das Areias de Água Quente, no Município de Iporanga/SP. Parte do sistema está inserida no Parque Estadual Turístico do Alto Ribeira (PETAR). A espécie representa uma subfamília monotípica. As cavernas da região são bem amostradas, mas a espécie não foi registrada em outras cavidades. A área de ocupação da espécie é restrita (menor do que 10km²). Embora parte do sistema esteja em uma área protegida em bom estado de conservação, as áreas de recarga estão fora da unidade de conservação e sofrem com aporte de poluentes, principalmente esgoto doméstico, descarte de água cinza e metais pesados decorrentes de mineração, provocando declínio da qualidade da água. Esses impactos no ambiente aquático provavelmente interferem no ambiente terrestre em função da dinâmica hídrica do sistema (inundações cíclicas). Considerando uma localização, a espécie foi categorizada como Criticamente em Perigo de acordo com o critério B2ab(iii).",Sim,Sim,São Paulo,|Sudeste|,Mata Atlântica,Sub-bacia Litoral RJ SP,,PARQUE ESTADUAL TURÍSTICO DO ALTO DO RIBEIRA,,Não,Desconhecida,"11 - Mudanças e extremos climáticos
11.1 - Mudança/alteração de habitat
1 - Desenvolvimento residencial e comercial
1.1 - Expansão urbana
1 - Desenvolvimento residencial e comercial
1.3 - Áreas de turismo e recreação
5 - Uso de recursos biológicos
5.3 - Extração florestal
5.3.5 - Motivação desconhecida
6 - Distúrbios humanos
6.1 - Atividades recreacionais/turísticas
7 - Modificações nos sistemas naturais
7.3 - Outras modificações nos ecossistemas
9 - Poluição
9.1 - Doméstica e urbana - escoamento de água
9.1.1 - Esgoto
9 - Poluição
9.3 - Agropecuária e florestal
9.3.3 - Herbicidas e pesticidas
9 - Poluição
9.4 - Lixo e resíduos sólidos
9.4.1 - Urbanos",,Plano de Ação Nacional (PAN),Plano de Ação Nacional para a Conservação das Cavernas do Brasil,"Lista Nacional Oficial de Espécies da Fauna Ameaçadas de Extinção 2014, Lista Nacional Oficial de Espécies da Fauna Ameaçadas de Extinção 2022",,,pachylospeleus strinatii,CR,1.0,CR,CR
Animalia,Chordata,Aves,Columbiformes,Columbidae,Paraclaravis,Paraclaravis geoffroyi,,Claravis geoffroyi,"(Temminck, 1811)",pararu-espelho,Aves,06/2019,Criticamente em Perigo,Sim,D,"Paraclaravis geoffroyi ocorria no leste do Paraguai, nordeste da Argentina e Brasil, desde o sul da Bahia à Santa Catarina. Os últimos registros confirmados da espécie na natureza são da década de 80. A vocalização não é conhecida e sua distribuição é bastante ampla. No entanto, as áreas de ocorrência históricas são muito bem amostradas e a espécie, que possui porte médio e historicamente era encontrada com facilidade, vem sendo intensamente procurada por ornitólogos e observadores de aves desde 1993, sem qualquer sucesso. Assim, é seguro estimar que, caso ainda exista, a população da espécie é muito pequena, com menos de 50 indivíduos maduros. A avaliação não é alterada quando se verifica a inﬂuência da população de países vizinhos. Dessa forma, P. geoffroyi foi categorizada como Criticamente em Perigo (CR), Possivelmente Extinta (PEX), pelo critério D.",Não,Sim,"Bahia, Espírito Santo, Minas Gerais, Paraná, Rio de Janeiro, Santa Catarina, São Paulo",|Nordeste|Sudeste|Sul|,"Cerrado, Mata Atlântica",,"APA Guaraqueçaba, APA Petrópolis, APA Serra da Mantiqueira, PARNA da Serra dos Órgãos, PARNA de Itatiaia, PARNA do Caparaó, PARNA Guaricana, PARNA Iguaçu, REBIO Augusto Ruschi, REBIO Bom Jesus",ÁREA DE PROTEÇÃO AMBIENTAL ESTADUAL DE GUARATUBA,RPPN Parque Ecológico ARTEX,Não,Desconhecida,"5 - Uso de recursos biológicos
5.3 - Extração florestal
5.3.5 - Motivação desconhecida",3 - Animais de estimação/ornamentais,"Controle e fiscalização, Criação de áreas protegidas, Implementação de corredores, Plano de Ação Nacional (PAN), Reintrodução, Reprodução em cativeiro/propagação artificial",Plano de Ação Nacional para a Conservação das Aves Ameaçadas do Bioma Mata Atlântica,"Lista Nacional Oficial de Espécies da Fauna Ameaçadas de Extinção 2014, Lista Nacional Oficial de Espécies da Fauna Ameaçadas de Extinção 2022",,,paraclaravis geoffroyi,CR (PEX),1.0,CR,CR
Animalia,Chordata,Actinopterygii,Siluriformes,Ariidae,Paragenidens,Paragenidens grandoculis,,Potamarius grandoculis,(Steindachner 1877),"Caçarí-rabo-seco, Rabo-seco",Peixes Continentais,12/2023,Criticamente em Perigo,Não,"B1ab(i,iii)","Paragenidens grandoculis é endêmica do Brasil, descrita de uma localidade imprecisa, no baixo Rio Doce, localizada entre Linhares e Aimorés - ES, em 1877. Apesar de historicamente ser conhecida de lagoas costeiras em duas localidades, uma no Espírito Santo (Lagoa Juparanã) e outra no Rio de Janeiro (Lagoa Feia), atualmente é conhecida apenas por um registro de 2017 na Lagoa Nova, Linhares - ES. Embora os intensos esforços amostrais na Lagoa Feia e arredores, e na Lagoa Juparanã, não foram registrados novos exemplares. A maior ameaça para espécie é a degradação e/ou destruição do habitat natural pela ação antrópica e a introdução de espécies exóticas nas lagoas costeiras do Espírito Santo. A Extensão de Ocorrência (EOO) da espécie, representada pela área da Lagoa Nova, foi estimada em 15,5 km² (B1), com apenas uma localização, com declínio continuado na Extensão de Ocorrência, e na qualidade do habitat por antropização e introdução de espécies exóticas. Por isso, Paragenidens grandoculis foi categorizada como Criticamente em Perigo (CR) pelo critério B1ab(i,iii).",Sim,Sim,"Espírito Santo, Rio de Janeiro",|Sudeste|,Mata Atlântica,"Sub-bacia Doce
Sub-bacia Litoral RJ",,,,Desconhecido,Declinando,"7 - Modificações nos sistemas naturais
7.3 - Outras modificações nos ecossistemas
8 - Espécies invasoras
problemáticas e doenças",,"Manejo de locais/áreas, Proteção de locais/áreas",,"Lista Nacional Oficial de Espécies da Fauna Ameaçadas de Extinção 2014, Lista Nacional Oficial de Espécies da Fauna Ameaçadas de Extinção 2022",,,paragenidens grandoculis,CR,1.0,CR,CR
Animalia,Arthropoda,Entognatha,Symphypleona,Sminthuridae,Pararrhopalites,Pararrhopalites sideroicus,,,"Zeppelini & Brito, 2014",Não Informado,Invertebrados Terrestres,05/2018,Criticamente em Perigo,Não,B2ab(iii),"Pararrhopalites sideroicus é endêmica do Brasil e restrita à caverna VL29/30, no Quadrilátero Ferrífero, em Itabirito-Minas Gerais. A área de ocupação da espécie é menor que 1 km&sup2;, representando uma localização, e sofre pressão e desgaste oriundos da intensa atividade mineradora da região, que representa um declínio continuado na qualidade do habitat. Por isso, P. sideroicus foi categorizada como Criticamente em Perigo (CR) segundo o critério B2ab(iii).",Sim,Sim,Minas Gerais,|Sudeste|,Mata Atlântica,Sub-bacia São Francisco Alto,,MONUMENTO NATURAL ESTADUAL SERRA DA MOEDA,,Não,Desconhecida,"3 - Produção energética e mineração
3.2 - Mineração
3.2.3 - Extração de minérios - subsolo",,Plano de Ação Nacional (PAN),Plano de Ação Nacional para a Conservação das Cavernas do Brasil,Lista Nacional Oficial de Espécies da Fauna Ameaçadas de Extinção 2022,,,pararrhopalites sideroicus,CR,0.0,CR,CR
Animalia,Arthropoda,Entognatha,Symphypleona,Sminthuridae,Pararrhopalites,Pararrhopalites wallacei,,Pararrhopalites wallacei,"(Palacios-Vargas & Zeppelini, 1995)",Não Informado,Invertebrados Terrestres,05/2018,Criticamente em Perigo,Não,B2ab(iii),"Pararrhopalites wallacei é endêmica do Brasil e restrita à caverna Morro Preto, no Parque Estadual Turístico do Alto Ribeira (PETAR), em Iporanga-São Paulo. A área de ocupação da espécie é menor que 1 km&sup2;, representando uma localização, e sofre pressão e desgaste oriundos da atividade de visitação turística, permitida pelo plano de manejo atual ao longo de toda a caverna. Os visitantes causam degradação e perda de hábitat e indivíduos da população através do pisoteamento da fauna de solo e dos locais habitados por ela, como acúmulos de guano e poças d’água, configurando um declínio continuado na qualidade do habitat. Há também um planejamento para ampliação das áreas de visitação nesta caverna. Por isso, P. wallacei foi categorizada como Criticamente em Perigo (CR) segundo o critério B2ab(iii).",Sim,Sim,São Paulo,|Sudeste|,Mata Atlântica,Sub-bacia Litoral RJ SP,,PARQUE ESTADUAL TURÍSTICO DO ALTO DO RIBEIRA,,Não,Desconhecida,"11 - Mudanças e extremos climáticos
11.1 - Mudança/alteração de habitat
6 - Distúrbios humanos
6.1 - Atividades recreacionais/turísticas
7 - Modificações nos sistemas naturais
7.3 - Outras modificações nos ecossistemas",,Plano de Ação Nacional (PAN),Plano de Ação Nacional para a Conservação das Cavernas do Brasil,"Lista Nacional Oficial de Espécies da Fauna Ameaçadas de Extinção 2014, Lista Nacional Oficial de Espécies da Fauna Ameaçadas de Extinção 2022",,,pararrhopalites wallacei,CR,1.0,CR,CR
Animalia,Chordata,Amphibia,Anura,Leptodactylidae,Paratelmatobius,Paratelmatobius lutzii,,Paratelmatobius lutzii,"Lutz & Carvalho, 1958",Rãzinha-de-barriga-colorida,Anfíbios,09/2017,Criticamente em Perigo,Sim,D,"Paratelmatobius lutzi é endêmica do Brasil, do bioma Mata Atlântica, conhecida somente de áreas de altitude no Parque Nacional do Itatiaia, na divisa dos estados de Minas Gerais e Rio de Janeiro. A espécie não é encontrada desde 1979, apesar do esforço de procura direcionado especificamente para ela, mas a causa do seu desaparecimento é desconhecida. Suspeita-se que esteja extinta ou que haja menos de 50 indivíduos maduros. Portanto, Paratelmatobius lutzi foi avaliada como Criticamente em Perigo (CR) segundo o critério D, estando possivelmente extinta (PEX).",Sim,Sim,"Minas Gerais, Rio de Janeiro",|Sudeste|,Mata Atlântica,"Sub-bacia Grande
Sub-bacia Paraíba do Sul","APA Serra da Mantiqueira, PARNA de Itatiaia",PARQUE ESTADUAL SERRA DO PAPAGAIO,,Não,Declinando,"12 - Outras ameaças
6 - Distúrbios humanos
6.1 - Atividades recreacionais/turísticas
7 - Modificações nos sistemas naturais
7.1 - Incêndios e supressão de incêndios
7.1.1 - Aumento da frequência/intensidade de incêndios
8 - Espécies invasoras
problemáticas e doenças
8.8 - Doenças de causas desconhecidas",,Plano de Ação Nacional (PAN),Plano de Ação Nacional para conservação da Herpetofauna Ameaçada da Mata Atlântica da Região Sudeste do Brasil,"Lista Nacional Oficial de Espécies da Fauna Ameaçadas de Extinção 2014, Lista Nacional Oficial de Espécies da Fauna Ameaçadas de Extinção 2022",,,paratelmatobius lutzii,CR (PEX),1.0,CR,CR
Animalia,Chordata,Elasmobranchii,Myliobatiformes,Potamotrygonidae,Paratrygon,Paratrygon aiereba,,Paratrygon aiereba,"(Müller & Henle, 1841)","raia-de-água-doce, raia-maçã",Tubarões e Raias,11/2017,Criticamente em Perigo,Não,A4bcd,"Paratrygon aiereba é uma raia de grande porte, baixa fecundidade e amplamente distribuída na bacia dos rios Amazonas e Orinoco (Venezuela, Bolívia, Peru, Equador e Colômbia). No Brasil, ocorre predominantemente na calha do rio Solimões/Amazonas. Apesar da sua ampla distribuição, devido ao aumento do turismo (pesca negativa), a redução populacional chega a 15% a cada 10 anos e com a pesca comercial de espinhel no rio Negro (sem turismo) a redução é de 6% a cada 10 anos. Considerando-se o atual cenário de impactos (pesca negativa e comercial), há uma redução populacional de 28% a cada 10 anos. Desta forma, podem ser feitas projeções que apontam para uma diminuição populacional superior a 80% em três gerações, que podem ser extrapoladas para toda sua área de ocorrência, em especial se for considerado que possa estar restrita à calha do rio Solimões/Amazonas. Sua baixa resiliência e alta suscetibilidade aos impactos da pesca comercial, turismo e mineração (atividades em franca expansão na bacia Amazônica) a torna altamente suscetível à extinção. Por estas razões, Paratrygon aiereba foi categorizada como Criticamente Em Perigo (CR) pelo critério A4bcd.",Não,Sim,"Acre, Amazonas, Pará",|Norte|,Amazônia,Sub-bacia Negro,PARNA Anavilhanas,,,Desconhecido,Declinando,"1 - Desenvolvimento residencial e comercial
2 - Agropecuária e Aquacultura
3 - Produção energética e mineração
3.2 - Mineração
3.2.4 - Extração de minérios - garimpo
5 - Uso de recursos biológicos
5.1 - Caça e captura de animais terrestres ou marinhos
5.1.1 - Caça/captura intencional (a espécie é o alvo)
5.1.1.3 - Comercial - Internacional
5 - Uso de recursos biológicos
5.1.1.4 - Esportiva
5 - Uso de recursos biológicos
5.1.3 - Perseguição/Controle
5 - Uso de recursos biológicos
5.4 - Pesca e uso de recursos aquáticos
5.4.1 - Captura intencional - subsistência/pequena escala
5.4.1.6 - Arrasto
5.4.1.6.2 - Arrasto duplo
5 - Uso de recursos biológicos
5.4.1.7 - Emalhe
5.4.1.7.1 - Emalhe de fundo
5 - Uso de recursos biológicos
5.4.1.7.2 - Emalhe de superfície
5 - Uso de recursos biológicos
5.4.2 - Captura intencional - larga escala
5.4.2.6 - Arrasto
5.4.2.6.2 - Arrasto duplo
5 - Uso de recursos biológicos
5.4.3 - Captura intencional - comércio internacional
5 - Uso de recursos biológicos
5.4.5 - Captura indireta - subsistência/pequena escala
5.4.5.3 - Aparelho com anzol
5.4.5.3.3 - Espinhel fixo de fundo
5 - Uso de recursos biológicos
5.4.5.3.5 - Linha de fundo e linha de mão
5 - Uso de recursos biológicos
5.4.5.6 - Arrasto
5.4.5.6.1 - Arrasto simples
5 - Uso de recursos biológicos
5.4.5.7 - Emalhe
5.4.5.7.1 - Emalhe de fundo
5 - Uso de recursos biológicos
5.4.5.7.2 - Emalhe de superfície
7 - Modificações nos sistemas naturais
7.2 - Represas e uso de água
9 - Poluição
9.1 - Doméstica e urbana - escoamento de água
9.1.1 - Esgoto
9 - Poluição
9.1.2 - Escoamento urbano
9 - Poluição
9.2 - Industrial
9 - Poluição
9.3 - Agropecuária e florestal
9.3.3 - Herbicidas e pesticidas","1 - Alimentação humana
1.2 - Caça para comércio
1.2.2 - Internacional
1 - Alimentação humana
1.6 - Pesca - comércio internacional
1 - Alimentação humana
1.7 - Pesca artesanal
1.7.6 - Arrasto
1.7.6.2 - Arrasto duplo
1 - Alimentação humana
1.7.7 - Emalhe
1.7.7.1 - Emalhe de fundo
1 - Alimentação humana
1.7.7.2 - Emalhe de superfície
3 - Animais de estimação/ornamentais","Criação de áreas protegidas, Manejo de locais/áreas, Nível internacional, Nível nacional, Plano de Ação Nacional (PAN)",Plano de Ação Nacional para a Conservação dos Peixes Amazônicos,"Lista Nacional Oficial de Espécies da Fauna Ameaçadas de Extinção 2014, Lista Nacional Oficial de Espécies da Fauna Ameaçadas de Extinção 2022, CITES - Anexo III",,,paratrygon aiereba,CR,1.0,CR,CR
Animalia,Chordata,Actinopterygii,Cyprinodontiformes,Poeciliidae,Phallotorynus,Phallotorynus fasciolatus,,Phallotorynus fasciolatus,"Henn, 1916",Barrigudinho,Peixes Continentais,10/2024,Criticamente em Perigo,Sim,D,"Phallotorynus fasciolatus é uma espécie endêmica do Brasil e conhecida de apenas dois pontos próximos em bacias distintas, um no alto rio Paraíba do Sul e outro no alto rio Tietê, no estado de São Paulo. Apesar de esforços intensos com métodos de captura direcionados e em período sazonal adequados, em ambos os sítios, não há registros dessa espécie desde 1967, há mais de 50 anos, com a indicação em literatura de sua provável extinção. Portanto, P. fasciolatus foi categorizada como Criticamente em Perigo (CR) pelo critério D, estando Possivelmente Extinta (PE).",Sim,Sim,São Paulo,|Sudeste|,Mata Atlântica,"Sub-bacia Paraíba do Sul
Sub-bacia Tietê",,,,Não,Declinando,"1 - Desenvolvimento residencial e comercial
1.1 - Expansão urbana
1 - Desenvolvimento residencial e comercial
1.2 - Áreas comerciais e industriais
2 - Agropecuária e Aquacultura
2.1 - Culturas anuais e perenes não-madeireiras
2.1.4 - Agricultura de escala desconhecida
2 - Agropecuária e Aquacultura
2.3 - Pecuária
2.3.4 - Pecuária em escala desconhecida
8 - Espécies invasoras
problemáticas e doenças
8.1 - Espécies exóticas
8.1.1 - Espécie conhecida
8.1.1.1 - Competidores
9 - Poluição
9.1 - Doméstica e urbana - escoamento de água
9.1.2 - Escoamento urbano",,Plano de Ação Nacional (PAN),"Plano de Ação Nacional para a Conservação das Espécies Aquáticas Ameaçadas de Extinção da Bacia do Rio Paraíba do Sul, Plano de Ação Nacional para a Conservação das Espécies Aquáticas Ameaçadas de Extinção da Bacia do Rio Paraíba do Sul - 2º ciclo","Lista Nacional Oficial de Espécies da Fauna Ameaçadas de Extinção 2014, Lista Nacional Oficial de Espécies da Fauna Ameaçadas de Extinção 2022",,,phallotorynus fasciolatus,CR (PEX),1.0,CR,CR
Animalia,Chordata,Reptilia,Squamata,Dipsadidae,Phalotris,Phalotris multipunctatus,,Phalotris multipunctatus,"Puorto & Ferrarezzi, 1993",Fura-terra-pintada,Répteis,07/2021,Criticamente em Perigo,Não,"B1ab(ii,iii)","Phalotris multipunctatus é conhecida de quatro espécimes advindos de três localidades no Brasil e Paraguai. No Brasil, é conhecida apenas de dois registros: um na localidade-tipo, Fazenda Elba (município de Brotas, próximo à Estação Ecológica de Itirapina, estado de São Paulo) de 1980, e outro no município de Rio Brilhante, no estado do Mato Grosso do Sul, de 1952. Este último foi considerado histórico e não usado nesta avaliação. A espécie é especialista de hábitat, típica de vegetação de cerrado campestre sobre solos arenosos profundos. Praticamente não há mais esse ambiente entre os registros conhecidos e, aparentemente, ela não ocorre entre essas localidades, pois há áreas muito bem amostradas, sem que a espécie tenha sido encontrada. Toda a região está sob forte pressão antrópica, principalmente pela expansão de atividades agropecuárias, incluindo a silvicultura, e imobiliária. Assumindo que a espécie possa ocorrer na Estação Ecológica de Itirapina, onde ainda há hábitat adequado, sua extensão de ocorrência foi estimada em 36 km2. Considerando apenas uma localização e a perda e o declínio continuado da qualidade do hábitat, Phalotris multipunctatus foi categorizada como Criticamente Em Perigo (EN) pelo critério B1ab(ii,iii)",Não,Sim,"Mato Grosso do Sul, São Paulo",|Centro-Oeste|Sudeste|,"Cerrado, Mata Atlântica",Sub-bacia Tietê,,"APA CORUMBATAí, BOTUCATU E TEJUPá PERIMETRO CORUMBATAí",,Desconhecido,Desconhecida,"1 - Desenvolvimento residencial e comercial
1.1 - Expansão urbana
2 - Agropecuária e Aquacultura
2.1 - Culturas anuais e perenes não-madeireiras
2.1.3 - Agricultura agro-industrial
2 - Agropecuária e Aquacultura
2.2 - Silvicultura
2.2.2 - Plantações agro-industriais
2 - Agropecuária e Aquacultura
2.3 - Pecuária
2.3.3 - Pecuária agro-industrial",,Plano de Ação Nacional (PAN),"Plano de Ação Nacional para Conservação das Espécies Ameaçadas de Extinção da Ictiofauna, Herpetofauna e Primatas do Cerrado e Pantanal","Lista Nacional Oficial de Espécies da Fauna Ameaçadas de Extinção 2014, Lista Nacional Oficial de Espécies da Fauna Ameaçadas de Extinção 2022",,,phalotris multipunctatus,EN,1.0,CR,EN
Animalia,Chordata,Amphibia,Anura,Phyllomedusidae,Phrynomedusa,Phrynomedusa marginata,,Phrynomedusa marginata,"(Izecksohn & Cruz, 1976)","Perereca-das-folhagens, Pererequinha-macaco",Anfíbios,09/2017,Criticamente em Perigo,Sim,D,"Phrynomedusa marginata é endêmica do Brasil, do bioma Mata Atlântica, conhecida somente da localidade-tipo, no município de Santa Teresa, região serrana do estado de Espírito Santo. A espécie é conhecida somente de dois registros históricos, fora de unidade de conservação, sendo o último de 1987, embora tenha havido amostragens na localidade-tipo e entorno por diferentes pesquisadores nos últimos anos. A causa do desaparecimento da espécie é desconhecida. Dadas as circunstâncias, é possível supor que existam menos de 50 indivíduos maduros da espécie. Por essas razões, Phrynomedusa marginata foi avaliada como Criticamente em Perigo (CR) pelo critério D, estando possivelmente extinta (PEX).",Sim,Sim,Espírito Santo,|Sudeste|,Mata Atlântica,,,,,Não,Declinando,"1 - Desenvolvimento residencial e comercial
1.1 - Expansão urbana
2 - Agropecuária e Aquacultura
2.1 - Culturas anuais e perenes não-madeireiras
2.1.4 - Agricultura de escala desconhecida
7 - Modificações nos sistemas naturais
7.1 - Incêndios e supressão de incêndios
7.1.1 - Aumento da frequência/intensidade de incêndios",,Plano de Ação Nacional (PAN),Plano de Ação Nacional para conservação da Herpetofauna Ameaçada da Mata Atlântica da Região Sudeste do Brasil,Lista Nacional Oficial de Espécies da Fauna Ameaçadas de Extinção 2022,,,phrynomedusa marginata,CR (PEX),0.0,CR,CR
Animalia,Chordata,Amphibia,Anura,Phyllomedusidae,Phrynomedusa,Phrynomedusa vanzolinii,,Phrynomedusa vanzolinii,"Cruz, 1991",Não Informado,Anfíbios,09/2017,Criticamente em Perigo,Sim,D,"Phrynomedusa vanzolinii é endêmica do Brasil, do bioma da Mata Atlântica, registrada para o município de Salesópolis, na Estação Biológica de Boracéia (localidade-tipo), no estado de São Paulo, e para o município de Teresópolis, no estado do Rio de Janeiro. Poucos indivíduos são conhecidos e o último exemplar foi coletado em 1983, apesar das localidades terem sido amostradas por diferentes pesquisadores nas últimas décadas. A causa do desaparecimento da espécie há mais de 30 anos é desconhecida. Dadas as circunstâncias, é possível supor que existam menos de 50 indivíduos maduros. Por essas razões, Phrynomedusa vanzolinii foi avaliada como Criticamente em Perigo (CR) pelo critério D, estando possivelmente extinta (PEX).",Sim,Sim,"Rio de Janeiro, São Paulo",|Sudeste|,Mata Atlântica,"Sub-bacia Paraíba do Sul
Sub-bacia Tietê",,PARQUE ESTADUAL DA SERRA DO MAR,RPPN Fazenda Suspiro,Não,Declinando,"12 - Outras ameaças
5 - Uso de recursos biológicos
5.3 - Extração florestal
5.3.1 - Uso intencional - subsistência/pequena escala",,Plano de Ação Nacional (PAN),Plano de Ação Nacional para conservação da Herpetofauna Ameaçada da Mata Atlântica da Região Sudeste do Brasil,Lista Nacional Oficial de Espécies da Fauna Ameaçadas de Extinção 2022,,,phrynomedusa vanzolinii,CR (PEX),0.0,CR,CR
Animalia,Chordata,Mammalia,Rodentia,Echimyidae,Phyllomys,Phyllomys unicolor,,Phyllomys unicolor,"(Wagner, 1842)","Rato-da-árvore, Short-furred Atlantic tree-rat, Unicolored Tree Rat",Mamíferos,04/2022,Criticamente em Perigo,Sim,D,"Phyllomys unicolor é endêmica do Brasil, conhecida apenas da localidade-tipo, em Nova Viçosa, estado da Bahia, onde o único espécime conhecido, o holótipo, foi coletado antes de 1824. A região encontra-se profundamente alterada em função da expansão das atividades agrícolas, pecuária e silvicultura, que promovem intensa redução, fragmentação e declínio da qualidade do habitat remanescente. Apesar de intensos e recentes esforços de coleta na região, a espécie não foi mais registrada. Nesse contexto, suspeita-se que a espécie esteja extinta ou que possua menos de 50 indivíduos maduros. Por isso, Phyllomys unicolor foi categorizada como Criticamente em Perigo (CR), pelo critério D, sendo possivelmente extinta (PEX).",Sim,Sim,Bahia,|Nordeste|,Mata Atlântica,,,,,Desconhecido,Declinando,"2 - Agropecuária e Aquacultura
2.1 - Culturas anuais e perenes não-madeireiras
2.1.2 - Agricultura em pequenas propriedades
2 - Agropecuária e Aquacultura
2.1.3 - Agricultura agro-industrial
2 - Agropecuária e Aquacultura
2.2 - Silvicultura
2.2.3 - Plantações em escala desconhecida
2 - Agropecuária e Aquacultura
2.3 - Pecuária
2.3.2 - Pecuária em pequenas propriedades
5 - Uso de recursos biológicos
5.3 - Extração florestal
5.3.5 - Motivação desconhecida",,"Plano de Ação Nacional (PAN), Proteção de locais/áreas","Plano de Ação Nacional para a Conservação dos Mamíferos da Mata Atlântica Central, Plano de Ação Nacional para a Conservação dos Pequenos Mamíferos de Áreas Florestais","Lista Nacional Oficial de Espécies da Fauna Ameaçadas de Extinção 2014, Lista Nacional Oficial de Espécies da Fauna Ameaçadas de Extinção 2022",,,phyllomys unicolor,CR,1.0,CR,CR
Animalia,Chordata,Amphibia,Anura,Leptodactylidae,Physalaemus,Physalaemus soaresi,,Physalaemus soaresi,"Izecksohn, 1965","Floninha, Rãzinha, Rãzinha-de-folhiço",Anfíbios,09/2017,Criticamente em Perigo,Não,"B1ab(ii,iii,v)+2ab(ii,iii,v)","Physalaemus soaresi é endêmica do Brasil, do bioma Mata Atlântica, conhecida somente para o estado do Rio de Janeiro. Atualmente, a espécie apresenta distribuição restrita à localidade-tipo, na Floresta Nacional (FLONA) Mário Xavier, no município de Seropédica. Há registro também no município de Duque de Caxias, mas o hábitat da espécie no local foi tomado pela expansão urbana, e ela não foi mais registrada. A FLONA Mário Xavier é cortada por uma rodovia que impacta fortemente o hábitat da espécie, e tem-se observado nesta localidade o declínio continuado da área de ocupação, da qualidade do hábitat e do número de indivíduos maduros. Sua extensão de ocorrência corresponde à área da FLONA, 4,84 km2, e sua área de ocupação foi estimada em 4,05 km2. Considerando uma localização, sendo a rodovia a principal ameaça, Physalaemus soaresi foi avaliada como Criticamente em Perigo (CR) pelos critérios B1ab(ii,iii,v)+2ab(ii,iii,v).",Sim,Sim,Rio de Janeiro,|Sudeste|,Mata Atlântica,Sub-bacia Litoral RJ,"APA Petrópolis, FLONA Mario Xavier","ÁREA DE PROTEÇÃO AMBIENTAL DE GERICINÓ/MENDANHA, PARQUE ESTADUAL DO MENDANHA, PARQUE NATURAL MUNICIPAL DA SERRA DO MENDANHA",,Não,Desconhecida,"1 - Desenvolvimento residencial e comercial
1.1 - Expansão urbana
2 - Agropecuária e Aquacultura
2.1 - Culturas anuais e perenes não-madeireiras
2.1.4 - Agricultura de escala desconhecida
4 - Transportes e serviços de transmissão
4.1 - Estradas e ferrovias
7 - Modificações nos sistemas naturais
7.1 - Incêndios e supressão de incêndios
7.1.1 - Aumento da frequência/intensidade de incêndios",,Plano de Ação Nacional (PAN),"Plano de Ação Nacional para a Conservação dos Peixes Rivulídeos Ameaçados de Extinção, Plano de Ação Nacional para conservação da Herpetofauna Ameaçada da Mata Atlântica da Região Sudeste do Brasil","Lista Nacional Oficial de Espécies da Fauna Ameaçadas de Extinção 2014, Lista Nacional Oficial de Espécies da Fauna Ameaçadas de Extinção 2022",,,physalaemus soaresi,CR,1.0,CR,CR
Animalia,Chordata,Amphibia,Anura,Phyllomedusidae,Pithecopus,Pithecopus rusticus,,,"(Bruschi, Lucas, Garcia & Recco-Pimentel, 2015)",Perereca-macaco-rustica,Anfíbios,09/2018,Criticamente em Perigo,Não,B1ab(iii),"Pithecopus rusticus é endêmica Brasil, do bioma Mata Atlântica da região Sul do país. A espécie é conhecida apenas de sua localidade-tipo, lagoas em área de campo no município de Água Doce, estado de Santa Catarina. A região é bem amostrada, inclusive ambientes semelhantes ao da localidade-tipo, porém não há registros adicionais da espécie. Sua extensão de ocorrência é considerada menor de 100 km². A localidade não é protegida e ameaças à população incluem plantio agrícola nas proximidades das lagoas, descaracterização da área para acesso de gado, introdução de peixe exótico e presença de estradas e de aerogeradores nas proximidades. Em janeiro de 2018, a área foi intensamente descaracterizada para a formação de um barramento para fornecimento de água para o gado. Essas ameaças afetam toda a região do município de Água Doce, que registrou nos últimos 10 anos redução de mais de 50% dos campos nativos. Considerando uma localização e o declínio contínuo da qualidade do hábitat, Pithecopus rusticus, foi avaliada como Criticamente em Perigo (CR) pelo critério B1ab(iii).",Sim,Sim,Santa Catarina,|Sul|,Mata Atlântica,Sub-bacia Uruguai Alto,,,,Não,Desconhecida,"2 - Agropecuária e Aquacultura
2.1 - Culturas anuais e perenes não-madeireiras
2.1.4 - Agricultura de escala desconhecida
2 - Agropecuária e Aquacultura
2.3 - Pecuária
2.3.4 - Pecuária em escala desconhecida
3 - Produção energética e mineração
3.3 - Energia renovável
3.3.2 - Parques eólicos
4 - Transportes e serviços de transmissão
4.1 - Estradas e ferrovias
7 - Modificações nos sistemas naturais
7.2 - Represas e uso de água
7.2.9 - Represas (pequenas)
8 - Espécies invasoras
problemáticas e doenças
8.1 - Espécies exóticas
8.1.1 - Espécie conhecida
8.1.1.2 - Predadores",,"Criação de áreas protegidas, Expansão de áreas protegidas, Plano de Ação Nacional (PAN), Reprodução em cativeiro/propagação artificial",Plano de Ação Nacional para a Conservação da Herpetofauna do Sul - 2º ciclo,Lista Nacional Oficial de Espécies da Fauna Ameaçadas de Extinção 2022,,,pithecopus rusticus,CR,0.0,CR,CR
Animalia,Chordata,Actinopterygii,Cyprinodontiformes,Rivulidae,Pituna,Pituna brevirostrata,,Pituna brevirostrata,"(Costa, 2007)","Peixe anual, Peixe das nuvens",Peixes Continentais,05/2019,Criticamente em Perigo,Não,B2ab(iii),"Pituna brevirostrata é endêmica do Brasil, conhecida apenas da localidade-tipo, uma lagoa temporária na várzea do rio Meia Ponte, drenagem do rio Paranaíba, estado de Goiás, altamente descaracterizada pela urbanização de Goiânia. A Área de Ocupação (AOO) conhecida é de 4 km². A espécie ocorre em uma área sujeita a diversos impactos antrópicos, como a contaminação por lixo e esgoto. Outros impactos potenciais incluem obras estruturantes, como edificações, drenagens e aterros, com forte declínio da qualidade de hábitat. Apesar disso, a espécie tem sido registrada em sua localidade-tipo, sendo a última amostragem realizada em 2018. Considerando a urbanização como a principal ameaça, foi identificada uma localização. Portanto, Pituna brevirostrata foi categorizada como Criticamente em Perigo (CR) pelo critério B2ab(iii).",Sim,Sim,Goiás,|Centro-Oeste|,Cerrado,Sub-bacia Paranaíba,,,,Não,Desconhecida,"1 - Desenvolvimento residencial e comercial
1.1 - Expansão urbana
7 - Modificações nos sistemas naturais
7.3 - Outras modificações nos ecossistemas
9 - Poluição
9.1 - Doméstica e urbana - escoamento de água
9.1.1 - Esgoto
9 - Poluição
9.4 - Lixo e resíduos sólidos
9.4.1 - Urbanos",,Plano de Ação Nacional (PAN),Plano de Ação Nacional para a Conservação dos Peixes Rivulídeos Ameaçados de Extinção - 2º ciclo,"Lista Nacional Oficial de Espécies da Fauna Ameaçadas de Extinção 2014, Lista Nacional Oficial de Espécies da Fauna Ameaçadas de Extinção 2022",,,pituna brevirostrata,CR,1.0,CR,CR
Animalia,Chordata,Actinopterygii,Siluriformes,Loricariidae,Plesioptopoma,Plesioptopoma curvidens,,Plesioptopoma curvidens,"Reis, Pereira & Lehmann A., 2012",Cascudinho,Peixes Continentais,03/2021,Criticamente em Perigo,Não,B1ab(iii)+2ab(iii),"Plesioptopoma curvidens é endêmica do Brasil e conhecida de dois locais na porção alta do rio Paraopeba junto à cidade de Cristiano Otoni, um tributário do rio São Francisco, estado de Minas Gerais. A espécie não foi registrada em outros locais da microbacia, apesar de coletas feitas na região. A Extensão de Ocorrência e a Área de Ocupação calculadas são de 4 km&sup2;, e existe forte declínio continuado na qualidade do habitat, em virtude da ocupação urbana e do lançamento de esgotos diretamente no rio. A cidade está se desenvolvendo nessa porção da bacia e a expansão urbana pode rapidamente descaracterizar severamente o trecho do rio onde a espécie existe, caracterizando uma única localização. Portanto, P. curvidens foi categorizada como Criticamente em Perigo (CR) pelos critérios B1ab(iii)+2ab(iii).",Sim,Sim,Minas Gerais,|Sudeste|,Mata Atlântica,Sub-bacia São Francisco Alto,,,,Desconhecido,Desconhecida,"9 - Poluição
9.1 - Doméstica e urbana - escoamento de água
9.1.1 - Esgoto",,Plano de Ação Nacional (PAN),"Plano de Ação Nacional para a Conservação das Espécies Ameaçadas de Extinção da Fauna Aquática da Bacia do Rio São Francisco, Plano de Ação Nacional para a Conservação das Espécies Ameaçadas de Extinção da Fauna Aquática da Bacia do Rio São Francisco - 2º ciclo",Lista Nacional Oficial de Espécies da Fauna Ameaçadas de Extinção 2022,,,plesioptopoma curvidens,CR,0.0,CR,CR
Animalia,Cnidaria,Anthozoa,Alcyonacea,Plexauridae,Plexaurella,Plexaurella obesa,,,"Verrill, 1912",Não Informado,Invertebrados Marinhos,04/2023,Criticamente em Perigo,Não,"B2ab(i,ii,iii,iv,v)","Plexaurella obesa é endêmica do Brasil, ocorre nos estados do Maranhão (Parcel do Manuel Luís - registro histórico), Rio Grande do Norte (Atol das Rocas - registro histórico), Pernambuco (Arquipélago de Fernando de Noronha - registro histórico) e Espírito Santo (Ilha da Trindade). Ocorre em unidades de conservação em profundidades até 10 metros. A principal ameaça são os eventos de anomalias térmicas que estão cada ano mais severos e com intervalos de tempo mais curtos. Além disso, podem ser citadas também como ameaças a pesca incidental, atividades de mineração, além de poluição marinha e sobrepesca. Considerando a possível extinção local da espécie no Parcel do Manuel Luís, Atol das Rocas e Arquipélago de Fernando de Noronha, e que seu único registro conhecido da última década está restrito a uma única localização (n=1), sua área de ocupação (AOO) é restrita (4 Km²), e que ocorre um declínio continuado na extensão de ocorrência, na qualidade do habitat e no número de indivíduos maduros, P. obesa foi categorizada como Criticamente em Perigo (CR) pelos critérios B2 ab(i, ii, iii, iv,v).",Sim,Não,"Espírito Santo, Maranhão, Pernambuco, Rio Grande do Norte",|Nordeste|Sudeste|,Sistema Costeiro-Marinho,,APA do Arquipélago de Trindade e Martim Vaz,,,Não,Declinando,"11 - Mudanças e extremos climáticos
11.3 - Extremos térmicos
3 - Produção energética e mineração
3.2 - Mineração
5 - Uso de recursos biológicos
5.4 - Pesca e uso de recursos aquáticos
9 - Poluição",,,,,,10,plexaurella obesa,,,CR,NE
Animalia,Chordata,Actinopterygii,Cyprinodontiformes,Poeciliidae,Poecilia,Poecilia pertapeh,,Pamphorichthys pertapeh,"(Figueiredo, 2008)",Barrigudinho,Peixes Continentais,11/2018,Criticamente em Perigo,Não,B1+2ab(iii),"Poecilia pertapeh é conhecida, exclusivamente, da localidade-tipo, a lagoa Perta-pé, no município de Formosa, estado de Goiás, na porção alta da bacia do São Francisco, Brasil. A Extensão de Ocorrência (EOO) foi calculada em 120 km² e a Área de Ocupação (AOO), em 4 km². Essa lagoa possui uma várzea relativamente preservada, em uma área de propriedade do Exército com intensa atividade agrícola em seu entorno. Portanto, a lagoa pode estar sujeita a eutrofização e contaminação por agrotóxicos, caracterizando uma única localização. Se as estratégias reprodutivas e a estrutura populacional de P. pertapeh forem semelhantes à de outros Poeciliidae, é possível que a espécie ocorra também em corpos hídricos próximos. No entanto, coletas posteriores na região não resultaram em registros adicionais. Portanto, Poecilia pertapeh foi categorizada como Criticamente em Perigo (CR) pelos critérios B1+2ab(iii).",Sim,Sim,Goiás,|Centro-Oeste|,Cerrado,Sub-bacia São Francisco Médio,,,,Desconhecido,Desconhecida,"2 - Agropecuária e Aquacultura
2.1 - Culturas anuais e perenes não-madeireiras
2.1.4 - Agricultura de escala desconhecida
7 - Modificações nos sistemas naturais
7.2 - Represas e uso de água
7.2.3 - Captação de água de superfície - uso na agricultura
9 - Poluição
9.3 - Agropecuária e florestal
9.3.3 - Herbicidas e pesticidas",,Plano de Ação Nacional (PAN),"Plano de Ação Nacional para a Conservação das Espécies Ameaçadas de Extinção da Fauna Aquática da Bacia do Rio São Francisco, Plano de Ação Nacional para a Conservação das Espécies Ameaçadas de Extinção da Fauna Aquática da Bacia do Rio São Francisco - 2º ciclo","Lista Nacional Oficial de Espécies da Fauna Ameaçadas de Extinção 2014, Lista Nacional Oficial de Espécies da Fauna Ameaçadas de Extinção 2022",,,poecilia pertapeh,,,CR,NE
Animalia,Chordata,Actinopterygii,Perciformes,Sciaenidae,Pogonias,Pogonias courbina,,Pogonias cromis,"(Lacepède, 1803)","burriquete, corvina-negra, miragaia",Peixes Marinhos (ósseos),07/2023,Criticamente em Perigo,Não,A4bcd,"Pogonias courbina é uma espécie demersal que ocorre no Atlântico Sul ocidental, do Rio de Janeiro até o Golfo de San Matías, na Argentina. A espécie é capturada como alvo por diversas modalidades de pesca, tanto artesanais como industriais. A degradação de ambientes lagunares e estuarinos também tem afetado a espécie, com eventos periódicos de mortandade. A captura total no Rio Grande do Sul, que representava mais de 95% do desembarque brasileiro, diminuiu de 1.400 t em 1976, para menos de 200 t em 2008, equivalendo a uma redução de 86% no período. Considerando o período de 1945 a 1981 a média de desembarques totais do Brasil estava em 996 t, passando a 126 t entre 1982 a 2011. Também em sua distribuição no Uruguai e a Argentina, houve declínios consideráveis nos desembarques entre as décadas de 1970 e 2000. As informações mais recentes mostram que não há indícios de recuperação dos desembarques aos níveis de qualquer período prévio, sendo que os últimos dados de desembarque disponíveis para os anos de 2012 e 2014, apresentaram média de 31,1 t. As tendências de declínios observadas nos desembarques, desde o final da década de 1970, indicam declínios de mais de 90%, considerando que devem refletir, em boa parte, as reduções no tamanho populacional. Assim sendo, a partir das reduções inferidas e os três tempos geracionais (84 anos), considerando uma janela no passado (47 anos) e no futuro (37 anos), suspeita-se uma redução no tamanho populacional de pelo menos 80%. Por estas razões, Pogonias courbina foi categorizada como Criticamente em Perigo (CR), pelo critério A4bcd.",Não,Sim,"Paraná, Rio de Janeiro, Rio Grande do Sul, Santa Catarina, São Paulo",|Sudeste|Sul|,Sistema Costeiro-Marinho,,"APA Anhatomirim, APA Cananéia-Iguape-Peruíbe, APA Guapi-Mirim, APA Guaraqueçaba, MONA Arquipélago das Ilhas Cagarras, PARNA da Lagoa do Peixe, REBIO Marinha do Arvoredo, RESEX Marinha Pirajubaé","APA MARINHA DO LITORAL CENTRO, APA MARINHA DO LITORAL NORTE, ÁREA DE PROTEÇÃO AMBIENTAL ESTADUAL DE GUARATUBA",,Sim,Declinando,"1 - Desenvolvimento residencial e comercial
1.1 - Expansão urbana
5 - Uso de recursos biológicos
5.4 - Pesca e uso de recursos aquáticos
5.4.1 - Captura intencional - subsistência/pequena escala
5.4.1.4 - Armadilha
5.4.1.4.3 - Cerco fixo (curral)
5 - Uso de recursos biológicos
5.4.2 - Captura intencional - larga escala
5.4.2.7 - Emalhe
5.4.2.7.1 - Emalhe de fundo
5 - Uso de recursos biológicos
5.4.5 - Captura indireta - subsistência/pequena escala
5.4.5.3 - Aparelho com anzol
5.4.5.3.1 - Caniço
5 - Uso de recursos biológicos
5.4.5.6 - Arrasto
5.4.5.6.2 - Arrasto duplo
5 - Uso de recursos biológicos
5.4.5.6.3 - Arrasto de praia
5 - Uso de recursos biológicos
5.4.6 - Captura indireta - larga escala
5.4.6.6 - Arrasto
5.4.6.6.2 - Arrasto duplo
9 - Poluição
9.1 - Doméstica e urbana - escoamento de água
9.1.1 - Esgoto
9 - Poluição
9.2 - Industrial
9.2.1 - Derramamento de óleo
9 - Poluição
9.2.4 - Resíduos líquidos diversos
9 - Poluição
9.4 - Lixo e resíduos sólidos
9.4.1 - Urbanos
9 - Poluição
9.4.2 - Industriais","1 - Alimentação humana
1.7 - Pesca artesanal
1 - Alimentação humana
1.8 - Pesca industrial
4 - Caça/pesca esportiva",Plano de Ação Nacional (PAN),Plano de Ação Nacional Lagoas do Sul,"Lista Nacional Oficial de Espécies da Fauna Ameaçadas de Extinção 2014, Lista Nacional Oficial de Espécies da Fauna Ameaçadas de Extinção 2022",,,pogonias courbina,,,CR,NE
Animalia,Chordata,Actinopterygii,Perciformes,Polyprionidae,Polyprion,Polyprion americanus,,Polyprion americanus,"(Bloch & Schneider, 1801)",cherne-poveiro,Peixes Marinhos (ósseos),11/2019,Criticamente em Perigo,Não,A2bd,"Polyprion americanus, o cherne-poveiro, tem distribuição ampla e descontínua nos oceanos Atlântico, Pacífico (excluindo a costa da América), Índico e Mar Mediterrâneo. No Atlântico Sul ocidental a espécie ocorre de Cabo Frio, no Rio de Janeiro, até o sul da Argentina. Essa subpopulação é geneticamente isolada das outras regiões do mundo, devendo ser tratada como endêmica para fins de manejo e conservação. Juvenis presentes no Uruguai e Argentina são oriundos das áreas de reprodução registradas apenas no Brasil. A espécie tem alto valor comercial e foi alvo de pesca dirigida não manejada no sul e sudeste do Brasil ao longo de vários anos. Polyprion americanus é extremamente sensível à pesca por ter vida longa, crescimento lento, maturação sexual tardia e, especialmente, por formar agregações reprodutivas em épocas e locais determinados. A redução no tamanho populacional foi inferida pelos dados de captura por unidade de esforço (CPUE) de cruzeiros de pesquisa realizados entre 1983 e o início dos anos 2000, que foi consistente, contínuo e maior do que 90%. O declínio continuou em anos seguintes, pelo menos até 2006, mas não pôde ser quantificado com segurança devido à falta de dados consistentes após esse período. Além disto, dados da pesca comercial também indicaram que esta colapsou em toda região sudeste e sul no início da década de 2000, com quedas nos índices de abundância também acima de 90%, sendo que a captura do cherne-poveiro foi proibida a partir de 2005. Atualmente a espécie continua sendo capturada incidentalmente pelas frotas de arrasto, emalhe e espinhel de fundo, por vezes comercializada ilegalmente. Entretanto, observa-se redução do esforço pesqueiro na última década em virtude da diminuição do número de embarcações, mas sem indícios de recuperação populacional. Considerando as características biológicas da espécie e ausência de informação recente que confirme alguma recuperação, infere-se uma redução no tamanho populacional por volta de 90%, nos três tempos geracionais (108 anos) no passado. Por estas razões, Polyprion americanus foi categorizada como Criticamente em Perigo, pelo critério A2bd.",Não,Sim,"Paraná, Rio de Janeiro, Rio Grande do Sul, Santa Catarina, São Paulo",|Sudeste|Sul|,Sistema Costeiro-Marinho,,,,,Desconhecido,Declinando,"5 - Uso de recursos biológicos
5.4 - Pesca e uso de recursos aquáticos
5.4.2 - Captura intencional - larga escala
5.4.2.2 - Linha de mão
5 - Uso de recursos biológicos
5.4.2.6 - Arrasto
5.4.2.6.2 - Arrasto duplo
5 - Uso de recursos biológicos
5.4.2.7 - Emalhe
5.4.2.7.1 - Emalhe de fundo
5 - Uso de recursos biológicos
5.4.2.8 - Espinhel
5.4.2.8.2 - Espinhel de fundo","1 - Alimentação humana
1.6 - Pesca - comércio internacional
1 - Alimentação humana
1.7 - Pesca artesanal
1 - Alimentação humana
1.8 - Pesca industrial
1.8.2 - Linha de mão
1 - Alimentação humana
1.8.6 - Arrasto
1 - Alimentação humana
1.8.7 - Emalhe
1 - Alimentação humana
1.8.7 - Emalhe
1.8.7.1 - Emalhe de fundo
1 - Alimentação humana
1.8.8 - Espinhel
4 - Caça/pesca esportiva","Controle e fiscalização, Manejo/ordenamento de caça/pesca, Plano de Ação Nacional (PAN)",Plano de Ação Nacional para Conservação dos Ambientes Coralíneos do Brasil,"Lista Nacional Oficial de Espécies da Fauna Ameaçadas de Extinção 2014, Lista Nacional Oficial de Espécies da Fauna Ameaçadas de Extinção 2022",,"150 , 500",polyprion americanus,CR,1.0,CR,CR
Animalia,Arthropoda,Insecta,Hymenoptera,Formicidae,Poneracantha,Poneracantha wilsoni,,Gnamptogenys wilsoni,"(Lattke, Fernández & Palacio, 2007)",Formiga,Invertebrados Terrestres,12/2024,Criticamente em Perigo,Não,B1ab(iii),"Poneracantha wilsoni é endêmica do Brasil, com registro apenas em Ilhéus, na Bahia. Apesar das amostragens realizadas na região, não há registros desde a sua série-tipo, em 1986, restringindo sua distribuição à área do Centro de Estudos de Pesquisas do Cacau. Sua Extensão de Ocorrência (EOO) foi calculada em 10 km². Sua principal ameaça é o cultivo regional de cacau, devido ao uso de fungicidas, que alteram a taxa de decomposição da serrapilheira, e à intensificação da poda do cacaueiro, que diminui o sombreamento do solo. Essas atividades promovem o declínio continuado da qualidade do habitat e constituem uma única localização. Portanto, P. wilsoni foi categorizada como Criticamente em Perigo (CR), segundo o critério B1ab(iii).",Sim,Sim,Bahia,|Nordeste|,Mata Atlântica,Sub-bacia Contas,,,,Não,Desconhecida,"2 - Agropecuária e Aquacultura
2.1 - Culturas anuais e perenes não-madeireiras
2.1.4 - Agricultura de escala desconhecida
9 - Poluição
9.3 - Agropecuária e florestal
9.3.3 - Herbicidas e pesticidas",,,,"Lista Nacional Oficial de Espécies da Fauna Ameaçadas de Extinção 2014, Lista Nacional Oficial de Espécies da Fauna Ameaçadas de Extinção 2022",,,poneracantha wilsoni,,,CR,NE
Animalia,Chordata,Mammalia,Artiodactyla,Pontoporiidae,Pontoporia,Pontoporia blainvillei,,Pontoporia blainvillei,"(Gervais & d`Orbigny, 1844)","Boto-amarelo, Boto-cachimbo, Manico, Toninha",Mamíferos,10/2024,Criticamente em Perigo,Não,A4bce,"Pontoporia blainvillei é uma espécie que ocorre em águas costeiras no Brasil, Uruguai e Argentina. No Brasil, ocorre do Espírito Santo ao Rio Grande do Sul e está estruturada em seis populações ou Franciscana Management Areas – FMAs. As estimativas populacionais para as FMAs indicam: FMA Ia: 1.183, FMA Ib: 1.521, FMA IIa: 1.915, FMA IIb: 4.353, FMA Babitonga: 55, FMA III: 13.137. Utilizando uma modelagem de tendência populacional, assumindo um valor total de 25.000 indivíduos, uma mortalidade média anual de 2.200 indivíduos e a janela geracional estimada de 36 anos (2009-2045), estimou-se uma redução populacional superior a 90%. A principal ameaça é a pesca de emalhe, tanto artesanal como industrial. O esforço de pesca ainda é excessivo dentro da área de distribuição da espécie e existem altos índices de captura acidental registrados. Por ser costeira, também é afetada pela poluição química e sonora, e a degradação do habitat. Portanto, com base no declínio estimado, P. blainvillei foi categorizada como Criticamente em Perigo (CR) sob o critério A4bce. Ressalta-se a identificação de uma subespécie na FMA Ia e Ib isolada e de tamanho populacional reduzido. A espécie não é endêmica do Brasil e não existem informações suficientes sobre a contribuição de indivíduos de outras áreas para o Brasil e assim manteve-se a categoria identificada na avaliação preliminar.",Não,Sim,"Espírito Santo, Paraná, Rio de Janeiro, Rio Grande do Sul, Santa Catarina, São Paulo",|Sudeste|Sul|,Sistema Costeiro-Marinho,,"APA Anhatomirim, APA Baleia Franca, APA Cairuçu, APA Cananéia-Iguape-Peruíbe, APA Guapi-Mirim, APA Guaraqueçaba, ARIE Ilha do Ameixal, ARIE Ilha Queimada Grande e Queimada Pequena, ESEC Carijós, ESEC Guanabara, ESEC Tamoios, ESEC Tupinambás, ESEC Tupiniquins, MONA Arquipélago das Ilhas Cagarras, PARNA da Lagoa do Peixe, PARNA da Serra da Bocaina, PARNA Guaricana, PARNA Restinga de Jurubatiba, PARNA Superagui, REBIO Comboios, REBIO Marinha do Arvoredo, RESEX Arraial do Cabo, RESEX Marinha Pirajubaé, REVIS Ilha dos Lobos","APA ILHA COMPRIDA, APA MARINHA DO LITORAL CENTRO, APA MARINHA DO LITORAL NORTE, APA MARINHA DO LITORAL SUL, ÁREA DE PROTEÇÃO AMBIENTAL CONCEIÇÃO DA BARRA, ÁREA DE PROTEÇÃO AMBIENTAL ESTADUAL DE GUARATUBA, ARIE DE SãO SEBASTIãO, ESTAÇÃO ECOLÓGICA JURÉIA-ITATINS, PARQUE ESTADUAL ACARAI, PARQUE ESTADUAL DA COSTA DO SOL, PARQUE ESTADUAL DA ILHA ANCHIETA, PARQUE ESTADUAL DA LAGOA DO AÇU, PARQUE ESTADUAL DA SERRA DO MAR, PARQUE ESTADUAL DE ITAÚNAS, PARQUE ESTADUAL DO RIO VERMELHO, RDS DA BARRA DO UNA",,Não,Declinando,"11 - Mudanças e extremos climáticos
11.1 - Mudança/alteração de habitat
11 - Mudanças e extremos climáticos
11.3 - Extremos térmicos
3 - Produção energética e mineração
3.1 - Extração de petróleo e gás natural
4 - Transportes e serviços de transmissão
4.2 - Atropelamentos
4 - Transportes e serviços de transmissão
4.3 - Portos
4 - Transportes e serviços de transmissão
4.4 - Tráfego de embarcações
5 - Uso de recursos biológicos
5.1 - Caça e captura de animais terrestres ou marinhos
5.1.2 - Efeitos indiretos (a espécie não é o alvo)
5 - Uso de recursos biológicos
5.4 - Pesca e uso de recursos aquáticos
5.4.5 - Captura indireta - subsistência/pequena escala
5.4.5.7 - Emalhe
5.4.5.7.1 - Emalhe de fundo
7 - Modificações nos sistemas naturais
7.3 - Outras modificações nos ecossistemas
8 - Espécies invasoras
problemáticas e doenças
8.8 - Doenças de causas desconhecidas
9 - Poluição
9.1 - Doméstica e urbana - escoamento de água
9.1.2 - Escoamento urbano
9 - Poluição
9.2 - Industrial
9.2.1 - Derramamento de óleo
9 - Poluição
9.4 - Lixo e resíduos sólidos
9.4.1 - Urbanos
9 - Poluição
9.4.2 - Industriais
9 - Poluição
9.6 - Excesso de energia
9.6.3 - Poluição sonora",,Plano de Ação Nacional (PAN),"Plano de Ação Nacional para a Conservação da Toninha - 2º ciclo, Plano de Ação Nacional para a Conservação do Pequeno Cetáceo Toninha, Plano de Ação Nacional para a Conservação dos Mamíferos Aquáticos Pequenos Cetáceos, Plano de Ação Nacional para Conservação de Espécies Ameaçadas e de Importância Socioeconômica do Ecossistema Manguezal","CITES - Anexo II, Lista Nacional Oficial de Espécies da Fauna Ameaçadas de Extinção 2014, Lista Nacional Oficial de Espécies da Fauna Ameaçadas de Extinção 2022",,,pontoporia blainvillei,CR,1.0,CR,CR
Animalia,Mollusca,Gastropoda,Caenogastropoda,Hydrobiidae,Potamolithus,Potamolithus troglobius,,Potamolithus troglobius,"Simone & Miracchiolli, 1994",Não Informado,Invertebrados de Água Doce,05/2018,Criticamente em Perigo,Não,B1ab(iii)+2ab(iii),"Potamolithus troglobius é endêmica do Brasil e conhecida apenas da localidade-tipo, o Sistema Areias (gruta Areias de Cima, Areias de Baixo e Ressurgência das Areias de Água Quente), em Iporanga/São Paulo, no Parque Estadual Turístico do Alto Ribeira. Embora a caverna esteja em uma área protegida em bom estado de conservação, as áreas de recarga do sistema estão fora da unidade de conservação e sofrem com aporte de poluentes, principalmente esgoto doméstico e descarte de água cinza, provocando declínio da qualidade da água e, portanto, do habitat da espécie. Sua extensão de ocorrência e área do ocupação foram estimadas em menos de 10km2. Considerando uma localização, a espécie foi avaliada como Criticamente em Perigo (CR) pelos critérios B1ab(iii)+2ab(iii).",Sim,Sim,São Paulo,|Sudeste|,Mata Atlântica,Sub-bacia Litoral RJ SP,,PARQUE ESTADUAL TURÍSTICO DO ALTO DO RIBEIRA,,Não,Estável,"11 - Mudanças e extremos climáticos
11.1 - Mudança/alteração de habitat
1 - Desenvolvimento residencial e comercial
1.1 - Expansão urbana
1 - Desenvolvimento residencial e comercial
1.3 - Áreas de turismo e recreação
6 - Distúrbios humanos
6.1 - Atividades recreacionais/turísticas
7 - Modificações nos sistemas naturais
7.3 - Outras modificações nos ecossistemas
9 - Poluição
9.1 - Doméstica e urbana - escoamento de água
9.1.1 - Esgoto
9 - Poluição
9.1.2 - Escoamento urbano
9 - Poluição
9.2 - Industrial
9.2.2 - Infiltraçao oriunda de mineração",,Plano de Ação Nacional (PAN),Plano de Ação Nacional para a Conservação das Cavernas do Brasil,"Lista Nacional Oficial de Espécies da Fauna Ameaçadas de Extinção 2014, Lista Nacional Oficial de Espécies da Fauna Ameaçadas de Extinção 2022",,,potamolithus troglobius,CR,1.0,CR,CR
Animalia,Arthropoda,Insecta,Lepidoptera,Nymphalidae,Praepedaliodes,Praepedaliodes sequeirae,,Praepedaliodes sequeirae,"Pyrcz, Dias & Dolbaina, 2017",Borboleta,Invertebrados Terrestres,09/2024,Criticamente em Perigo,Não,B1ab(iii),"Praepedaliodes sequeirae é endêmica do Brasil, onde só é conhecida por três registros, dentro do Parque Nacional de Itatiaia, no município de Resende, Rio de Janeiro acima de 2.200m de altitude. Não foi encontrada em áreas adjacentes, que já foram intensamente amostradas. Sua Extensão de Ocorrência (EOO) foi estimada em 39 km². A espécie vive restritamente em hábitat susceptível ao fogo, sua principal ameaça. Há registro de grandes incêndios no Parque Nacional de Itatiaia, sendo o maior registrado de 40 km², o que caracteriza 1 localização. Adicionalmente, os incêndios recorrentes também promovem declínio continuado da qualidade do habitat. Por isso, P. sequeirae foi categorizada como Criticamente em Perigo (CR), pelo critério B1ab(iii).",Sim,Sim,Rio de Janeiro,|Sudeste|,Mata Atlântica,Sub-bacia Paraíba do Sul,PARNA de Itatiaia,,,Desconhecido,Desconhecida,"7 - Modificações nos sistemas naturais
7.1 - Incêndios e supressão de incêndios
7.1.1 - Aumento da frequência/intensidade de incêndios",,Plano de Ação Nacional (PAN),Plano de Ação Nacional para a Conservação de Insetos Polinizadores,Lista Nacional Oficial de Espécies da Fauna Ameaçadas de Extinção 2022,2200,,praepedaliodes sequeirae,CR,0.0,CR,CR
Animalia,Chordata,Elasmobranchii,Rhinopristiformes,Pristidae,Pristis,Pristis pectinata,,Pristis pectinata,"Latham, 1794","peixe-serra-do-dente-pequeno, raia-serra",Tubarões e Raias,11/2017,Criticamente em Perigo,Sim,A4cd,"Pristis pectinata é uma espécie de raia de grande porte, que foi amplamente distribuída antes de ser totalmente ou quase extinta em grande parte da sua distribuição original pela pesca e modificação do habitat. As populações remanescentes são pequenas, fragmentadas e criticamente em perigo globalmente. No Brasil, registros de ocorrência histórica incluíam os estados Amapá, Pará, Maranhão, Ceará, Rio Grande do Norte, Bahia, Rio de Janeiro, São Paulo, Paraná, Santa Catarina e Rio Grande do Sul. As principais ameaças identificadas são a pesca, em suas diversas modalidades, e a perda de hábitat via degradação de áreas costeiras, estuarinas e de manguezais (possíveis áreas de berçário) e recifais. As características da expansão rostral fazem com que esta espécie seja facilmente emalhada em todas as artes de pesca e a remoção de indivíduos das redes requer, quase sempre, o seu sacrifício. Apesar de terem sido supostamente comuns em águas costeiras brasileiras no final do século 19 e início do século 20, os registros de capturas dessa espécie tornaram-se extremamente raros e limitados a alguns pontos da costa norte e nordeste, sendo que os últimos registros comprovados da espécie no Brasil ocorreram entre as décadas de 1970 e 1980 (Pará e Ceará, respectivamente). Nas demais regiões da costa brasileira a espécie já está sendo considerada extinta e é possível que a espécie esteja bem próxima do status de Regionalmente Extinta (RE) em águas brasileiras. Portanto, conclui-se que houve um declínio na população próxima a 100% nos últimos 80 anos, período correspondente a três gerações da espécie, levando a categoria de Criticamente em Perigo (CR) possivelmente Regionalmente Extinto, sob o critério A4cd.",Não,Sim,"Amapá, Bahia, Ceará, Maranhão, Pará, Paraná, Piauí, Rio de Janeiro, Rio Grande do Sul, Santa Catarina, São Paulo",|Nordeste|Norte|Sudeste|Sul|,Sistema Costeiro-Marinho,,,,,Desconhecido,Declinando,"5 - Uso de recursos biológicos
5.4 - Pesca e uso de recursos aquáticos
5.4.5 - Captura indireta - subsistência/pequena escala
5 - Uso de recursos biológicos
5.4.6 - Captura indireta - larga escala
7 - Modificações nos sistemas naturais
9 - Poluição","13 - Outros bens de consumo
1 - Alimentação humana","Plano de Ação Nacional (PAN), Plano de Recuperação, Proteção de recursos/habitat, Recuperação de espécies","Plano de Ação Nacional para a Conservação dos Elasmobrânquios Ameaçados de Extinção, Plano de Ação Nacional para Conservação de Espécies Ameaçadas e de Importância Socioeconômica do Ecossistema Manguezal","CITES - Anexo I, Convenção sobre Espécies Migratórias – CMS, Memorandum of Understanding on the Conservation of Migratory Sharks - MoU, Lista Nacional Oficial de Espécies da Fauna Ameaçadas de Extinção 2014, Lista Nacional Oficial de Espécies da Fauna Ameaçadas de Extinção 2022",,"0 , 122",pristis pectinata,CR (PEX),1.0,CR,CR
Animalia,Chordata,Elasmobranchii,Rhinopristiformes,Pristidae,Pristis,Pristis pristis,,Pristis pristis,"(Linnaeus, 1758)",raia-serra,Tubarões e Raias,11/2017,Criticamente em Perigo,Não,A4cd,"Pristis pristis é um peixe-serra de grande porte, ocupando ambientes estuarinos, marinhos e de água doce. Possui distribuição histórica em águas tropicais e subtropicais ao redor do mundo, ocorrendo, no Atlântico ocidental, do Golfo do México ao Brasil. No litoral brasileiro, sua distribuição original ia desde o litoral norte até o sudeste do país. Atualmente, encontra-se extinta na maior parte dessa área, estando restrita ao litoral norte. A principal ameaça é a pesca artesanal e industrial e a degradação de habitats. Foi muito capturada pela pesca incidental e dirigida, e é extremamente susceptível às capturas em praticamente todas as pescarias ao longo de toda sua distribuição no Atlântico tropical. No Brasil, mesmo estando protegida com a atual legislação, continua sendo capturada, particularmente nos estados do Amapá, Pará e Maranhão. Desembarques artesanais estão em declínio em regiões onde ela ainda ocorre. É uma espécie de vida longa (>30 anos), com pouca capacidade para se recuperar da depleção. Adicionalmente, a degradação do habitat, principalmente a destruição dos mangues, também é uma ameaça. Considerando que a espécie não é mais encontrada na maior parte de sua distribuição histórica no Brasil, e que os desembarques artesanais e comerciais são bastante limitados e estão em grande declínio na única região onde ela ainda ocorre (> 80% na região Norte nos últimos 20 anos), estima-se uma redução populacional de pelo menos 90% no período de três gerações (cerca de 52 anos). As ameaças não cessaram, e redução semelhante é esperada para o futuro. Portanto, com base nos declínios observados, P. pristis foi categorizada como Criticamente em Perigo (CR) segundo os critérios A4cd.",Não,Sim,"Amapá, Amazonas, Maranhão, Pará, Piauí",|Nordeste|Norte|,Sistema Costeiro-Marinho,,"APA Delta do Parnaíba, PARNA do Cabo Orange, RESEX Arapiranga-Tromai, RESEX Cururupu","ÁREA DE PROTEçãO AMBIENTAL DA BAIXADA MARANHENSE, ÁREA DE PROTEçãO AMBIENTAL DA FOZ DO RIO DAS PREGUIçAS - PEQUENOS LENçóIS - REGIãO LAGUNAR ADJACENTE, ÁREA DE PROTEçãO AMBIENTAL DAS REENTRâNCIAS MARANHENSES, ÁREA DE PROTEçãO AMBIENTAL DE UPAON-AçU / MIRITIBA / ALTO PREGUIçAS, ÁREA DE PROTEÇÃO AMBIENTAL DO ARQUIPÉLAGO DO MARAJÓ",,Desconhecido,Declinando,"5 - Uso de recursos biológicos
5.4 - Pesca e uso de recursos aquáticos
5.4.5 - Captura indireta - subsistência/pequena escala
5 - Uso de recursos biológicos
5.4.6 - Captura indireta - larga escala
6 - Distúrbios humanos
7 - Modificações nos sistemas naturais
7.3 - Outras modificações nos ecossistemas
9 - Poluição","14 - Artesanato
jóias
objetos decorativos
colecionismo
1 - Alimentação humana
1.7 - Pesca artesanal
1 - Alimentação humana
1.8 - Pesca industrial","Conscientização/comunicação, Controle e fiscalização, Plano de Ação Nacional (PAN)","Plano de Ação Nacional para a Conservação dos Elasmobrânquios Ameaçados de Extinção, Plano de Ação Nacional para Conservação de Espécies Ameaçadas e de Importância Socioeconômica do Ecossistema Manguezal","CITES - Anexo I, Convenção sobre Espécies Migratórias – CMS, Memorandum of Understanding on the Conservation of Migratory Sharks - MoU, Lista Nacional Oficial de Espécies da Fauna Ameaçadas de Extinção 2014, Lista Nacional Oficial de Espécies da Fauna Ameaçadas de Extinção 2022",,"0 , 60",pristis pristis,CR,1.0,CR,CR
Animalia,Chordata,Amphibia,Anura,Odontophrynidae,Proceratophrys,Proceratophrys ararype,,,"Mângia, Koroiva, Nunes, Roberto, Ávila, Sant’Anna, Santana & Garda, 2018",Sapo-de-chifre-do-Araripe,Anfíbios,09/2018,Criticamente em Perigo,Não,B1ab(iii),"Proceratophrys ararype é endêmica do Brasil e registrada somente na encosta da Chapada do Araripe, em meio à matriz de Caatinga no estado do Ceará, em uma área restrita de floresta úmida (brejos de altitude). Embora tenha havido esforço de amostragem na região de 2011 a 2018, não há registros da espécie em outros locais, e sua extensão de ocorrência é estimada em 0,15 km&sup2;. A espécie é abundante localmente, contudo, sofre forte pressão antrópica, principalmente devido às atividades agrícolas, desmatamento da vegetação marginal e desvio de córregos e riachos para a agricultura e recreação. A expansão urbana e queimadas frequentes também representam ameaças à espécie. Essas perturbações resultam em declínio continuado na qualidade do seu hábitat. Considerando apenas uma localização, Proceratophrys ararype foi avaliada como Criticamente em Perigo (CR) pelo critério B1ab(iii).",Sim,Sim,Ceará,|Nordeste|,Caatinga,Sub-bacia Jaguaribe,APA Chapada do Araripe,,,Não,Desconhecida,"1 - Desenvolvimento residencial e comercial
1.1 - Expansão urbana
2 - Agropecuária e Aquacultura
2.1 - Culturas anuais e perenes não-madeireiras
2.1.2 - Agricultura em pequenas propriedades
6 - Distúrbios humanos
6.1 - Atividades recreacionais/turísticas
7 - Modificações nos sistemas naturais
7.1 - Incêndios e supressão de incêndios
7.1.1 - Aumento da frequência/intensidade de incêndios
7 - Modificações nos sistemas naturais
7.2 - Represas e uso de água
7.2.1 - Captação de água de superfície - uso doméstico
7 - Modificações nos sistemas naturais
7.2.3 - Captação de água de superfície - uso na agricultura
8 - Espécies invasoras
problemáticas e doenças
8.1 - Espécies exóticas
8.1.1 - Espécie conhecida
8.1.1.4 - Patógenos/Parasitas",,"Plano de Ação Nacional (PAN), Proteção de locais/áreas, Proteção de recursos/habitat",Plano de Ação Nacional para a Conservação da Herpetofauna do Nordeste - 2º ciclo,Lista Nacional Oficial de Espécies da Fauna Ameaçadas de Extinção 2022,,,proceratophrys ararype,CR,0.0,CR,CR
Animalia,Chordata,Amphibia,Anura,Odontophrynidae,Proceratophrys,Proceratophrys palustris,,Proceratophrys palustris,"Giaretta & Sazima, 1993",Sapo,Anfíbios,06/2017,Criticamente em Perigo,Não,B1ab(iii)+2ab(iii),"Proceratophrys palustris é endêmica do Brasil, conhecida apenas da localidade-tipo, o Morro do Ferro, no município de Poços de Caldas, na Mata Atlântica do estado de Minas Gerais. A espécie foi registrada apenas no topo do morro, acima de 1.200 metros de altitude, e supõem-se que a extensão de ocorrência e área de ocupação sejam menores que 10 km2. Apesar dos esforços de coleta na localidade-tipo e entorno entre 2007 e 2015, a espécie não foi mais registrada. Foi considerada apenas uma localização, cuja principal ameaça é a atividade minerária. Além disso, atividades agropecuárias (plantio de eucalipto e abertura de pastagens) também provocam declínio continuado da qualidade do hábitat. Por essas razões, Proceratophrys palustris foi avaliada como Criticamente em Perigo (CR) pelos critérios B1ab(iii)+2ab(iii).",Sim,Sim,Minas Gerais,|Sudeste|,Mata Atlântica,Sub-bacia Grande,,,,Não,Desconhecida,"2 - Agropecuária e Aquacultura
2.1 - Culturas anuais e perenes não-madeireiras
2.1.4 - Agricultura de escala desconhecida
2 - Agropecuária e Aquacultura
2.2 - Silvicultura
2.2.3 - Plantações em escala desconhecida
2 - Agropecuária e Aquacultura
2.3 - Pecuária
2.3.4 - Pecuária em escala desconhecida
3 - Produção energética e mineração
3.2 - Mineração
3.2.3 - Extração de minérios - subsolo",,Plano de Ação Nacional (PAN),Plano de Ação Nacional para conservação da Herpetofauna Ameaçada da Mata Atlântica da Região Sudeste do Brasil,"Lista Nacional Oficial de Espécies da Fauna Ameaçadas de Extinção 2014, Lista Nacional Oficial de Espécies da Fauna Ameaçadas de Extinção 2022",,,proceratophrys palustris,CR,1.0,CR,CR
Animalia,Chordata,Amphibia,Anura,Odontophrynidae,Proceratophrys,Proceratophrys sanctaritae,,Proceratophrys sanctaritae,"Cruz & Napoli, 2010","Sapo-de-chifres, Sapo-folha",Anfíbios,06/2017,Criticamente em Perigo,Não,B1ab(iii),"Proceratophrys sanctaritae é endêmica do Brasil, conhecida somente da localidade-tipo, na Serra do Timbó, uma cadeia montanhosa na Mata Atlântica coberta principalmente por florestas semidecíduas, no município de Amargosa, estado da Bahia. A espécie foi registrada entre 800 e 900 metros acima do nível do mar. Trata-se de uma região bastante amostrada, não havendo registros adicioanis, e a extensão de ocorrência da espécie foi estimada em 8 km2. A cobertura florestal da Serra do Timbó está ameaçada principalmente pela conversão de áreas nativas em cultivos de banana e cacau e pastagens, alé de ser afetada pelo corte seletivo de espécies florestais de interesse comercial, causando declínio contínuo da qualidade do hábitat. Considerando apenas uma localização, Proceratophrys sanctaritae foi avaliada como Criticamente em Perigo (CR) pelo critério B1ab(iii).",Sim,Sim,Bahia,|Nordeste|,Mata Atlântica,Sub-bacia Itapecuru-Paraguaçu,,,,Não,Desconhecida,"2 - Agropecuária e Aquacultura
2.1 - Culturas anuais e perenes não-madeireiras
2 - Agropecuária e Aquacultura
2.3 - Pecuária
5 - Uso de recursos biológicos
5.3 - Extração florestal",,"Criação de áreas protegidas, Plano de Ação Nacional (PAN)","Plano de Ação Nacional para a Conservação da Herpetofauna Ameaçada da Mata Atlântica Nordestina, Plano de Ação Nacional para a Conservação da Herpetofauna do Nordeste - 2º ciclo","Lista Nacional Oficial de Espécies da Fauna Ameaçadas de Extinção 2014, Lista Nacional Oficial de Espécies da Fauna Ameaçadas de Extinção 2022",,,proceratophrys sanctaritae,CR,1.0,CR,CR
Animalia,Arthropoda,Arachnida,Pseudoscorpiones,Olpiidae,Progarypus,Progarypus nigrimanus,,Progarypus nigrimanus,"Mahnert, 2001","escorpião-de-livro, falso-escorpião, pseudoescorpião",Invertebrados Terrestres,09/2021,Criticamente em Perigo,Não,B1ab(iii),"Progaripus nigrimanus é endêmica do Brasil, conhecida inicialmente da sério-tipo em 1988 (dois indivíduos), proveniente da Caverna Santana, no PETAR em Iporanga. Posteriormente foi registrada em 2005 na cavidade Anta Magra, em 2009 na Caverna Santana e novamente em 2012 em trabalho de campo na região do PETAR. A região tem sido extensivamente amostrada, inclusive o interior da caverna, e não resultou na captura de exemplares adicionais nem ampliação da distribuição da espécie. A EOO foi calculada com base no desenvolvimento horizontal da caverna e pelo método buffer (5km de raio), totalizando 78,5 Km2. A principal ameaça à qualidade do habitat da espécie é a visitação turística da Caverna Santana, uma vez que os visitantes podem pisotear a fauna e alterar o microclima e estrutura das grutas. Além disso, a poluição dos corpos d'água que alimentam o sistema de cavernas pode ser prejudicial à qualidade do habitat. Considerando apenas uma localização, a espécie foi categorizada como Criticamente em Perigo (CR) pelo critério B1ab(iii).",Sim,Sim,São Paulo,|Sudeste|,Mata Atlântica,Sub-bacia Litoral RJ SP,,PARQUE ESTADUAL TURÍSTICO DO ALTO DO RIBEIRA,,Não,Desconhecida,"6 - Distúrbios humanos
6.1 - Atividades recreacionais/turísticas
9 - Poluição
9.4 - Lixo e resíduos sólidos
9.4.1 - Urbanos",,Plano de Ação Nacional (PAN),Plano de Ação Nacional para a Conservação das Cavernas do Brasil,"Lista Nacional Oficial de Espécies da Fauna Ameaçadas de Extinção 2014, Lista Nacional Oficial de Espécies da Fauna Ameaçadas de Extinção 2022",,,progarypus nigrimanus,CR,1.0,CR,CR
Animalia,Chordata,Elasmobranchii,Rhinopristiformes,Rhinobatidae,Pseudobatos,Pseudobatos horkelii,,Pseudobatos horkelii,"(Müller & Henle, 1841)","cação-viola, raia-viola, viola",Tubarões e Raias,11/2017,Criticamente em Perigo,Não,A2bd,"Pseudobatos horkelii é uma espécie endêmica da plataforma continental do Atlântico Sudoeste, ocorrendo do Espírito Santo até a Argentina. As pescarias artesanais e industriais de arrasto e emalhe representam as principais ameaças, e os hábitos reprodutivos e de migrações da espécie a tornam extremamente susceptível aos impactos da pesca. Foram observados declínios acentuados nas CPUEs de cruzeiros científicos, na área de maior abundância da espécie, entre a década de 1970 e 2000, que foram maiores que 90%. Atualmente, observa-se ainda uma intensa atividade pesqueira artesanal e industrial, no sudeste e sul, impactando diretamente sua população no Brasil. Informações sobre a captura da espécie a partir de cruzeiros de pesca comercial, dão indícios de que a abundância permanece em níveis muito baixos. Algumas capturas excepcionais podem ser observadas mas provavelmente são decorrentes do esforço concentrado sobre as últimas agregações existentes. Apesar de 13 anos de proibição da captura dessa espécie, não foram observados indícios de recuperação. Portanto, nos últimos 39 anos (três tempos geracionais), infere-se uma queda populacional de mais de 80%, sendo categorizada como Criticamente em Perigo (CR) segundo o critério A2bd.",Não,Sim,"Espírito Santo, Paraná, Rio de Janeiro, Rio Grande do Sul, Santa Catarina, São Paulo",|Sudeste|Sul|,Sistema Costeiro-Marinho,,"ESEC Tupinambás, PARNA da Lagoa do Peixe, REBIO Marinha do Arvoredo, RESEX Marinha Pirajubaé","APA MARINHA DO LITORAL CENTRO, APA MARINHA DO LITORAL NORTE, ÁREA DE PROTEÇÃO AMBIENTAL DO PAU BRASIL",,Sim,Declinando,"5 - Uso de recursos biológicos
5.1 - Caça e captura de animais terrestres ou marinhos
5.1.1 - Caça/captura intencional (a espécie é o alvo)
5.1.1.4 - Esportiva
5 - Uso de recursos biológicos
5.4 - Pesca e uso de recursos aquáticos
5.4.1 - Captura intencional - subsistência/pequena escala
5.4.1.3 - Aparelho com anzol
5.4.1.3.5 - Linha de fundo e linha de mão
5 - Uso de recursos biológicos
5.4.1.6 - Arrasto
5.4.1.6.3 - Arrasto de praia
5 - Uso de recursos biológicos
5.4.5 - Captura indireta - subsistência/pequena escala
5.4.5.3 - Aparelho com anzol
5.4.5.3.5 - Linha de fundo e linha de mão
5 - Uso de recursos biológicos
5.4.5.6 - Arrasto
5.4.5.6.1 - Arrasto simples
5 - Uso de recursos biológicos
5.4.5.6.2 - Arrasto duplo
5 - Uso de recursos biológicos
5.4.5.6.3 - Arrasto de praia
5 - Uso de recursos biológicos
5.4.5.7 - Emalhe
5.4.5.7.1 - Emalhe de fundo
5 - Uso de recursos biológicos
5.4.6 - Captura indireta - larga escala
5.4.6.5 - Cerco
5 - Uso de recursos biológicos
5.4.6.6 - Arrasto
5.4.6.6.1 - Arrasto simples
5 - Uso de recursos biológicos
5.4.6.6.2 - Arrasto duplo
5 - Uso de recursos biológicos
5.4.6.6.3 - Arrasto de parelha
5 - Uso de recursos biológicos
5.4.6.7 - Emalhe
5.4.6.7.1 - Emalhe de fundo
9 - Poluição
9.2 - Industrial
9.2.3 - Contaminação por metais pesados
9 - Poluição
9.4 - Lixo e resíduos sólidos
9.4.2 - Industriais","1 - Alimentação humana
1.7 - Pesca artesanal
1.7.3 - Aparelho com anzol
1.7.3.5 - Linha de fundo e linha de mão
1 - Alimentação humana
1.7.6 - Arrasto
1.7.6.2 - Arrasto duplo
1 - Alimentação humana
1.7.6.3 - Arrasto de praia
1 - Alimentação humana
1.7.7 - Emalhe
1.7.7.1 - Emalhe de fundo
1 - Alimentação humana
1.8 - Pesca industrial
1.8.6 - Arrasto
1.8.6.2 - Arrasto duplo
1 - Alimentação humana
1.8.7 - Emalhe
1.8.7.1 - Emalhe de fundo
4 - Caça/pesca esportiva","Conscientização/comunicação, Controle e fiscalização, Criação de áreas protegidas, Implementação de áreas protegidas, Implementação de corredores, Legislação, Manejo/ordenamento de caça/pesca, Plano de Ação Nacional (PAN), Plano de Redução de Impacto (PRIM), Substituição de atividade econômica","Plano de Ação Nacional Lagoas do Sul, Plano de Ação Nacional para a Conservação dos Elasmobrânquios Ameaçados de Extinção","Lista Nacional Oficial de Espécies da Fauna Ameaçadas de Extinção 2014, Lista Nacional Oficial de Espécies da Fauna Ameaçadas de Extinção 2022, CITES - Anexo II",,"5 , 180",pseudobatos horkelii,CR,1.0,CR,CR
Animalia,Arthropoda,Diplopoda,Spirostreptida,Pseudonannolenidae,Pseudonannolene,Pseudonannolene lundi,,,"Iniesta & Ferreira, 2015",Não Informado,Invertebrados Terrestres,03/2021,Criticamente em Perigo,Não,B1ab(iii)+2ab(iii),"Pseudonannolene lundi é endêmica do Brasil e conhecida apenas da localidade-tipo, a Lapa Sem Fim, uma caverna calcária do município de Luislândia, Minas Gerais. Embora a espécie pareça ser abundante no local, e a caverna relativamente bem preservada (raramente visitada por habitantes locais), a lapa Sem Fim está localizada em uma fazenda particular e o entorno imediato está bastante alterado em função de desmatamento para implantação de pastagens, além da construção de um pequeno açude. Tais impactos afetam principalmente as dinâmicas trófica (aporte de recursos para a população) e hídrica (a espécie é dependente de ambiente úmido). Recentemente a caverna está sendo muito visitada por grupos de espeleologia, o que vem causando impactos como pisoteamento em áreas antes bastante preservadas. Todos estes impactos têm causado declínio da qualidade do habitat da espécie. Considerando uma localização, além de Extensão de Ocorrência e Área de Ocupação inferiores a 10km2, a espécie foi categorizada como Criticamente em Perigo (CR) pelos critérios B1ab(iii)+2ab(iii).",Sim,Sim,Minas Gerais,|Sudeste|,Cerrado,Sub-bacia São Francisco Médio,,,,Não,Desconhecida,"2 - Agropecuária e Aquacultura
2.1 - Culturas anuais e perenes não-madeireiras
2.1.4 - Agricultura de escala desconhecida
2 - Agropecuária e Aquacultura
2.3 - Pecuária
2.3.4 - Pecuária em escala desconhecida
6 - Distúrbios humanos
6.1 - Atividades recreacionais/turísticas
6 - Distúrbios humanos
6.3 - Trabalho e outras atividades",,Plano de Ação Nacional (PAN),Plano de Ação Nacional para a Conservação das Cavernas do Brasil,Lista Nacional Oficial de Espécies da Fauna Ameaçadas de Extinção 2022,,,pseudonannolene lundi,CR,0.0,CR,CR
Animalia,Arthropoda,Diplopoda,Spirostreptida,Spirostreptidae,Pseudonannolene,Pseudonannolene spelaea,,Pseudonannolene spelaea,"Iniesta & Ferreira, 2013",Não Informado,Invertebrados Terrestres,05/2018,Criticamente em Perigo,Não,B1ab(iii),"Pseudonannolene spelaea é endêmica do Brasil e ocorre apenas em cavernas da região conhecida como Serra Norte de Carajás (Floresta Nacional de Carajás), Pará, tendo sido registrada em nove cavernas muito próximas entre si. Sua extensão de ocorrência foi estimada em menos de 10km2. A espécie não é encontrada em outros platôs da região. As cavernas na Serra Norte de Carajás sofrem intensa exploração mineral (minério de ferro), o que vem causando declínio continuado da qualidade do habitat. Considerando uma localização, a espécie foi categorizada como Criticamente em Perigo (CR) pelo critério B1ab(iii).",Sim,Sim,Pará,|Norte|,Amazônia,Sub-bacia Tocantins Baixo,FLONA Carajás,,,Não,Desconhecida,"3 - Produção energética e mineração
3.2 - Mineração
3.2.3 - Extração de minérios - subsolo",,Plano de Ação Nacional (PAN),Plano de Ação Nacional para a Conservação das Cavernas do Brasil,"Lista Nacional Oficial de Espécies da Fauna Ameaçadas de Extinção 2014, Lista Nacional Oficial de Espécies da Fauna Ameaçadas de Extinção 2022",,,pseudonannolene spelaea,CR,1.0,CR,CR
Animalia,Arthropoda,Entognatha,Entomobryomorpha,Entomobryidae,Pseudosinella,Pseudosinella guanhaensis,,,"Zeppelini, Brito & Lima, 2018",Não Informado,Invertebrados Terrestres,05/2018,Criticamente em Perigo,Não,B2ab(iii),"Pseudosinella guanhaensis é espécie endêmica do Brasil, conhecida apenas da localidade-tipo, uma caverna em Dores de Guanhães, Minas Gerais. Sua Área de Ocupação é certamente inferior a 10km2. A caverna não está em área protegida e seu entorno encontra-se alterado com a vegetação bastante desmatada para formação de pastagem e com pisoteio de gado. Estas atividades antrópicas, aliadas à atividade minerária em expansão no município, afetam fortemente o ambiente da espécie. Considerando apenas uma localização e o declínio continuado do habitat, P. guanhaensis foi categorizada como Criticamente em Perigo (CR) pelo critério B2ab(iii).",Sim,Sim,Minas Gerais,|Sudeste|,Mata Atlântica,Sub-bacia Doce,,,,Não,Desconhecida,"11 - Mudanças e extremos climáticos
11.1 - Mudança/alteração de habitat
2 - Agropecuária e Aquacultura
2.3 - Pecuária
2.3.4 - Pecuária em escala desconhecida
3 - Produção energética e mineração
3.2 - Mineração
3.2.3 - Extração de minérios - subsolo
5 - Uso de recursos biológicos
5.3 - Extração florestal
5.3.5 - Motivação desconhecida",,Plano de Ação Nacional (PAN),Plano de Ação Nacional para a Conservação das Cavernas do Brasil,Lista Nacional Oficial de Espécies da Fauna Ameaçadas de Extinção 2022,,,pseudosinella guanhaensis,CR,0.0,CR,CR
Animalia,Chordata,Aves,Gruiformes,Psophiidae,Psophia,Psophia obscura,,Psophia obscura,"Pelzeln, 1857",jacamim-de-costas-escuras,Aves,09/2017,Criticamente em Perigo,Não,A2cd,"Psophia obscura é endêmica do Centro de Endemismo Belém, atualmente o mais antropizado de toda a Amazônia. É sensível às alterações do seu habitat, a floresta de terra firme, e é muito procurada por caçadores. O desmatamento e a caça praticamente exterminaram esta espécie, estando atualmente restrita ao mosaico de áreas protegidas do Gurupi e a uns poucos fragmentos nos municípios de Paragominas e Tailândia. A floresta primária nestas áreas remanescentes continua sofrendo degradação. A pressão de caça continua intensa e evidências de sua presença em observações de campo são muito raras. Considerando-se a perda, a degradação e a fragmentação de habitat, a pressão de caça, a falta de habitat adequado para a espécie, infere-se que o declínio populacional no passado foi maior que 80%. Desta forma, P. obscura foi categorizada como Criticamente em Perigo (CR) A2cd.",Sim,Sim,"Maranhão, Pará",|Nordeste|Norte|,Amazônia,"Sub-bacia Gurupi
Sub-bacia Mearim
Sub-bacia Tocantins Baixo",REBIO do Gurupi,,,Desconhecido,Declinando,"5 - Uso de recursos biológicos
5.1 - Caça e captura de animais terrestres ou marinhos
5.1.1 - Caça/captura intencional (a espécie é o alvo)
5.1.1.1 - Uso de subsistência/escambo local
5 - Uso de recursos biológicos
5.3 - Extração florestal
5.3.5 - Motivação desconhecida","1 - Alimentação humana
1 - Alimentação humana
1.1 - Caça de subsistência","Criação de áreas protegidas, Plano de Ação Nacional (PAN), Proteção de locais/áreas, Reintrodução de espécies, Reprodução em cativeiro/propagação artificial","Plano de Ação Nacional para a Conservação das Aves Ameaçadas do Bioma Amazônia, Plano de Ação Nacional para a Conservação das Aves Ameaçadas do Bioma Amazônia - 2º ciclo","Lista Nacional Oficial de Espécies da Fauna Ameaçadas de Extinção 2014, Lista Nacional Oficial de Espécies da Fauna Ameaçadas de Extinção 2022",,,psophia obscura,CR,1.0,CR,CR
Animalia,Chordata,Aves,Procellariiformes,Procellariidae,Pterodroma,Pterodroma arminjoniana,,Pterodroma arminjoniana,"(Giglioli & Salvadori, 1869)",grazina-de-trindade,Aves,10/2019,Criticamente em Perigo,Não,B2ab(iii),"Pterodroma arminjoniana é espécie migratória que reproduz na Ilha da Trindade, no Atlântico Sul e na Ilha Round (Ilhas Maurício), no Índico. No Brasil, há registros no nordeste e reproduz apenas em Trindade, tendo uma área de ocupação de 8 km&sup2; e caracterizando uma única localização, sendo a mais séria ameaça à espécie a construção de aerogeradores na ilha. A presença de camundongos e a ocorrência de queimadas levam a declínio continuado da qualidade de habitat. Sendo assim, P. arminjoniana foi categorizada como Criticamente em Perigo (CR), pelo critério B2ab(iii).",Não,Sim,"Espírito Santo, Rio Grande do Norte",|Nordeste|Sudeste|,"Mata Atlântica, Sistema Costeiro-Marinho","Sub-bacia Litoral CE PB
Sub-bacia Litoral ES","APA do Arquipélago de Trindade e Martim Vaz, MONA do Arquipélago de Trindade e Martim Vaz e Monte Columbia",,,Sim,Declinando,"3 - Produção energética e mineração
3.3 - Energia renovável
3.3.2 - Parques eólicos
7 - Modificações nos sistemas naturais
7.1 - Incêndios e supressão de incêndios
7.1.1 - Aumento da frequência/intensidade de incêndios
8 - Espécies invasoras
problemáticas e doenças
8.1 - Espécies exóticas
8.1.2 - Espécie não conhecida
8.1.2.2 - Predadores",,Plano de Ação Nacional (PAN),"Plano de Ação Nacional para a Conservação das Aves Marinhas, Plano de Ação Nacional para a Conservação de Albatrozes e Petréis, Plano de Ação Nacional para a Conservação de Albatrozes e Petréis - 2º ciclo","Lista Nacional Oficial de Espécies da Fauna Ameaçadas de Extinção 2014, Lista Nacional Oficial de Espécies da Fauna Ameaçadas de Extinção 2022",,,pterodroma arminjoniana,CR,1.0,CR,CR
Animalia,Chordata,Aves,Procellariiformes,Procellariidae,Puffinus,Puffinus lherminieri,,Puffinus lherminieri,"Lesson, 1839",pardela-de-asa-larga,Aves,10/2019,Criticamente em Perigo,Não,D,"Puffnus lherminieri ocorre nas Bermudas, Caribe e Brasil, distribuindo-se pelo litoral sudeste e nordeste. Atualmente no Brasil reproduz apenas em duas ilhas de Fernando de Noronha. A população reprodutiva do Espírito Santo não se reproduz nas ilhas Itatiaia há pelo menos 15 anos. O monitoramento de ninhos indica a existência de cerca de 30 indivíduos adultos no Brasil, não parecendo haver aporte de indivíduos de populações estrangeiras. A tendência da população é desconhecida, podendo ocorrer flutuações, contudo o monitoramento nas ilhas em que a espécie nidifica é extremamente difícil devido ao acesso. Por esses motivos, P. lherminieri foi categorizada como Criticamente em Perigo (CR), pelo critério D.",Não,Sim,"Espírito Santo, Pernambuco",|Nordeste|Sudeste|,"Mata Atlântica, Sistema Costeiro-Marinho",Sub-bacia Litoral ES,"APA Fernando de Noronha, PARNA Marinho de Fernando de Noronha",,,Sim,Desconhecida,"6 - Distúrbios humanos
6.1 - Atividades recreacionais/turísticas
8 - Espécies invasoras
problemáticas e doenças
8.1 - Espécies exóticas
8.1.1 - Espécie conhecida
8.1.1.2 - Predadores
8 - Espécies invasoras
problemáticas e doenças
8.2 - Espécies domésticas
8.2.2 - Predadores",,Plano de Ação Nacional (PAN),"Plano de Ação Nacional para a Conservação das Aves Marinhas, Plano de Ação Nacional para a Conservação de Albatrozes e Petréis, Plano de Ação Nacional para a Conservação de Albatrozes e Petréis - 2º ciclo","Lista Nacional Oficial de Espécies da Fauna Ameaçadas de Extinção 2014, Lista Nacional Oficial de Espécies da Fauna Ameaçadas de Extinção 2022",,,puffinus lherminieri,CR,1.0,CR,CR
Animalia,Chordata,Aves,Strigiformes,Strigidae,Pulsatrix,Pulsatrix perspicillata,Pulsatrix perspicillata pulsatrix,Pulsatrix perspicillata pulsatrix,"(Wied, 1820)",murucututu,Aves,06/2019,Criticamente em Perigo,Não,C2a(i),"Pulsatrix perspicillata pulsatrix é endêmica do Brasil, ocorrendo historicamente ao longo da costa sudeste da Bahia ao nordeste do Rio Grande do Sul. O último registro data de 1995, no nordeste do Rio Grande do Sul. Não há conhecimento sobre a presença deste táxon, devendo estar, possivelmente, extinto em grande parte de sua distribuição. Com base nos últimos registros conhecidos, descrições de abundância e extensão de ocorrência, estima-se que o tamanho populacional seja menor do que 50 indivíduos maduros. É provável que o declínio populacional do táxon tenha ocorrido devido à perda massiva de habitat decorrente da ocupação por gado bovino, bubalino e dendeicultura. Dessa forma, P. p. pulsatrix foi categorizada como Criticamente em Perigo (CR) pelo critério C2a(i).",Sim,Sim,"Bahia, Espírito Santo, Rio Grande do Sul, Santa Catarina, São Paulo",|Nordeste|Sudeste|Sul|,Mata Atlântica,,"Parna Aparados da Serra, PARNA da Serra do Itajaí, PARNA da Serra Geral, PARNA do Caparaó, REBIO Augusto Ruschi, REBIO de Sooretama",,,Não,Declinando,"2 - Agropecuária e Aquacultura
2.1 - Culturas anuais e perenes não-madeireiras
2.1.4 - Agricultura de escala desconhecida
2 - Agropecuária e Aquacultura
2.3 - Pecuária
2.3.4 - Pecuária em escala desconhecida",,Plano de Ação Nacional (PAN),"Plano de Ação Nacional para a Conservação das Aves Ameaçadas do Bioma Mata Atlântica, Plano de Ação Nacional para a Conservação das Aves de Rapina","Lista Nacional Oficial de Espécies da Fauna Ameaçadas de Extinção 2014, Lista Nacional Oficial de Espécies da Fauna Ameaçadas de Extinção 2022",,,pulsatrix perspicillata,,,CR,NE
Animalia,Porifera,Demospongiae,Spongillida,Spongillidae,Racekiela,Racekiela cavernicola,,Racekiela cavernicola,"Volkmer-Ribeiro, Bichuette & Machado, 2010",Não Informado,Invertebrados de Água Doce,02/2025,Criticamente em Perigo,Não,B1ab(iii)+2ab(iii),"Racekiela cavernicola é endêmica do Brasil, registrada apenas para a localidade-tipo, no rio Jacaré, na gruta dos Brejões, em São Gabriel, estado da Bahia. Novas coletas na região, inclusive no mesmo rio, mas fora da caverna, não a detectaram em outras localidades. A espécie era avistada facilmente, e podia ser encontrada tanto na calha do rio como em poças no interior da gruta. Visitas recentes, no entanto, indicam um declínio populacional acentuado no interior da caverna. A EOO, baseada na extensão da caverna, foi estimada em 1 km², e foi igualada à AOO, calculada em 8 km². Considerando a presença de contaminantes no rio Jacaré que provavelmente estão impactando de forma drástica a espécie e sua distribuição restrita, foi definida apenas uma localização. Além disto, outros impactos antrópicos estão afetando a espécie e resultando em declínio continuado da qualidade do habitat. Assim, R. cavernicola foi categorizada como Criticamente em Perigo (CR) segundo os critérios B1ab(iii)+2ab(iii).",Sim,Sim,Bahia,|Nordeste|,Caatinga,Sub-bacia São Francisco Médio,,ÁREA DE PROTEÇÃO AMBIENTAL GRUTAS DOS BREJÕES / VEREDAS DO ROMÃO GRAMACHO,,Não,Desconhecida,"1 - Desenvolvimento residencial e comercial
1.3 - Áreas de turismo e recreação
3 - Produção energética e mineração
3.2 - Mineração
3.2.3 - Extração de minérios - subsolo
6 - Distúrbios humanos
6.1 - Atividades recreacionais/turísticas
9 - Poluição
9.1 - Doméstica e urbana - escoamento de água
9.1.1 - Esgoto",,"Manejo de locais/áreas, Plano de Ação Nacional (PAN)",Plano de Ação Nacional para a Conservação das Cavernas do Brasil,"Lista Nacional Oficial de Espécies da Fauna Ameaçadas de Extinção 2014, Lista Nacional Oficial de Espécies da Fauna Ameaçadas de Extinção 2022",,,racekiela cavernicola,VU,1.0,CR,VU
Animalia,Arthropoda,Arachnida,Opiliones,Kimulidae,Relictopiolus,Relictopiolus galadriel,,,"Pérez-González, Ceccarelli, Monte, Proud, DaSilva & Bichuette, 2017",Não Informado,Invertebrados Terrestres,05/2018,Criticamente em Perigo,Não,B1ab(iii)+2ab(iii),"Relictopiolus galadriel é espécie endêmica do Brasil, conhecida apenas da localidade-tipo: a gruta Olhos d´Água, no Município de Itacarambi/Minas Gerais, localizada no Parque Nacional Cavernas do Peruaçu. A espécie foi registrada somente na parte mais interior da caverna. Sua Extensão de Ocorrência (EOO) e Área de Ocupação são estimadas em menos de 1km². Amostragens em outras cavernas dentro do Parque não localizaram a espécie. A ressurgência da gruta Olhos d´Água localiza-se fora dos limites do Parque Nacional. Tem sido observada diminuição da precipitação e aumento do uso de água subterrânea para fins agrícolas na região, acompanhado pela construção de várias represas a montante do sumidouro e dentro da caverna Olhos d´Água para armazenar água para uso durante a estação seca. Estes impactos alteram a quantidade de alimento disponível à comunidade de troglóbios na caverna. Considerando uma localização, a espécie foi categorizada como Criticamente em Perigo (CR) pelos critérios B1ab(iii)+2ab(iii).",Sim,Sim,Minas Gerais,|Sudeste|,Cerrado,Sub-bacia São Francisco Médio,"APA Cavernas do Peruaçu, PARNA Cavernas do Peruaçu",,,Não,Desconhecida,"11 - Mudanças e extremos climáticos
11.1 - Mudança/alteração de habitat
2 - Agropecuária e Aquacultura
2.1 - Culturas anuais e perenes não-madeireiras
2.1.4 - Agricultura de escala desconhecida
7 - Modificações nos sistemas naturais
7.2 - Represas e uso de água
7.2.11 - Represas (tamanho desconhecido)
7 - Modificações nos sistemas naturais
7.2.7 - Captação de água subterrânea - uso na agricultura
7 - Modificações nos sistemas naturais
7.2.9 - Represas (pequenas)
7 - Modificações nos sistemas naturais
7.3 - Outras modificações nos ecossistemas",,Plano de Ação Nacional (PAN),Plano de Ação Nacional para a Conservação das Cavernas do Brasil,Lista Nacional Oficial de Espécies da Fauna Ameaçadas de Extinção 2022,,,relictopiolus galadriel,CR,0.0,CR,CR
Animalia,Chordata,Actinopterygii,Siluriformes,Heptapteridae,Rhamdiopsis,Rhamdiopsis sp. nov. 'campo formoso',,Rhamdiopsis sp. nov.,,Não Informado,Peixes Continentais,03/2021,Criticamente em Perigo,Não,B2ab(iii),"Rhamdiopsis sp. nov. ""campo formoso"" é endêmica do Brasil e conhecida somente do lençol freático que aflora na caverna Toca do Gonçalo, no município de Umburanas, inserida na área cárstica de Campo Formoso, no semiárido do estado da Bahia. Embora a espécie ainda não esteja formalmente descrita, é reconhecidamente uma entidade específica distinta, com distribuição conhecida, vouchers depositados em coleções científicas de referência e seu processo de descrição está em fase de submissão. A Área de Ocupação (AOO) da espécie foi calculada em 4 km2, mas é possível que ocorra em todo o lençol freático dessa Formação e também da Formação Salitre. O único estudo populacional mostrou que a espécie é rara. A caverna não está localizada em área protegida, e está sujeita a pressões de seu entorno, como a presença de caprinos, que também adentram a caverna, e o bombeamento da água do lençol freático. A principal ameaça para a espécie é o rebaixamento do lençol freático pela extração de água, culminando em eventos recentes de seca no interior da cavidade, o que configura uma localização. Outra ameaça em potencial para o seu habitat é a contaminação do lençol freático por esgoto doméstico e agrotóxicos. Todos esses impactos caracterizam declínio continuado da qualidade do habitat. Desse modo, Rhamdiopsis sp. nov. ""campo formoso"" foi categorizada como Criticamente em Perigo (CR) pelo critério B2ab(iii).",Sim,Não,Bahia,|Nordeste|,Caatinga,Sub-bacia São Francisco Submédio,,,,Não,Desconhecida,"2 - Agropecuária e Aquacultura
2.3 - Pecuária
2.3.2 - Pecuária em pequenas propriedades
7 - Modificações nos sistemas naturais
7.2 - Represas e uso de água
7.2.5 - Captação de água subterrânea - uso doméstico
7 - Modificações nos sistemas naturais
7.2.7 - Captação de água subterrânea - uso na agricultura
9 - Poluição
9.1 - Doméstica e urbana - escoamento de água
9.1.1 - Esgoto
9 - Poluição
9.3 - Agropecuária e florestal
9.3.1 - Acúmulo de nutrientes
9 - Poluição
9.3.3 - Herbicidas e pesticidas",,,,,,,rhamdiopsis sp. nov. 'campo formoso',,,CR,NE
Animalia,Chordata,Amphibia,Anura,Bufonidae,Rhinella,Rhinella casconi,,,"Roberto, Brito & Thomé, 2014",Cururu-do-Cascon,Anfíbios,09/2018,Criticamente em Perigo,Não,B1ab(iii),"Rhinella casconi é endêmica do Brasil, conhecida somente do maciço de Baturité, no estado do Ceará, em uma área restrita de floresta úmida (brejos de altitude) em meio à matriz de Caatinga. Buscas direcionadas em áreas adjacentes com ambientes similares foram realizadas, entretanto, a espécie não foi encontrada. Sua extensão de ocorrência foi estimada em 4 km&sup2;. A espécie sofre forte pressão antrópica, principalmente pela perda e degradação de hábitat devido à expansão urbana, com a construção de casas de veraneio, e de plantações de café e banana, que atingem as porções mais altas da Serra. Foi considerada apenas uma localização, tendo a perda de hábitat como principal ameaça. Por essas razões, Rhinella casconi foi avaliada como Criticamente em Perigo (CR) pelo critério B1ab(iii).",Sim,Sim,Ceará,|Nordeste|,Caatinga,Sub-bacia Litoral CE PI,,ÁREA DE PROTEÇÃO AMBIENTAL DA SERRA DE BATURITÉ,,Não,Desconhecida,"1 - Desenvolvimento residencial e comercial
1.1 - Expansão urbana
2 - Agropecuária e Aquacultura
2.1 - Culturas anuais e perenes não-madeireiras
2.1.2 - Agricultura em pequenas propriedades
7 - Modificações nos sistemas naturais
7.2 - Represas e uso de água
7.2.5 - Captação de água subterrânea - uso doméstico
7 - Modificações nos sistemas naturais
7.2.6 - Captação de água subterrânea - uso comercial
7 - Modificações nos sistemas naturais
7.2.7 - Captação de água subterrânea - uso na agricultura
7 - Modificações nos sistemas naturais
7.2.9 - Represas (pequenas)",,"Manejo de locais/áreas, Plano de Ação Nacional (PAN), Proteção de locais/áreas, Proteção de recursos/habitat",Plano de Ação Nacional para a Conservação da Herpetofauna do Nordeste - 2º ciclo,Lista Nacional Oficial de Espécies da Fauna Ameaçadas de Extinção 2022,,,rhinella casconi,CR,0.0,CR,CR
Animalia,Chordata,Elasmobranchii,Myliobatiformes,Rhinopteridae,Rhinoptera,Rhinoptera brasiliensis,,Rhinoptera brasiliensis,"Müller, 1836",Não Informado,Tubarões e Raias,11/2017,Criticamente em Perigo,Não,A2bd,"Rhinoptera brasiliensis distribui-se do Golfo do México até a região Sul do Brasil. Possui baixo potencial reprodutivo, com fecundidade uterina de apenas um embrião e ciclo reprodutivo de dois anos, sendo sensível à sobrepesca. Na costa do Rio Grande do Sul, R. brasiliensis é capturada pela pesca amadora e artesanal com arrastão de praia e pela pesca industrial com redes de arrasto. Também é altamente suscetível à pesca em águas costeiras devido ao comportamento de agregação nessas áreas. A pesca de arrasto costeiro também causa impactos sobre seu habitat. Na década de 1980, ocorriam habitualmente grandes capturas dessa espécie na pesca de arrastão de praia no Rio Grande do Sul, onde já não é mais capturada. Infere-se que houve um declínio populacional da ordem de 90% entre 1981 e 2003 na área de maior abundância da espécie, e projeta-se este declínio para a população como um todo em um período de três gerações. Portanto, a espécie foi categorizada como Criticamente em Perigo (CR), segundo o critério A2bd.",Não,Sim,"Alagoas, Amapá, Bahia, Ceará, Espírito Santo, Maranhão, Pará, Paraíba, Paraná, Pernambuco, Piauí, Rio de Janeiro, Rio Grande do Norte, Rio Grande do Sul, Santa Catarina, São Paulo, Sergipe",|Nordeste|Norte|Sudeste|Sul|,Sistema Costeiro-Marinho,,"APA Guaraqueçaba, ESEC Tupinambás, PARNA Superagui","APA MARINHA DO LITORAL CENTRO, APA MARINHA DO LITORAL NORTE, ÁREA DE PROTEÇÃO AMBIENTAL DO PAU BRASIL",,Desconhecido,Declinando,"11 - Mudanças e extremos climáticos
11.1 - Mudança/alteração de habitat
5 - Uso de recursos biológicos
5.4 - Pesca e uso de recursos aquáticos
5.4.5 - Captura indireta - subsistência/pequena escala
5.4.5.6 - Arrasto
5.4.5.6.1 - Arrasto simples
5 - Uso de recursos biológicos
5.4.5.6.2 - Arrasto duplo
5 - Uso de recursos biológicos
5.4.5.6.3 - Arrasto de praia
5 - Uso de recursos biológicos
5.4.5.7 - Emalhe
5.4.5.7.1 - Emalhe de fundo
5 - Uso de recursos biológicos
5.4.5.7.2 - Emalhe de superfície
5 - Uso de recursos biológicos
5.4.6 - Captura indireta - larga escala
5.4.6.6 - Arrasto
5.4.6.6.1 - Arrasto simples
5 - Uso de recursos biológicos
5.4.6.6.2 - Arrasto duplo
5 - Uso de recursos biológicos
5.4.6.6.3 - Arrasto de parelha
5 - Uso de recursos biológicos
5.4.6.7 - Emalhe
5.4.6.7.1 - Emalhe de fundo
5 - Uso de recursos biológicos
5.4.6.7.2 - Emalhe de superfície
9 - Poluição
9.1 - Doméstica e urbana - escoamento de água
9 - Poluição
9.2 - Industrial
9.2.1 - Derramamento de óleo
9 - Poluição
9.2.3 - Contaminação por metais pesados
9 - Poluição
9.2.4 - Resíduos líquidos diversos
9 - Poluição
9.4 - Lixo e resíduos sólidos
9.4.1 - Urbanos
9 - Poluição
9.4.2 - Industriais","1 - Alimentação humana
1.7 - Pesca artesanal
1.7.6 - Arrasto
1.7.6.1 - Arrasto simples
1 - Alimentação humana
1.7.6.2 - Arrasto duplo
1 - Alimentação humana
1.7.6.3 - Arrasto de praia
1 - Alimentação humana
1.7.7 - Emalhe
1.7.7.1 - Emalhe de fundo
1 - Alimentação humana
1.7.7.2 - Emalhe de superfície
1 - Alimentação humana
1.8 - Pesca industrial
1.8.6 - Arrasto
1.8.6.1 - Arrasto simples
1 - Alimentação humana
1.8.6.2 - Arrasto duplo
1 - Alimentação humana
1.8.6.3 - Arrasto de parelha
3 - Animais de estimação/ornamentais","Criação de áreas protegidas, Manejo/ordenamento de caça/pesca, Plano de Ação Nacional (PAN)",Plano de Ação Nacional para a Conservação dos Elasmobrânquios Ameaçados de Extinção,"Lista Nacional Oficial de Espécies da Fauna Ameaçadas de Extinção 2014, Lista Nacional Oficial de Espécies da Fauna Ameaçadas de Extinção 2022",,"0 , 20",rhinoptera brasiliensis,CR,1.0,CR,CR
Animalia,Arthropoda,Insecta,Hymenoptera,Formicidae,Rhopalothrix,Rhopalothrix plaumanni,,Rhopalothrix plaumanni,"Brown & Kempf, 1960",Formiga,Invertebrados Terrestres,12/2024,Criticamente em Perigo,Não,B1ab(iii),"Rhopalothrix plaumanni é endêmica do Brasil, conhecida apenas da localidade-tipo, em Seara, oeste de Santa Catarina. Os últimos registros foram realizados em 2004 na mesma localidade e, apesar dos esforços de coleta em áreas próximas, apropriadas à sobrevivência da população e com utilização de métodos de coleta adequados, a distribuição não foi ampliada, mesmo a espécie sendo facilmente identificável. Sua Extensão de Ocorrência (EOO) foi calculada em 58 km². A espécie é associada à mata de araucária, que sofre intensa conversão de áreas nativas por agropecuária e silvicultura, que além da remoção da vegetação nativa, ocasiona poluição por agrotóxicos e declínio continuado da qualidade do habitat remanescente. Considerando a especificidade e disponibilidade do habitat e sua baixa capacidade de dispersão, infere-se que sua população esteja severamente fragmentada. Portanto, R. plaumanni foi categorizada como Criticamente em Perigo (CR), pelo critério B1ab(iii).",Sim,Sim,Santa Catarina,|Sul|,Mata Atlântica,Sub-bacia Uruguai Alto,,,,Não,Desconhecida,"2 - Agropecuária e Aquacultura
2.1 - Culturas anuais e perenes não-madeireiras
2.1.4 - Agricultura de escala desconhecida
2 - Agropecuária e Aquacultura
2.2 - Silvicultura
2.2.3 - Plantações em escala desconhecida
2 - Agropecuária e Aquacultura
2.3 - Pecuária
2.3.4 - Pecuária em escala desconhecida",,,,"Lista Nacional Oficial de Espécies da Fauna Ameaçadas de Extinção 2014, Lista Nacional Oficial de Espécies da Fauna Ameaçadas de Extinção 2022",,,rhopalothrix plaumanni,EN,1.0,CR,EN
Animalia,Arthropoda,Arachnida,Schizomida,Hubbardiidae,Rowlandius,Rowlandius ubajara,,Rowlandius ubajara,"Santos, Ferreira & Buzatto, 2013",Escorpião-chicote-de-cauda-curta,Invertebrados Terrestres,09/2021,Criticamente em Perigo,Não,B1ab(iii)+2ab(iii),"Rowlandius ubajara é endêmica do Brasil, conhecida apenas do Parque Nacional de Ubajara, Ceará. Em 15 cavernas amostradas dentro do Parque, a espécie foi localizada em apenas uma caverna, e ocorre também fora dela. Áreas florestais amostradas fora do Parque não localizaram a espécie, e seu entorno é formado por Caatinga degradada e habitações humanas, onde a espécie também não foi encontrada. Estudos em outras cavernas do Ceará e Piauí também não localizaram a espécie. O Parque possui área de 62km2 e é formado apenas por vegetação secundária. A AOO foi calculada em 4km2. A exploração turística no Parque é intensa, e pode representar uma ameaça. Além disso, a população do entorno utiliza as trilhas do parque diariamente para deslocamento. Considerando a EOO a área do Parque e apenas uma localização, R. ubajara foi categorizada como Criticamente em Perigo (CR) pelo critério B1ab(iii)+2ab(iii).",Sim,Sim,Ceará,|Nordeste|,Caatinga,Sub-bacia Litoral CE PI,PARNA de Ubajara,,,Não,Desconhecida,"1 - Desenvolvimento residencial e comercial
1.3 - Áreas de turismo e recreação
6 - Distúrbios humanos
6.1 - Atividades recreacionais/turísticas",,Plano de Ação Nacional (PAN),Plano de Ação Nacional para a Conservação das Cavernas do Brasil,"Lista Nacional Oficial de Espécies da Fauna Ameaçadas de Extinção 2014, Lista Nacional Oficial de Espécies da Fauna Ameaçadas de Extinção 2022",,,rowlandius ubajara,CR,1.0,CR,CR
Animalia,Chordata,Actinopterygii,Perciformes,Scaridae,Scarus,Scarus trispinosus,,Scarus trispinosus,"(Valenciennes, 1840)","Asa-branca (Bahia), Bico-verde, Budião-azul, Peixe-papagaio-azul",Peixes Marinhos (ósseos),07/2023,Criticamente em Perigo,Não,A4abcd,"Scarus trispinosus (budião-azul) é uma espécie de peixe recifal endêmica do Brasil, com registros do Maranhão a Santa Catarina, encontrada em ambientes recifais rasos até 45 m de profundidade. O crescimento lento, hermafroditismo e a longevidade são os principais impulsionadores da vulnerabilidade da espécie à sobre-exploração. Devido ao seu grande porte, a espécie foi historicamente a que apresentava a maior biomassa entre os budiões na costa brasileira e, portanto, sofre intensa pressão pesqueira, sendo explorada pela pesca subaquática com arpão e pela pesca artesanal. A espécie é considerada atualmente rara do Espírito Santo até Santa Catarina, e teve sua pesca proibida em todo território nacional desde 2019. Além disso, nas RESEXs Marinha do Corumbau e de Cassurubá, no extremo sul da Bahia, na região do Banco de Abrolhos, onde é provável que ainda existam populações, a pesca é permitida através da implementação dos Planos de Gestão Local, apesar da existência dos PGLs, não há nenhum indício de recuperação populacional e há forte evidência que a espécie continue sendo explorada acima dos níveis biológicos sustentáveis. Estimativas indicam um declínio considerável na população do budião-azul em diferentes áreas. Na APA Costa dos Corais (PE/AL) foi estimado um declínio de 64% entre 1980 e 2010. No Banco de Abrolhos, região de maior abundância da espécie, houve um declínio de 70% entre 2001 e 2009 estimados por meio de censos visuais, e redução de 80% na abundância de juvenis entre 2003 e 2008, os quais se mantiveram e, provavelmente, se intensificaram na última década. Atualmente, quase a totalidade dos indivíduos observados ou capturados são juvenis, indicando sobrepesca de crescimento. Foi observada uma provável extinção em local em Arraial do Cabo (RJ) e no Espírito Santo é raríssima. Adicionalmente, S. trispinosus atua como escavadora importante nos ecossistemas recifais brasileiros e a perda e degradação desse habitat também são ameaças consideráveis. Considerando todos esses aspectos, suspeita-se um declínio do tamanho populacional acima de 80%, nos últimos 30 anos, de 1980 a 2019, e com projeção de declínio acentuado da espécie nos próximos 32 anos, abrangendo assim três tempos geracionais (62 anos). Portanto, S. trispinosus foi categorizada como Criticamente em Perigo (CR), pelo critério A4abcd.",Sim,Sim,"Alagoas, Bahia, Ceará, Espírito Santo, Maranhão, Paraíba, Pernambuco, Piauí, Rio Grande do Norte, Santa Catarina, São Paulo, Sergipe",|Nordeste|Sudeste|Sul|,Sistema Costeiro-Marinho,,"APA Costa dos Corais, ESEC Tamoios, PARNA Marinho de Fernando de Noronha, PARNA Marinho dos Abrolhos, REBIO Atol das Rocas, REBIO Marinha do Arvoredo, RESEX Arraial do Cabo, RESEX do Corumbau, REVIS Arquipélago de Alcatrazes","APA MARINHA DO LITORAL CENTRO, ÁREA DE PROTEçãO AMBIENTAL DAS REENTRâNCIAS MARANHENSES, ÁREA DE PROTEÇÃO AMBIENTAL DE TAMOIOS, ÁREA DE PROTEÇÃO AMBIENTAL PLATAFORMA CONTINENTAL DO LITORAL NORTE, ÁREA DE PROTEÇÃO AMBIENTAL PONTA DA BALEIA / ABROLHOS, PARQUE ESTADUAL DA ILHA GRANDE, PARQUE ESTADUAL MARINHO DA LAJE DE SANTOS, PARQUE ESTADUAL MARINHO DO PARCEL DE MANUEL LUíS",RPPN Fazenda Barra do Sana,Desconhecido,Declinando,"5 - Uso de recursos biológicos
5.4 - Pesca e uso de recursos aquáticos",1 - Alimentação humana,Plano de Ação Nacional (PAN),Plano de Ação Nacional para Conservação dos Ambientes Coralíneos do Brasil,"Lista Nacional Oficial de Espécies da Fauna Ameaçadas de Extinção 2014, Lista Nacional Oficial de Espécies da Fauna Ameaçadas de Extinção 2022",,,scarus trispinosus,EN,1.0,CR,EN
Animalia,Arthropoda,Insecta,Hymenoptera,Apidae,Schwarziana,Schwarziana bocainensis,,,"Melo, 2015",Não Informado,Invertebrados Terrestres,07/2021,Criticamente em Perigo,Sim,D,"Schwarziana bocainensis é endêmica do Brasil, conhecida somente de sua localidade-tipo, no município de São José do Barreiro (São Paulo), a partir de seis registros realizados na década de 1960. Levantamentos intensos realizados nas últimas décadas na localidade-tipo e também em áreas adjacentes, registraram outras espécies do gênero Schwarziana, mas não registraram a espécie desde então. Por tratar-se de espécie eussocial, seu encontro seria facilitado. A região de ocorrência da espécie sofre forte processo de conversão para monocultura de café e pastagens. Assim, suspeita-se que existam menos de 50 indivíduos maduros. Por esses motivos, Schwarziana bocainensis foi categorizada como Criticamente em Perigo (CR) pelo critério D, estando Possivelmente Extinta (PEX).",Sim,Não,São Paulo,|Sudeste|,Mata Atlântica,Sub-bacia Litoral RJ,,,,Não,Desconhecida,"2 - Agropecuária e Aquacultura
2.1 - Culturas anuais e perenes não-madeireiras
2.1.4 - Agricultura de escala desconhecida",,Plano de Ação Nacional (PAN),Plano de Ação Nacional para a Conservação de Insetos Polinizadores,,,,schwarziana bocainensis,,,CR,NE
Animalia,Chordata,Amphibia,Anura,Hylidae,Scinax,Scinax muriciensis,,Scinax muriciensis,"Cruz, Nunes & Lima, 2011",Não Informado,Anfíbios,11/2018,Criticamente em Perigo,Não,B1ab(iii),"Scinax muricensis é endêmica do Brasil, do bioma Mata Atlântica, registrada apenas na localidade-tipo, a Estação Ecológica (ESEC) de Murici, no município de Murici, estado de Alagoas. Sua extensão de ocorrência é menor que 100 km2, tendo em vista que a espécie só ocorre em riachos dentro da ESEC. Embora esteja presente em uma unidade de conservação de proteção integral, o fragmento é afetado pela intensa atividade agropecuária do entorno. Além disso, há extração de madeira e invasões no interior da unidade de conservação, atividades que provocam declínio da qualidade do hábitat da espécie. Considerando apenas uma localização, Scinax muricensis foi avaliada como Criticamente em Perigo (CR) pelo critério B1ab(iii).",Sim,Sim,Alagoas,|Nordeste|,Mata Atlântica,Sub-bacia Litoral AL PE PB,ESEC de Murici,ÁREA DE PROTEÇÃO AMBIENTAL DE MURICÍ,,Não,Desconhecida,"1 - Desenvolvimento residencial e comercial
1.4 - Assentamentos e pequenas propriedades rurais
2 - Agropecuária e Aquacultura
2.1 - Culturas anuais e perenes não-madeireiras
2.1.4 - Agricultura de escala desconhecida
2 - Agropecuária e Aquacultura
2.3 - Pecuária
2.3.4 - Pecuária em escala desconhecida
5 - Uso de recursos biológicos
5.3 - Extração florestal
5.3.5 - Motivação desconhecida",,"Implementação de áreas protegidas, Meios de subsistência, economia e outros incentivos, Normas e códigos de referência do setor privado, Plano de Ação Nacional (PAN), Políticas e regulamentações, Proteção de recursos/habitat","Plano de Ação Nacional para a Conservação da Herpetofauna Ameaçada da Mata Atlântica Nordestina, Plano de Ação Nacional para a Conservação da Herpetofauna do Nordeste - 2º ciclo",Lista Nacional Oficial de Espécies da Fauna Ameaçadas de Extinção 2022,,,scinax muriciensis,CR,0.0,CR,CR
Animalia,Chordata,Amphibia,Anura,Hylidae,Scinax,Scinax peixotoi,,Scinax peixotoi,"Brasileiro, Haddad, Sawaya & Martins, 2007","Perereca, Pererequinha-da-Queimada-Grande-de-Peixoto",Anfíbios,11/2018,Criticamente em Perigo,Sim,"B1ab(iii,v)+2ab(iii,v)","Scinax peixotoi é uma espécie endêmica do Brasil, do bioma Mata Atlântica, conhecida apenas da Ilha da Queimada Grande, no litoral sul do estado de São Paulo. A ilha faz parte da Área de Relevante Interesse Ecológico Ilhas da Queimada Pequena e Queimada Grande e possui área de 0,43 km2, equivalente à extensão de ocorrência da espécie. Sua área de ocupação certamente é ainda menor, já que a espécie possui hábitat específico, encontrada apenas em bromélias. O último registro da espécie foi em 2004, embora a ilha tenha sido amostrada posteriormente por diferentes pesquisadores e a espécie seja de fácil detecção. A principal ameaça é a presença na ilha de gramíneas exóticas invasoras, que dificultam a regeneração da floresta nativa, ambiente onde a espécie é encontrada. Toda a ilha foi considerada uma localização. Por essas razões, Scinax peixotoi foi avaliada como Criticamente em Perigo (CR) pelos critérios B1ab(iii,v)+2ab(iii,v), estando possivelmente extinta (PEX).",Sim,Sim,São Paulo,|Sudeste|,Desconhecido,,ARIE Ilha Queimada Grande e Queimada Pequena,APA MARINHA DO LITORAL CENTRO,,Não,Declinando,"11 - Mudanças e extremos climáticos
11.1 - Mudança/alteração de habitat
12 - Outras ameaças
7 - Modificações nos sistemas naturais
7.1 - Incêndios e supressão de incêndios
7.1.3 - Tendência desconhecida",,Plano de Ação Nacional (PAN),"Plano de Ação Nacional para a Conservação da Herpetofauna Insular, Plano de Ação Nacional para conservação da Herpetofauna Ameaçada da Mata Atlântica da Região Sudeste do Brasil","Lista Nacional Oficial de Espécies da Fauna Ameaçadas de Extinção 2014, Lista Nacional Oficial de Espécies da Fauna Ameaçadas de Extinção 2022",,,scinax peixotoi,CR (PEX),1.0,CR,CR
Animalia,Chordata,Aves,Passeriformes,Scleruridae,Sclerurus,Sclerurus caudacutus,Sclerurus caudacutus caligineus,Sclerurus caudacutus caligineus,"Pinto, 1954",vira-folha-pardo,Aves,04/2021,Criticamente em Perigo,Não,"B1ab(i,ii,iii,iv,v)+2ab(ii,iii)","Sclerurus caudacutus caligineus é endêmica do Brasil, registrada somente em Alagoas. Os registros documentados são poucos e restritos a apenas três localidades: Jequié da Praia, São Miguel dos Campos e Murici. Não há registros em outros locais, apesar da área ser bastante inventariada. Extinta em duas das três localidades conhecidas, há declínio continuado no número de subpulações e no número de indivíduos maduros. Considerada rara e com 100% da população isolada na ESEC de Murici, está fadada à endogamia. A extensão de ocorrência (EOO), calculada através do Mínimo Polígono Convexo (MPC), resultou em 14 km&sup2;. Entretanto, considerando que a espécie ocorre exclusivamente na ESEC de Murici, sua EOO foi estimada baseando-se na área da ESEC, que é de 60 km&sup2;. Já a área de ocupação (AOO) foi aplicada aos registros atuais conhecidos da subespécie, o que resultou em 8 km&sup2;. Tanto a EOO quanto a AOO têm sofrido declínio continuado, tendo em vista as extinções locais e a progressiva substituição florestal por plantações de cana-de-açúcar, bem como a ocorrência de incêndios, as quais também têm gerado declínio continuado na qualidade desse habitat. Apesar de relativamente protegida em unidade de conservação, os incêndios foram identificados como a principal ameaça ao táxon. Tendo em vista as proporções que o fogo pode atingir e a distribuição restrita à ESEC de Murici, foi possível caracterizar 1 localização que poderá afetar toda a população do táxon. Dessa forma, S. c. caligineus foi categorizada como Criticamente em Perigo (CR) pelo critério B1ab(i,ii,iii,iv,v)+2ab(ii,iii).",Sim,Sim,Alagoas,|Nordeste|,Mata Atlântica,Sub-bacia Litoral AL PE PB,ESEC de Murici,ÁREA DE PROTEÇÃO AMBIENTAL DE MURICÍ,,Não,Declinando,"2 - Agropecuária e Aquacultura
2.2 - Silvicultura
2.2.2 - Plantações agro-industriais
7 - Modificações nos sistemas naturais
7.1 - Incêndios e supressão de incêndios
7.1.1 - Aumento da frequência/intensidade de incêndios",,Plano de Ação Nacional (PAN),Plano de Ação Nacional para a Conservação das Aves Ameaçadas do Bioma Mata Atlântica,"Lista Nacional Oficial de Espécies da Fauna Ameaçadas de Extinção 2014, Lista Nacional Oficial de Espécies da Fauna Ameaçadas de Extinção 2022",,,sclerurus caudacutus,,,CR,NE
Animalia,Arthropoda,Malacostraca,Amphipoda,Sebidae,Seborgia,Seborgia potiguar,,,"Fiser, Zagmajster & Ferreira, 2013",Não Informado,Invertebrados de Água Doce,05/2018,Criticamente em Perigo,Não,B2ab(iii),"Seborgia potiguar é endêmica do Brasil e conhecida apenas para a localidade tipo, a caverna da Água (abismo da Água), no Município de Governador Dix-Sept Rosado/Rio Grande do Norte. Amostragens em outras cavidades da região não localizaram a espécie. Devido ao difícil acesso a caverna raramente é visitada e impactos humanos diretos no sistema são baixos. No entanto, não está em área protegida e seu entorno encontra-se alterado em função de extração artesanal de calcário e desmatamentos principalmente para fornecimento de lenha para caieiras (a região é um polo cerâmico do RN). Além disso, a caverna está inserida em polígono minerário de concessão de lavra calcária. Considerando a área de ocupação menor de 10km² e uma localização, a espécie foi categorizada como Criticamente em Perigo (CR) pelo critério B2ab(iii).",Sim,Sim,Rio Grande do Norte,|Nordeste|,Caatinga,Sub-bacia Piranhas,,,,Não,Desconhecida,"11 - Mudanças e extremos climáticos
11.1 - Mudança/alteração de habitat
3 - Produção energética e mineração
3.2 - Mineração
3.2.3 - Extração de minérios - subsolo
5 - Uso de recursos biológicos
5.3 - Extração florestal
5.3.1 - Uso intencional - subsistência/pequena escala
7 - Modificações nos sistemas naturais
7.3 - Outras modificações nos ecossistemas",,"Plano de Ação Nacional (PAN), Proteção de locais/áreas",Plano de Ação Nacional para a Conservação das Cavernas do Brasil,Lista Nacional Oficial de Espécies da Fauna Ameaçadas de Extinção 2022,,,seborgia potiguar,CR,0.0,CR,CR
Animalia,Chordata,Actinopterygii,Cyprinodontiformes,Rivulidae,Simpsonichthys,Simpsonichthys boitonei,,Simpsonichthys boitonei,"Carvalho, 1959","Peixe anual, Peixe das nuvens",Peixes Continentais,06/2020,Criticamente em Perigo,Não,"B1ab(iii,iv)","Simpsonichthys boitonei é endêmica do Brasil e habita poças temporárias em matas de galeria e campos úmidos da drenagem do rio São Bartolomeu, bacia do alto rio Paraná, no Distrito Federal. Até a década de 1960, subpopulações da espécie podiam ser encontradas em diversas veredas dos afluentes do Lago Paranoá. A conversão de brejos e veredas em áreas agrícolas e urbanas para a construção de Brasília, o poluição e o aterramento dos habitats, aliados à captura não regulada por aquaristas, levaram a espécie à extinção na localidade-tipo e em quase todas as outras áreas pretéritas de sua distribuição. A partir da década de 1980, S. boitonei passou a ser registrada em duas novas localidades, principalmente numa vereda do córrego Taquara, bacia do ribeirão Gama, afluente sul do Lago Paranoá, localizado dentro da Estação Ecológica do Jardim Botânico, onde a subpopulação é considerada abundante. Ainda assim, sua extensão de ocorrência (EOO) é restrita, calculada em 61 km² pelo mínimo polígono convexo. Embora as atuais localidades de ocorrência da espécie estejam razoavelmente bem protegidas, a região do entorno é intensamente ocupada, caracterizando declínio continuado da qualidade de habitat e perda sabida de subpopulações, o que torna S. boitonei dependente da manutenção da unidade de conservação para continuar existindo. Considerando a urbanização como principal ameaça, foram identificadas três localizações. Portanto, Simpsonichthys boitonei foi categorizada como Criticamente em Perigo (CR) pelo critério B1ab(iii,iv).",Sim,Sim,Distrito Federal,|Centro-Oeste|,Cerrado,Sub-bacia Paranaíba,APA Planalto Central,"APA DA BACIA DOS RIBEIRÕES DO GAMA E CABEÇA DE VEADO, RESERVA BIOLÓGICA DO GUARÁ",,Não,Desconhecida,"1 - Desenvolvimento residencial e comercial
1.1 - Expansão urbana
2 - Agropecuária e Aquacultura
2.1 - Culturas anuais e perenes não-madeireiras
2.1.4 - Agricultura de escala desconhecida
9 - Poluição
9.3 - Agropecuária e florestal
9.3.2 - Erosão do solo/sedimentação",3 - Animais de estimação/ornamentais,Plano de Ação Nacional (PAN),"Plano de Ação Nacional para a Conservação dos Peixes Rivulídeos Ameaçados de Extinção, Plano de Ação Nacional para a Conservação dos Peixes Rivulídeos Ameaçados de Extinção - 2º ciclo","Lista Nacional Oficial de Espécies da Fauna Ameaçadas de Extinção 2014, Lista Nacional Oficial de Espécies da Fauna Ameaçadas de Extinção 2022",,,simpsonichthys boitonei,CR,1.0,CR,CR
Animalia,Chordata,Actinopterygii,Cyprinodontiformes,Rivulidae,Simpsonichthys,Simpsonichthys punctulatus,,Simpsonichthys punctulatus,"Costa & Brasil, 2007","Peixe anual, Peixe das nuvens",Peixes Continentais,05/2019,Criticamente em Perigo,Não,B2ab(iii),"Simpsonichthys punctulatus é endêmica do Brasil e conhecida apenas da localidade-tipo, um brejo temporário adjacente a um córrego afluente do rio Bezerra, drenagem do rio Preto (bacia do rio São Francisco) próximo à rodovia BR-020, município de Formosa, estado de Goiás. Sua Área de Ocupação (AOO) foi calculada em 8 km². A localidade de ocorrência da espécie é cortada por uma estrada e o entorno da área está intensamente ocupado por atividades agropecuárias, o que resulta no declínio da qualidade do hábitat e caracteriza uma única localização. Considerando as informações disponíveis, Simpsonichthys punctulatus foi categorizada como Criticamente em Perigo (CR) pelo critério B2ab(iii).",Sim,Sim,Goiás,|Centro-Oeste|,Cerrado,Sub-bacia São Francisco Médio,,,,Não,Desconhecida,"2 - Agropecuária e Aquacultura
2.1 - Culturas anuais e perenes não-madeireiras
2.1.4 - Agricultura de escala desconhecida
2 - Agropecuária e Aquacultura
2.3 - Pecuária
2.3.4 - Pecuária em escala desconhecida
4 - Transportes e serviços de transmissão
4.1 - Estradas e ferrovias",3 - Animais de estimação/ornamentais,Plano de Ação Nacional (PAN),Plano de Ação Nacional para a Conservação dos Peixes Rivulídeos Ameaçados de Extinção - 2º ciclo,"Lista Nacional Oficial de Espécies da Fauna Ameaçadas de Extinção 2014, Lista Nacional Oficial de Espécies da Fauna Ameaçadas de Extinção 2022",,,simpsonichthys punctulatus,CR,1.0,CR,CR
Animalia,Chordata,Actinopterygii,Cyprinodontiformes,Rivulidae,Simpsonichthys,Simpsonichthys zonatus,,Simpsonichthys zonatus,"(Costa & Brasil, 1990)","Peixe anual, Peixe das nuvens",Peixes Continentais,05/2019,Criticamente em Perigo,Sim,D,"Simpsonichthys zonatus é endêmica do Brasil e conhecida da drenagem do curso superior do rio Urucuia, bacia do rio São Francisco, no estado de Minas Gerais. É uma espécie rara, que ocorre em região acidentada, com poucas áreas adequadas à manutenção de peixes anuais. A espécie foi registrada em duas áreas relativamente distantes entre si, além da localidade-tipo, e que não existem mais, todas destruídas por plantações de soja. Suspeita-se que esteja extinta, visto que outras expedições para amostragem de Rivulidae na região não tiveram sucesso em registrar a espécie. Por isso, S. zonatus foi categorizada como Criticamente em Perigo (CR) pelo critério D, estando possivelmente extinta.",Sim,Sim,Minas Gerais,|Sudeste|,Cerrado,Sub-bacia São Francisco Médio,,,,Não,Declinando,"2 - Agropecuária e Aquacultura
2.1 - Culturas anuais e perenes não-madeireiras
2.1.4 - Agricultura de escala desconhecida",3 - Animais de estimação/ornamentais,Plano de Ação Nacional (PAN),"Plano de Ação Nacional para a Conservação das Espécies Ameaçadas de Extinção da Fauna Aquática da Bacia do Rio São Francisco, Plano de Ação Nacional para a Conservação dos Peixes Rivulídeos Ameaçados de Extinção, Plano de Ação Nacional para a Conservação dos Peixes Rivulídeos Ameaçados de Extinção - 2º ciclo","Lista Nacional Oficial de Espécies da Fauna Ameaçadas de Extinção 2014, Lista Nacional Oficial de Espécies da Fauna Ameaçadas de Extinção 2022",,,simpsonichthys zonatus,CR (PEX),1.0,CR,CR
Animalia,Platyhelminthes,Rhabditophora,Tricladida,Uteriporidae,Sluysia,Sluysia triapertura,,,"Leal-Zanchet & Souza, 2018",Não Informado,Invertebrados de Água Doce,05/2018,Criticamente em Perigo,Não,B2ab(iii),"Sluysia triapertura é endêmica do Brasil e conhecida somente da localidade-tipo, a gruta dos Três Lagos, no município de Felipe Guerra/Rio Grande do Norte. Outras grutas da região foram amostradas, mas a espécie não foi encontrada em outra localidade. A gruta não encontra-se em área protegida. Nos últimos dois anos, um número considerável de novos poços artesianos foi instalado na área do município, especialmente na zona de recarga do aquífero da gruta dos Três Lagos. Esses poços extraem água do lençol freático para a irrigação das lavouras. Foi observado que a gruta de Três Lagos estava praticamente seca. O abaixamento do nível de água nesta caverna pode ser devido, pelo menos em parte, às atividades de extração de água. Considerando uma área ocupação menor do que 1km2 e uma localização, a espécie foi categorizada como Criticamente em Perigo (CR) pelo critério B2ab(iii).",Sim,Sim,Rio Grande do Norte,|Nordeste|,Caatinga,Sub-bacia Piranhas,,,,Não,Desconhecida,"11 - Mudanças e extremos climáticos
11.1 - Mudança/alteração de habitat
11 - Mudanças e extremos climáticos
11.2 - Secas
2 - Agropecuária e Aquacultura
2.1 - Culturas anuais e perenes não-madeireiras
2.1.4 - Agricultura de escala desconhecida
6 - Distúrbios humanos
6.1 - Atividades recreacionais/turísticas
7 - Modificações nos sistemas naturais
7.2 - Represas e uso de água
7.2.7 - Captação de água subterrânea - uso na agricultura",,Plano de Ação Nacional (PAN),Plano de Ação Nacional para a Conservação das Cavernas do Brasil,Lista Nacional Oficial de Espécies da Fauna Ameaçadas de Extinção 2022,,,sluysia triapertura,CR,0.0,CR,CR
Animalia,Arthropoda,Arachnida,Pseudoscorpiones,Bochicidae,Spelaeobochica,Spelaeobochica muchmorei,,Spelaeobochica muchmorei,"Andrade & Mahnert, 2003",Não Informado,Invertebrados Terrestres,05/2018,Criticamente em Perigo,Não,B2ab(iii),"Spelaeobochica muchmorei é conhecida apenas das cavernas do Sistema Areias: Gruta Ressurgência das Areias de Águas Quentes, Gruta Areias de Cima e Gruta Areias de Baixo, no Município de Iporanga/São Paulo. As cavernas fazem parte de um mesmo sistema subterrâneo e a extensão de ocorrência foi estimada em menos de 10 km². Parte do sistema está inserida no Parque Estadual Turístico do Alto Ribeira (PETAR). As cavernas da região são bem amostradas, mas a espécie não foi registrada em outras cavidades. A área de ocupação da espécie é restrita (menor do que 10 km²). Embora parte do sistema esteja em uma área protegida em bom estado de conservação, as áreas de recarga estão fora da unidade de conservação e sofrem com aporte de poluentes, principalmente esgoto doméstico, descarte de água cinza e metais pesados decorrentes de mineração, provocando declínio da qualidade da água. Esses impactos no ambiente aquático provavelmente interferem no ambiente terrestre em função da dinâmica hídrica do sistema (inundações cíclicas). Considerando uma localização, a espécie foi categorizada como Criticamente em Perigo de acordo com o critério B2ab(iii).",Sim,Sim,São Paulo,|Sudeste|,Mata Atlântica,Sub-bacia Litoral RJ SP,,PARQUE ESTADUAL TURÍSTICO DO ALTO DO RIBEIRA,,Não,Desconhecida,"1 - Desenvolvimento residencial e comercial
1.1 - Expansão urbana
5 - Uso de recursos biológicos
5.3 - Extração florestal
5.3.5 - Motivação desconhecida
9 - Poluição
9.1 - Doméstica e urbana - escoamento de água
9.1.1 - Esgoto
9 - Poluição
9.1.2 - Escoamento urbano
9 - Poluição
9.2 - Industrial
9.2.2 - Infiltraçao oriunda de mineração",,Plano de Ação Nacional (PAN),Plano de Ação Nacional para a Conservação das Cavernas do Brasil,"Lista Nacional Oficial de Espécies da Fauna Ameaçadas de Extinção 2014, Lista Nacional Oficial de Espécies da Fauna Ameaçadas de Extinção 2022",,,spelaeobochica muchmorei,CR,1.0,CR,CR
Animalia,Arthropoda,Malacostraca,Amphipoda,Artesiidae,Spelaeogammarus,Spelaeogammarus ginae,,,"Bueno & Penoni, 2022",Não Informado,Invertebrados Terrestres,05/2024,Criticamente em Perigo,Não,B1ab(iii)+2ab(iii),"Spelaeogammarus ginae é endêmica do Brasil, conhecida apenas da caverna Serra Verde, no município de Coribe, região da Serra do Ramalho, estado da Bahia. A Extensão de Ocorrência (EOO) foi calculada em 1 km² a partir do polígono que inclui o maciço onde a caverna se encontra, e foi igualada à Área de Ocupação (AOO), calculada em 8 km². O entorno imediato da caverna está profundamente alterado devido ao desmatamento, que resulta em diversas alterações nos ambientes subterrâneos, caracterizando declínio continuado da qualidade do habitat. Além disso, esses impactos também podem resultar em assoreamento, podendo impactar toda a população conhecida da espécie em um único evento, caracterizando uma localização. Tendo em vista a distribuição geográfica restrita e os impactos identificados, S. ginae foi categorizada como Criticamente em Perigo (CR) segundo os critérios B1ab(iii)+2ab(iii).",Sim,Não,Bahia,|Nordeste|,Cerrado,Sub-bacia São Francisco Médio,,,,Não,Desconhecida,"11 - Mudanças e extremos climáticos
11.2 - Secas
2 - Agropecuária e Aquacultura
2.1 - Culturas anuais e perenes não-madeireiras
2.1.4 - Agricultura de escala desconhecida
2 - Agropecuária e Aquacultura
2.3 - Pecuária
2.3.4 - Pecuária em escala desconhecida",,,,,,,spelaeogammarus ginae,,,CR,NE
Animalia,Arthropoda,Malacostraca,Amphipoda,Artesiidae,Spelaeogammarus,Spelaeogammarus sanctus,,,"Bastos-Pereira & Ferreira, 2015",Não Informado,Invertebrados de Água Doce,05/2018,Criticamente em Perigo,Não,B2ab(iii),"Spelaeogammarus sanctus é endêmica do Brasil e conhecida somente da localidade-tipo, a gruta dos Milagres, no município de Bom Jesus da Lapa, Bahia. A gruta localiza-se em um maciço cárstico inserido no meio do centro urbano do município de Bom Jesus da Lapa. A gruta dos Milagres tem sido visitada periodicamente nos últimos séculos e os peregrinos sempre retiram a água do lençol freático onde vivem os espécimes de S. sanctus. Várias garrafas e outros materiais (como baterias, fios e plástico) são frequentemente deixados para trás e depois depositados no fundo do lago. Tais materiais, especialmente baterias e componentes de ferro, podem liberar compostos químicos tóxicos no lençol freático, ameaçando seriamente a população de anfípodes. Não há um plano de manejo para controlar o uso desta caverna. Considerando uma área de ocupação de menos de 10km² e uma localização, a espécie foi categorizada como Criticamente em Perigo (CR) pelo critério B2ab(iii).",Sim,Sim,Bahia,|Nordeste|,Cerrado,Sub-bacia São Francisco Médio,,,,Não,Desconhecida,"11 - Mudanças e extremos climáticos
11.1 - Mudança/alteração de habitat
1 - Desenvolvimento residencial e comercial
1.1 - Expansão urbana
1 - Desenvolvimento residencial e comercial
1.3 - Áreas de turismo e recreação
6 - Distúrbios humanos
6.1 - Atividades recreacionais/turísticas
7 - Modificações nos sistemas naturais
7.2 - Represas e uso de água
7.2.5 - Captação de água subterrânea - uso doméstico
7 - Modificações nos sistemas naturais
7.3 - Outras modificações nos ecossistemas
9 - Poluição
9.4 - Lixo e resíduos sólidos
9.4.1 - Urbanos",,Plano de Ação Nacional (PAN),Plano de Ação Nacional para a Conservação das Cavernas do Brasil,Lista Nacional Oficial de Espécies da Fauna Ameaçadas de Extinção 2022,,,spelaeogammarus sanctus,CR,0.0,CR,CR
Animalia,Arthropoda,Malacostraca,Amphipoda,Artesiidae,Spelaeogammarus,Spelaeogammarus santanensis,,,"Koenemann & Holsinger, 2000",Não Informado,Invertebrados de Água Doce,05/2018,Criticamente em Perigo,Não,B2ab(iii),"Spelaeogrammarus santanensis é endêmica do Brasil, registrada somente na localidade-tipo, a Gruta do Padre, município de Santana, Bahia. A sua área de ocupação é certamente menor do que 10km2. A caverna não está localizada em área protegida e seu entorno encontra-se profundamente alterado em função de atividades agrícolas e pecuárias. Como a área de captação da caverna é muito grande, ela é mais suscetível a alterações do ambiente externo e, por ser uma espécie aquática, S. santanensis está mais suscetível às ameaças. Além dessas ameaças atuais, existem nas proximidades polígonos minerários com requerimento de lavra para extração de ouro no rio Corrente. Considerando o declínio da qualidade do habitat e apenas uma localização, a espécie foi categorizada como Criticamente em Perigo (CR) pelo critério B2ab(iii).",Sim,Sim,Bahia,|Nordeste|,Cerrado,Sub-bacia São Francisco Médio,,,,Não,Desconhecida,"2 - Agropecuária e Aquacultura
2.1 - Culturas anuais e perenes não-madeireiras
2.1.4 - Agricultura de escala desconhecida
2 - Agropecuária e Aquacultura
2.3 - Pecuária
2.3.4 - Pecuária em escala desconhecida
3 - Produção energética e mineração
3.2 - Mineração
3.2.3 - Extração de minérios - subsolo",,Plano de Ação Nacional (PAN),Plano de Ação Nacional para a Conservação das Cavernas do Brasil,Lista Nacional Oficial de Espécies da Fauna Ameaçadas de Extinção 2022,,,spelaeogammarus santanensis,CR,0.0,CR,CR
Animalia,Arthropoda,Malacostraca,Amphipoda,Artesiidae,Spelaeogammarus,Spelaeogammarus titan,,,"Senna, Andrade, Castelo-Branco & Ferreira, 2014",Não Informado,Invertebrados de Água Doce,05/2018,Criticamente em Perigo,Não,B2ab(iii),"Spelaeogammarus titan é conhecida somente para a localidade-tipo, a caverna PEA-0445, no Município de Santa Maria da Vitória-Bahia. Ela não recebe visitantes e sua porção interna é bastante preservada. No entanto, não está em área protegida e seu entorno imediato encontra-se bastante desmatado, o que implica em alterações nos processos de entrada de recursos orgânicos e sua disponibilidade para a fauna cavernícola. Está em planejamento a construção de uma ferrovia, cujo traçado está muito próximo à caverna. Considerando uma área de ocupação menor do que 10km² e uma localização, a espécie foi categorizada como Criticamente em Perigo (CR) pelo critério B2ab(iii).",Sim,Sim,Bahia,|Nordeste|,Cerrado,Sub-bacia São Francisco Médio,,,,Não,Desconhecida,"11 - Mudanças e extremos climáticos
11.1 - Mudança/alteração de habitat
1 - Desenvolvimento residencial e comercial
1.1 - Expansão urbana
2 - Agropecuária e Aquacultura
2.1 - Culturas anuais e perenes não-madeireiras
2.1.4 - Agricultura de escala desconhecida
5 - Uso de recursos biológicos
5.3 - Extração florestal
5.3.5 - Motivação desconhecida
7 - Modificações nos sistemas naturais
7.3 - Outras modificações nos ecossistemas",,Plano de Ação Nacional (PAN),Plano de Ação Nacional para a Conservação das Cavernas do Brasil,Lista Nacional Oficial de Espécies da Fauna Ameaçadas de Extinção 2022,,,spelaeogammarus titan,CR,0.0,CR,CR
Animalia,Arthropoda,Insecta,Hemiptera,Hydrometridae,Spelaeometra,Spelaeometra hypogea,,,"Cordeiro et al., 2023",Não Informado,Invertebrados de Água Doce,05/2024,Criticamente em Perigo,Não,B1ab(iii),"Spelaeometra hypogea é endêmica do Brasil, sendo conhecida apenas da localidade tipo, a Gruna do Enfurnado, localizada no município de Coribe, estado da Bahia. Diversas outras cavernas foram coletadas na região e não foram registradas novas ocorrências da espécie, o que indica uma distribuição muito restrita. A Extensão de Ocorrência (EOO) foi calculada em 4 km² a partir de polígono que inclui a área da caverna, e foi igualada à Área de Ocupação (AOO), calculada em 16 km². A região é impactada por processo de desmatamento acelerado relacionado às atividades agropecuárias e produção de carvão vegetal. O entorno da caverna, em particular, está alterado em função da remoção da vegetação nativa, implicando em declínio continuado na qualidade do habitat. Essa situação também altera o aporte de nutrientes na caverna e vem causando assoreamento em diversos pontos, o que pode afetar toda a população da espécie em um curto prazo, caracterizando uma localização. Tendo em vista a distribuição restrita e a situação de impacto descrita acima, S. hypogea foi categorizada como Criticamente em Perigo (CR) pelo critério B1ab(iii).",Sim,Não,Bahia,|Nordeste|,Cerrado,Sub-bacia São Francisco Médio,,,,Não,Desconhecida,"2 - Agropecuária e Aquacultura
2.2 - Silvicultura
2.2.1 - Plantações em pequenas propriedades
2 - Agropecuária e Aquacultura
2.2.2 - Plantações agro-industriais
2 - Agropecuária e Aquacultura
2.3 - Pecuária
2.3.2 - Pecuária em pequenas propriedades
2 - Agropecuária e Aquacultura
2.3.3 - Pecuária agro-industrial
3 - Produção energética e mineração
3.2 - Mineração
3.2.3 - Extração de minérios - subsolo
5 - Uso de recursos biológicos
5.3 - Extração florestal",,,,,,,spelaeometra hypogea,,,CR,NE
Animalia,Chordata,Amphibia,Anura,Hylidae,Sphaenorhynchus,Sphaenorhynchus cammaeus,,,"Roberto, Araujo-Vieira, Carvalho-e-Silva & Ávila, 2017",Não Informado,Anfíbios,09/2018,Criticamente em Perigo,Não,B1ab(iii),"Sphaenorhynchus cammaeus é endêmica do Brasil, conhecida apenas de uma lagoa na Reserva Biológica (REBIO) de Pedra Talhada, no município de Quebrângulo, estado de Alagoas. Trata-se de espécie de hábitat específico, restrita à floresta ombrófila submontana, a cerca de 850 metros de altitude. Houve esforços de procura na região, mas a espécie não foi encontrada em outras localidades, e sua extensão de ocorrência foi estimada em 44 km2. Apesar de ser uma unidade de conservação de proteção integral, a REBIO localiza-se em região amplamente impactada e fragmentada, e os poucos remanescentes continuam sob pressão de atividades agropecuárias, especialmente plantações de cana-de-açúcar e pecuária extensivas. Além disso, tem ocorrido perda de vegetação nativa dentro da REBIO. Todas essas perturbações causam declínio contínuo da qualidade do hábitat da espécie. Considerando uma localização, Sphaenorhynchus cammaeus foi avaliada como Criticamente em Perigo (CR) pelo critério B1ab(iii).",Sim,Sim,Alagoas,|Nordeste|,Mata Atlântica,Sub-bacia Litoral AL PE PB,REBIO de Pedra Talhada,,,Não,Desconhecida,"2 - Agropecuária e Aquacultura
2.1 - Culturas anuais e perenes não-madeireiras
2.1.4 - Agricultura de escala desconhecida
2 - Agropecuária e Aquacultura
2.3 - Pecuária
2.3.3 - Pecuária agro-industrial
5 - Uso de recursos biológicos
5.3 - Extração florestal
5.3.5 - Motivação desconhecida
6 - Distúrbios humanos
6.1 - Atividades recreacionais/turísticas
9 - Poluição
9.3 - Agropecuária e florestal
9.3.3 - Herbicidas e pesticidas",,"Implementação de áreas protegidas, Plano de Ação Nacional (PAN)",Plano de Ação Nacional para a Conservação da Herpetofauna do Nordeste - 2º ciclo,Lista Nacional Oficial de Espécies da Fauna Ameaçadas de Extinção 2022,,,sphaenorhynchus cammaeus,CR,0.0,CR,CR
Animalia,Chordata,Amphibia,Anura,Hylidae,Sphaenorhynchus,Sphaenorhynchus canga,,,"Araujo-Vieira, Lacerda, Pezzuti, Leite, Assis & Cruz, 2015",Não Informado,Anfíbios,09/2017,Criticamente em Perigo,Não,B1ab(iii),"Sphaenorhynchus canga é endêmica do Brasil, conhecida do sudeste do Quadrilátero Ferrífero, parte mais ao sul da Serra do Espinhaço, no estado de Minas Gerais, em área de transição dos biomas Cerrado e Mata Atlântica. A espécie possui hábitat específico, estando restrita às lagoas em áreas de canga (afloramentos de rochas de minério de ferro). A região é bem amostrada, não havendo registros em outras localidades, o que sugere uma distribuição restrita, e sua extensão de ocorrência foi estimada em 17 km2. Não há registros da espécie em unidade de conservação. A principal ameaça à espécie é a atividade minerária, que tem provocado o declínio contínuo da área e da qualidade do hábitat devido à supressão dos afloramentos ferruginosos e da vegetação. Foi considerada apenas uma localização. Por essas razões, Sphaenorhynchus canga foi avaliada com Criticamente em Perigo (CR) pelo critério B1ab(iii).",Sim,Sim,Minas Gerais,|Sudeste|,Mata Atlântica,Sub-bacia Doce,,,,Não,Desconhecida,"3 - Produção energética e mineração
3.2 - Mineração
3.2.3 - Extração de minérios - subsolo",,"Plano de Ação Nacional (PAN), Proteção de locais/áreas",Plano de Ação Nacional para a Conservação da Herpetofauna do Espinhaço Mineiro - 2º ciclo,Lista Nacional Oficial de Espécies da Fauna Ameaçadas de Extinção 2022,,,sphaenorhynchus canga,CR,0.0,CR,CR
Animalia,Chordata,Elasmobranchii,Carcharhiniformes,Sphyrnidae,Sphyrna,Sphyrna gilberti,,,"Quattro, Driggers III, Grady, Ulrich & Roberts, 2013",tubarão-martelo-recortado,Tubarões e Raias,07/2021,Criticamente em Perigo,Não,A4bd,"Sphyrna gilberti é uma espécie costeira-oceânica restrita ao Atlântico ocidental. A espécie ocorre de forma críptica com Sphyrna lewini, portanto os dados populacionais conhecidos são oriundos de informações de tubarão-martelo, em sua área de ocorrência, categoria que engloba diversas espécies"". Suspeita-se que esteja sofrendo as mesmas pressões pesqueiras e parâmetros populacionais semelhantes, que estão levando sua congênere ao declínio. Sphyrna lewini e S. gilberti são parte do mesmo estoque sob exploração e, como agravante, os dados evidenciam a menor abundância e densidade populacional de S. gilberti em relação a Sphyrna lewini, No Sudeste e Sul do Brasil, numa amostragem de 203 exemplares de Sphyrna lewini, apenas 3 se mostraram tratar de S. gilberti. Por ocorrer de forma críptica com S. lewini, esta espécie está sob as mesmas ameaças, todas relacionadas à ação da pesca que incide sobre neonatos e, possivelmente, indivíduos adultos. A pesca costeira de emalhe é a principal ameaça aos jovens e neonatos que ocupam a área costeira e estuarina. Não são conhecidos os indivíduos adultos, mas possivelmente ocupam áreas mais afastadas da costa, seguindo o padrão de migração transversal da costa para a plataforma continental externa e regiões oceânicas, quando ficam expostos à ação de pescarias de emalhe de fundo e barcos espinheleiros. Considerando que grande parte da biomassa de S. lewini, ocorre nas regiões Sudeste e Sul do Brasil, o mesmo se supõe de Sphyrna gilberti, portanto, sofrendo os mesmos declínios em índices de abundância oriundos da pesca (Captura por unidade de esforço - CPUE) (> 80%) desde a década de 1960. Sendo assim, suspeita-se que houve redução do tamanho populacional acima de 80% nos três tempos geracionais atribuídos à espécie (76,5 anos), considerando uma janela no passado a partir de 1962, categorizando-a como Criticamente em Perigo (CR) pelos critérios A4bd.",Não,Não,"Santa Catarina, São Paulo",|Sudeste|Sul|,Sistema Costeiro-Marinho,,,,,Sim,Declinando,"5 - Uso de recursos biológicos
5.1 - Caça e captura de animais terrestres ou marinhos
5.1.1 - Caça/captura intencional (a espécie é o alvo)
5.1.1.4 - Esportiva
5 - Uso de recursos biológicos
5.4 - Pesca e uso de recursos aquáticos
5.4.2 - Captura intencional - larga escala
5.4.2.8 - Espinhel
5.4.2.8.1 - Espinhel de superfície
5 - Uso de recursos biológicos
5.4.3 - Captura intencional - comércio internacional
5 - Uso de recursos biológicos
5.4.5 - Captura indireta - subsistência/pequena escala
5.4.5.3 - Aparelho com anzol
5.4.5.3.5 - Linha de fundo e linha de mão
5 - Uso de recursos biológicos
5.4.5.6 - Arrasto
5.4.5.6.1 - Arrasto simples
5 - Uso de recursos biológicos
5.4.5.6.2 - Arrasto duplo
5 - Uso de recursos biológicos
5.4.5.6.3 - Arrasto de praia
5 - Uso de recursos biológicos
5.4.5.7 - Emalhe
5.4.5.7.1 - Emalhe de fundo
5 - Uso de recursos biológicos
5.4.5.7.2 - Emalhe de superfície
5 - Uso de recursos biológicos
5.4.5.7.5 - Caçoeiro
5 - Uso de recursos biológicos
5.4.5.7.6 - Feiticieira
5 - Uso de recursos biológicos
5.4.6 - Captura indireta - larga escala
5.4.6.6 - Arrasto
5.4.6.6.1 - Arrasto simples
5 - Uso de recursos biológicos
5.4.6.6.2 - Arrasto duplo
5 - Uso de recursos biológicos
5.4.6.6.3 - Arrasto de parelha
5 - Uso de recursos biológicos
5.4.6.7 - Emalhe
5.4.6.7.1 - Emalhe de fundo
5 - Uso de recursos biológicos
5.4.6.7.2 - Emalhe de superfície
5 - Uso de recursos biológicos
5.4.6.7.3 - Emalhe de meia-água
5 - Uso de recursos biológicos
5.4.6.8 - Espinhel
5.4.6.8.1 - Espinhel de superfície
7 - Modificações nos sistemas naturais
7.3 - Outras modificações nos ecossistemas","1 - Alimentação humana
1.6 - Pesca - comércio internacional
1 - Alimentação humana
1.7 - Pesca artesanal
1 - Alimentação humana
1.8 - Pesca industrial",,,CITES - Anexo II,,,sphyrna gilberti,,,CR,NE
Animalia,Chordata,Elasmobranchii,Carcharhiniformes,Sphyrnidae,Sphyrna,Sphyrna lewini,,Sphyrna lewini,"(Griffith & Smith, 1834)",Não Informado,Tubarões e Raias,11/2017,Criticamente em Perigo,Não,A4bd,"Sphyrna lewini possui distribuição circunglobal, em regiões temperadas e tropicais, entre 40°N e 40°S. No sul e sudeste do Brasil, onde ocorre a maior abundância de S. lewini no país, foram registradas diminuições na CPUE (captura por unidade de esforço) das pescarias de emalhe-de-fundo e de espinhel-de-superfície, da ordem de mais de 90%. Além disto, a pesca com rede de emalhe de deriva oceânico de superfície (malhão), modalidade proibida a partir de 2012, ainda continua sendo praticada de forma ilegal e representa relevante impacto sobre a espécie. O principal fator de ameaça é a intensa e continua atividade pesqueira exercida nas três áreas criticas da população: o berçário costeiro onde ocorrem os neonatos, a plataforma continental onde ocorrem os jovens, e no talude superior onde fêmeas grávidas no termo se concentram antes de migrarem para realizar o parto, ou seja, o hábito gregário da espécie a torna vulnerável à captura. Considerando que grande parte da biomassa de S. lewini ocorre na região sudeste e sul do Brasil, e a menor incidência na região nordeste e norte, infere-se declínios do tamanho populacional acima de 80%, em uma janela de 76,5 anos (equivalente a três gerações) a partir de 1962. Assim, a espécie foi categorizada como Criticamente em Perigo (CR) pelos critérios A4bd.",Não,Sim,"Alagoas, Amapá, Bahia, Ceará, Espírito Santo, Maranhão, Pará, Paraíba, Paraná, Pernambuco, Piauí, Rio de Janeiro, Rio Grande do Norte, Rio Grande do Sul, Santa Catarina, São Paulo, Sergipe",|Nordeste|Norte|Sudeste|Sul|,Sistema Costeiro-Marinho,,"APA Baleia Franca, APA Costa dos Corais, APA do Arquipelago Sao Pedro e Sao Paulo, APA Fernando de Noronha, ESEC Tupinambás, PARNA do Cabo Orange, PARNA Marinho de Fernando de Noronha, PARNA Marinho dos Abrolhos, REBIO Marinha do Arvoredo, RESEX Cururupu, RESEX da Baia do Tubarao, REVIS Arquipélago de Alcatrazes","APA MARINHA DO LITORAL CENTRO, APA MARINHA DO LITORAL NORTE, ÁREA DE PROTEçãO AMBIENTAL DAS REENTRâNCIAS MARANHENSES, ÁREA DE PROTEÇÃO AMBIENTAL PLATAFORMA CONTINENTAL DO LITORAL NORTE",,Sim,Declinando,"5 - Uso de recursos biológicos
5.1 - Caça e captura de animais terrestres ou marinhos
5.1.1 - Caça/captura intencional (a espécie é o alvo)
5.1.1.4 - Esportiva
5 - Uso de recursos biológicos
5.4 - Pesca e uso de recursos aquáticos
5.4.2 - Captura intencional - larga escala
5.4.2.8 - Espinhel
5 - Uso de recursos biológicos
5.4.3 - Captura intencional - comércio internacional
5 - Uso de recursos biológicos
5.4.5 - Captura indireta - subsistência/pequena escala
5.4.5.3 - Aparelho com anzol
5.4.5.3.5 - Linha de fundo e linha de mão
5 - Uso de recursos biológicos
5.4.5.6 - Arrasto
5 - Uso de recursos biológicos
5.4.5.7 - Emalhe
5 - Uso de recursos biológicos
5.4.6 - Captura indireta - larga escala
5.4.6.6 - Arrasto
5 - Uso de recursos biológicos
5.4.6.7 - Emalhe
5 - Uso de recursos biológicos
5.4.6.8 - Espinhel
7 - Modificações nos sistemas naturais
7.3 - Outras modificações nos ecossistemas
9 - Poluição
9.2 - Industrial
9.2.3 - Contaminação por metais pesados
9 - Poluição
9.4 - Lixo e resíduos sólidos
9.4.2 - Industriais","1 - Alimentação humana
1.6 - Pesca - comércio internacional
1 - Alimentação humana
1.7 - Pesca artesanal
1 - Alimentação humana
1.8 - Pesca industrial
4 - Caça/pesca esportiva","Controle e fiscalização, Manejo de comércio, Manejo/ordenamento de caça/pesca, Plano de Ação Nacional (PAN), Proteção de locais/áreas",Plano de Ação Nacional para a Conservação dos Elasmobrânquios Ameaçados de Extinção,"Comissão Internacional para a Conservação do Atum do Atlântico - ICCAT, Lista Nacional Oficial de Espécies da Fauna Ameaçadas de Extinção 2014, Lista Nacional Oficial de Espécies da Fauna Ameaçadas de Extinção 2022, CITES - Anexo II",,"0 , 3000",sphyrna lewini,CR,1.0,CR,CR
Animalia,Chordata,Elasmobranchii,Carcharhiniformes,Sphyrnidae,Sphyrna,Sphyrna media,,Sphyrna media,"Springer, 1940","cação-martelo, rudela, rudela-redonda, Tubarão-martelo-de-aba-curta",Tubarões e Raias,11/2017,Criticamente em Perigo,Não,A2cd,"Sphyrna media é um tubarão-martelo amplamente distribuído na América Central e América do Sul, encontrado tanto no leste do Pacífico como no Atlântico ocidental. Na costa Norte do Brasil, as redes de emalhar foram responsáveis pelas capturas e pelo declínio da espécie em toda a faixa costeira. Registros históricos incluem o Sudeste, onde nenhum exemplar é coletado desde a década de 1970. Apesar de ser citada para toda a costa brasileira, sua distribuição atual conhecida é aparentemente limitada ao Amapá e Pará. Atualmente possui pouquíssimos registros nessa área, onde antes era considerada abundante pelos pescadores. O desaparecimento da população do sudeste e nordeste do Brasil, indicado pela total ausência de capturas recentes, é um indicativo do declínio na sua extensão de ocorrência. A espécie continua sofrendo grande pressão de pesca em toda a região Norte, sendo capturada como pescaria incidental no uso de redes de emalhar direcionadas à serra e à pescada-amarela, em arrasto de fundo para pesca de camarão e piramutaba. Dada a sua vulnerabilidade à pesca e a redução observada da extensão de ocorrência e qualidade do habitat pela degradação de ecossistemas costeiros, suspeita-se que os declínios observados no passado continuaram na mesma taxa em função da manutenção das pressões e de fatores biológicos intrínsecos da espécie. Sendo assim, suspeita-se que tenha ocorrido um declínio populacional de pelo menos 80% nos últimos 14 anos (equivalente a três gerações), categorizando S. media como Criticamente em Perigo (CR) pelos critérios A2cd.",Não,Sim,"Amapá, Maranhão, Pará",|Nordeste|Norte|,Sistema Costeiro-Marinho,,"PARNA do Cabo Orange, RESEX Cururupu",ÁREA DE PROTEçãO AMBIENTAL DAS REENTRâNCIAS MARANHENSES,,Sim,Declinando,"11 - Mudanças e extremos climáticos
11.1 - Mudança/alteração de habitat
5 - Uso de recursos biológicos
5.4 - Pesca e uso de recursos aquáticos
5.4.5 - Captura indireta - subsistência/pequena escala
5.4.5.3 - Aparelho com anzol
5.4.5.3.5 - Linha de fundo e linha de mão
5 - Uso de recursos biológicos
5.4.5.6 - Arrasto
5.4.5.6.1 - Arrasto simples
5 - Uso de recursos biológicos
5.4.5.6.2 - Arrasto duplo
5 - Uso de recursos biológicos
5.4.5.7 - Emalhe
5.4.5.7.1 - Emalhe de fundo
5 - Uso de recursos biológicos
5.4.5.7.2 - Emalhe de superfície
5 - Uso de recursos biológicos
5.4.5.7.5 - Caçoeiro
9 - Poluição
9.2 - Industrial
9.2.3 - Contaminação por metais pesados","1 - Alimentação humana
1.7 - Pesca artesanal
1 - Alimentação humana
1.8 - Pesca industrial","Identificação de novas áreas protegidas, Plano de Ação Nacional (PAN), Proteção de locais/áreas, Restauração de habitat e processos naturais",Plano de Ação Nacional para a Conservação dos Elasmobrânquios Ameaçados de Extinção,"CITES - Anexo II, Lista Nacional Oficial de Espécies da Fauna Ameaçadas de Extinção 2014, Lista Nacional Oficial de Espécies da Fauna Ameaçadas de Extinção 2022",,"0 , 100",sphyrna media,CR,1.0,CR,CR
Animalia,Chordata,Elasmobranchii,Carcharhiniformes,Sphyrnidae,Sphyrna,Sphyrna mokarran,,Sphyrna mokarran,"(Rüppell, 1837)","cambeva, panã, tubarão martelo-grande, vaca",Tubarões e Raias,11/2017,Criticamente em Perigo,Não,A4bcd,"Sphyrna mokarran é um grande tubarão-martelo tropical e sub-tropical, amplamente distribuído. É altamente valorizado por suas barbatanas, sofre mortalidade muito elevada como captura incidental e se reproduz apenas uma vez a cada dois anos, tornando-se vulnerável à sobre-exploração e depleção da população. Geralmente considerado como solitário, é, portanto improvável que seja abundante onde quer que ocorra. Estudos no Brasil indicam que o grupo “martelos”, constituído pelo menos por três espécies do gênero, quando analisados conjuntamente, apresentam níveis decrescentes de abundância estimada. Dois conjuntos de séries temporais de dados (diários de bordo de pelágicos, levantamento de grandes pelágicos) têm mostrado um declínio na captura de espécies de Sphyrna desde 1979. Em ambientes costeiros, a qualidade do seu habitat tem diminuído por impactos antrópicos, atingindo áreas de parto e berçário da espécie. É um dos maiores tubarões existentes, podendo atingir 6,1 m, com alto valor comercial no Brasil e cujas ameaças não cessaram. Dada a sua vulnerabilidade à pesca, a baixa sobrevivência à captura, seu alto valor para o comércio de barbatanas, a redução observada nos registros da espécie ao longo de sua distribuição e da degradação do habitat, infere-se um declínio populacional de pelo menos 80%, em uma janela de 76,5 anos (equivalente a três gerações) no passado e no futuro, a partir de 1979. Assim, a espécie foi categorizada como Criticamente em Perigo (CR) pelos critérios A4bcd.",Não,Sim,"Alagoas, Amapá, Bahia, Ceará, Maranhão, Pará, Paraíba, Pernambuco, Piauí, Rio de Janeiro, Rio Grande do Norte, São Paulo, Sergipe",|Nordeste|Norte|Sudeste|,Sistema Costeiro-Marinho,,"APA Costa dos Corais, PARNA do Cabo Orange, PARNA Marinho de Fernando de Noronha, PARNA Marinho dos Abrolhos, RESEX Cururupu","APA MARINHA DO LITORAL SUL, ÁREA DE PROTEçãO AMBIENTAL DAS REENTRâNCIAS MARANHENSES",,Sim,Declinando,"5 - Uso de recursos biológicos
5.1 - Caça e captura de animais terrestres ou marinhos
5.1.1 - Caça/captura intencional (a espécie é o alvo)
5.1.1.3 - Comercial - Internacional
5 - Uso de recursos biológicos
5.1.1.4 - Esportiva
5 - Uso de recursos biológicos
5.4 - Pesca e uso de recursos aquáticos
5.4.1 - Captura intencional - subsistência/pequena escala
5.4.1.6 - Arrasto
5.4.1.6.1 - Arrasto simples
5 - Uso de recursos biológicos
5.4.1.6.2 - Arrasto duplo
5 - Uso de recursos biológicos
5.4.1.6.3 - Arrasto de praia
5 - Uso de recursos biológicos
5.4.1.7 - Emalhe
5.4.1.7.1 - Emalhe de fundo
5 - Uso de recursos biológicos
5.4.1.7.2 - Emalhe de superfície
5 - Uso de recursos biológicos
5.4.1.7.5 - Caçoeiro
5 - Uso de recursos biológicos
5.4.2 - Captura intencional - larga escala
5.4.2.2 - Linha de mão
5 - Uso de recursos biológicos
5.4.2.6 - Arrasto
5.4.2.6.1 - Arrasto simples
5 - Uso de recursos biológicos
5.4.2.6.2 - Arrasto duplo
5 - Uso de recursos biológicos
5.4.2.6.3 - Arrasto de parelha
5 - Uso de recursos biológicos
5.4.2.7 - Emalhe
5.4.2.7.1 - Emalhe de fundo
5 - Uso de recursos biológicos
5.4.2.7.2 - Emalhe de superfície
5 - Uso de recursos biológicos
5.4.2.7.3 - Emalhe de meia-água
5 - Uso de recursos biológicos
5.4.2.8 - Espinhel
5.4.2.8.1 - Espinhel de superfície
5 - Uso de recursos biológicos
5.4.3 - Captura intencional - comércio internacional
5 - Uso de recursos biológicos
5.4.5 - Captura indireta - subsistência/pequena escala
5.4.5.6 - Arrasto
5 - Uso de recursos biológicos
5.4.5.7 - Emalhe
5 - Uso de recursos biológicos
5.4.6 - Captura indireta - larga escala
5.4.6.2 - Linha de mão
5 - Uso de recursos biológicos
5.4.6.6 - Arrasto
5 - Uso de recursos biológicos
5.4.6.7 - Emalhe
5 - Uso de recursos biológicos
5.4.6.8 - Espinhel
7 - Modificações nos sistemas naturais
7.3 - Outras modificações nos ecossistemas
9 - Poluição
9.2 - Industrial
9.2.3 - Contaminação por metais pesados","1 - Alimentação humana
1.6 - Pesca - comércio internacional
1 - Alimentação humana
1.7 - Pesca artesanal
1.7.6 - Arrasto
1 - Alimentação humana
1.7.7 - Emalhe
1 - Alimentação humana
1.8 - Pesca industrial
1.8.2 - Linha de mão
1 - Alimentação humana
1.8.6 - Arrasto
1 - Alimentação humana
1.8.7 - Emalhe
1 - Alimentação humana
1.8.8 - Espinhel
4 - Caça/pesca esportiva","Legislação e política, Manejo de espécies, Plano de Ação Nacional (PAN), Proteção de locais/áreas",Plano de Ação Nacional para a Conservação dos Elasmobrânquios Ameaçados de Extinção,"CITES - Anexo II, Lista Nacional Oficial de Espécies da Fauna Ameaçadas de Extinção 2014, Lista Nacional Oficial de Espécies da Fauna Ameaçadas de Extinção 2022",,"0 , 300",sphyrna mokarran,CR,1.0,CR,CR
Animalia,Chordata,Elasmobranchii,Carcharhiniformes,Sphyrnidae,Sphyrna,Sphyrna tiburo,,Sphyrna tiburo,"(Linnaeus, 1758)","cambeva-pata, paña, rudela, tubarão-martelo",Tubarões e Raias,11/2017,Criticamente em Perigo,Não,A2bcd,"Sphyrna tiburo ocorre no Atlântico ocidental desde a Carolina do Norte, EUA, até o sul do Brasil. Registros históricos indicam que a espécie ocorria em toda a costa brasileira. Contudo, é considerada extinta nos estados do Espírito Santo, Rio de Janeiro, São Paulo e Paraná, aonde não tem sido registrada há décadas. Atualmente, a espécie só tem sido encontrada na costa Norte e Nordeste (Amapá, Pará, Maranhão, Sergipe e Bahia). Era considerada abundante em águas rasas, onde há maior atividade pesqueira. Características da espécie, como movimentos para águas mais rasas na época do parto e a alta especialização da dieta, baseada principalmente em Callinectes ornatus, são fatores de vulnerabilidade. A perda de habitats costeiros em alguns pontos do litoral brasileiro, principalmente manguezais, também contribuiu para extinções locais. No Maranhão, uma das principais áreas de concentração, a espécie passou de 10% de capturas pesqueiras artesanais para 0,5% entre 1986 e 1998, o que representa uma redução local de 95% de captura. A espécie continua sofrendo grande pressão de pesca em toda a região Norte, sendo capturada como pescaria incidental no uso de redes de emalhar direcionadas à serra e à pescada-amarela, em arrasto de fundo para pesca de camarão e piramutaba, e em currais de pesca. Dada a sua vulnerabilidade à pesca e a redução observada da extensão de ocorrência e qualidade do habitat, suspeita que os declínios observados no passado continuaram na mesma taxa em função da manutenção do esforço de pesca sobre a espécie. Sendo assim, suspeita-se uma redução no tamanho populacional de pelo menos 80% nos últimos 14 anos (equivalente a três gerações). Assim, a espécie foi categorizada como Criticamente em Perigo (CR) pelos critérios A2bcd.",Não,Sim,"Amapá, Bahia, Ceará, Espírito Santo, Maranhão, Pará, Paraíba, Pernambuco, Rio Grande do Norte, Sergipe",|Nordeste|Norte|Sudeste|,Sistema Costeiro-Marinho,,"APA Costa dos Corais, PARNA do Cabo Orange, RESEX Cururupu",ÁREA DE PROTEçãO AMBIENTAL DAS REENTRâNCIAS MARANHENSES,,Sim,Declinando,"5 - Uso de recursos biológicos
5.4 - Pesca e uso de recursos aquáticos
5.4.5 - Captura indireta - subsistência/pequena escala
5.4.5.6 - Arrasto
5.4.5.6.2 - Arrasto duplo
5 - Uso de recursos biológicos
5.4.5.7 - Emalhe
5.4.5.7.1 - Emalhe de fundo
5 - Uso de recursos biológicos
5.4.5.7.2 - Emalhe de superfície
5 - Uso de recursos biológicos
5.4.6 - Captura indireta - larga escala
5.4.6.6 - Arrasto
5 - Uso de recursos biológicos
5.4.6.7 - Emalhe
7 - Modificações nos sistemas naturais
9 - Poluição","1 - Alimentação humana
1.7 - Pesca artesanal
1.7.6 - Arrasto
1 - Alimentação humana
1.7.7 - Emalhe","Controle e fiscalização, Nível nacional, Plano de Ação Nacional (PAN)",Plano de Ação Nacional para a Conservação dos Elasmobrânquios Ameaçados de Extinção,"Lista Nacional Oficial de Espécies da Fauna Ameaçadas de Extinção 2014, Lista Nacional Oficial de Espécies da Fauna Ameaçadas de Extinção 2022, CITES - Anexo II",,"0 , 90",sphyrna tiburo,CR,1.0,CR,CR
Animalia,Chordata,Elasmobranchii,Carcharhiniformes,Sphyrnidae,Sphyrna,Sphyrna tudes,,Sphyrna tudes,"(Valenciennes, 1822)","cambeva, panã-amarela, tubarão-martelo",Tubarões e Raias,11/2017,Criticamente em Perigo,Não,A2bcd,"Sphyrna tudes é um dos menores tubarões do gênero que habita águas rasas costeiras no Atlântico Sul, com distribuição do norte da América do Sul até o sudeste do Brasil, na área compreendida do Amapá a São Paulo. Apesar de sua ampla distribuição histórica, desde 1991 não há registros de indivíduos desta espécie entre Maranhão e São Paulo onde eram relativamente frequentes no passado. Para a costa dos estados do Pará e Amapá, entre 1999 e 2006, apenas nove indivíduos foram registrados na pesca de emalhe costeiro. A espécie ainda é capturada como fauna acompanhante da pesca de arrasto de fundo para camarão nessa área, porém em baixas abundâncias. Ainda, no estado do Maranhão, observou-se um declínio em torno de 90% das capturas desde 1990-1991. Dada a sua vulnerabilidade à pesca e a redução observada da extensão de ocorrência e qualidade do habitat, suspeita que os declínios observados no passado continuaram na mesma taxa em função da manutenção do esforço de pesca sobre a espécie. Sendo assim, suspeita-se um declínio populacional de pelo menos 80% nos últimos 14 anos (equivalente a três gerações). Assim, a espécie foi categorizada como Criticamente em Perigo (CR) pelos critérios A2bcd.",Não,Sim,"Alagoas, Amapá, Bahia, Ceará, Espírito Santo, Maranhão, Pará, Paraíba, Pernambuco, Piauí, Rio de Janeiro, Rio Grande do Norte, São Paulo, Sergipe",|Nordeste|Norte|Sudeste|,Sistema Costeiro-Marinho,,"PARNA do Cabo Orange, PARNA Marinho dos Abrolhos",ÁREA DE PROTEçãO AMBIENTAL DAS REENTRâNCIAS MARANHENSES,,Sim,Declinando,"11 - Mudanças e extremos climáticos
11.1 - Mudança/alteração de habitat
5 - Uso de recursos biológicos
5.4 - Pesca e uso de recursos aquáticos
5.4.1 - Captura intencional - subsistência/pequena escala
5.4.1.7 - Emalhe
5.4.1.7.1 - Emalhe de fundo
5 - Uso de recursos biológicos
5.4.1.7.2 - Emalhe de superfície
5 - Uso de recursos biológicos
5.4.1.7.5 - Caçoeiro
5 - Uso de recursos biológicos
5.4.5 - Captura indireta - subsistência/pequena escala
5.4.5.3 - Aparelho com anzol
5.4.5.3.3 - Espinhel fixo de fundo
5 - Uso de recursos biológicos
5.4.5.3.4 - Espinhel de superfície
5 - Uso de recursos biológicos
5.4.5.3.5 - Linha de fundo e linha de mão
5 - Uso de recursos biológicos
5.4.5.6 - Arrasto
5.4.5.6.1 - Arrasto simples
5 - Uso de recursos biológicos
5.4.5.6.2 - Arrasto duplo
9 - Poluição
9.2 - Industrial
9.2.3 - Contaminação por metais pesados","1 - Alimentação humana
1.7 - Pesca artesanal
1.7.7 - Emalhe","Plano de Ação Nacional (PAN), Proteção de locais/áreas",Plano de Ação Nacional para a Conservação dos Elasmobrânquios Ameaçados de Extinção,"CITES - Anexo II, Lista Nacional Oficial de Espécies da Fauna Ameaçadas de Extinção 2014, Lista Nacional Oficial de Espécies da Fauna Ameaçadas de Extinção 2022",,"5 , 80",sphyrna tudes,CR,1.0,CR,CR
Animalia,Chordata,Elasmobranchii,Carcharhiniformes,Sphyrnidae,Sphyrna,Sphyrna zygaena,,Sphyrna zygaena,"(Linnaeus, 1758)","cambeva, cambeva-preta, cambevota, tubarão-martelo, tubarão-martelo-liso",Tubarões e Raias,11/2017,Criticamente em Perigo,Não,A4bd,"Sphyrna zygaena possui distribuição circunglobal, em regiões temperadas e tropicais, entre 40°N e 40°S. No sul e sudeste do Brasil, onde ocorre a maior abundância de S. zygaena no país, foram registradas diminuições na CPUE (captura por unidade de esforço) das pescarias de emalhe-de-fundo e de espinhel-de-superfície, da ordem de mais de 90%. Além disto, a pesca com rede de emalhe de deriva oceânico de superfície (malhão), modalidade proibida a partir de 2012, ainda continua sendo praticada de forma ilegal e representa relevante impacto sobre a espécie. No norte e nordeste do Brasil a espécie é aparentemente rara. O principal fator de ameaça é a intensa e continua atividade pesqueira exercida nas três áreas críticas da população: o berçário costeiro onde ocorrem os neonatos, a plataforma continental onde ocorrem os jovens, e no talude superior onde fêmeas grávidas no termo se concentram antes de migrarem para realizar o parto em águas rasas. Adicionalmente, o hábito gregário da espécie a torna vulnerável à captura. Considerando que grande parte da biomassa de S. zygaena ocorre na região sudeste e sul do Brasil, e a menor incidência na região nordeste e norte, inferem-se declínios do tamanho populacional acima de 80%, em uma janela de 76,5 anos (equivalente a três gerações) a partir de 1962. Assim, a espécie foi categorizada como Criticamente em Perigo (CR) pelos critérios A4bd.",Não,Sim,"Alagoas, Bahia, Ceará, Espírito Santo, Paraíba, Paraná, Pernambuco, Piauí, Rio de Janeiro, Rio Grande do Norte, Rio Grande do Sul, Santa Catarina, São Paulo, Sergipe",|Nordeste|Sudeste|Sul|,Sistema Costeiro-Marinho,,"APA Baleia Franca, MONA do Arquipelago Sao Pedro e Sao Paulo, PARNA Marinho de Fernando de Noronha, REBIO Marinha do Arvoredo","APA MARINHA DO LITORAL CENTRO, APA MARINHA DO LITORAL SUL",,Sim,Declinando,"5 - Uso de recursos biológicos
5.4 - Pesca e uso de recursos aquáticos
5.4.2 - Captura intencional - larga escala
5.4.2.6 - Arrasto
5 - Uso de recursos biológicos
5.4.2.7 - Emalhe
5 - Uso de recursos biológicos
5.4.2.8 - Espinhel
5 - Uso de recursos biológicos
5.4.3 - Captura intencional - comércio internacional
5 - Uso de recursos biológicos
5.4.5 - Captura indireta - subsistência/pequena escala
5.4.5.6 - Arrasto
5 - Uso de recursos biológicos
5.4.5.7 - Emalhe
5 - Uso de recursos biológicos
5.4.6 - Captura indireta - larga escala
5.4.6.6 - Arrasto
5 - Uso de recursos biológicos
5.4.6.7 - Emalhe
5 - Uso de recursos biológicos
5.4.6.8 - Espinhel
7 - Modificações nos sistemas naturais
9 - Poluição
9.2 - Industrial
9.2.3 - Contaminação por metais pesados","1 - Alimentação humana
1.5 - Pesca de subsistência
1 - Alimentação humana
1.6 - Pesca - comércio internacional
1 - Alimentação humana
1.7 - Pesca artesanal
1 - Alimentação humana
1.8 - Pesca industrial","Criação de áreas protegidas, Expansão de áreas protegidas, Identificação de novas áreas protegidas, Nível nacional, Plano de Ação Nacional (PAN)",Plano de Ação Nacional para a Conservação dos Elasmobrânquios Ameaçados de Extinção,"CITES - Anexo II, Lista Nacional Oficial de Espécies da Fauna Ameaçadas de Extinção 2014, Lista Nacional Oficial de Espécies da Fauna Ameaçadas de Extinção 2022",,"1 , 200",sphyrna zygaena,CR,1.0,CR,CR
Animalia,Arthropoda,Arachnida,Opiliones,Cryptogeobiidae,Spinopilar,Spinopilar moria,,Spinopilar moria,"Kury & Pérez-González, 2008",Não Informado,Invertebrados Terrestres,05/2018,Criticamente em Perigo,Não,B2ab(iii),"Spinopilar moria é endêmica do Brasil, conhecida apenas para a localidade-tipo: Gruta da Morena, em Cordisburgo, Minas Gerais. Outras cavernas da região foram bem amostradas, mas a espécie não foi registrada em outras localidades. Sua área de ocupação é certamente menor do que 10km2. A caverna não se encontra em área protegida e o turismo desordenado, aliado aos impactos decorrentes de alterações no ambiente externo, são as principais ameaças e causam declínio continuado da qualidade do habitat da espécie. Portanto, S. moria foi categorizada como Criticamente em Perigo (CR) pelo critério B2ab(iii).",Sim,Sim,Minas Gerais,|Sudeste|,Cerrado,Sub-bacia São Francisco Alto,,,,Não,Desconhecida,"11 - Mudanças e extremos climáticos
11.1 - Mudança/alteração de habitat
5 - Uso de recursos biológicos
5.3 - Extração florestal
5.3.5 - Motivação desconhecida
6 - Distúrbios humanos
6.1 - Atividades recreacionais/turísticas",,Plano de Ação Nacional (PAN),Plano de Ação Nacional para a Conservação das Cavernas do Brasil,"Lista Nacional Oficial de Espécies da Fauna Ameaçadas de Extinção 2014, Lista Nacional Oficial de Espécies da Fauna Ameaçadas de Extinção 2022",,,spinopilar moria,CR,1.0,CR,CR
Animalia,Mollusca,Gastropoda,Littorinimorpha,Pomatiopsidae,Spiripockia,Spiripockia punctata,,Spiripockia punctata,"Simone, 2012",Não Informado,Invertebrados de Água Doce,05/2018,Criticamente em Perigo,Não,B2ab(iii),"Spiripockia punctata é endêmica do Brasil, conhecida apenas da localidade-tipo, a Lapa dos Peixes, no Município de São Félix do Coribe (Bahia). Amostragens em outras cavernas do mesmo sistema não localizaram a espécie em outra localidade, e mesmo na Lapa dos Peixes só foi registrada em um riacho. Sua área de ocupação foi estimada em menos de 10km2. A espécie parece ser abundante no local. A área da Serra do Ramalho não é legalmente protegida e a extração acelerada da vegetação original para o cultivo de algodão e soja representa a principal ameaça para os ecossistemas subterrâneos, afetando a qualidade do habitat da espécie. Tem sido observada diminuição da precipitação, e a redução do nível freático é outra ameaça. Além disso, a caverna está localizada em polígono com autorização de pesquisa mineral. Considerando uma localização, a espécie foi categorizada como Criticamente em Perigo (CR) pelo critério B2ab(iii).",Sim,Sim,Bahia,|Nordeste|,Cerrado,Sub-bacia São Francisco Médio,,,,Não,Desconhecida,"11 - Mudanças e extremos climáticos
11.1 - Mudança/alteração de habitat
2 - Agropecuária e Aquacultura
2.3 - Pecuária
2.3.2 - Pecuária em pequenas propriedades
3 - Produção energética e mineração
3.2 - Mineração
3.2.3 - Extração de minérios - subsolo
6 - Distúrbios humanos
6.1 - Atividades recreacionais/turísticas
7 - Modificações nos sistemas naturais
7.2 - Represas e uso de água
7.2.8 - Captação de água subterrânea - uso desconhecido",,Plano de Ação Nacional (PAN),Plano de Ação Nacional para a Conservação das Cavernas do Brasil,"Lista Nacional Oficial de Espécies da Fauna Ameaçadas de Extinção 2014, Lista Nacional Oficial de Espécies da Fauna Ameaçadas de Extinção 2022",,,spiripockia punctata,CR,1.0,CR,CR
Animalia,Chordata,Aves,Passeriformes,Thraupidae,Sporophila,Sporophila maximiliani,,Sporophila maximiliani,"(Cabanis, 1851)",bicudo,Aves,10/2018,Criticamente em Perigo,Não,C2a(i),"Sporophila maximiliani ocorre nas Guianas, Venezuela, Colômbia, Bolívia e Brasil, em áreas alagadas, brejos, banhados, veredas, baixadas de rios sazonalmente inundadas, especialmente onde há concentração de ciperáceas. A principal ameaça a espécie é a forte pressão de caça para abastecer o comércio ilegal, especialmente pelo seu alto valor de mercado. Os últimos registros em campo restringem-se a duas localidades, entre Rondônia e Mato grosso e entre Mato Grosso e Goiás, mas buscas recentes não tiveram sucesso na sua localização. Suspeita-se que a população brasileira esteja próxima da extinção na natureza, apesar de existirem centenas de milhares de indivíduos legalizados em cativeiro. Com base no conhecimento sobre os registros da espécie, descrições de abundância e área de extensão de ocorrência, estima-se um número entre 1.000-2.499 indivíduos maduros para a população global. Infere-se que a população brasileira certamente não é maior que 250 indivíduos maduros e cada subpopulação não possui mais que 50 indivíduos. A avaliação não se altera quando se verifica a influência da população de outros países. Portanto, S. maximiliani foi categorizada como Criticamente em Perigo (CR), pelo critério C2a(i).",Não,Sim,"Acre, Amapá, Amazonas, Bahia, Distrito Federal, Espírito Santo, Goiás, Mato Grosso, Mato Grosso do Sul, Minas Gerais, Pará, Piauí, Rio de Janeiro, Rondônia, São Paulo, Tocantins",|Centro-Oeste|Nordeste|Norte|Sudeste|,"Amazônia, Caatinga, Cerrado, Mata Atlântica, Pantanal","Sub-bacia Madeira
Sub-bacia Paranaíba",,,,Não,Declinando,"12 - Outras ameaças
5 - Uso de recursos biológicos
5.1 - Caça e captura de animais terrestres ou marinhos
5.1.1 - Caça/captura intencional (a espécie é o alvo)
5.1.1.2 - Comercial - Nacional/Local",3 - Animais de estimação/ornamentais,"Plano de Ação Nacional (PAN), Reintrodução de espécies","Plano de Ação Nacional para a Conservação das Aves Ameaçadas do Bioma Amazônia, Plano de Ação Nacional para a Conservação das Aves Ameaçadas do Bioma Amazônia - 2º ciclo, Plano de Ação Nacional para a Conservação das Aves Ameaçadas do Bioma Mata Atlântica, Plano de Ação Nacional para a Conservação das Aves do Cerrado e Pantanal, Plano de Ação Nacional para a Conservação das Aves do Cerrado e Pantanal - 2º ciclo","Lista Nacional Oficial de Espécies da Fauna Ameaçadas de Extinção 2014, Lista Nacional Oficial de Espécies da Fauna Ameaçadas de Extinção 2022",,,sporophila maximiliani,CR,1.0,CR,CR
Animalia,Chordata,Elasmobranchii,Squatiniformes,Squatinidae,Squatina,Squatina argentina,,Squatina argentina,"(Marini, 1930)","cação-anjo-de-asa-longa, tubarão-anjo-argentino",Tubarões e Raias,11/2017,Criticamente em Perigo,Não,A2bd,"Squatina argentina é endêmica do Atlântico Sul ocidental. No Brasil, há registros da espécie desde o Rio de Janeiro até o Rio Grande do Sul. Foram registradas reduções de 96% nas abundâncias relativas de Squatina argentina desde o ano de 1986 em sua área de distribuição no sul do Brasil. Provavelmente isto é uma subestimação do declínio do tamanho populacional, que deve ter ocorrido nos mesmos patamares para outras áreas de sua distribuição. Embora sua captura esteja proibida, as pescarias com redes de arrasto e emalhe permanecem como a principal ameaça sobre a espécie, pois continuam a operar sobre sua área de distribuição. A espécie é de longa vida e possui baixo potencial reprodutivo. Possivelmente existe entrada de indivíduos por dispersão de países vizinhos, mas com intensidade insuficiente para manter a abundância da população regional quando esta sofre um forte impacto da pesca. Em função dos declínios nas abundâncias relativas observadas, suspeita-se um declínio no tamanho populacional de mais de 80%, em uma janela temporal no passado que inclui três gerações (48 anos), categorizando S. argentina como Criticamente em Perigo (CR), sob os critérios A2bd.",Não,Sim,"Paraná, Rio de Janeiro, Rio Grande do Sul, Santa Catarina, São Paulo",|Sudeste|Sul|,Desconhecido,,"APA Baleia Franca, REBIO Marinha do Arvoredo",,,Sim,Declinando,"11 - Mudanças e extremos climáticos
11.1 - Mudança/alteração de habitat
1 - Desenvolvimento residencial e comercial
1.1 - Expansão urbana
1 - Desenvolvimento residencial e comercial
1.2 - Áreas comerciais e industriais
5 - Uso de recursos biológicos
5.4 - Pesca e uso de recursos aquáticos
5.4.2 - Captura intencional - larga escala
5.4.2.6 - Arrasto
5.4.2.6.1 - Arrasto simples
5 - Uso de recursos biológicos
5.4.2.6.2 - Arrasto duplo
5 - Uso de recursos biológicos
5.4.2.6.3 - Arrasto de parelha
5 - Uso de recursos biológicos
5.4.2.7 - Emalhe
5.4.2.7.1 - Emalhe de fundo
5 - Uso de recursos biológicos
5.4.6 - Captura indireta - larga escala
5.4.6.6 - Arrasto
5.4.6.6.1 - Arrasto simples
5 - Uso de recursos biológicos
5.4.6.6.2 - Arrasto duplo
5 - Uso de recursos biológicos
5.4.6.6.3 - Arrasto de parelha","1 - Alimentação humana
1 - Alimentação humana
1.8 - Pesca industrial
1 - Alimentação humana
1.8 - Pesca industrial
1.8.6 - Arrasto
1 - Alimentação humana
1.8.7 - Emalhe","Criação de áreas protegidas, Plano de Ação Nacional (PAN), Proteção de locais/áreas",Plano de Ação Nacional para a Conservação dos Elasmobrânquios Ameaçados de Extinção,"Lista Nacional Oficial de Espécies da Fauna Ameaçadas de Extinção 2014, Lista Nacional Oficial de Espécies da Fauna Ameaçadas de Extinção 2022",,"20 , 437",squatina argentina,CR,1.0,CR,CR
Animalia,Chordata,Elasmobranchii,Squatiniformes,Squatinidae,Squatina,Squatina guggenheim,,Squatina guggenheim,"Marini, 1936","cação-anjo-espinhoso, cação-anjo-espinhudo",Tubarões e Raias,11/2017,Criticamente em Perigo,Não,A2bd,"Squatina guggenheim é endêmica do Atlântico Sul ocidental. No Brasil, há registros da espécie desde o Rio de Janeiro até o Rio Grande do Sul. Foram registradas reduções de 85% nas abundâncias relativas de S. guggenheim desde o ano de 1988 em sua área de distribuição no Brasil. Provavelmente isto é uma subestimação do declínio do tamanho populacional. Embora sua captura esteja proibida, as pescarias com redes de arrasto e emalhe permanecem como a principal ameaça sobre a espécie, pois continuam a operar sobre sua área de distribuição. A espécie é de longa vida e possui baixo potencial reprodutivo. Possivelmente existe entrada de indivíduos por dispersão de países vizinhos, mas com intensidade insuficiente para manter a abundância da população regional quando esta sofre um forte impacto da pesca. Em função dos declínios nas abundâncias relativas observadas, suspeita-se uma redução no tamanho populacional de mais de 80%, em uma janela temporal no passado que inclui três gerações (27 anos), categorizando S. guggenheim como Criticamente em Perigo (CR), sob os critérios A2bd.",Não,Sim,"Paraná, Rio de Janeiro, Rio Grande do Sul, Santa Catarina, São Paulo",|Sudeste|Sul|,Sistema Costeiro-Marinho,,REBIO Marinha do Arvoredo,"APA MARINHA DO LITORAL CENTRO, ÁREA DE PROTEÇÃO AMBIENTAL DE TAMOIOS, PARQUE ESTADUAL DA ILHA GRANDE",,Sim,Declinando,"5 - Uso de recursos biológicos
5.4 - Pesca e uso de recursos aquáticos
5.4.1 - Captura intencional - subsistência/pequena escala
5.4.1.6 - Arrasto
5.4.1.6.1 - Arrasto simples
5 - Uso de recursos biológicos
5.4.1.6.2 - Arrasto duplo
5 - Uso de recursos biológicos
5.4.1.6.3 - Arrasto de praia
5 - Uso de recursos biológicos
5.4.1.7 - Emalhe
5.4.1.7.1 - Emalhe de fundo
5 - Uso de recursos biológicos
5.4.2 - Captura intencional - larga escala
5.4.2.6 - Arrasto
5.4.2.6.1 - Arrasto simples
5 - Uso de recursos biológicos
5.4.2.6.2 - Arrasto duplo
5 - Uso de recursos biológicos
5.4.2.6.3 - Arrasto de parelha
5 - Uso de recursos biológicos
5.4.2.7 - Emalhe
5.4.2.7.1 - Emalhe de fundo
5 - Uso de recursos biológicos
5.4.5 - Captura indireta - subsistência/pequena escala
5.4.5.6 - Arrasto
5.4.5.6.1 - Arrasto simples
5 - Uso de recursos biológicos
5.4.5.6.2 - Arrasto duplo
5 - Uso de recursos biológicos
5.4.5.6.3 - Arrasto de praia
5 - Uso de recursos biológicos
5.4.5.7 - Emalhe
5.4.5.7.1 - Emalhe de fundo
5 - Uso de recursos biológicos
5.4.6 - Captura indireta - larga escala
5.4.6.6 - Arrasto
5.4.6.6.1 - Arrasto simples
5 - Uso de recursos biológicos
5.4.6.6.2 - Arrasto duplo
5 - Uso de recursos biológicos
5.4.6.6.3 - Arrasto de parelha
5 - Uso de recursos biológicos
5.4.6.7 - Emalhe
5.4.6.7.1 - Emalhe de fundo
9 - Poluição
9.1 - Doméstica e urbana - escoamento de água
9.1.1 - Esgoto
9 - Poluição
9.1.2 - Escoamento urbano
9 - Poluição
9.2 - Industrial
9.2.1 - Derramamento de óleo
9 - Poluição
9.2.3 - Contaminação por metais pesados","1 - Alimentação humana
1 - Alimentação humana
1.8 - Pesca industrial
1 - Alimentação humana
1.8 - Pesca industrial
1.8.6 - Arrasto
1.8.6.1 - Arrasto simples
1 - Alimentação humana
1.8.6.2 - Arrasto duplo
1 - Alimentação humana
1.8.6.3 - Arrasto de parelha
1 - Alimentação humana
1.8.7 - Emalhe
1.8.7.1 - Emalhe de fundo","Controle e fiscalização, Plano de Ação Nacional (PAN), Proteção de locais/áreas",Plano de Ação Nacional para a Conservação dos Elasmobrânquios Ameaçados de Extinção,"Lista Nacional Oficial de Espécies da Fauna Ameaçadas de Extinção 2014, Lista Nacional Oficial de Espécies da Fauna Ameaçadas de Extinção 2022",,"10 , 206",squatina guggenheim,CR,1.0,CR,CR
Animalia,Chordata,Elasmobranchii,Squatiniformes,Squatinidae,Squatina,Squatina occulta,,Squatina occulta,"Vooren & Silva, 1991","cação-anjo-de-asa-curta, tubarão-anjo-oculto",Tubarões e Raias,11/2017,Criticamente em Perigo,Não,A2bd,"Squatina occulta é endêmica do Atlântico Sul ocidental. No Brasil, há registros da espécie desde o Rio de Janeiro até o Rio Grande do Sul. Foram observadas reduções de no mínimo 80% nas abundâncias relativas de S. occulta desde o ano de 1986 em sua área de distribuição no Brasil. Provavelmente, isto é uma subestimação do declínio do tamanho populacional. Embora sua captura esteja proibida (Portaria MMA n° 445/2014), as pescarias com redes de arrasto e emalhe permanecem como a principal ameaça sobre a espécie, pois continuam a operar sobre sua área de distribuição. A espécie é de longa vida e possui baixo potencial reprodutivo. Possivelmente existe entrada de indivíduos por dispersão de países vizinhos, mas com intensidade insuficiente para manter a abundância da população regional quando esta sofre um forte impacto da pesca. Em função dos declínios nas abundâncias relativas observadas, suspeita-se uma redução no tamanho populacional de mais de 80%, em uma janela temporal no passado que inclui três gerações (48 anos), categorizando S. occulta como Criticamente em Perigo (CR), sob os critérios A2bd.",Não,Sim,"Paraná, Rio de Janeiro, Rio Grande do Sul, Santa Catarina, São Paulo",|Sudeste|Sul|,Sistema Costeiro-Marinho,,REBIO Marinha do Arvoredo,,,Sim,Declinando,"5 - Uso de recursos biológicos
5.4 - Pesca e uso de recursos aquáticos
5.4.1 - Captura intencional - subsistência/pequena escala
5.4.1.6 - Arrasto
5.4.1.6.1 - Arrasto simples
5 - Uso de recursos biológicos
5.4.1.6.2 - Arrasto duplo
5 - Uso de recursos biológicos
5.4.1.6.3 - Arrasto de praia
5 - Uso de recursos biológicos
5.4.1.7 - Emalhe
5.4.1.7.1 - Emalhe de fundo
5 - Uso de recursos biológicos
5.4.2 - Captura intencional - larga escala
5.4.2.6 - Arrasto
5.4.2.6.1 - Arrasto simples
5 - Uso de recursos biológicos
5.4.2.6.2 - Arrasto duplo
5 - Uso de recursos biológicos
5.4.2.6.3 - Arrasto de parelha
5 - Uso de recursos biológicos
5.4.2.7 - Emalhe
5.4.2.7.1 - Emalhe de fundo
5 - Uso de recursos biológicos
5.4.6 - Captura indireta - larga escala
5.4.6.6 - Arrasto
5.4.6.6.1 - Arrasto simples
5 - Uso de recursos biológicos
5.4.6.6.2 - Arrasto duplo
5 - Uso de recursos biológicos
5.4.6.6.3 - Arrasto de parelha
5 - Uso de recursos biológicos
5.4.6.7 - Emalhe
5.4.6.7.1 - Emalhe de fundo
9 - Poluição
9.1 - Doméstica e urbana - escoamento de água
9.1.1 - Esgoto
9 - Poluição
9.1.2 - Escoamento urbano
9 - Poluição
9.2 - Industrial
9.2.1 - Derramamento de óleo
9 - Poluição
9.2.3 - Contaminação por metais pesados","1 - Alimentação humana
1 - Alimentação humana
1.8 - Pesca industrial
1 - Alimentação humana
1.8 - Pesca industrial
1.8.6 - Arrasto
1.8.6.1 - Arrasto simples
1 - Alimentação humana
1.8.6.2 - Arrasto duplo
1 - Alimentação humana
1.8.6.3 - Arrasto de parelha
1 - Alimentação humana
1.8.7 - Emalhe
1.8.7.1 - Emalhe de fundo","Controle e fiscalização, Criação de áreas protegidas, Plano de Ação Nacional (PAN)",Plano de Ação Nacional para a Conservação dos Elasmobrânquios Ameaçados de Extinção,"Lista Nacional Oficial de Espécies da Fauna Ameaçadas de Extinção 2014, Lista Nacional Oficial de Espécies da Fauna Ameaçadas de Extinção 2022",,"10 , 350",squatina occulta,CR,1.0,CR,CR
Animalia,Chordata,Actinopterygii,Gymnotiformes,Apteronotidae,Sternarchorhynchus,Sternarchorhynchus higuchii,,Sternarchorhynchus higuchii,"de Santana & Vari, 2010",Não Informado,Peixes Continentais,05/2018,Criticamente em Perigo,Não,"B2ab(ii,iii,v)","Sternarchorhynchus higuchii é uma espécie reofílica, endêmica do Brasil, conhecida de duas localidades: Cachoeira do Miriti (17 exemplares) e Cachoeira Morena (27 exemplares), ambas no rio Uatumã, na porção leste do Amazonas. A área de ocupação (AOO) da espécie foi estimada em 8 km2. Tal região foi fortemente afetada pela construção e funcionamento da UHE Balbina, principalmente pela descarga de água desoxigenada e carregada com metano e gás sulfídrico, que causou grande mortandade de peixes naquele trecho (localização = 1). Embora a descrição da espécie seja de 2010, todos os exemplares de S. higuchii foram coletados em 1987, durante a fase de enchimento do reservatório da UHE, quando o trecho de rio a jusante teve o fluxo de água interrompido pela barragem durante cerca de um ano. Depois deste período não houve um esforço de coleta intensivo na área direcionado à espécie. Contudo, por se tratar de uma espécie associada a corredeiras, e, considerando a mortandade decorrente da interrupção prolongada do fluxo do rio, e da descarga de água em péssimas condições na localidade-tipo, estima-se um declínio continuado da AOO, do número de indivíduos maduros e da qualidade de hábitat ocupado originalmente pela espécie. Portanto, Sternarchorhynchus higuchii foi categorizada como Criticamente em Perigo (CR) pelo critério B2ab(ii,iii,v).",Sim,Sim,Amazonas,|Norte|,Amazônia,,,ÁREA DE PROTEÇÃO AMBIENTAL DE PRESIDENTE FIGUEIREDO - CAVERNA DO MOROAGA,,Não,Declinando,"3 - Produção energética e mineração
3.3 - Energia renovável
3.3.1 - Hidrelétricas",,Plano de Ação Nacional (PAN),Plano de Ação Nacional para a Conservação dos Peixes Amazônicos,"Lista Nacional Oficial de Espécies da Fauna Ameaçadas de Extinção 2014, Lista Nacional Oficial de Espécies da Fauna Ameaçadas de Extinção 2022",,,sternarchorhynchus higuchii,CR,1.0,CR,CR
Animalia,Chordata,Actinopterygii,Gymnotiformes,Apteronotidae,Sternarchorhynchus,Sternarchorhynchus jaimei,,Sternarchorhynchus jaimei,"de Santana & Vari, 2010",Não Informado,Peixes Continentais,05/2018,Criticamente em Perigo,Não,"B2ab(ii,iii,v)","Sternarchorhynchus jaimei é uma espécie endêmica do Brasil, reofílica, conhecida de duas localidades: Cachoeira do Miriti (três exemplares) e Cachoeira Morena (11 exemplares), ambas no rio Uatumã, na porção leste do Amazonas. A região de ocorrência da espécie foi fortemente afetada pela construção e funcionamento da UHE Balbina, principalmente pela descarga de água desoxigenada e carregada com metano e gás sulfídrico, que causou grande mortandade de peixes naquele trecho (AOO estimada em 8 km2; localização = 1). Embora a descrição da espécie seja de 2010, todos os exemplares foram coletados em 1987, durante a fase de enchimento do reservatório da UHE, quando o trecho de rio a jusante teve o fluxo de água interrompido pela barragem durante cerca de um ano. Depois deste período, não houve um esforço de coleta intensivo na área direcionado à espécie. Contudo, uma revisão taxonômica recente do gênero Sternarchorhynchus evidenciou um forte padrão alopátrico na distribuição das espécies, o que indica que a distribuição real de S. jaimei não deve ser muito maior do que a conhecida atualmente. Por se tratar de uma espécie associada a corredeiras, e, considerando a mortandade decorrente da interrupção prolongada do fluxo do rio Uatumã durante o enchimento do reservatório da UHE Balbina, e da descarga de água em péssimas condições na localidade-tipo, estima-se um declínio continuado da AOO, no número de indivíduos maduros e na qualidade de hábitat ocupado originalmente pela espécie. Assim, Sternarchorhynchus jaimei foi categorizada como Criticamente em Perigo (CR) pelo critério B2ab(ii,iii,v).",Sim,Sim,Amazonas,|Norte|,Amazônia,,,ÁREA DE PROTEÇÃO AMBIENTAL DE PRESIDENTE FIGUEIREDO - CAVERNA DO MOROAGA,,Não,Declinando,"3 - Produção energética e mineração
3.3 - Energia renovável
3.3.1 - Hidrelétricas",,Plano de Ação Nacional (PAN),Plano de Ação Nacional para a Conservação dos Peixes Amazônicos,"Lista Nacional Oficial de Espécies da Fauna Ameaçadas de Extinção 2014, Lista Nacional Oficial de Espécies da Fauna Ameaçadas de Extinção 2022",,,sternarchorhynchus jaimei,CR,1.0,CR,CR
Animalia,Chordata,Actinopterygii,Characiformes,Characidae,Stygichthys,Stygichthys typhlops,,Stygichthys typhlops,"Brittan & Böhlke, 1965",Piaba-branca,Peixes Continentais,03/2021,Criticamente em Perigo,Não,B1ab(iii),"Stygichthys typhlops é endêmica do Brasil, encontrada somente no lençol freático da drenagem do córrego Escuro, afluente do rio Verde Grande, bacia do alto rio São Francisco, no estado de Minas Gerais. A Extensão de Ocorrência (EOO) calculada a partir dos registros confirmados é de 12 km². Esse lençol freático tem sofrido intenso rebaixamento pela extração da água para a fruticultura em larga escala, que além de diminuir o habitat disponível para a espécie, pode afetar também o aporte de alimento. A região de Jaíba é o maior polo fruticultor do estado de Minas Gerais, e os impactos desse cultivo são a maior ameaça sobre a população de S. typhlops, resultando em declínio continuado da qualidade do hábitat. Como essa ameaça afeta potencialmente todo o lençol freático do córrego Escuro, foi delimitada apenas uma localização. Portanto, Stygichthys typhlops foi categorizada como Criticamente em Perigo (CR) pelo critério B1ab(iii).",Sim,Sim,Minas Gerais,|Sudeste|,Cerrado,Sub-bacia São Francisco Médio,,,,Não,Declinando,"2 - Agropecuária e Aquacultura
2.1 - Culturas anuais e perenes não-madeireiras
2.1.3 - Agricultura agro-industrial
7 - Modificações nos sistemas naturais
7.2 - Represas e uso de água
7.2.7 - Captação de água subterrânea - uso na agricultura
9 - Poluição
9.3 - Agropecuária e florestal
9.3.2 - Erosão do solo/sedimentação
9 - Poluição
9.3.3 - Herbicidas e pesticidas",,Plano de Ação Nacional (PAN),"Plano de Ação Nacional para a Conservação das Cavernas do Brasil, Plano de Ação Nacional para a Conservação das Espécies Ameaçadas de Extinção da Fauna Aquática da Bacia do Rio São Francisco, Plano de Ação Nacional para Conservação do Patrimônio Espeleológico nas Áreas Cársticas da Bacia do Rio São Francisco","Lista Nacional Oficial de Espécies da Fauna Ameaçadas de Extinção 2014, Lista Nacional Oficial de Espécies da Fauna Ameaçadas de Extinção 2022",,,stygichthys typhlops,EN,1.0,CR,EN
Animalia,Chordata,Amphibia,Anura,Cycloramphidae,Thoropa,Thoropa lutzi,,Thoropa lutzi,"Cochran, 1938","Rã-do-paredão, Rãzinha-dos-rochedos",Anfíbios,09/2017,Criticamente em Perigo,Sim,D,"Thoropa lutzi é endêmica do Brasil, com registros confirmados no bioma Mata Atlântica do estado do Rio de Janeiro, incluindo o município do Rio de Janeiro e a região da Serra dos Órgãos, todos muito próximos entre si. Toda essa região tem sido amostrada por diferentes pesquisadores nas últimas décadas, mas os últimos registros da espécie ocorreram em 1951. A causa do desaparecimento da espécie ainda é desconhecida Suspeita-se que esteja extinta ou que haja menos de 50 indivíduos maduros. Portanto, Thoropa lutzi foi avaliada como Criticamente em Perigo (CR) segundo o critério D, estando possivelmente extinta (PEX).",Sim,Sim,Rio de Janeiro,|Sudeste|,Mata Atlântica,"Sub-bacia Litoral RJ
Sub-bacia Paraíba do Sul","APA Petrópolis, PARNA da Serra dos Órgãos, PARNA da Tijuca",,"RPPN CEFLUSMME, RPPN El Nagual",Não,Declinando,"12 - Outras ameaças
1 - Desenvolvimento residencial e comercial
1.1 - Expansão urbana
2 - Agropecuária e Aquacultura
2.1 - Culturas anuais e perenes não-madeireiras
2.1.4 - Agricultura de escala desconhecida
2 - Agropecuária e Aquacultura
2.2 - Silvicultura
2.2.3 - Plantações em escala desconhecida
5 - Uso de recursos biológicos
5.3 - Extração florestal
5.3.5 - Motivação desconhecida
6 - Distúrbios humanos
6.1 - Atividades recreacionais/turísticas
7 - Modificações nos sistemas naturais
7.1 - Incêndios e supressão de incêndios
7.1.1 - Aumento da frequência/intensidade de incêndios",,Plano de Ação Nacional (PAN),Plano de Ação Nacional para conservação da Herpetofauna Ameaçada da Mata Atlântica da Região Sudeste do Brasil,Lista Nacional Oficial de Espécies da Fauna Ameaçadas de Extinção 2022,,,thoropa lutzi,CR (PEX),0.0,CR,CR
Animalia,Chordata,Amphibia,Anura,Cycloramphidae,Thoropa,Thoropa petropolitana,,Thoropa petropolitana,"(Wandolleck, 1907)","Rã-da-pedra, Rã-das-pedras-de-Petropolis",Anfíbios,09/2017,Criticamente em Perigo,Sim,D,"Thoropa petropolitana é endêmica do Brasil, do bioma Mata Atlântica na Serra do Mar, com registros confirmados para os estados do Rio de Janeiro e Espírito Santo, sendo restrita a altitudes acima de 800 metros. Sua extensão de ocorrência foi estimada em 10.393 km&sup2;. Os últimos registros da espécie ocorreram em 1982, quando a espécie era abundante e muito comum, ocorrendo inclusive em unidade de conservação. Essa região tem sido amostrada por diferentes pesquisadores e a espécie não é encontrada, apesar de ser de fácil detecção. A causa do seu desaparecimento é desconhecida. Dadas as circunstâncias, suspeita-se que esteja extinta ou que haja menos de 50 indivíduos maduros na população. Por essas razões, Thoropa petropolitana foi avaliada como Criticamente em Perigo (CR) segundo o critério D, estando possivelmente extinta (PEX).",Sim,Sim,"Espírito Santo, Rio de Janeiro",|Sudeste|,Mata Atlântica,"Sub-bacia Litoral RJ
Sub-bacia Paraíba do Sul","APA Petrópolis, PARNA da Serra dos Órgãos, REBIO do Tinguá",,"RPPN Fattoria Grigia, RPPN Fazenda Limeira, RPPN Fazenda Suspiro",Não,Declinando,"12 - Outras ameaças
1 - Desenvolvimento residencial e comercial
1.1 - Expansão urbana
2 - Agropecuária e Aquacultura
2.1 - Culturas anuais e perenes não-madeireiras
2.1.4 - Agricultura de escala desconhecida
2 - Agropecuária e Aquacultura
2.2 - Silvicultura
2.2.3 - Plantações em escala desconhecida
5 - Uso de recursos biológicos
5.3 - Extração florestal
5.3.5 - Motivação desconhecida
6 - Distúrbios humanos
6.1 - Atividades recreacionais/turísticas
7 - Modificações nos sistemas naturais
7.1 - Incêndios e supressão de incêndios
7.1.1 - Aumento da frequência/intensidade de incêndios
8 - Espécies invasoras
problemáticas e doenças
8.8 - Doenças de causas desconhecidas",,Plano de Ação Nacional (PAN),Plano de Ação Nacional para conservação da Herpetofauna Ameaçada da Mata Atlântica da Região Sudeste do Brasil,"Lista Nacional Oficial de Espécies da Fauna Ameaçadas de Extinção 2014, Lista Nacional Oficial de Espécies da Fauna Ameaçadas de Extinção 2022",,,thoropa petropolitana,CR (PEX),1.0,CR,CR
Animalia,Arthropoda,Arachnida,Araneae,Caponiidae,Tisentnops,Tisentnops onix,,,"Brescovit & Sánchez-Ruiz, 2016",Não Informado,Invertebrados Terrestres,05/2018,Criticamente em Perigo,Não,B2ab(iii),"Tisentnops onix é espécie endêmica do Brasil e conhecida de duas cavernas muito próximas (no mesmo maciço calcário) em Sete Lagoas – Minas Gerais. É ameaçada pelo desmatamento e degradação do ambiente externo causados pela atividade pecuária e assoreamento (decorrente da degradação externa) no sistema de drenagem que passa por dentro da caverna. A Área de Ocupação foi estimada em menos de 10km2 e foi considerada apenas uma localização. Por isso, T. onix foi categorizada como Criticamente em Perigo (CR) pelo critério B2ab(iii).",Sim,Sim,Minas Gerais,|Sudeste|,Cerrado,Sub-bacia São Francisco Alto,,,,Não,Desconhecida,"2 - Agropecuária e Aquacultura
2.3 - Pecuária
2.3.4 - Pecuária em escala desconhecida
7 - Modificações nos sistemas naturais
7.3 - Outras modificações nos ecossistemas",,Plano de Ação Nacional (PAN),Plano de Ação Nacional para a Conservação das Cavernas do Brasil,Lista Nacional Oficial de Espécies da Fauna Ameaçadas de Extinção 2022,,,tisentnops onix,CR,0.0,CR,CR
Animalia,Arthropoda,Arachnida,Araneae,Theraphosidae,Tmesiphantes,Tmesiphantes hypogeus,,Tmesiphantes hypogeus,"Bertani, Bichuette & Pedroso, 2013",Não Informado,Invertebrados Terrestres,05/2018,Criticamente em Perigo,Não,B2ab(iii),"Tmesiphantes hypogeus é endêmica do Brasil, conhecida de apenas duas cavernas em Igatu, município de Andaraí/Bahia, localizadas no Parque Nacional da Chapada Diamantina. Embora o garimpo seja proibido a atividade, que foi intensa no passado, ainda ocorre de forma ilegal, inclusive dentro das cavernas. A área de ocupação da espécie é estimada em menos de 10km², e é possível que as cavernas sejam um único sistema, sendo considerada apenas uma localização. Portanto, a espécie foi categorizada como Criticamente em Perigo (CR) segundo o critério B2ab(iii).",Sim,Sim,Bahia,|Nordeste|,Caatinga,Sub-bacia Itapecuru-Paraguaçu,PARNA da Chapada Diamantina,,,Não,Desconhecida,"11 - Mudanças e extremos climáticos
11.1 - Mudança/alteração de habitat
3 - Produção energética e mineração
3.2 - Mineração
3.2.3 - Extração de minérios - subsolo
3 - Produção energética e mineração
3.2.4 - Extração de minérios - garimpo",,Plano de Ação Nacional (PAN),Plano de Ação Nacional para a Conservação das Cavernas do Brasil,"Lista Nacional Oficial de Espécies da Fauna Ameaçadas de Extinção 2014, Lista Nacional Oficial de Espécies da Fauna Ameaçadas de Extinção 2022",,,tmesiphantes hypogeus,CR,1.0,CR,CR
Animalia,Chordata,Mammalia,Sirenia,Trichechidae,Trichechus,Trichechus manatus,,Trichechus manatus,"Linnaeus, 1758","Manati, Peixe-boi do Grande Caribe, Peixe-boi-marinho",Mamíferos,10/2024,Criticamente em Perigo,Não,A4cde,"Trichechus manatus é uma espécie estritamente costeira com ocorrência histórica desde a Flórida, nos Estados Unidos, até o Espírito Santo, no Brasil. Na costa brasileira, a espécie foi extinta no limite sul da sua distribuição, ocorrendo atualmente até o Estado de Alagoas, com áreas de descontinuidade. Há uma estimativa populacional para o território brasileiro de 1.047 animais, sendo 607 indivíduos maduros. Embora a caça tenha sido reduzida, ainda é registrada. Além disso, diversas ameaças vêm sendo registradas ao longo da distribuição da espécie, as quais vêm crescendo em amplitude geográfica e intensidade nos últimos anos, tais como a destruição do habitat, a captura incidental, o atropelamento por embarcações e a poluição. O aumento das atividades de exploração e produção de petróleo e gás e obras costeiras causam impactos aos habitats destes animais. Estudos recentes identificaram baixa variabilidade genética e o fenômeno de hibridização no limite norte de ocorrência da espécie. A taxa de mortalidade da espécie no Brasil foi inferida com base nos encalhes seguindo quatro etapas: i) dados de encalhes da Bacia Potiguar foram projetados para o trecho Piauí-Alagoas (Zona A), considerando-se as proporções populacionais de cada área; ii) com estes resultados, a mortalidade foi inferida considerando que apenas uma fração dos animais mortos no mar encalha, adotando taxas conservadoras de 33% e 50%; iii) com base nesta etapa, calculou-se uma taxa de mortalidade para a Zona A (animais/km2) e projetou-se três cenários a esta taxa para o trecho Maranhão-Amapá (Zona B), levando-se em conta que há, nesta zona, subnotificação de encalhes e ameaças regionais mais expressivas do que na Zona A, como caça e captura incidental. Considerando o cenário intermediário e o tamanho populacional médio de 1.047 para toda a área (333 para a Zona A e 714 para a Zona B), a taxa de mortalidade na zona A foi de 13.18% (43.89 animais/ano) e na zona B de 9.22% (65.82 animais/ano). Desta forma, com base em uma mortalidade anual de 10,5% estimada para a população geral, é projetada uma redução de 80% da população entre 2014 e 2083 (3 gerações). Portanto, T. manatus foi categorizada como Criticamente em Perigo (CR), segundo os critérios A4cde. A espécie não é endêmica do Brasil e não existem informações suficientes sobre a contribuição de indivíduos de outras áreas para o país, assim, manteve-se a categoria identificada na avaliação preliminar.",Não,Sim,"Alagoas, Amapá, Ceará, Maranhão, Pará, Paraíba, Pernambuco, Piauí, Rio Grande do Norte",|Nordeste|Norte|,Sistema Costeiro-Marinho,,"APA Barra do Rio Mamanguape, APA Costa dos Corais, APA Delta do Parnaíba, ARIE Manguezais da Foz do Rio Mamanguape, ESEC Maracá Jipioca, FLONA Restinga de Cabedelo, PARNA do Cabo Orange, RESEX Acaú-Goiana, RESEX Cassurubá, RESEX Chocoaré-Mato Grosso, RESEX Cururupu, RESEX da Baia do Tubarao, RESEX Mãe Grande de Curuçá, RESEX Maracanã, RESEX Marinha da Lagoa do Jequiá, RESEX Prainha do Canto Verde, RESEX São João da Ponta","ÁREA DE PROTEÇÃO AMBIENTAL BONFIM/GUARAÍRA, ÁREA DE PROTEÇÃO AMBIENTAL DA LAGOA DO URUAÚ, ÁREA DE PROTEçãO AMBIENTAL DAS REENTRâNCIAS MARANHENSES, ÁREA DE PROTEçãO AMBIENTAL DE UPAON-AçU / MIRITIBA / ALTO PREGUIçAS, ÁREA DE PROTEÇÃO AMBIENTAL DO ARQUIPÉLAGO DO MARAJÓ, ÁREA DE PROTEÇÃO AMBIENTAL PLATAFORMA CONTINENTAL DO LITORAL NORTE, ÁREA DE PROTEÇÃO AMBIENTAL PONTA DA BALEIA / ABROLHOS, PARQUE ESTADUAL MARINHO DE AREIA VERMELHA",,Não,Declinando,"1 - Desenvolvimento residencial e comercial
1.1 - Expansão urbana
1 - Desenvolvimento residencial e comercial
1.3 - Áreas de turismo e recreação
2 - Agropecuária e Aquacultura
2.4 - Aquacultura marinha e de água doce
2.4.2 - Aquacultura industrial
4 - Transportes e serviços de transmissão
4.2 - Atropelamentos
4 - Transportes e serviços de transmissão
4.4 - Tráfego de embarcações
5 - Uso de recursos biológicos
5.1 - Caça e captura de animais terrestres ou marinhos
5.1.1 - Caça/captura intencional (a espécie é o alvo)
5 - Uso de recursos biológicos
5.4 - Pesca e uso de recursos aquáticos
5.4.1 - Captura intencional - subsistência/pequena escala
5.4.1.2 - Aparelho primitivo
5.4.1.2.1 - Arpão
5 - Uso de recursos biológicos
5.4.5 - Captura indireta - subsistência/pequena escala
5.4.5.4 - Armadilha
5.4.5.4.3 - Cerco fixo (curral)
5 - Uso de recursos biológicos
5.4.5.7 - Emalhe
5.4.5.7.3 - Rede de espera fina
6 - Distúrbios humanos
6.1 - Atividades recreacionais/turísticas
7 - Modificações nos sistemas naturais
7.3 - Outras modificações nos ecossistemas
8 - Espécies invasoras
problemáticas e doenças
8.5 - Doenças provocadas por vírus ou príons
8.5.2 - Espécie conhecida (Doença)
9 - Poluição
9.1 - Doméstica e urbana - escoamento de água
9.1.1 - Esgoto
9 - Poluição
9.1.2 - Escoamento urbano
9 - Poluição
9.3 - Agropecuária e florestal
9.3.2 - Erosão do solo/sedimentação
9 - Poluição
9.4 - Lixo e resíduos sólidos
9.4.1 - Urbanos
9 - Poluição
9.4.2 - Industriais",,"Criação de áreas protegidas, Nível nacional, Plano de Ação Nacional (PAN), Proteção de locais/áreas, Reintrodução de espécies","Plano de Ação Nacional para a Conservação do Peixe-boi Marinho, Plano de Ação Nacional para a Conservação dos Sirênios, Plano de Ação Nacional para Conservação de Espécies Ameaçadas e de Importância Socioeconômica do Ecossistema Manguezal","CITES - Anexo I, Lista Nacional Oficial de Espécies da Fauna Ameaçadas de Extinção 2014, Lista Nacional Oficial de Espécies da Fauna Ameaçadas de Extinção 2022",,,trichechus manatus,EN,1.0,CR,EN
Animalia,Arthropoda,Entognatha,Symphypleona,Sminthuridae,Troglobentosminthurus,Troglobentosminthurus luridus,,,"Souza, Medeiros & Bellini, 2022",Não Informado,Invertebrados Terrestres,05/2024,Criticamente em Perigo,Não,B1ab(iii),"Troglobentusmithurus luridus é endêmica do Brasil, sendo registrada apenas em duas cavernas que integram o Sistema Água Clara (Gruna dos Índios e Lapa dos Peixes, localizadas na porção intermediária do Sistema), nos municípios de São Félix do Coribe e Carinhanha, estado da Bahia. Considerando registros confirmados e inferidos da espécie a Extensão de Ocorrência (EOO) foi estimada em 28 km². Essa região é afetada principalmente pela extração da vegetação para produção de carvão vegetal e o estabelecimento de pastagens, que promovem alteração da sedimentação no interior desse sistema, já sendo observado assoreamento nos locais onde a espécie ocorre. A ameaça de assoreamento tem potencial de impactar a espécie como um todo em um curto prazo, configurando, portanto, apenas uma localização. Além disso, essas atividades também promovem declínio continuado da qualidade do habitat remanescente. Considerando a distribuição restrita, a existência de uma localização e a diminuição na qualidade do habitat, T. luridus foi categorizada como Criticamente em Perigo (CR), pelo critério B1ab(iii).",Sim,Não,Bahia,|Nordeste|,Cerrado,Sub-bacia São Francisco Médio,,,,Não,Desconhecida,"2 - Agropecuária e Aquacultura
2.3 - Pecuária
2.3.4 - Pecuária em escala desconhecida
5 - Uso de recursos biológicos
5.3 - Extração florestal
5.3.5 - Motivação desconhecida",,,,,,,troglobentosminthurus luridus,,,CR,NE
Animalia,Arthropoda,Entognatha,Entomobryomorpha,Paronellidae,Troglobius,Troglobius ferroicus,,Troglobius ferroicus,"Zeppelini, Silva & Palacios-Vargas, 2014",Não Informado,Invertebrados Terrestres,05/2018,Criticamente em Perigo,Não,B2ab(iii),"Troglobius ferroicus é endêmica do Brasil e restrita à Caverna VL29/30, no Quadrilátero Ferrífero, em Itabirito-MG. A área de ocupação da espécie é menor que 1 km², representando uma localização, e sofre pressão e desgaste oriundos da intensa atividade mineradora da região, que representa um declínio continuado na qualidade do habitat. Por isso, T. ferroicus foi categorizada como Criticamente em Perigo (CR) segundo o critério B2ab(iii).",Sim,Sim,Minas Gerais,|Sudeste|,Mata Atlântica,Sub-bacia São Francisco Alto,,MONUMENTO NATURAL ESTADUAL SERRA DA MOEDA,,Não,Desconhecida,"3 - Produção energética e mineração
3.2 - Mineração
3.2.3 - Extração de minérios - subsolo",,Plano de Ação Nacional (PAN),Plano de Ação Nacional para a Conservação das Cavernas do Brasil,"Lista Nacional Oficial de Espécies da Fauna Ameaçadas de Extinção 2014, Lista Nacional Oficial de Espécies da Fauna Ameaçadas de Extinção 2022",,,troglobius ferroicus,CR,1.0,CR,CR
Animalia,Arthropoda,Entognatha,Entomobryomorpha,Paronellidae,Trogolaphysa,Trogolaphysa aelleni,,Trogolaphysa aelleni,"Yosii, 1988",Não Informado,Invertebrados Terrestres,02/2019,Criticamente em Perigo,Não,B1ab(iii)+2ab(iii),"Trogolaphysa aelleni é endêmica do Brasil e restrita à Gruta das Areias, Iporanga/São Paulo, Parque Estadual Turístico do Alto Ribeira. As cavernas da região são bem amostradas, mas a espécie não foi registrada em outras cavidades. A Extensão de Ocorrência e Área de Ocupação da espécie são restritas (inferiores a 10km²). Embora na caverna não seja permitida a visitação, seu acesso não é controlado e localiza-se muito próximo aos limites do Parque. Embora parte do sistema esteja em uma área protegida em bom estado de conservação, as áreas de recarga estão fora da unidade de conservação e sofrem com aporte de poluentes, principalmente esgoto doméstico, descarte de água cinza e metais pesados decorrentes de mineração, provocando declínio da qualidade da água. Esses impactos no ambiente aquático provavelmente interferem também no ambiente terrestre em função da dinâmica hídrica do sistema (inundações cíclicas). Considerando uma localização, a espécie foi categorizada como Criticamente em Perigo (CR) de acordo com os critério B1ab(iii)+2ab(iii).",Sim,Sim,São Paulo,|Sudeste|,Mata Atlântica,Sub-bacia Litoral RJ SP,,PARQUE ESTADUAL TURÍSTICO DO ALTO DO RIBEIRA,,Não,Desconhecida,"11 - Mudanças e extremos climáticos
11.1 - Mudança/alteração de habitat
1 - Desenvolvimento residencial e comercial
1.1 - Expansão urbana
1 - Desenvolvimento residencial e comercial
1.3 - Áreas de turismo e recreação
6 - Distúrbios humanos
6.1 - Atividades recreacionais/turísticas
7 - Modificações nos sistemas naturais
7.3 - Outras modificações nos ecossistemas
9 - Poluição
9.1 - Doméstica e urbana - escoamento de água
9.1.1 - Esgoto
9 - Poluição
9.2 - Industrial
9.2.2 - Infiltraçao oriunda de mineração
9 - Poluição
9.2.3 - Contaminação por metais pesados",,Plano de Ação Nacional (PAN),Plano de Ação Nacional para a Conservação das Cavernas do Brasil,"Lista Nacional Oficial de Espécies da Fauna Ameaçadas de Extinção 2014, Lista Nacional Oficial de Espécies da Fauna Ameaçadas de Extinção 2022",,,trogolaphysa aelleni,CR,1.0,CR,CR
Animalia,Chordata,Aves,Trogoniformes,Trogonidae,Trogon,Trogon muriciensis,,,"Dickens, Bitton, Bravo & Silveira, 2021",surucuá-de-murici,Aves,10/2021,Criticamente em Perigo,Não,B1ab(iii); D,"Trogon muriciensis é endêmica do Brasil, com ocorrência restrita à Estação Ecológica de Murici, em Alagoas. Habita floresta montana e sua extensão de ocorrência (EOO) é de 60 km², onde há constante redução da qualidade do habitat devido ao plantio de culturas de subsistência, extração de lenha e caça nos remanescentes florestais. A principal ameaça à espécie são incêndios florestais onde foi caracterizada 1 localização para que toda a população seja afetada em curto período de tempo. Dados observados em campo contabilizaram apenas 20 indivíduos em 2019 e estima-se que a população não ultrapasse 50 indivíduos maduros. Dessa forma, T. muriciensis foi categorizada como Criticamente em Perigo (CR) pelo critério B1ab(iii); D.",Sim,Não,Alagoas,|Nordeste|,Mata Atlântica,Sub-bacia Litoral AL PE PB,ESEC de Murici,ÁREA DE PROTEÇÃO AMBIENTAL DE MURICÍ,,Não,Declinando,"2 - Agropecuária e Aquacultura
2.1 - Culturas anuais e perenes não-madeireiras
2.1.2 - Agricultura em pequenas propriedades
5 - Uso de recursos biológicos
5.1 - Caça e captura de animais terrestres ou marinhos
5 - Uso de recursos biológicos
5.3 - Extração florestal
7 - Modificações nos sistemas naturais
7.1 - Incêndios e supressão de incêndios",,,,,,,trogon muriciensis,,,CR,NE
Animalia,Chordata,Mammalia,Artiodactyla,Delphinidae,Tursiops,Tursiops gephyreus,,Tursiops gephyreus,"Lahille, 1908","Boto, Boto-da-tainha, Boto-de-Lahille, Boto-pescador, Golfinho, Golfinho-fliper",Mamíferos,10/2024,Criticamente em Perigo,Não,C1,"Tursiops gephyreus é uma espécie que ocorre em águas costeiras no Brasil, Uruguai e Argentina. No Brasil ocorre do Paraná ao Rio Grande do Sul. A espécie enfrenta múltiplas ameaças, incluindo a captura incidental em artes de pesca costeira - especialmente redes de emalhe e cerco, a degradação e contaminação do habitat devido à intensificação das atividades costeiras e portuárias, bem como a crescente incidência de doenças, possivelmente associadas à exposição a poluentes e à deterioração das condições ambientais. As estimativas para a subpopulação do sul do Brasil-Uruguai indicaram uma abundância de 292 indivíduos. Considerando uma estimativa de 60% de indivíduos maduros em populações estáveis obtém-se um número de 175 indivíduos maduros. Além disso, análises de Viabilidade Populacional (PVA) indicaram, em um dos cenários modelados plausíveis, um possível declínio contínuo de 35,8% ao longo de uma geração (21,1 anos). Portanto, T. gephyreus foi categorizada como Criticamente em Perigo (CR) sobre o critério C1. A espécie não é endêmica do Brasil e não existe contribuição de indivíduos de outras áreas para o Brasil, assim manteve-se a categoria identificada na avaliação preliminar.",Não,Sim,"Paraná, Rio Grande do Sul, Santa Catarina",|Sul|,Sistema Costeiro-Marinho,,"APA Anhatomirim, APA Baleia Franca",,,Não,Declinando,"11 - Mudanças e extremos climáticos
11.1 - Mudança/alteração de habitat
1 - Desenvolvimento residencial e comercial
1.1 - Expansão urbana
3 - Produção energética e mineração
3.3 - Energia renovável
3.3.2 - Parques eólicos
4 - Transportes e serviços de transmissão
4.1 - Estradas e ferrovias
4 - Transportes e serviços de transmissão
4.3 - Portos
4 - Transportes e serviços de transmissão
4.4 - Tráfego de embarcações
5 - Uso de recursos biológicos
5.4 - Pesca e uso de recursos aquáticos
5.4.5 - Captura indireta - subsistência/pequena escala
5.4.5.4 - Armadilha
5.4.5.4.2 - Cerco flutuante
5 - Uso de recursos biológicos
5.4.5.4.3 - Cerco fixo (curral)
5 - Uso de recursos biológicos
5.4.5.7 - Emalhe
5.4.5.7.1 - Emalhe de fundo
5 - Uso de recursos biológicos
5.4.6 - Captura indireta - larga escala
5.4.6.6 - Arrasto
5.4.6.6.1 - Arrasto simples
6 - Distúrbios humanos
6.1 - Atividades recreacionais/turísticas
7 - Modificações nos sistemas naturais
7.3 - Outras modificações nos ecossistemas
8 - Espécies invasoras
problemáticas e doenças
8.8 - Doenças de causas desconhecidas
9 - Poluição
9.1 - Doméstica e urbana - escoamento de água
9.1.1 - Esgoto
9 - Poluição
9.2 - Industrial
9.2.1 - Derramamento de óleo
9 - Poluição
9.2.4 - Tipo desconhecido
9 - Poluição
9.4 - Lixo e resíduos sólidos
9.4.1 - Urbanos
9 - Poluição
9.4.2 - Industriais",,"Nível nacional, Nível regional, Plano de Ação Nacional (PAN)",Plano de Ação Nacional para a Conservação dos Cetáceos Marinhos,"Lista Nacional Oficial de Espécies da Fauna Ameaçadas de Extinção 2022, Convenção sobre Espécies Migratórias – CMS",,,tursiops gephyreus,EN,0.0,CR,EN
Animalia,Arthropoda,Insecta,Coleoptera,Carabidae,Whiteheadiana,Whiteheadiana thaisae,,,"Benjumea et al., 2023",Não Informado,Invertebrados Terrestres,05/2024,Criticamente em Perigo,Não,B1ab(iii)+2ab(iii),"Whiteheadiana thaisae é endêmica do Brasil, sendo conhecida apenas da localidade-tipo, a toca do Gonçalo, no município de Umburanas, estado da Bahia. Sua Extensão de Ocorrência (EOO) foi calculada em menos de 1 km², e foi igualada à área de ocupação (AOO), calculada em 8 km². A caverna é fortemente impactada, principalmente pela exploração de água subterrânea e consequente redução regional do nível freático, e pela remoção da vegetação nativa do entorno da caverna para atividades agropecuárias que causam declínio continuado na qualidade do hábitat. Esses impactos têm afetado fortemente a população da espécie, que aparentemente vem passando por um declínio drástico ao ponto de não terem sido observados exemplares nas duas últimas visitas à caverna (em 2018 e 2024). Sendo assim, esses impactos podem levar a espécie à extinção em curto prazo, de modo que é definida uma localização. Considerando a distribuição restrita, uma localização e o declínio continuado da qualidade do habitat, W. thaisae foi categorizada como Criticamente em Perigo (CR) pelos critérios B1ab(iii)+2ab(iii).",Sim,Não,Bahia,|Nordeste|,Caatinga,Sub-bacia São Francisco Submédio,,,,Não,Declinando,"11 - Mudanças e extremos climáticos
11.2 - Secas
7 - Modificações nos sistemas naturais
7.2 - Represas e uso de água
7.2.5 - Captação de água subterrânea - uso doméstico
7 - Modificações nos sistemas naturais
7.2.6 - Captação de água subterrânea - uso comercial
7 - Modificações nos sistemas naturais
7.2.7 - Captação de água subterrânea - uso na agricultura",,,,,,,whiteheadiana thaisae,,,CR,NE
Animalia,Arthropoda,Malacostraca,Isopoda,Styloniscidae,Xangoniscus,Xangoniscus itacarambiensis,,,"Bastos-Pereira, Souza & Ferreira, 2017",Não Informado,Invertebrados Terrestres,05/2018,Criticamente em Perigo,Não,B1ab(iii)+2ab(iii),"Xangoniscus itacarambiensis é espécie endêmica do Brasil, conhecida apenas da localidade-tipo: a gruta Olhos d´Água, no Município de Itacarambi/Minas Gerais, localizada no Parque Nacional Cavernas do Peruaçu. Sua Extensão de Ocorrência (EOO) e Área de Ocupação são estimadas em menos de 1km². Amostragens em outras cavernas dentro do Parque não localizaram a espécie. A ressurgência da Olhos d´Água localiza-se fora dos limites do Parque Nacional. Tem sido observada diminuição da precipitação e aumento do uso de água subterrânea para fins agrícolas na região, acompanhado pela construção de várias represas a montante do sumidouro e dentro da caverna Olhos d´Água para armazenar água para uso durante a estação seca. Esses impactos alteram o aporte de alimento para a comunidade de troglóbios na caverna. Considerando uma localização, a espécie foi categorizada como Criticamente em Perigo (CR) pelos critérios B1ab(iii)+2ab(iii).",Sim,Sim,Minas Gerais,|Sudeste|,Cerrado,Sub-bacia São Francisco Médio,APA Cavernas do Peruaçu,,,Não,Desconhecida,"2 - Agropecuária e Aquacultura
2.1 - Culturas anuais e perenes não-madeireiras
2.1.4 - Agricultura de escala desconhecida
7 - Modificações nos sistemas naturais
7.2 - Represas e uso de água
7.2.5 - Captação de água subterrânea - uso doméstico
7 - Modificações nos sistemas naturais
7.2.7 - Captação de água subterrânea - uso na agricultura
7 - Modificações nos sistemas naturais
7.2.9 - Represas (pequenas)",,Plano de Ação Nacional (PAN),Plano de Ação Nacional para a Conservação das Cavernas do Brasil,Lista Nacional Oficial de Espécies da Fauna Ameaçadas de Extinção 2022,,,xangoniscus itacarambiensis,CR,0.0,CR,CR
Animalia,Arthropoda,Arachnida,Araneae,Theraphosidae,Ybyrapora,Ybyrapora gamba,,Avicularia gamba,"(Bertani & Fukushima, 2009)","Aranha, Aranha-caranguejeira, tarântula",Invertebrados Terrestres,09/2021,Criticamente em Perigo,Não,B1ab(iii),"Ybirapora gamba é endêmica do Brasil, conhecida somente da localidade-tipo, a Reserva Jequitibá, Trilha do Guapuruvu, entre os municípios de Elísio Medrado e Varzedo, estado da Bahia. A extensão de ocorrência da espécie não deve ser maior que 66 km2, considerando um polígono abrangendo toda a área florestal que ainda existe na região. A espécie é arborícola, dependendo diretamente da existência de vegetação, principalmente arbustiva e arbórea. Sua região de ocorrência encontra-se fragmentada e há grande pressão de desflorestamento para a plantação de pastagens e monoculturas e ocorrência de queimadas. Assim, considerando a extensão de ocorrência extremamente pequena da espécie e as ameaças de desmatamento e incidência de queimadas, identificou-se para a espécie apenas uma localização. Portanto,Y. gamba foi categorizada como Criticamente em Perigo (CR), segundo o critério B1ab(iii).",Sim,Sim,Bahia,|Nordeste|,Mata Atlântica,Sub-bacia Itapecuru-Paraguaçu,,,,Não,Desconhecida,"2 - Agropecuária e Aquacultura
2.1 - Culturas anuais e perenes não-madeireiras
2.1.4 - Agricultura de escala desconhecida
2 - Agropecuária e Aquacultura
2.3 - Pecuária
2.3.4 - Pecuária em escala desconhecida
5 - Uso de recursos biológicos
5.1 - Caça e captura de animais terrestres ou marinhos
5.1.1 - Caça/captura intencional (a espécie é o alvo)
7 - Modificações nos sistemas naturais
7.1 - Incêndios e supressão de incêndios
7.1.1 - Aumento da frequência/intensidade de incêndios",3 - Animais de estimação/ornamentais,,,"Lista Nacional Oficial de Espécies da Fauna Ameaçadas de Extinção 2014, Lista Nacional Oficial de Espécies da Fauna Ameaçadas de Extinção 2022",,,ybyrapora gamba,CR,1.0,CR,CR
